order_id,customer_id,calculated_revenue,payment_amount,revenue_difference
6063,868,11443.1000,null,11443.1000
4046,1384,11443.1000,null,11443.1000
2227,222,11443.1000,null,11443.1000
1966,1804,11385.1500,null,11385.1500
19044,1649,11443.1000,117.4900,11325.6100
15640,1390,11443.1000,153.8000,11289.3000
4187,862,11385.1500,109.4200,11275.7300
17604,1023,11443.1000,212.0500,11231.0500
10545,1176,11385.1500,173.9100,11211.2400
17414,176,11385.1500,200.9800,11184.1700
3175,1091,11443.1000,296.8000,11146.3000
3096,1403,11385.1500,268.5600,11116.5900
3189,893,11443.1000,352.5400,11090.5600
1023,1209,11385.1500,295.9300,11089.2200
4546,103,11443.1000,355.6600,11087.4400
3755,336,11385.1500,313.9600,11071.1900
7128,1250,11385.1500,323.6600,11061.4900
19284,580,11443.1000,412.6600,11030.4400
8892,651,11443.1000,464.6100,10978.4900
18112,1149,11385.1500,416.5400,10968.6100
6781,329,11443.1000,500.0200,10943.0800
2632,274,11443.1000,561.6500,10881.4500
19578,981,11385.1500,509.9400,10875.2100
3803,1136,11443.1000,571.9800,10871.1200
6149,1887,11385.1500,515.7000,10869.4500
1143,1923,11443.1000,579.1700,10863.9300
6613,917,10825.2000,null,10825.2000
15735,1736,10825.2000,null,10825.2000
1346,332,11385.1500,623.4400,10761.7100
6960,1774,11443.1000,700.7600,10742.3400
2594,1867,11385.1500,663.8200,10721.3300
16996,463,11385.1500,683.2600,10701.8900
2388,1798,10825.2000,168.5700,10656.6300
12617,763,11443.1000,799.4600,10643.6400
13442,1438,10825.2000,187.3000,10637.9000
13291,930,10789.3000,152.4300,10636.8700
2536,1407,11443.1000,811.4000,10631.7000
15409,1621,11443.1000,824.6200,10618.4800
18390,1031,11443.1000,852.8700,10590.2300
18767,1329,10825.2000,251.7800,10573.4200
15096,1888,10825.2000,257.0000,10568.2000
19380,1146,10789.3000,243.6100,10545.6900
4759,599,11443.1000,900.4500,10542.6500
12368,478,11443.1000,902.5300,10540.5700
14739,1480,11385.1500,865.1000,10520.0500
7943,1305,11443.1000,923.5000,10519.6000
16591,108,10825.2000,312.3900,10512.8100
9660,329,10495.3500,null,10495.3500
2278,1759,10495.3500,null,10495.3500
8977,1303,10495.3500,null,10495.3500
10713,1163,10495.3500,null,10495.3500
132,1322,10495.3500,null,10495.3500
669,1295,11385.1500,927.5100,10457.6400
10334,865,11443.1000,985.4900,10457.6100
1502,1882,10789.3000,360.6400,10428.6600
8256,845,11385.1500,982.4600,10402.6900
1207,534,10495.3500,106.2400,10389.1100
19919,1776,10495.3500,106.5700,10388.7800
19690,671,10789.3000,400.8600,10388.4400
6223,1121,10789.3000,408.3800,10380.9200
8080,1404,11443.1000,1064.0400,10379.0600
1330,876,11443.1000,1068.4600,10374.6400
19389,1020,11443.1000,1071.7300,10371.3700
16675,458,10825.2000,456.4300,10368.7700
18202,850,10789.3000,420.7600,10368.5400
15748,36,10825.2000,457.0200,10368.1800
18131,1256,11443.1000,1106.4000,10336.7000
2044,693,11443.1000,1115.7800,10327.3200
16196,756,10825.2000,499.0300,10326.1700
7520,1036,11443.1000,1120.2500,10322.8500
19511,885,10825.2000,521.9500,10303.2500
6099,1010,10789.3000,486.1900,10303.1100
19699,984,10789.3000,491.1600,10298.1400
5867,156,10495.3500,208.9000,10286.4500
19672,102,11443.1000,1178.7300,10264.3700
6720,254,11443.1000,1180.9100,10262.1900
3070,563,10825.2000,572.3500,10252.8500
19600,1154,10825.2000,580.5100,10244.6900
19190,1321,10495.3500,254.0700,10241.2800
1430,357,10495.3500,261.1700,10234.1800
11765,623,11385.1500,1200.6900,10184.4600
792,297,10180.6500,null,10180.6500
3960,1553,10180.6500,null,10180.6500
9441,1937,10180.6500,null,10180.6500
3385,296,10180.6500,null,10180.6500
15532,450,10180.6500,null,10180.6500
1823,522,10180.6500,null,10180.6500
5831,1099,10180.6500,null,10180.6500
14407,217,10180.6500,null,10180.6500
6588,417,11443.1000,1263.3700,10179.7300
19685,275,10179.2000,null,10179.2000
16053,202,10179.2000,null,10179.2000
19539,120,10179.2000,null,10179.2000
19169,1902,10179.2000,null,10179.2000
15842,24,11443.1000,1285.2800,10157.8200
17527,1707,11443.1000,1285.3100,10157.7900
13824,1843,10495.3500,342.7000,10152.6500
319,1380,10495.3500,378.2900,10117.0600
8541,1737,10789.3000,687.1600,10102.1400
17215,162,10789.3000,695.1300,10094.1700
12448,519,10078.5500,null,10078.5500
16328,1103,10078.5500,null,10078.5500
7709,991,10495.3500,424.3000,10071.0500
13579,707,10180.6500,137.7800,10042.8700
18862,147,10180.6500,145.8900,10034.7600
4013,1350,10180.6500,153.4200,10027.2300
4487,130,10180.6500,153.8700,10026.7800
19815,479,10179.2000,156.1800,10023.0200
5790,1430,10495.3500,477.1000,10018.2500
322,805,11443.1000,1432.3800,10010.7200
822,1628,10179.2000,169.4000,10009.8000
12285,1316,10825.2000,817.6500,10007.5500
4006,1662,10004.2500,null,10004.2500
12488,1356,10004.2500,null,10004.2500
18313,352,10004.2500,null,10004.2500
8620,1080,10004.2500,null,10004.2500
18326,869,10004.2500,null,10004.2500
4417,897,11385.1500,1384.0600,10001.0900
11569,139,11385.1500,1389.2500,9995.9000
13158,1799,11385.1500,1394.7900,9990.3600
10417,119,10789.3000,805.9600,9983.3400
1899,399,10495.3500,514.0200,9981.3300
11858,1434,10179.2000,201.4100,9977.7900
3896,558,10078.5500,104.2200,9974.3300
10718,105,10179.2000,220.5300,9958.6700
2100,1404,10180.6500,223.4600,9957.1900
15321,1813,11443.1000,1493.9700,9949.1300
444,257,10180.6500,233.0400,9947.6100
10765,156,10180.6500,236.0900,9944.5600
10871,575,11385.1500,1441.0300,9944.1200
1033,1112,10078.5500,145.0600,9933.4900
2736,489,10495.3500,569.8000,9925.5500
9567,220,10180.6500,256.9300,9923.7200
11236,1926,10078.5500,155.4600,9923.0900
16560,1357,10179.2000,260.8100,9918.3900
158,1841,11443.1000,1526.3500,9916.7500
16778,255,10078.5500,163.6800,9914.8700
11251,1381,10495.3500,587.0800,9908.2700
2865,828,10825.2000,921.2100,9903.9900
9906,166,10825.2000,921.9200,9903.2800
11426,1122,10825.2000,925.8900,9899.3100
14299,977,10179.2000,280.2700,9898.9300
3375,1021,10825.2000,927.9000,9897.3000
10076,327,10789.3000,905.3600,9883.9400
19714,377,10825.2000,974.3700,9850.8300
8418,349,11385.1500,1537.2900,9847.8600
4129,1494,10495.3500,650.3400,9845.0100
10484,1989,10180.6500,338.6600,9841.9900
1373,49,10179.2000,354.9500,9824.2500
9138,1837,11385.1500,1569.8600,9815.2900
3432,565,10789.3000,980.2200,9809.0800
4477,85,10789.3000,982.7600,9806.5400
15961,1907,11385.1500,1579.2900,9805.8600
19030,352,10179.2000,388.5900,9790.6100
19934,1272,10180.6500,403.1700,9777.4800
12365,1337,10825.2000,1052.1300,9773.0700
2484,972,11443.1000,1677.0500,9766.0500
19576,1271,10180.6500,418.4900,9762.1600
11425,1182,10004.2500,257.0200,9747.2300
19994,101,10180.6500,434.1100,9746.5400
3889,1719,10495.3500,768.8200,9726.5300
12700,375,10179.2000,459.8600,9719.3400
18956,1460,11385.1500,1667.6000,9717.5500
6893,646,10179.2000,464.7800,9714.4200
1377,1341,10789.3000,1080.3600,9708.9400
9038,1940,11443.1000,1741.4000,9701.7000
14573,1270,10179.2000,485.9100,9693.2900
15280,198,10004.2500,312.0000,9692.2500
18051,918,10179.2000,489.0800,9690.1200
9712,1562,10825.2000,1162.7200,9662.4800
9726,304,10180.6500,519.4800,9661.1700
18829,38,10180.6500,523.5100,9657.1400
7274,954,10825.2000,1168.8300,9656.3700
7962,677,10789.3000,1134.4400,9654.8600
7961,1649,10179.2000,531.3600,9647.8400
11294,1310,10180.6500,538.4300,9642.2200
10108,1544,11385.1500,1744.4300,9640.7200
14988,722,10789.3000,1156.1800,9633.1200
6605,685,10180.6500,567.0900,9613.5600
15462,1634,11385.1500,1774.4100,9610.7400
15899,1400,10825.2000,1214.5900,9610.6100
1460,1146,10789.3000,1180.2500,9609.0500
10407,894,10078.5500,473.3000,9605.2500
5298,1387,10004.2500,406.5300,9597.7200
19618,1783,10825.2000,1229.7000,9595.5000
14907,52,10495.3500,900.9200,9594.4300
11242,1073,9578.7500,null,9578.7500
18243,1075,9578.7500,null,9578.7500
15705,1736,9578.7500,null,9578.7500
18174,1598,10078.5500,511.4700,9567.0800
19647,299,10078.5500,513.6900,9564.8600
6214,1086,11443.1000,1879.7600,9563.3400
7295,494,10078.5500,520.8200,9557.7300
2534,490,10789.3000,1251.6400,9537.6600
580,1646,10825.2000,1289.3900,9535.8100
13337,1176,10078.5500,551.8700,9526.6800
5126,1980,10789.3000,1266.8400,9522.4600
8161,1211,10004.2500,486.6900,9517.5600
17529,1668,10078.5500,570.3200,9508.2300
18248,1106,10078.5500,573.4300,9505.1200
9358,665,11443.1000,1942.3900,9500.7100
12751,1087,10179.2000,689.3400,9489.8600
7682,751,10078.5500,605.2800,9473.2700
11458,1636,10078.5500,620.8600,9457.6900
5415,272,10078.5500,621.5000,9457.0500
15105,1895,10180.6500,732.0600,9448.5900
16025,323,10825.2000,1382.9700,9442.2300
12588,269,10078.5500,638.7800,9439.7700
16110,1289,10004.2500,579.1400,9425.1100
379,852,10789.3000,1368.1700,9421.1300
17184,346,10825.2000,1405.3500,9419.8500
11121,571,10004.2500,588.9000,9415.3500
3295,1664,10180.6500,768.3500,9412.3000
590,1105,9578.7500,167.8200,9410.9300
6938,354,9578.7500,169.8800,9408.8700
17326,1495,10180.6500,772.9400,9407.7100
6457,1620,10179.2000,774.6500,9404.5500
13669,38,10078.5500,681.3700,9397.1800
7567,1712,9578.7500,185.5300,9393.2200
9850,1932,10825.2000,1447.3400,9377.8600
17340,551,9578.7500,201.4100,9377.3400
10640,1252,9578.7500,202.1900,9376.5600
3131,1649,10078.5500,708.2800,9370.2700
18782,541,10825.2000,1460.5100,9364.6900
7133,1009,10180.6500,817.8700,9362.7800
3678,886,10495.3500,1135.4600,9359.8900
9755,1884,10078.5500,733.3700,9345.1800
15588,985,10825.2000,1490.0900,9335.1100
10816,273,9578.7500,246.5300,9332.2200
880,659,10004.2500,672.1500,9332.1000
18494,673,10180.6500,869.3000,9311.3500
12219,1047,9578.7500,269.3600,9309.3900
17768,881,10179.2000,869.9100,9309.2900
12319,620,10179.2000,870.6400,9308.5600
4227,71,9578.7500,271.2500,9307.5000
11696,642,10789.3000,1497.0200,9292.2800
4844,379,10004.2500,725.4200,9278.8300
9830,1225,9276.8500,null,9276.8500
13446,814,9276.8500,null,9276.8500
5816,1688,9276.8500,null,9276.8500
18865,1545,9276.8500,null,9276.8500
14539,1254,9276.8500,null,9276.8500
11961,1590,9578.7500,315.2400,9263.5100
10441,1767,9578.7500,322.5100,9256.2400
19159,1989,10825.2000,1578.7800,9246.4200
5346,421,10495.3500,1251.3000,9244.0500
19817,743,10078.5500,840.2600,9238.2900
3963,1251,10078.5500,842.4400,9236.1100
11320,337,10179.2000,943.6800,9235.5200
4879,889,10004.2500,775.1900,9229.0600
9277,842,10078.5500,853.0200,9225.5300
2603,851,10825.2000,1606.7500,9218.4500
8202,332,9578.7500,362.5900,9216.1600
14494,1276,10004.2500,793.3500,9210.9000
7263,486,10825.2000,1621.9600,9203.2400
15365,1348,10004.2500,801.0900,9203.1600
521,785,10825.2000,1623.4600,9201.7400
4045,433,10179.2000,977.6500,9201.5500
19809,774,10495.3500,1295.4900,9199.8600
5942,1386,10078.5500,882.9500,9195.6000
10360,1986,10495.3500,1302.1000,9193.2500
15525,50,10179.2000,991.6400,9187.5600
18411,516,9185.6000,null,9185.6000
13381,649,9185.6000,null,9185.6000
9041,119,9185.6000,null,9185.6000
2308,1577,9185.6000,null,9185.6000
10126,872,9185.6000,null,9185.6000
4925,79,9185.6000,null,9185.6000
18086,1178,9185.6000,null,9185.6000
16118,502,9578.7500,400.0600,9178.6900
3041,1357,10789.3000,1621.8400,9167.4600
3270,220,10495.3500,1335.6000,9159.7500
18986,1883,9154.4800,null,9154.4800
12993,657,9276.8500,124.8600,9151.9900
15465,1836,10179.2000,1028.9400,9150.2600
1080,236,9276.8500,132.9100,9143.9400
5058,664,10180.6500,1042.8500,9137.8000
15968,39,10078.5500,943.7700,9134.7800
2557,1178,9578.7500,451.4800,9127.2700
9112,126,10179.2000,1053.5500,9125.6500
3632,843,10825.2000,1702.3200,9122.8800
128,54,9108.1200,null,9108.1200
2794,729,9108.1200,null,9108.1200
15800,909,9100.2500,null,9100.2500
12410,953,10495.3500,1396.6300,9098.7200
7270,1510,10180.6500,1085.4900,9095.1600
15619,1357,10789.3000,1695.6500,9093.6500
3406,224,9578.7500,487.0800,9091.6700
12340,1370,9578.7500,488.3300,9090.4200
3845,1120,10004.2500,924.2900,9079.9600
11232,906,10179.2000,1100.4400,9078.7600
1138,719,10789.3000,1711.6300,9077.6700
5478,691,10495.3500,1420.1900,9075.1600
93,57,10495.3500,1420.4600,9074.8900
11277,857,9276.8500,213.8700,9062.9800
1760,1270,9578.7500,518.4600,9060.2900
5627,543,9185.6000,135.1300,9050.4700
18867,1668,9154.4800,112.3900,9042.0900
5064,164,9276.8500,238.1900,9038.6600
13548,253,10825.2000,1788.9300,9036.2700
10791,1963,9185.6000,161.0200,9024.5800
14526,913,10180.6500,1161.1700,9019.4800
17542,862,10179.2000,1161.3600,9017.8400
8946,1995,10825.2000,1811.9800,9013.2200
14580,221,10825.2000,1813.8200,9011.3800
11095,856,9011.3000,null,9011.3000
5879,747,9011.3000,null,9011.3000
472,1472,10004.2500,993.9900,9010.2600
6715,1243,9578.7500,571.0100,9007.7400
11796,1637,9100.2500,111.3900,8988.8600
17079,1235,10180.6500,1194.9300,8985.7200
17784,1270,9276.8500,291.8800,8984.9700
19001,1927,10495.3500,1513.8000,8981.5500
6753,188,10825.2000,1846.8900,8978.3100
17965,1960,8977.2500,null,8977.2500
18660,707,8977.2500,null,8977.2500
2458,344,8977.2500,null,8977.2500
10255,1311,9185.6000,216.8500,8968.7500
7807,233,9185.6000,218.2900,8967.3100
2186,987,10078.5500,1111.2700,8967.2800
6501,691,9100.2500,137.6200,8962.6300
8787,963,8959.7000,null,8959.7000
2174,987,8959.7000,null,8959.7000
13539,1080,8959.7000,null,8959.7000
16705,36,10180.6500,1221.7000,8958.9500
16077,1321,9108.1200,150.8900,8957.2300
7449,1201,9276.8500,321.6000,8955.2500
14115,521,9154.4800,215.8800,8938.6000
16463,39,8936.9500,null,8936.9500
684,1693,8936.9500,null,8936.9500
7253,1952,8936.9500,null,8936.9500
6985,1185,8936.9500,null,8936.9500
19280,340,8936.9500,null,8936.9500
2703,842,8936.9500,null,8936.9500
9306,1438,9100.2500,166.0700,8934.1800
6854,1823,9276.8500,343.3100,8933.5400
16275,550,9185.6000,259.7800,8925.8200
19923,1515,10789.3000,1872.2400,8917.0600
15148,712,9578.7500,665.3000,8913.4500
4942,1135,10495.3500,1582.5500,8912.8000
7874,831,8907.9500,null,8907.9500
14508,423,8907.9500,null,8907.9500
18082,1392,9185.6000,283.9800,8901.6200
1582,1401,10789.3000,1890.2700,8899.0300
13454,862,10078.5500,1180.8900,8897.6600
15000,202,10495.3500,1597.8300,8897.5200
19621,816,9100.2500,207.1500,8893.1000
6993,392,10789.3000,1897.1500,8892.1500
3253,1608,10495.3500,1607.1000,8888.2500
183,156,9185.6000,303.5300,8882.0700
6976,275,9108.1200,229.2700,8878.8500
13349,1699,10004.2500,1127.1600,8877.0900
992,89,9100.2500,224.7200,8875.5300
17553,782,9108.1200,232.7700,8875.3500
4626,1991,9578.7500,707.3500,8871.4000
11810,1964,8977.2500,112.4400,8864.8100
12040,631,10495.3500,1635.1400,8860.2100
17639,827,9154.4800,296.5100,8857.9700
11180,931,9154.4800,296.6100,8857.8700
9259,722,9185.6000,332.9600,8852.6400
6365,461,8977.2500,126.9000,8850.3500
4509,292,9276.8500,429.4100,8847.4400
11074,360,9011.3000,164.7200,8846.5800
1390,1767,9011.3000,167.3600,8843.9400
6056,568,10180.6500,1337.8000,8842.8500
8075,1376,9578.7500,737.6300,8841.1200
2698,1377,9578.7500,745.2300,8833.5200
9466,1883,9100.2500,274.0600,8826.1900
17806,598,8823.6000,null,8823.6000
11800,516,8823.6000,null,8823.6000
2270,166,8823.6000,null,8823.6000
5229,1581,10495.3500,1682.1800,8813.1700
9817,1511,10078.5500,1265.5400,8813.0100
19357,849,10789.3000,1980.5800,8808.7200
78,1912,8808.2000,null,8808.2000
5865,1554,8808.2000,null,8808.2000
9779,668,8808.2000,null,8808.2000
3106,998,8808.2000,null,8808.2000
6738,114,8959.7000,152.0700,8807.6300
6418,1788,8907.9500,102.1200,8805.8300
2448,1227,10078.5500,1273.2100,8805.3400
2931,847,10495.3500,1690.7600,8804.5900
7185,573,8907.9500,105.3000,8802.6500
9478,145,10789.3000,1990.4500,8798.8500
1097,629,9100.2500,301.6100,8798.6400
18000,1850,10789.3000,1993.6500,8795.6500
16466,1723,10495.3500,1705.0100,8790.3400
13744,68,9578.7500,793.3600,8785.3900
3032,1810,10495.3500,1720.5800,8774.7700
7714,1502,10078.5500,1307.9200,8770.6300
10652,1910,9108.1200,342.8400,8765.2800
4749,19,10180.6500,1416.5200,8764.1300
9568,1359,10180.6500,1429.1000,8751.5500
5610,1534,9578.7500,831.0200,8747.7300
11639,773,10180.6500,1435.3400,8745.3100
9979,1041,8977.2500,234.3400,8742.9100
17678,1160,10180.6500,1443.0100,8737.6400
1847,546,9154.4800,422.1700,8732.3100
9796,1762,10004.2500,1272.6300,8731.6200
1963,1516,10004.2500,1278.3400,8725.9100
81,1493,10179.2000,1460.9700,8718.2300
712,1132,9011.3000,295.1000,8716.2000
16043,900,9100.2500,388.5100,8711.7400
19358,138,8823.6000,113.1800,8710.4200
15840,948,9108.1200,397.9000,8710.2200
5436,1515,10179.2000,1471.8700,8707.3300
1249,492,8907.9500,210.7800,8697.1700
9610,323,10179.2000,1483.1700,8696.0300
18612,1660,10495.3500,1800.3200,8695.0300
2734,572,8693.0500,null,8693.0500
16427,430,10078.5500,1386.7500,8691.8000
15044,1597,8907.9500,220.6100,8687.3400
2193,1530,9108.1200,422.6300,8685.4900
4769,1195,9154.4800,470.5500,8683.9300
3072,1423,9108.1200,424.3200,8683.8000
9072,426,9154.4800,470.8100,8683.6700
4839,626,8977.2500,294.0300,8683.2200
14504,247,10180.6500,1499.1400,8681.5100
6521,78,8959.7000,287.6900,8672.0100
12041,1716,10078.5500,1409.0200,8669.5300
10946,1151,10495.3500,1826.3200,8669.0300
14830,958,8959.7000,291.0600,8668.6400
7477,1519,9100.2500,433.7900,8666.4600
18029,1864,8907.9500,241.6300,8666.3200
71,1966,10078.5500,1414.5300,8664.0200
16261,1812,8936.9500,275.8500,8661.1000
5736,711,10495.3500,1834.6000,8660.7500
7869,683,8660.1600,null,8660.1600
18330,1923,8660.1600,null,8660.1600
15991,1904,8660.1600,null,8660.1600
3736,1568,8959.7000,305.0600,8654.6400
16833,1744,8936.9500,284.2100,8652.7400
10613,640,8936.9500,287.9600,8648.9900
19135,1733,9011.3000,373.5400,8637.7600
4869,722,10495.3500,1858.0500,8637.3000
1417,1307,8977.2500,340.2100,8637.0400
11065,779,8959.7000,324.9300,8634.7700
17709,1872,10004.2500,1372.3600,8631.8900
11615,1084,8631.4400,null,8631.4400
18605,894,8631.4400,null,8631.4400
3668,1723,8631.4400,null,8631.4400
2785,446,8631.4400,null,8631.4400
3359,737,8631.4400,null,8631.4400
6592,1917,8631.4400,null,8631.4400
13785,1561,8631.4400,null,8631.4400
7748,269,8936.9500,308.2000,8628.7500
14516,803,8808.2000,185.0400,8623.1600
11122,1842,9011.3000,391.3400,8619.9600
11264,631,9276.8500,658.1600,8618.6900
5702,873,9276.8500,661.9800,8614.8700
3868,463,9185.6000,578.0900,8607.5100
18541,1817,9011.3000,413.1400,8598.1600
14069,1920,8959.7000,367.3000,8592.4000
2769,1624,8959.7000,367.3500,8592.3500
5095,911,9578.7500,986.4500,8592.3000
16496,1222,9011.3000,422.8800,8588.4200
5193,580,8977.2500,390.5900,8586.6600
1157,1295,8959.7000,373.5600,8586.1400
15113,263,10180.6500,1594.5900,8586.0600
6728,1937,8823.6000,240.7100,8582.8900
8513,887,9011.3000,430.5100,8580.7900
4589,1487,9108.1200,529.6000,8578.5200
10112,1051,8936.9500,361.6500,8575.3000
7602,479,8959.7000,394.7900,8564.9100
18258,9,10004.2500,1440.4400,8563.8100
12239,238,9276.8500,713.5000,8563.3500
839,600,10004.2500,1445.2800,8558.9700
8843,1208,10078.5500,1521.2500,8557.3000
18127,164,9276.8500,721.1600,8555.6900
1385,1129,9011.3000,457.3100,8553.9900
9836,1403,9108.1200,555.3900,8552.7300
14600,748,9011.3000,463.0100,8548.2900
14538,1480,9100.2500,552.8000,8547.4500
17746,493,8959.7000,413.7200,8545.9800
19371,706,10495.3500,1950.2700,8545.0800
13703,361,8823.6000,278.9700,8544.6300
4375,1206,8936.9500,393.0500,8543.9000
2951,898,8959.7000,417.1500,8542.5500
5742,1532,10004.2500,1465.3200,8538.9300
8889,1888,8660.1600,127.0900,8533.0700
14406,1127,9100.2500,568.8400,8531.4100
14633,1144,8977.2500,453.3900,8523.8600
16165,194,9100.2500,577.2200,8523.0300
11134,1698,10078.5500,1558.2800,8520.2700
5782,42,8959.7000,439.7900,8519.9100
15760,1744,8660.1600,140.6500,8519.5100
16991,697,9154.4800,639.5500,8514.9300
9294,1512,8808.2000,293.4300,8514.7700
8697,81,10495.3500,1981.3200,8514.0300
19353,590,10078.5500,1564.8400,8513.7100
19305,636,8808.2000,295.4500,8512.7500
15884,1575,9276.8500,764.9800,8511.8700
460,1199,8907.9500,408.8600,8499.0900
3942,1422,9108.1200,609.4200,8498.7000
11448,240,10179.2000,1680.5600,8498.6400
17259,1366,10078.5500,1580.2800,8498.2700
1692,942,10078.5500,1589.4900,8489.0600
16489,69,9154.4800,673.9000,8480.5800
13265,1333,8693.0500,212.6600,8480.3900
10336,648,8907.9500,430.1000,8477.8500
3702,958,8808.2000,330.7200,8477.4800
1538,352,9276.8500,800.0500,8476.8000
5511,1964,8660.1600,188.8100,8471.3500
1738,1071,8936.9500,465.8200,8471.1300
7935,1759,9108.1200,638.6600,8469.4600
7948,1205,10179.2000,1711.6600,8467.5400
1944,750,10179.2000,1714.7000,8464.5000
9870,1334,8693.0500,229.0400,8464.0100
1427,1207,9276.8500,813.9000,8462.9500
14698,1637,9185.6000,723.4800,8462.1200
14443,192,8660.1600,198.6100,8461.5500
468,204,8631.4400,173.0300,8458.4100
2440,1120,8936.9500,483.9200,8453.0300
8659,285,9154.4800,702.6800,8451.8000
9598,684,10180.6500,1732.1200,8448.5300
5705,1042,9154.4800,706.3500,8448.1300
7369,783,10179.2000,1734.1000,8445.1000
14579,1834,10004.2500,1559.4300,8444.8200
19259,235,8907.9500,467.5000,8440.4500
10574,1135,8823.6000,395.3200,8428.2800
10384,1857,8907.9500,479.7900,8428.1600
3773,1194,10004.2500,1576.4000,8427.8500
16627,1454,10078.5500,1651.0300,8427.5200
8132,170,10078.5500,1652.2300,8426.3200
6291,1353,8936.9500,512.6200,8424.3300
8804,1128,9100.2500,680.6000,8419.6500
14521,1258,10179.2000,1759.9100,8419.2900
9097,730,10180.6500,1761.8100,8418.8400
13874,1919,8693.0500,282.1800,8410.8700
5959,753,10004.2500,1605.5600,8398.6900
13263,667,8396.2800,null,8396.2800
19367,68,8396.2800,null,8396.2800
13463,827,9108.1200,713.7100,8394.4100
6224,837,10078.5500,1684.2800,8394.2700
15975,1434,8392.1500,null,8392.1500
16037,1509,8392.1500,null,8392.1500
11788,1567,8392.1500,null,8392.1500
16173,507,8392.1500,null,8392.1500
19656,1712,8392.1500,null,8392.1500
8538,1207,8392.1500,null,8392.1500
9957,1486,8392.1500,null,8392.1500
4038,555,8693.0500,310.2200,8382.8300
17483,1557,8959.7000,578.0500,8381.6500
17146,1066,8977.2500,598.0600,8379.1900
10896,1167,9011.3000,636.9900,8374.3100
9745,1953,8823.6000,454.1100,8369.4900
12627,531,9100.2500,733.1500,8367.1000
9421,1923,9100.2500,736.3500,8363.9000
11720,259,9011.3000,648.3200,8362.9800
9510,377,9100.2500,742.8500,8357.4000
10831,1076,9011.3000,654.5600,8356.7400
13016,449,10180.6500,1825.6100,8355.0400
9001,1534,10004.2500,1658.0900,8346.1600
13198,1834,9154.4800,808.7300,8345.7500
9100,622,8823.6000,478.2100,8345.3900
2549,1043,8977.2500,636.4300,8340.8200
19332,1562,10078.5500,1741.0100,8337.5400
9339,1312,10078.5500,1741.6300,8336.9200
8219,885,8693.0500,356.7000,8336.3500
5191,1779,8936.9500,600.6800,8336.2700
18712,1917,10179.2000,1844.9000,8334.3000
5653,302,9578.7500,1245.0100,8333.7400
15631,667,8977.2500,647.6100,8329.6400
4701,284,9276.8500,948.5300,8328.3200
10127,987,9185.6000,859.2700,8326.3300
4598,569,8907.9500,581.7100,8326.2400
888,1629,8631.4400,308.5300,8322.9100
14917,827,8907.9500,591.0900,8316.8600
4783,390,9100.2500,787.9900,8312.2600
5489,953,9276.8500,965.5500,8311.3000
1627,1900,8959.7000,650.4900,8309.2100
1461,245,8305.9500,null,8305.9500
12312,407,8305.9500,null,8305.9500
823,1983,8305.9500,null,8305.9500
7352,146,8808.2000,504.4400,8303.7600
1073,1974,9578.7500,1275.4700,8303.2800
5957,556,8959.7000,656.9700,8302.7300
544,1078,8977.2500,675.6500,8301.6000
15734,940,8693.0500,393.6900,8299.3600
19948,1632,8660.1600,361.2900,8298.8700
14338,1634,10078.5500,1779.8900,8298.6600
1629,692,8977.2500,680.7300,8296.5200
16289,422,9276.8500,984.8600,8291.9900
2171,876,8291.6500,null,8291.6500
12052,116,8291.6500,null,8291.6500
15851,1728,8291.6500,null,8291.6500
6172,580,8291.6500,null,8291.6500
5219,304,9578.7500,1288.7100,8290.0400
6848,1984,8936.9500,646.9700,8289.9800
16113,1912,8977.2500,689.4600,8287.7900
2479,1314,8936.9500,650.2100,8286.7400
3764,842,10078.5500,1792.2700,8286.2800
1532,1468,9011.3000,732.6300,8278.6700
16101,605,9100.2500,822.8400,8277.4100
3460,1160,8392.1500,114.7400,8277.4100
7428,1188,8392.1500,116.3400,8275.8100
14435,239,9100.2500,828.3100,8271.9400
199,1516,9154.4800,886.5800,8267.9000
13189,903,10180.6500,1923.8200,8256.8300
18575,645,8977.2500,723.5200,8253.7300
13894,1462,9185.6000,935.8700,8249.7300
19198,853,8693.0500,446.9600,8246.0900
17509,2,8396.2800,150.6800,8245.6000
13468,528,8396.2800,154.8300,8241.4500
4233,1025,8693.0500,455.6800,8237.3700
10246,762,10004.2500,1774.2300,8230.0200
8438,1012,8808.2000,583.9300,8224.2700
4696,401,9578.7500,1354.7300,8224.0200
5567,1953,9578.7500,1359.7800,8218.9700
14767,1074,9011.3000,795.4400,8215.8600
14493,719,8977.2500,762.0900,8215.1600
11794,199,10078.5500,1864.9800,8213.5700
4960,1711,10004.2500,1791.6600,8212.5900
3204,1840,8211.6000,null,8211.6000
7565,886,8211.6000,null,8211.6000
8468,836,8211.6000,null,8211.6000
1165,124,10078.5500,1868.7900,8209.7600
12331,1812,8977.2500,768.2300,8209.0200
10538,1070,8392.1500,183.2800,8208.8700
12778,1577,9154.4800,946.1300,8208.3500
7733,1650,8396.2800,189.0200,8207.2600
4502,1274,9154.4800,947.5000,8206.9800
7097,487,10078.5500,1873.1000,8205.4500
17162,1276,8977.2500,773.7700,8203.4800
16297,1017,10180.6500,1979.6900,8200.9600
4884,273,9276.8500,1076.3900,8200.4600
10057,802,9108.1200,909.4100,8198.7100
5654,1941,8808.2000,611.9900,8196.2100
8495,330,8660.1600,466.3000,8193.8600
4289,1845,8808.2000,614.4700,8193.7300
10647,1261,9011.3000,817.7100,8193.5900
12005,1924,8693.0500,499.9900,8193.0600
13015,1118,8291.6500,101.2200,8190.4300
13078,1936,8936.9500,748.1900,8188.7600
12731,221,8660.1600,472.3500,8187.8100
2570,1288,9011.3000,830.2000,8181.1000
10922,1422,9276.8500,1099.1200,8177.7300
162,911,8660.1600,482.9800,8177.1800
17199,1798,8291.6500,114.9400,8176.7100
746,1903,9011.3000,834.9700,8176.3300
6989,364,10179.2000,2005.0000,8174.2000
19446,825,8693.0500,519.1000,8173.9500
18044,1240,8959.7000,787.1700,8172.5300
5008,1657,10004.2500,1831.9600,8172.2900
14465,1127,9276.8500,1106.4300,8170.4200
618,1010,8808.2000,641.9100,8166.2900
15609,491,8392.1500,231.0400,8161.1100
3892,1031,9011.3000,850.4900,8160.8100
718,1170,10078.5500,1922.9400,8155.6100
5744,1976,10078.5500,1924.0900,8154.4600
2601,1482,9100.2500,947.3000,8152.9500
15087,19,8808.2000,658.7400,8149.4600
13300,1756,8291.6500,145.3100,8146.3400
18950,1462,8144.5200,null,8144.5200
14671,1038,8144.5200,null,8144.5200
16869,770,8144.5200,null,8144.5200
16203,343,8143.3600,null,8143.3600
9380,1629,8143.3600,null,8143.3600
6114,763,8143.3600,null,8143.3600
9592,1987,9100.2500,957.6400,8142.6100
12102,171,9011.3000,873.0800,8138.2200
17299,1999,9578.7500,1441.4000,8137.3500
17409,754,8907.9500,770.9800,8136.9700
9809,1854,9276.8500,1140.5600,8136.2900
14141,1864,10004.2500,1868.1900,8136.0600
6969,1385,9276.8500,1141.9300,8134.9200
12527,1802,8693.0500,559.4900,8133.5600
6109,1252,9578.7500,1449.0700,8129.6800
17788,159,8959.7000,835.3400,8124.3600
7626,1520,8631.4400,507.5700,8123.8700
14205,1513,8305.9500,184.3800,8121.5700
16802,201,9276.8500,1155.7800,8121.0700
9981,996,8291.6500,171.6900,8119.9600
14144,120,10004.2500,1884.5500,8119.7000
16803,1401,8117.8500,null,8117.8500
17779,789,8117.8500,null,8117.8500
15380,1458,8117.8500,null,8117.8500
867,872,8117.8500,null,8117.8500
4587,1989,8907.9500,790.8800,8117.0700
11299,1266,9100.2500,988.0900,8112.1600
15163,1983,9108.1200,996.1900,8111.9300
7918,65,8959.7000,849.1400,8110.5600
10290,484,8396.2800,285.9500,8110.3300
6956,696,8823.6000,714.1600,8109.4400
6647,474,8936.9500,829.3600,8107.5900
454,694,9154.4800,1048.2300,8106.2500
8239,702,8977.2500,876.1900,8101.0600
16572,369,8291.6500,191.0700,8100.5800
6002,614,9108.1200,1008.1400,8099.9800
1782,632,8693.0500,595.8500,8097.2000
11577,1221,8977.2500,885.3700,8091.8800
5856,619,8823.6000,732.0100,8091.5900
4185,431,8936.9500,845.4200,8091.5300
12721,77,9100.2500,1012.2800,8087.9700
12575,710,8693.0500,613.2900,8079.7600
15638,1632,9276.8500,1198.7400,8078.1100
8792,47,9100.2500,1024.1100,8076.1400
17810,1213,9100.2500,1025.5400,8074.7100
10963,1076,8936.9500,863.0000,8073.9500
16729,610,8660.1600,587.1900,8072.9700
8442,1414,8907.9500,836.7000,8071.2500
1894,567,9011.3000,943.7700,8067.5300
8930,761,8062.8400,null,8062.8400
18161,1520,8062.8400,null,8062.8400
8868,899,8062.8400,null,8062.8400
16222,146,8061.6500,null,8061.6500
5878,911,8061.6500,null,8061.6500
17164,218,8061.6500,null,8061.6500
17838,1197,8061.6500,null,8061.6500
5778,435,8061.6500,null,8061.6500
5054,762,8061.6500,null,8061.6500
3022,1136,8061.6500,null,8061.6500
5841,1656,8061.6500,null,8061.6500
5480,125,10180.6500,2120.1800,8060.4700
15673,1300,8959.7000,901.9700,8057.7300
12366,500,8660.1600,603.6400,8056.5200
18586,268,8936.9500,886.9400,8050.0100
15967,1102,9011.3000,964.4700,8046.8300
15488,1783,8211.6000,167.1000,8044.5000
9725,835,8693.0500,649.0800,8043.9700
19344,1987,8144.5200,100.7300,8043.7900
7299,724,8211.6000,171.5700,8040.0300
11137,1769,8660.1600,620.2700,8039.8900
14675,1000,8936.9500,897.5200,8039.4300
2547,691,9011.3000,973.5800,8037.7200
7908,1436,8291.6500,256.5000,8035.1500
12893,1131,8305.9500,270.8600,8035.0900
2827,231,9578.7500,1544.2900,8034.4600
17878,1901,9276.8500,1243.4600,8033.3900
12910,951,9154.4800,1124.7500,8029.7300
8459,150,8907.9500,880.7300,8027.2200
7980,1145,8305.9500,280.5900,8025.3600
5952,335,9100.2500,1079.2000,8021.0500
4630,1075,8959.7000,942.9900,8016.7100
15636,1903,9154.4800,1144.4200,8010.0600
10914,935,9185.6000,1176.9200,8008.6800
14716,1406,8143.3600,137.4900,8005.8700
9602,134,8144.5200,138.7100,8005.8100
13495,929,8693.0500,688.7900,8004.2600
13182,1470,8003.4500,null,8003.4500
12614,1415,8003.4500,null,8003.4500
2014,1701,8003.4500,null,8003.4500
4448,404,8003.4500,null,8003.4500
12264,271,8003.4000,null,8003.4000
13162,498,8003.4000,null,8003.4000
346,1290,9185.6000,1182.5700,8003.0300
6233,1681,8117.8500,115.1300,8002.7200
18492,1956,9154.4800,1152.3500,8002.1300
12698,544,8808.2000,808.2700,7999.9300
14650,1400,8144.5200,144.6100,7999.9100
13748,1197,8117.8500,118.9800,7998.8700
10571,1814,9100.2500,1107.4400,7992.8100
9958,1582,9578.7500,1586.3000,7992.4500
7938,1264,8959.7000,968.8600,7990.8400
9465,103,8211.6000,224.1500,7987.4500
3408,1698,8907.9500,920.9500,7987.0000
9874,626,8808.2000,824.5300,7983.6700
7470,381,8143.3600,160.2800,7983.0800
12743,1178,8936.9500,956.3400,7980.6100
19084,1045,10004.2500,2024.5800,7979.6700
2616,771,8936.9500,960.5800,7976.3700
1414,92,8936.9500,962.1600,7974.7900
8805,714,8631.4400,659.7100,7971.7300
5264,1170,8907.9500,944.1100,7963.8400
6510,200,8144.5200,182.2900,7962.2300
14270,1427,8977.2500,1018.4600,7958.7900
801,1360,8392.1500,434.0700,7958.0800
16139,663,8061.6500,103.7600,7957.8900
4214,1733,8143.3600,185.8100,7957.5500
662,967,9100.2500,1149.5600,7950.6900
2801,437,8631.4400,684.0100,7947.4300
5665,1969,8062.8400,115.9500,7946.8900
3353,1304,8396.2800,450.4400,7945.8400
3927,414,8959.7000,1014.5700,7945.1300
8523,729,8936.9500,993.3500,7943.6000
15059,1738,8808.2000,867.2800,7940.9200
1600,761,8392.1500,451.7500,7940.4000
6774,418,8823.6000,883.2600,7940.3400
4581,569,8061.6500,123.6000,7938.0500
19072,1279,8823.6000,888.2300,7935.3700
18107,1702,9578.7500,1644.1000,7934.6500
724,1863,8211.6000,279.2500,7932.3500
14319,1428,8823.6000,893.7700,7929.8300
5390,1390,9185.6000,1257.9200,7927.6800
15739,1105,8907.9500,980.8900,7927.0600
9795,1329,9154.4800,1228.1700,7926.3100
15994,294,8305.9500,381.7400,7924.2100
2057,511,9276.8500,1355.3400,7921.5100
6196,218,8143.3600,225.1600,7918.2000
4456,430,8143.3600,225.3900,7917.9700
4604,325,8936.9500,1022.3100,7914.6400
19514,76,7913.3000,null,7913.3000
15820,712,7913.3000,null,7913.3000
4571,362,9011.3000,1102.6000,7908.7000
6288,1303,8143.3600,234.8200,7908.5400
12376,1587,8959.7000,1052.7900,7906.9100
17421,341,8808.2000,901.9400,7906.2600
5279,1930,8977.2500,1071.1400,7906.1100
19805,1217,8693.0500,788.4600,7904.5900
7088,1915,8062.8400,163.4600,7899.3800
8054,481,9154.4800,1257.7000,7896.7800
7397,772,9276.8500,1382.5000,7894.3500
14944,1603,8291.6500,400.4100,7891.2400
7029,1085,8631.4400,742.6200,7888.8200
17177,678,8003.4500,115.0300,7888.4200
1918,329,9185.6000,1297.3900,7888.2100
9786,491,8291.6500,403.6100,7888.0400
2380,1397,8392.1500,504.6500,7887.5000
14958,519,9154.4800,1267.1600,7887.3200
18437,452,8144.5200,257.6700,7886.8500
7386,1002,8977.2500,1098.1100,7879.1400
16051,730,9276.8500,1398.2700,7878.5800
14201,1759,8977.2500,1099.3100,7877.9400
5910,506,9185.6000,1312.5600,7873.0400
15904,1173,9578.7500,1706.7200,7872.0300
7960,926,9100.2500,1228.8300,7871.4200
6378,526,9154.4800,1283.2900,7871.1900
16628,1387,9011.3000,1142.2100,7869.0900
10267,1155,9185.6000,1317.1400,7868.4600
2131,1431,9108.1200,1241.3300,7866.7900
6025,582,9100.2500,1235.4000,7864.8500
15625,1046,8631.4400,768.3600,7863.0800
6191,1626,8396.2800,533.6900,7862.5900
11646,350,8808.2000,946.7200,7861.4800
2273,1584,8396.2800,535.9600,7860.3200
19004,584,8823.6000,964.9700,7858.6300
14191,923,8660.1600,802.4300,7857.7300
9713,318,8907.9500,1055.1800,7852.7700
5703,589,9108.1200,1260.0600,7848.0600
4902,268,8977.2500,1130.0400,7847.2100
4520,377,8003.4000,156.8300,7846.5700
18402,889,8291.6500,446.7100,7844.9400
4055,69,8631.4400,789.6500,7841.7900
3682,900,8305.9500,466.9400,7839.0100
10568,1245,9276.8500,1438.0100,7838.8400
18628,541,8003.4000,167.6500,7835.7500
11813,1464,8291.6500,456.6900,7834.9600
3913,998,8396.2800,563.0700,7833.2100
10971,126,8907.9500,1075.5200,7832.4300
9377,1666,8808.2000,976.0600,7832.1400
2643,785,8959.7000,1128.8400,7830.8600
2604,863,8291.6500,461.1900,7830.4600
12563,439,8907.9500,1078.4500,7829.5000
217,569,9011.3000,1186.1400,7825.1600
1255,1143,8062.8400,238.2500,7824.5900
7532,795,8392.1500,568.7900,7823.3600
11899,1358,9185.6000,1363.0500,7822.5500
19490,1386,8660.1600,837.9200,7822.2400
15033,1977,8144.5200,326.1100,7818.4100
5192,1970,8211.6000,396.3000,7815.3000
16635,1273,8693.0500,881.6200,7811.4300
3421,387,8396.2800,584.9500,7811.3300
10671,514,9011.3000,1199.9800,7811.3200
15023,1373,8062.8400,251.7400,7811.1000
8156,1389,8144.5200,337.6600,7806.8600
3890,1959,8660.1600,854.4500,7805.7100
9195,371,8003.4500,200.1200,7803.3300
10894,814,8392.1500,590.0600,7802.0900
4177,341,8693.0500,891.6100,7801.4400
3543,1567,7913.3000,112.5800,7800.7200
15019,87,9154.4800,1354.9400,7799.5400
7562,1420,8823.6000,1024.1100,7799.4900
8864,639,8660.1600,861.7900,7798.3700
3643,667,8977.2500,1179.3900,7797.8600
18611,1894,8936.9500,1140.2600,7796.6900
18877,605,8823.6000,1030.9300,7792.6700
13889,543,8211.6000,422.1700,7789.4300
10905,38,9100.2500,1315.4500,7784.8000
3580,1627,9185.6000,1401.0100,7784.5900
201,1487,8660.1600,875.8700,7784.2900
5433,1403,8291.6500,513.9400,7777.7100
7417,1696,9108.1200,1332.5400,7775.5800
11897,633,9185.6000,1411.6800,7773.9200
8164,613,8660.1600,893.0800,7767.0800
4697,1668,9185.6000,1420.8800,7764.7200
11116,498,8062.8400,299.4600,7763.3800
10559,1147,9100.2500,1337.4300,7762.8200
5409,254,9108.1200,1349.3900,7758.7300
15714,321,8977.2500,1220.6400,7756.6100
4250,1498,9108.1200,1351.9800,7756.1400
12215,1648,9108.1200,1352.7200,7755.4000
9863,256,8977.2500,1222.2200,7755.0300
16456,1538,8631.4400,880.7500,7750.6900
17578,11,8907.9500,1157.9900,7749.9600
15251,1196,8144.5200,395.2200,7749.3000
3304,952,8392.1500,646.3200,7745.8300
13459,1003,9578.7500,1834.7200,7744.0300
17988,719,8959.7000,1215.8300,7743.8700
15913,149,8062.8400,321.1700,7741.6700
4248,1983,8907.9500,1173.8800,7734.0700
16321,638,8977.2500,1246.6700,7730.5800
16195,1917,8062.8400,332.5000,7730.3400
11308,680,8003.4000,277.5800,7725.8200
17591,1048,8003.4500,277.8200,7725.6300
4577,1194,9276.8500,1553.5500,7723.3000
18345,1330,8823.6000,1117.8100,7705.7900
17943,586,8959.7000,1255.8400,7703.8600
3178,1331,8808.2000,1107.3900,7700.8100
7281,2000,8003.4500,307.8600,7695.5900
15659,439,8631.4400,936.1700,7695.2700
11300,503,8211.6000,517.4100,7694.1900
2373,1827,8062.8400,371.6300,7691.2100
8294,857,8808.2000,1117.3800,7690.8200
9024,1420,9276.8500,1587.5600,7689.2900
12085,928,8305.9500,618.5600,7687.3900
11488,91,8291.6500,606.9400,7684.7100
4751,973,8823.6000,1139.6100,7683.9900
7410,381,9154.4800,1471.5300,7682.9500
4634,1882,8959.7000,1277.4300,7682.2700
15941,1642,8211.6000,532.3900,7679.2100
798,59,9100.2500,1421.3300,7678.9200
7026,650,8808.2000,1129.6200,7678.5800
10256,1641,8823.6000,1146.9500,7676.6500
5611,167,9578.7500,1903.2100,7675.5400
5378,1950,8693.0500,1018.4900,7674.5600
12328,288,7913.3000,241.6100,7671.6900
18040,1919,9154.4800,1483.9400,7670.5400
5706,1525,8144.5200,474.0600,7670.4600
11124,736,8907.9500,1237.6900,7670.2600
10225,1991,8977.2500,1307.1100,7670.1400
16912,777,8936.9500,1271.5200,7665.4300
783,1562,8693.0500,1029.8600,7663.1900
14660,686,7663.0000,null,7663.0000
18236,1689,7663.0000,null,7663.0000
3585,1904,8808.2000,1148.8700,7659.3300
15733,551,9154.4800,1499.0400,7655.4400
13223,762,8062.8400,407.7100,7655.1300
17190,1946,8003.4000,358.1500,7645.2500
14527,100,8392.1500,747.1700,7644.9800
4371,1849,9154.4800,1513.1000,7641.3800
9319,1275,8305.9500,666.6600,7639.2900
16597,867,8143.3600,504.2900,7639.0700
4742,346,8959.7000,1321.1700,7638.5300
6979,1816,8062.8400,424.8200,7638.0200
17362,654,8392.1500,754.8100,7637.3400
11276,1910,9276.8500,1641.6300,7635.2200
9962,1280,8144.5200,513.0200,7631.5000
6674,1023,9154.4800,1523.4800,7631.0000
11789,513,8003.4000,378.6400,7624.7600
8483,275,8062.8400,438.7900,7624.0500
10345,469,8211.6000,590.4100,7621.1900
5613,1875,9276.8500,1655.9800,7620.8700
17270,706,8977.2500,1357.0700,7620.1800
2299,113,8305.9500,689.3900,7616.5600
7044,1339,8305.9500,690.0800,7615.8700
13998,813,8003.4500,388.1300,7615.3200
9895,763,8144.5200,531.5300,7612.9900
17929,194,8959.7000,1347.5100,7612.1900
15264,895,8061.6500,449.9500,7611.7000
2481,1283,8062.8400,452.3100,7610.5300
2766,320,8003.4000,392.8800,7610.5200
17238,1501,8144.5200,536.4800,7608.0400
11543,526,9276.8500,1670.3300,7606.5200
17520,1766,8291.6500,691.2300,7600.4200
18811,1045,9578.7500,1979.4000,7599.3500
6281,637,8936.9500,1337.9500,7599.0000
4800,407,7913.3000,316.4900,7596.8100
465,1452,8144.5200,547.9400,7596.5800
16314,17,7591.6000,null,7591.6000
584,956,7591.6000,null,7591.6000
13270,687,7591.6000,null,7591.6000
18869,98,7591.6000,null,7591.6000
11270,787,8144.5200,560.9900,7583.5300
8664,1995,8211.6000,628.1100,7583.4900
2540,1292,8003.4500,421.9000,7581.5500
1765,261,7913.3000,332.2900,7581.0100
17341,1332,8291.6500,713.6700,7577.9800
2024,532,8117.8500,539.9400,7577.9100
17961,1497,9276.8500,1701.0700,7575.7800
5958,389,8117.8500,542.2200,7575.6300
6882,693,8936.9500,1362.6700,7574.2800
9517,958,9108.1200,1536.7000,7571.4200
3966,1047,9011.3000,1440.2600,7571.0400
10509,1235,9185.6000,1618.4000,7567.2000
11002,1035,8305.9500,739.0400,7566.9100
3288,1516,8144.5200,579.1600,7565.3600
6533,1507,9276.8500,1714.5200,7562.3300
605,1812,8291.6500,729.8600,7561.7900
12110,316,8631.4400,1069.7500,7561.6900
10584,421,8144.5200,584.9800,7559.5400
18459,1250,9100.2500,1542.3100,7557.9400
2546,1396,8631.4400,1076.6300,7554.8100
6604,916,9108.1200,1554.2100,7553.9100
1059,497,8291.6500,737.8100,7553.8400
3607,77,8305.9500,757.5900,7548.3600
5990,592,8396.2800,847.9400,7548.3400
1745,1617,8305.9500,758.7400,7547.2100
5769,86,7913.3000,372.6300,7540.6700
19786,865,8117.8500,580.4700,7537.3800
1093,1008,7536.9500,null,7536.9500
18977,1160,8823.6000,1287.1500,7536.4500
12269,26,9100.2500,1564.2800,7535.9700
4650,1998,9100.2500,1564.5100,7535.7400
5210,1039,8143.3600,608.6300,7534.7300
12879,1722,7913.3000,379.7800,7533.5200
16339,1410,8693.0500,1159.5400,7533.5100
2439,704,9185.6000,1652.6500,7532.9500
5357,1966,8003.4500,471.0800,7532.3700
10829,203,9011.3000,1482.1700,7529.1300
3000,1679,8907.9500,1382.7800,7525.1700
11548,1100,8823.6000,1301.1800,7522.4200
19583,47,9185.6000,1664.4500,7521.1500
5303,762,8003.4500,483.3200,7520.1300
13616,1630,9154.4800,1636.8200,7517.6600
2266,911,9100.2500,1582.8400,7517.4100
17222,73,8396.2800,879.2700,7517.0100
2443,442,9108.1200,1592.3900,7515.7300
1490,726,8143.3600,630.7500,7512.6100
1962,108,9100.2500,1591.4600,7508.7900
13631,157,9108.1200,1603.6500,7504.4700
10058,476,9276.8500,1778.8600,7497.9900
8929,203,8907.9500,1410.1600,7497.7900
19146,1682,8144.5200,648.8300,7495.6900
12982,219,8631.4400,1137.8800,7493.5600
2096,395,8117.8500,625.1000,7492.7500
10251,1018,8061.6500,571.4600,7490.1900
11008,1068,8936.9500,1447.4100,7489.5400
13443,561,8291.6500,804.5200,7487.1300
7580,1135,8823.6000,1336.5700,7487.0300
13167,1480,8631.4400,1144.7800,7486.6600
536,98,8144.5200,658.2500,7486.2700
6310,779,9276.8500,1794.4400,7482.4100
9094,1817,8117.8500,635.4900,7482.3600
4965,1408,8693.0500,1211.0700,7481.9800
12383,143,8693.0500,1211.8700,7481.1800
10665,841,8062.8400,581.8500,7480.9900
5056,1483,8977.2500,1497.7500,7479.5000
5708,1808,8211.6000,733.1400,7478.4600
9463,1358,8144.5200,669.3100,7475.2100
16995,512,8959.7000,1484.8700,7474.8300
18195,391,8936.9500,1465.4500,7471.5000
5399,407,8003.4500,532.9300,7470.5200
6856,626,8977.2500,1507.2000,7470.0500
10624,1511,7913.3000,443.7500,7469.5500
11690,885,9108.1200,1638.8500,7469.2700
7244,1139,7663.0000,194.5300,7468.4700
17894,595,7591.6000,123.7800,7467.8200
7474,603,8907.9500,1442.2000,7465.7500
18742,868,9100.2500,1638.8300,7461.4200
1045,1376,8823.6000,1364.3200,7459.2800
13181,1240,8211.6000,759.8100,7451.7900
3995,1332,8693.0500,1241.8100,7451.2400
13074,607,8936.9500,1489.4700,7447.4800
19543,1761,8907.9500,1464.7400,7443.2100
10044,1212,9011.3000,1569.8100,7441.4900
9943,898,8117.8500,680.2200,7437.6300
14845,638,8808.2000,1371.1200,7437.0800
7964,258,8062.8400,629.7700,7433.0700
2871,578,8143.3600,710.7900,7432.5700
14581,1477,7536.9500,106.1400,7430.8100
7813,1097,8305.9500,876.7900,7429.1600
9554,1784,8061.6500,635.9300,7425.7200
14214,930,8143.3600,718.4200,7424.9400
5576,936,9108.1200,1683.9100,7424.2100
16098,541,8396.2800,972.5800,7423.7000
14805,988,9011.3000,1588.6600,7422.6400
10529,300,7421.4800,null,7421.4800
10489,1916,7421.4800,null,7421.4800
4007,1706,7591.6000,171.9400,7419.6600
1626,120,9276.8500,1861.1600,7415.6900
13839,70,8660.1600,1247.1400,7413.0200
15959,1792,7913.3000,501.3600,7411.9400
8492,957,9185.6000,1774.2200,7411.3800
8735,1149,9108.1200,1696.9200,7411.2000
16713,516,8003.4000,594.9300,7408.4700
3588,407,8062.8400,654.3800,7408.4600
11272,1649,8396.2800,988.0100,7408.2700
13761,322,8003.4500,595.2000,7408.2500
13683,1381,7663.0000,254.7600,7408.2400
2683,1406,8693.0500,1285.3500,7407.7000
8853,382,8305.9500,898.4100,7407.5400
6262,1795,8823.6000,1416.7900,7406.8100
2300,861,9276.8500,1872.4000,7404.4500
7411,652,8936.9500,1533.4900,7403.4600
17936,34,8959.7000,1557.2200,7402.4800
18619,989,8660.1600,1259.9800,7400.1800
960,948,8061.6500,663.2300,7398.4200
18229,340,7663.0000,264.8800,7398.1200
12346,92,8143.3600,747.0200,7396.3400
3455,1393,9185.6000,1790.4000,7395.2000
7952,1087,8823.6000,1430.2100,7393.3900
4972,769,8936.9500,1543.7800,7393.1700
15544,428,7536.9500,143.8100,7393.1400
6618,1301,8003.4000,611.8400,7391.5600
9524,1880,9108.1200,1716.9200,7391.2000
5171,822,8936.9500,1547.0300,7389.9200
3158,1865,8291.6500,902.8000,7388.8500
677,1646,8143.3600,754.7500,7388.6100
18833,1543,8977.2500,1588.8100,7388.4400
5291,789,8143.3600,756.0700,7387.2900
18339,871,9108.1200,1722.0600,7386.0600
17331,390,8305.9500,920.6500,7385.3000
9444,130,8305.9500,920.7900,7385.1600
18967,1983,8003.4500,621.7800,7381.6700
14924,1948,8823.6000,1443.2100,7380.3900
19087,493,9011.3000,1631.4300,7379.8700
11590,1839,8392.1500,1015.2200,7376.9300
7004,906,9100.2500,1724.2500,7376.0000
6982,245,7536.9500,162.1400,7374.8100
4576,1847,8396.2800,1022.3600,7373.9200
647,1468,9185.6000,1812.1600,7373.4400
18138,1713,9100.2500,1732.0400,7368.2100
6791,1503,8823.6000,1458.8000,7364.8000
5943,1318,9276.8500,1914.1800,7362.6700
10161,898,8396.2800,1036.2500,7360.0300
13768,1025,9154.4800,1795.1600,7359.3200
17921,1370,8693.0500,1334.2300,7358.8200
19407,1812,8823.6000,1467.7500,7355.8500
11534,1799,8823.6000,1468.0300,7355.5700
5960,1202,8977.2500,1625.6500,7351.6000
13422,722,8144.5200,793.2500,7351.2700
14870,1337,8631.4400,1282.4700,7348.9700
19788,1582,7913.3000,564.4100,7348.8900
15045,285,7348.4800,null,7348.4800
6898,1470,7348.4800,null,7348.4800
14284,21,7348.4800,null,7348.4800
17825,1092,7348.4800,null,7348.4800
6784,711,7348.4800,null,7348.4800
16269,1606,7348.4800,null,7348.4800
3411,1575,9276.8500,1929.0900,7347.7600
6452,1594,8117.8500,773.7700,7344.0800
13302,517,7663.0000,323.2800,7339.7200
15433,1310,9276.8500,1937.6500,7339.2000
7095,1723,7663.0000,325.4100,7337.5900
15,1378,8907.9500,1573.9800,7333.9700
2815,1079,7591.6000,257.8100,7333.7900
19227,1176,8211.6000,878.0600,7333.5400
8117,758,8305.9500,980.3200,7325.6300
9512,842,8003.4500,677.9700,7325.4800
15571,1052,8291.6500,967.0000,7324.6500
8795,2000,8117.8500,794.6000,7323.2500
12943,1606,7591.6000,273.3900,7318.2100
13984,180,8396.2800,1079.5600,7316.7200
6664,474,8392.1500,1076.2400,7315.9100
16486,471,8291.6500,975.9000,7315.7500
324,1194,8959.7000,1645.3700,7314.3300
18920,1184,8660.1600,1346.8700,7313.2900
5881,792,7913.3000,600.3900,7312.9100
9215,1334,7913.3000,604.4800,7308.8200
11396,1897,9100.2500,1791.9300,7308.3200
13431,1474,7663.0000,355.8800,7307.1200
16966,207,8823.6000,1517.2200,7306.3800
12454,794,8143.3600,838.3700,7304.9900
5712,1558,8117.8500,813.4900,7304.3600
18085,258,8959.7000,1656.0300,7303.6700
14327,1627,7913.3000,610.6100,7302.6900
19868,1220,8291.6500,989.3300,7302.3200
8833,181,8117.8500,820.9000,7296.9500
8684,923,9276.8500,1980.9700,7295.8800
3362,255,8211.6000,919.6300,7291.9700
8542,1833,8631.4400,1339.6200,7291.8200
7805,408,8808.2000,1519.3500,7288.8500
6770,318,9100.2500,1811.5100,7288.7400
1786,548,8936.9500,1648.8400,7288.1100
8588,1975,9108.1200,1821.1000,7287.0200
17518,138,8907.9500,1622.3400,7285.6100
14787,415,8808.2000,1523.2600,7284.9400
621,37,8808.2000,1524.2100,7283.9900
6095,1490,8396.2800,1114.1400,7282.1400
19374,728,7280.2000,null,7280.2000
5377,1779,9100.2500,1821.9300,7278.3200
16735,879,9276.8500,1999.0000,7277.8500
10526,1904,9185.6000,1910.6800,7274.9200
8041,36,8392.1500,1122.2700,7269.8800
13922,787,8061.6500,793.1900,7268.4600
14900,221,7663.0000,395.8000,7267.2000
1287,1192,7913.3000,652.2900,7261.0100
13080,1264,9154.4800,1893.4700,7261.0100
19746,902,7536.9500,276.4900,7260.4600
3665,144,8305.9500,1045.8100,7260.1400
4716,1018,8305.9500,1046.3400,7259.6100
1951,1146,8631.4400,1373.6700,7257.7700
827,449,8305.9500,1048.9700,7256.9800
19657,865,8977.2500,1721.0700,7256.1800
19183,426,9185.6000,1934.7500,7250.8500
4009,342,8936.9500,1689.4700,7247.4800
5089,475,7591.6000,348.6100,7242.9900
14209,1952,7241.9000,null,7241.9000
15109,1001,7241.9000,null,7241.9000
19113,150,7241.9000,null,7241.9000
2468,1334,7241.9000,null,7241.9000
12169,1067,8660.1600,1421.5800,7238.5800
19173,1961,8062.8400,825.0700,7237.7700
6023,1290,8396.2800,1160.1200,7236.1600
4319,1094,9154.4800,1922.2800,7232.2000
11851,850,8117.8500,887.4700,7230.3800
16361,1681,8823.6000,1594.4000,7229.2000
3226,1849,8291.6500,1066.3400,7225.3100
13976,1700,8808.2000,1585.1800,7223.0200
13221,1908,7222.7500,null,7222.7500
19206,1625,7222.7500,null,7222.7500
12044,1340,7222.7500,null,7222.7500
18746,616,7222.7500,null,7222.7500
11820,287,7348.4800,126.1200,7222.3600
18458,1461,8808.2000,1586.7200,7221.4800
9937,1741,8907.9500,1686.5200,7221.4300
5594,1118,8211.6000,992.1000,7219.5000
13510,1622,8003.4500,789.8200,7213.6300
16193,602,7421.4800,210.1400,7211.3400
4551,1852,7209.0400,null,7209.0400
13473,239,7209.0400,null,7209.0400
13447,1780,7209.0400,null,7209.0400
13781,389,7209.0400,null,7209.0400
1155,1711,7209.0400,null,7209.0400
4907,65,8062.8400,859.3400,7203.5000
4106,920,8823.6000,1621.1200,7202.4800
16268,405,8631.4400,1431.5800,7199.8600
1361,1378,8291.6500,1092.7400,7198.9100
2195,175,9185.6000,1989.3800,7196.2200
17268,1962,8117.8500,923.3100,7194.5400
18583,1533,8003.4000,811.8600,7191.5400
13882,534,8907.9500,1716.6500,7191.3000
3381,1496,8693.0500,1501.8600,7191.1900
13424,889,9154.4800,1964.1400,7190.3400
19050,169,8631.4400,1442.6600,7188.7800
7104,134,9108.1200,1921.6000,7186.5200
7783,450,7536.9500,352.1700,7184.7800
2791,1028,8823.6000,1640.7100,7182.8900
15219,881,7181.8000,null,7181.8000
10600,301,7181.8000,null,7181.8000
6169,1248,7181.8000,null,7181.8000
19650,1671,8977.2500,1796.2200,7181.0300
16468,1654,8693.0500,1513.5000,7179.5500
10528,23,7177.9000,null,7177.9000
14398,1436,7177.9000,null,7177.9000
3349,1033,7177.9000,null,7177.9000
6350,893,8808.2000,1632.3900,7175.8100
16353,1926,8823.6000,1648.9600,7174.6400
12809,1701,8062.8400,888.7100,7174.1300
13982,776,8631.4400,1458.4700,7172.9700
8469,1895,8396.2800,1225.4800,7170.8000
19992,1262,7167.7600,null,7167.7600
15001,287,7167.7600,null,7167.7600
5954,837,7167.7600,null,7167.7600
15933,1674,7167.7600,null,7167.7600
9956,140,8660.1600,1493.5400,7166.6200
3562,927,8003.4000,837.2100,7166.1900
8404,141,7348.4800,182.3900,7166.0900
18417,741,8003.4500,839.4600,7163.9900
19957,951,8808.2000,1645.0000,7163.2000
6799,982,7536.9500,373.9500,7163.0000
16911,855,8660.1600,1497.6800,7162.4800
5582,767,8211.6000,1049.1900,7162.4100
10934,1662,8631.4400,1469.5800,7161.8600
50,1020,7663.0000,503.4900,7159.5100
10099,1587,8143.3600,983.8600,7159.5000
16876,636,7149.5600,null,7149.5600
12398,965,7149.5600,null,7149.5600
14304,1162,9100.2500,1951.1300,7149.1200
5211,1330,8291.6500,1144.9500,7146.7000
12498,820,8823.6000,1677.2200,7146.3800
19092,1938,9185.6000,2040.0500,7145.5500
14829,592,7536.9500,392.2600,7144.6900
1458,710,8392.1500,1247.5400,7144.6100
9279,1794,8977.2500,1833.1300,7144.1200
12480,431,8305.9500,1163.7700,7142.1800
6254,656,8291.6500,1151.0900,7140.5600
14181,1300,8660.1600,1520.0900,7140.0700
7978,336,7348.4800,211.0400,7137.4400
2116,358,9100.2500,1963.5600,7136.6900
2022,1458,9011.3000,1875.3000,7136.0000
18870,925,8936.9500,1801.7500,7135.2000
10261,484,8062.8400,928.3300,7134.5100
7914,1920,7591.6000,460.4100,7131.1900
11731,1647,8823.6000,1692.6500,7130.9500
8348,448,8291.6500,1162.2100,7129.4400
11273,117,8392.1500,1264.1500,7128.0000
14121,955,8305.9500,1178.2100,7127.7400
219,989,8907.9500,1781.2100,7126.7400
16320,1786,7126.3600,null,7126.3600
765,39,7126.3600,null,7126.3600
17913,1700,7126.3600,null,7126.3600
8503,1975,7126.3600,null,7126.3600
3398,1732,7348.4800,228.9900,7119.4900
9395,510,7222.7500,105.2100,7117.5400
18545,1582,7591.6000,474.8400,7116.7600
4840,301,7913.3000,800.1800,7113.1200
708,327,8693.0500,1581.2000,7111.8500
1225,1117,7913.3000,801.7000,7111.6000
8626,1917,8305.9500,1194.5200,7111.4300
15494,335,8392.1500,1282.5500,7109.6000
14928,392,9011.3000,1903.0800,7108.2200
18084,1561,8305.9500,1200.1800,7105.7700
3974,1811,8936.9500,1832.4400,7104.5100
10395,539,8631.4400,1527.1100,7104.3300
16180,913,7222.7500,119.2400,7103.5100
13721,1612,7209.0400,105.6700,7103.3700
10929,1663,8959.7000,1861.2100,7098.4900
6831,350,9011.3000,1913.2400,7098.0600
12819,225,8660.1600,1562.3700,7097.7900
6126,497,8936.9500,1841.7000,7095.2500
13671,1850,8823.6000,1728.8600,7094.7400
3507,791,7663.0000,570.8100,7092.1900
16676,1110,8808.2000,1716.8100,7091.3900
17563,661,8396.2800,1305.2700,7091.0100
13250,380,8117.8500,1029.0900,7088.7600
15495,683,8291.6500,1203.0500,7088.6000
1588,1116,7536.9500,449.3300,7087.6200
8535,1033,8977.2500,1889.8200,7087.4300
3710,1202,8061.6500,976.3300,7085.3200
11983,320,7209.0400,123.8900,7085.1500
19675,973,8392.1500,1308.4500,7083.7000
18299,1836,7241.9000,159.3200,7082.5800
11545,914,8631.4400,1549.2900,7082.1500
9896,523,8392.1500,1313.7200,7078.4300
4455,962,7181.8000,103.6500,7078.1500
10943,1890,7348.4800,273.4300,7075.0500
1673,949,7663.0000,588.8900,7074.1100
11392,1276,7536.9500,463.1300,7073.8200
8001,310,7181.8000,111.0600,7070.7400
13462,1262,7181.8000,112.4600,7069.3400
6252,522,8305.9500,1242.8600,7063.0900
18134,623,8003.4000,943.3000,7060.1000
5709,286,7058.8800,null,7058.8800
448,365,7280.2000,221.3300,7058.8700
6469,1122,8211.6000,1155.2400,7056.3600
2188,1276,7536.9500,481.1500,7055.8000
7630,1700,7913.3000,858.3600,7054.9400
14710,1027,8144.5200,1093.7900,7050.7300
19709,1807,7348.4800,299.5700,7048.9100
574,319,7663.0000,614.5900,7048.4100
13570,1423,7046.5600,null,7046.5600
13414,1049,7046.5600,null,7046.5600
8059,763,7046.5600,null,7046.5600
8166,1935,7046.5600,null,7046.5600
752,216,7046.5600,null,7046.5600
18117,1194,7222.7500,179.5400,7043.2100
12475,339,8907.9500,1865.0300,7042.9200
9886,1763,7421.4800,378.6800,7042.8000
3979,336,7241.9000,200.2800,7041.6200
9235,1456,8143.3600,1104.7500,7038.6100
3659,1250,7181.8000,144.5700,7037.2300
6579,1910,8211.6000,1175.5500,7036.0500
6792,158,8211.6000,1175.6700,7035.9300
14982,1582,7177.9000,142.7800,7035.1200
13094,1282,7421.4800,388.6200,7032.8600
15515,382,8061.6500,1028.9400,7032.7100
15954,25,8144.5200,1113.0300,7031.4900
10621,977,8660.1600,1628.7700,7031.3900
15907,1756,8117.8500,1087.2800,7030.5700
9708,1729,7348.4800,317.9700,7030.5100
7056,678,7348.4800,318.6600,7029.8200
2631,967,8977.2500,1948.6200,7028.6300
15715,47,8305.9500,1278.0900,7027.8600
2711,1546,7913.3000,888.2100,7025.0900
8629,557,7913.3000,888.2300,7025.0700
210,424,7167.7600,142.7600,7025.0000
10218,1888,8808.2000,1783.2200,7024.9800
15996,1531,7280.2000,256.0400,7024.1600
10487,1517,8660.1600,1637.7000,7022.4600
12983,919,7126.3600,104.3700,7021.9900
15206,416,8977.2500,1957.0300,7020.2200
17312,198,9011.3000,1994.1500,7017.1500
13503,847,8907.9500,1892.1500,7015.8000
7399,695,8808.2000,1794.7900,7013.4100
15919,1764,8396.2800,1385.5300,7010.7500
6315,29,7167.7600,161.4500,7006.3100
7809,1643,7209.0400,211.2100,6997.8300
17137,357,7536.9500,540.8800,6996.0700
3343,248,8144.5200,1149.6000,6994.9200
13805,1509,8396.2800,1404.7400,6991.5400
11710,1326,7591.6000,600.8300,6990.7700
10123,1410,7421.4800,432.1300,6989.3500
8933,1659,7177.9000,190.0000,6987.9000
1168,825,8392.1500,1404.5900,6987.5600
11152,1321,7181.8000,194.8400,6986.9600
6906,374,7348.4800,363.6400,6984.8400
15770,705,8061.6500,1077.1400,6984.5100
11313,1232,8693.0500,1709.3900,6983.6600
5889,1978,7241.9000,258.6300,6983.2700
12714,592,7241.9000,260.6900,6981.2100
16145,870,8823.6000,1844.0600,6979.5400
2757,701,7663.0000,684.8500,6978.1500
14238,1241,8959.7000,1985.7100,6973.9900
7303,1924,8061.6500,1088.7900,6972.8600
11043,1163,8660.1600,1691.4500,6968.7100
6070,186,8305.9500,1339.2100,6966.7400
3283,1166,8061.6500,1097.5600,6964.0900
19667,881,8396.2800,1433.0200,6963.2600
12632,593,7167.7600,205.6400,6962.1200
10305,1992,8808.2000,1849.0700,6959.1300
18262,1376,8693.0500,1738.3100,6954.7400
9529,1691,6954.4400,null,6954.4400
7633,1956,6954.4400,null,6954.4400
8465,1882,7222.7500,270.5200,6952.2300
15072,1367,7167.7600,215.7100,6952.0500
13857,1314,8936.9500,1986.2000,6950.7500
10757,873,7421.4800,470.7800,6950.7000
8482,1785,8003.4500,1053.9500,6949.5000
18372,917,7913.3000,965.3200,6947.9800
11929,1987,8305.9500,1360.3200,6945.6300
3986,1021,7209.0400,264.5500,6944.4900
16715,899,7209.0400,265.0900,6943.9500
6943,673,8693.0500,1749.3200,6943.7300
9556,363,8631.4400,1688.3700,6943.0700
17041,536,8144.5200,1202.0700,6942.4500
19818,1514,7348.4800,407.3200,6941.1600
12546,240,8660.1600,1719.2200,6940.9400
439,435,8305.9500,1366.1900,6939.7600
9271,1828,7126.3600,186.6100,6939.7500
8278,90,7663.0000,725.7600,6937.2400
14461,1652,7181.8000,245.1300,6936.6700
14470,826,7046.5600,110.4000,6936.1600
6724,1158,8396.2800,1461.0500,6935.2300
4836,263,7209.0400,275.7100,6933.3300
15077,839,7241.9000,312.1700,6929.7300
19181,1244,8144.5200,1215.5900,6928.9300
4660,1065,7167.7600,240.5900,6927.1700
8774,530,7280.2000,355.6900,6924.5100
1222,525,7209.0400,286.6600,6922.3800
7072,1498,8808.2000,1886.0100,6922.1900
6967,1434,8631.4400,1709.4600,6921.9800
8600,1463,7280.2000,358.2800,6921.9200
7793,1209,7421.4800,499.6600,6921.8200
9448,1682,7209.0400,289.4200,6919.6200
6044,405,7126.3600,207.4700,6918.8900
10382,1236,7149.5600,234.1000,6915.4600
8008,1368,7181.8000,267.6800,6914.1200
2537,414,8907.9500,1994.2000,6913.7500
13625,1527,8392.1500,1478.8500,6913.3000
3165,273,7591.6000,678.5400,6913.0600
4967,1114,8396.2800,1484.3800,6911.9000
14867,1088,8396.2800,1485.3500,6910.9300
7105,1604,8003.4000,1092.8000,6910.6000
8580,1923,7591.6000,681.2500,6910.3500
7898,195,8003.4500,1095.2400,6908.2100
17156,1367,7536.9500,632.0800,6904.8700
18806,882,8305.9500,1411.0000,6894.9500
17227,538,7663.0000,769.1500,6893.8500
16851,26,8291.6500,1400.6300,6891.0200
5052,994,8211.6000,1320.7800,6890.8200
11388,876,8305.9500,1415.7600,6890.1900
19224,676,7058.8800,169.2500,6889.6300
10582,885,8396.2800,1508.3000,6887.9800
3536,1014,8392.1500,1506.3200,6885.8300
11667,823,8305.9500,1420.3400,6885.6100
9811,394,7181.8000,297.3900,6884.4100
4621,878,8117.8500,1235.1300,6882.7200
9429,1520,8003.4000,1122.0500,6881.3500
2426,505,8392.1500,1511.0700,6881.0800
7932,1728,8003.4000,1125.6700,6877.7300
17729,192,7280.2000,404.1700,6876.0300
17411,617,8003.4500,1128.9700,6874.4800
10271,1392,7348.4800,476.1300,6872.3500
18604,1987,7177.9000,311.0100,6866.8900
2878,1812,6865.8600,null,6865.8600
13619,1768,6865.8600,null,6865.8600
1208,1039,7126.3600,260.5100,6865.8500
14463,188,8061.6500,1198.3500,6863.3000
10259,1267,7241.9000,380.8900,6861.0100
4573,325,8061.6500,1201.8700,6859.7800
14873,1533,8062.8400,1203.4500,6859.3900
15777,1425,8305.9500,1448.4700,6857.4800
2012,917,8392.1500,1536.6100,6855.5400
4146,1749,6954.4400,100.3800,6854.0600
9340,1493,7280.2000,426.2800,6853.9200
10876,899,8631.4400,1778.2800,6853.1600
19929,51,8660.1600,1807.6900,6852.4700
17251,910,7149.5600,298.1200,6851.4400
11997,1403,7222.7500,371.6300,6851.1200
3099,1468,7348.4800,497.8700,6850.6100
14211,1834,8143.3600,1293.1300,6850.2300
4501,1316,8392.1500,1543.7300,6848.4200
9487,1384,7241.9000,395.6700,6846.2300
17983,962,7222.7500,377.6700,6845.0800
272,1292,8211.6000,1369.2000,6842.4000
6075,1654,7536.9500,695.7200,6841.2300
12991,48,7177.9000,336.7600,6841.1400
6051,695,7280.2000,443.3300,6836.8700
4829,1921,8823.6000,1987.6400,6835.9600
8377,496,7222.7500,386.9200,6835.8300
2723,752,7536.9500,701.8400,6835.1100
2807,1368,7167.7600,336.1000,6831.6600
5813,116,6831.0900,null,6831.0900
19968,894,6831.0900,null,6831.0900
11097,1711,6831.0900,null,6831.0900
14350,777,6831.0900,null,6831.0900
7378,138,6831.0900,null,6831.0900
1489,220,7058.8800,229.7800,6829.1000
13672,1962,7058.8800,230.8200,6828.0600
15900,1709,7046.5600,221.0800,6825.4800
7473,536,7126.3600,302.0700,6824.2900
6561,811,8003.4000,1179.6000,6823.8000
13920,1214,8396.2800,1575.9800,6820.3000
1275,891,7181.8000,363.9500,6817.8500
678,202,8143.3600,1326.0400,6817.3200
13450,1619,7222.7500,407.8000,6814.9500
3200,829,8003.4500,1188.9300,6814.5200
4124,846,7058.8800,244.9500,6813.9300
18848,399,7209.0400,396.2400,6812.8000
6335,1793,8693.0500,1881.3400,6811.7100
3777,1854,8144.5200,1333.9600,6810.5600
8556,400,7913.3000,1108.5600,6804.7400
1644,551,7058.8800,255.2500,6803.6300
7184,919,7126.3600,323.7500,6802.6100
19536,345,8117.8500,1318.3000,6799.5500
4020,924,7663.0000,864.1900,6798.8100
8644,739,7348.4800,556.2300,6792.2500
17279,189,8062.8400,1273.7600,6789.0800
15287,415,7149.5600,361.1400,6788.4200
8106,811,7126.3600,339.6000,6786.7600
8419,1340,8392.1500,1606.7100,6785.4400
10643,1808,7126.3600,342.5200,6783.8400
7051,659,7348.4800,567.5000,6780.9800
11949,139,7046.5600,267.7000,6778.8600
14629,186,8061.6500,1283.0500,6778.6000
6927,903,8660.1600,1882.1800,6777.9800
12752,597,8003.4500,1227.0300,6776.4200
19739,98,7126.3600,350.5200,6775.8400
3538,1116,8003.4000,1236.1900,6767.2100
16830,1560,8291.6500,1525.3800,6766.2700
15339,450,8061.6500,1296.7000,6764.9500
2029,591,7663.0000,903.1000,6759.9000
4717,974,8117.8500,1359.6500,6758.2000
17143,453,8291.6500,1533.9000,6757.7500
7916,1651,6954.4400,197.7000,6756.7400
2906,1223,8693.0500,1936.5100,6756.5400
6105,228,7126.3600,371.5300,6754.8300
8323,375,8062.8400,1308.2300,6754.6100
11767,677,6753.5000,null,6753.5000
17269,1338,6753.5000,null,6753.5000
14356,563,6753.5000,null,6753.5000
17536,665,8144.5200,1392.0500,6752.4700
10050,958,7209.0400,456.5900,6752.4500
7550,322,8631.4400,1883.1500,6748.2900
2567,1357,8144.5200,1405.9000,6738.6200
12495,487,7663.0000,926.8300,6736.1700
6751,62,7536.9500,803.7200,6733.2300
18238,1882,7913.3000,1181.2300,6732.0700
1728,1833,8117.8500,1386.1100,6731.7400
13057,23,8144.5200,1421.8800,6722.6400
17290,1314,7222.7500,502.6300,6720.1200
12716,1406,8003.4500,1284.0300,6719.4200
5351,257,7280.2000,562.1900,6718.0100
9656,754,8211.6000,1494.6100,6716.9900
17187,1749,8808.2000,2094.2300,6713.9700
13856,1953,7181.8000,467.9200,6713.8800
18739,950,6713.7200,null,6713.7200
11630,883,6713.7200,null,6713.7200
14458,769,6713.7200,null,6713.7200
14433,1139,6713.7200,null,6713.7200
14879,1561,6713.7200,null,6713.7200
14941,1083,8392.1500,1679.1400,6713.0100
13274,1141,8291.6500,1580.6200,6711.0300
14640,593,7536.9500,826.4100,6710.5400
14930,902,7421.4800,710.9600,6710.5200
14598,320,8305.9500,1597.1100,6708.8400
2,1491,8291.6500,1583.6700,6707.9800
18215,900,7536.9500,830.1200,6706.8300
3964,1210,8693.0500,1986.8600,6706.1900
13429,209,8003.4500,1297.6500,6705.8000
7315,398,7181.8000,476.7000,6705.1000
15548,710,7421.4800,716.9700,6704.5100
15528,242,8144.5200,1440.3900,6704.1300
19741,1445,7167.7600,464.3500,6703.4100
10364,21,8003.4500,1301.4200,6702.0300
10705,1629,8143.3600,1441.7400,6701.6200
16357,934,7280.2000,579.6200,6700.5800
34,1686,6954.4400,254.1500,6700.2900
15079,1435,8117.8500,1423.6900,6694.1600
6028,377,7209.0400,515.1400,6693.9000
1999,19,7126.3600,434.3000,6692.0600
8548,430,8144.5200,1456.4500,6688.0700
10517,187,8117.8500,1430.1800,6687.6700
4974,1,8003.4500,1316.3900,6687.0600
5758,363,6865.8600,179.3900,6686.4700
4137,1849,7222.7500,536.5500,6686.2000
3706,183,7536.9500,853.6000,6683.3500
18370,654,6831.0900,148.7900,6682.3000
8681,1966,8392.1500,1710.4300,6681.7200
10543,459,7913.3000,1237.3400,6675.9600
8480,1840,7280.2000,608.4400,6671.7600
2930,973,7177.9000,506.4200,6671.4800
19021,1332,8396.2800,1726.0000,6670.2800
19531,556,7177.9000,509.2500,6668.6500
5473,1546,8396.2800,1728.8800,6667.4000
18901,1074,8143.3600,1479.1600,6664.2000
5402,336,7209.0400,545.7000,6663.3400
6621,1190,6865.8600,203.8300,6662.0300
3571,1335,7167.7600,506.9200,6660.8400
17817,1216,8211.6000,1552.1200,6659.4800
10097,722,8003.4000,1345.0600,6658.3400
9142,331,8003.4500,1346.8200,6656.6300
7260,46,8631.4400,1977.5400,6653.9000
2952,636,8631.4400,1978.8100,6652.6300
5907,1749,7241.9000,590.5800,6651.3200
13597,1504,7149.5600,498.6500,6650.9100
7331,726,7222.7500,572.4400,6650.3100
1722,1366,8061.6500,1413.9300,6647.7200
10815,19,6753.5000,108.1400,6645.3600
4963,609,6644.7600,null,6644.7600
4579,324,6644.7600,null,6644.7600
10206,1518,6644.7600,null,6644.7600
18315,1602,6644.7600,null,6644.7600
2232,1575,6644.7600,null,6644.7600
10071,1347,7058.8800,415.7300,6643.1500
5361,53,8003.4500,1361.3800,6642.0700
10786,249,8392.1500,1750.4300,6641.7200
17901,705,7663.0000,1022.0600,6640.9400
17440,1244,7280.2000,640.0900,6640.1100
3522,239,8631.4400,1993.4200,6638.0200
5476,543,8061.6500,1424.6900,6636.9600
9286,989,7536.9500,900.8300,6636.1200
161,1826,7663.0000,1028.8700,6634.1300
2383,964,7058.8800,424.7600,6634.1200
15518,1507,6633.3200,null,6633.3200
15771,1786,6633.3200,null,6633.3200
16487,188,6633.3200,null,6633.3200
4562,1360,6633.3200,null,6633.3200
8951,292,6633.3200,null,6633.3200
5248,1334,6633.3200,null,6633.3200
11612,1636,7181.8000,550.1100,6631.6900
542,1010,7058.8800,428.4300,6630.4500
6575,1029,7536.9500,907.9800,6628.9700
16791,868,8061.6500,1434.2600,6627.3900
15811,795,8396.2800,1769.9200,6626.3600
18013,1119,6753.5000,127.7900,6625.7100
13507,1886,8061.6500,1436.3400,6625.3100
5290,867,8211.6000,1586.4800,6625.1200
9661,1138,8003.4500,1378.3800,6625.0700
5799,509,7536.9500,912.6900,6624.2600
5637,221,7241.9000,617.7300,6624.1700
15644,1877,7241.9000,619.0300,6622.8700
2608,573,8003.4000,1381.5200,6621.8800
1684,1014,8117.8500,1498.1600,6619.6900
3240,1073,8396.2800,1779.7600,6616.5200
9352,114,7591.6000,976.7900,6614.8100
10937,1466,6865.8600,252.2300,6613.6300
19079,1641,7126.3600,514.6700,6611.6900
7885,955,8211.6000,1600.2000,6611.4000
5260,1130,8305.9500,1695.7600,6610.1900
1788,61,7149.5600,539.9900,6609.5700
4067,583,7222.7500,613.7200,6609.0300
13778,654,8061.6500,1453.6800,6607.9700
6266,1393,7181.8000,575.9000,6605.9000
19535,655,6954.4400,350.9000,6603.5400
2416,1480,8117.8500,1515.0500,6602.8000
7968,1590,7280.2000,678.4600,6601.7400
12589,1721,8144.5200,1545.7400,6598.7800
12440,1731,7536.9500,940.4900,6596.4600
19984,1430,7126.3600,530.0300,6596.3300
2389,639,7222.7500,627.4100,6595.3400
8819,838,7181.8000,586.7600,6595.0400
16404,970,8305.9500,1712.1200,6593.8300
11374,159,7058.8800,465.2100,6593.6700
18018,1244,8003.4500,1412.2100,6591.2400
9168,52,8061.6500,1472.6600,6588.9900
8342,1191,8392.1500,1805.9300,6586.2200
10291,1586,7058.8800,473.2100,6585.6700
13746,1183,7046.5600,461.7000,6584.8600
67,1419,8144.5200,1561.2200,6583.3000
6425,545,8003.4000,1420.2600,6583.1400
18646,191,8061.6500,1479.3200,6582.3300
16398,819,8061.6500,1481.1300,6580.5200
8233,1083,7167.7600,594.7400,6573.0200
17664,216,7536.9500,964.2000,6572.7500
6821,1648,6831.0900,261.4600,6569.6300
16796,1053,6569.2800,null,6569.2800
6356,1348,6569.2800,null,6569.2800
4001,571,6569.2800,null,6569.2800
17306,1373,8305.9500,1738.5400,6567.4100
7114,1281,6865.8600,298.9500,6566.9100
5395,1282,8211.6000,1645.2900,6566.3100
2377,676,8305.9500,1739.9500,6566.0000
739,1548,7058.8800,497.4000,6561.4800
101,1748,6713.7200,155.9500,6557.7700
3782,1874,8291.6500,1735.4800,6556.1700
16070,149,8392.1500,1836.7900,6555.3600
4158,1971,7591.6000,1042.5400,6549.0600
7204,938,8143.3600,1595.0400,6548.3200
9307,866,6713.7200,167.4400,6546.2800
5319,1215,8211.6000,1665.6100,6545.9900
3873,668,8003.4000,1461.0600,6542.3400
19728,680,8143.3600,1603.8300,6539.5300
8104,274,6954.4400,417.2400,6537.2000
11057,1491,8003.4500,1466.7400,6536.7100
19608,1827,6644.7600,108.9800,6535.7800
9390,1767,7046.5600,511.5800,6534.9800
15007,345,6865.8600,331.3500,6534.5100
19249,455,6713.7200,179.6400,6534.0800
15146,1590,7058.8800,528.6900,6530.1900
6636,196,8003.4500,1477.4400,6526.0100
10421,1881,6644.7600,119.3700,6525.3900
17271,1779,6865.8600,341.0200,6524.8400
11823,1192,7058.8800,536.4100,6522.4700
6265,1879,8291.6500,1771.5200,6520.1300
5660,88,7663.0000,1143.2200,6519.7800
16935,1688,7348.4800,829.0000,6519.4800
9793,884,8062.8400,1544.1200,6518.7200
576,1520,7591.6000,1073.3400,6518.2600
9597,1486,8291.6500,1774.0900,6517.5600
8441,1204,7167.7600,653.4000,6514.3600
17407,508,7149.5600,635.3500,6514.2100
437,1126,7149.5600,636.1500,6513.4100
5,1011,7126.3600,614.5000,6511.8600
18753,1857,6644.7600,133.4300,6511.3300
12048,1614,6633.3200,122.4100,6510.9100
830,965,7536.9500,1027.2400,6509.7100
5232,543,7167.7600,658.4700,6509.2900
16760,1309,6507.4500,null,6507.4500
14507,1384,6507.4500,null,6507.4500
515,772,8211.6000,1707.0400,6504.5600
8167,1505,8062.8400,1559.0000,6503.8400
7363,1759,8305.9500,1809.5000,6496.4500
11864,1541,8117.8500,1621.5100,6496.3400
9608,1023,7149.5600,654.0400,6495.5200
15170,1763,6495.1200,null,6495.1200
18023,1708,6495.1200,null,6495.1200
17426,1748,6495.1200,null,6495.1200
16141,1033,7280.2000,785.9100,6494.2900
3396,1878,6494.2800,null,6494.2800
6919,901,6494.2800,null,6494.2800
2793,1799,6494.2800,null,6494.2800
9366,941,6494.2800,null,6494.2800
6320,801,6831.0900,337.5500,6493.5400
14536,1131,6954.4400,461.1100,6493.3300
16127,1807,7181.8000,688.8300,6492.9700
4251,566,8144.5200,1651.6900,6492.8300
9815,1404,7209.0400,718.5100,6490.5300
10319,992,8061.6500,1573.3300,6488.3200
16358,312,7222.7500,738.7700,6483.9800
8383,500,7421.4800,940.0000,6481.4800
8017,1506,6480.1500,null,6480.1500
3127,882,6480.1500,null,6480.1500
2701,1807,6480.1500,null,6480.1500
16590,1286,6954.4400,474.5600,6479.8800
1075,1917,7167.7600,688.0900,6479.6700
18142,853,8396.2800,1922.5500,6473.7300
5090,376,6473.5800,null,6473.5800
12432,1397,6473.5800,null,6473.5800
2840,1945,6473.5800,null,6473.5800
4295,1824,8305.9500,1833.5600,6472.3900
8057,762,7241.9000,770.2900,6471.6100
11791,717,7241.9000,773.9600,6467.9400
8673,1294,8061.6500,1595.1300,6466.5200
6589,1735,7241.9000,775.4600,6466.4400
4120,235,7149.5600,683.3600,6466.2000
5817,561,7591.6000,1127.7000,6463.9000
12417,1368,7536.9500,1074.1500,6462.8000
9596,98,8143.3600,1681.3300,6462.0300
2597,635,6713.7200,255.1700,6458.5500
10464,970,6644.7600,186.9400,6457.8200
9382,392,8392.1500,1937.1200,6455.0300
9805,653,7241.9000,787.1200,6454.7800
18509,1059,7591.6000,1139.1200,6452.4800
10564,460,8144.5200,1692.5100,6452.0100
24,1940,7126.3600,675.4700,6450.8900
17813,258,6449.3200,null,6449.3200
9985,660,6449.3200,null,6449.3200
14893,25,6449.3200,null,6449.3200
11942,916,6954.4400,507.7000,6446.7400
17600,636,7348.4800,901.7600,6446.7200
5762,440,6633.3200,188.0700,6445.2500
7157,10,8143.3600,1702.0000,6441.3600
15237,195,8143.3600,1702.3800,6440.9800
13677,987,7280.2000,839.2800,6440.9200
7861,485,8117.8500,1677.5100,6440.3400
15697,520,7046.5600,606.7400,6439.8200
1862,1504,8396.2800,1956.6800,6439.6000
15726,665,8211.6000,1774.1100,6437.4900
11575,13,6713.7200,278.1100,6435.6100
18831,236,7058.8800,624.5400,6434.3400
7461,686,7591.6000,1158.9700,6432.6300
5522,1244,7663.0000,1230.6800,6432.3200
2031,861,7046.5600,615.6000,6430.9600
6268,653,7167.7600,738.0200,6429.7400
11245,1205,7536.9500,1109.3100,6427.6400
4130,1655,6713.7200,287.1000,6426.6200
8934,186,7913.3000,1487.1900,6426.1100
7503,228,6569.2800,143.3200,6425.9600
11734,1790,7058.8800,633.9600,6424.9200
824,1201,7181.8000,762.3700,6419.4300
4000,123,6569.2800,150.7100,6418.5700
10872,328,8392.1500,1976.9900,6415.1600
19370,1484,7421.4800,1007.0100,6414.4700
13648,1138,6954.4400,540.8400,6413.6000
10634,360,8396.2800,1982.8100,6413.4700
3377,1691,7280.2000,870.1700,6410.0300
2352,843,6633.3200,223.9000,6409.4200
2580,1922,6519.5500,110.5700,6408.9800
10045,1307,8003.4000,1595.0100,6408.3900
7651,1742,6954.4400,546.4000,6408.0400
4087,1756,7280.2000,873.0100,6407.1900
9699,1361,6753.5000,346.6300,6406.8700
6067,1966,6831.0900,424.6400,6406.4500
15536,1070,6402.7600,null,6402.7600
2284,1005,6402.7600,null,6402.7600
18324,1517,8061.6500,1659.5600,6402.0900
10240,929,6831.0900,429.9400,6401.1500
18183,355,6633.3200,232.2100,6401.1100
8414,1330,6507.4500,112.8900,6394.5600
3061,42,6495.1200,103.1100,6392.0100
9345,1459,6644.7600,254.6100,6390.1500
4842,408,7222.7500,833.4000,6389.3500
18164,604,7913.3000,1525.1000,6388.2000
11943,537,6644.7600,258.7200,6386.0400
6910,1713,7149.5600,764.6200,6384.9400
10657,1525,7167.7600,782.8700,6384.8900
2224,1988,6954.4400,571.9300,6382.5100
18043,1884,7591.6000,1211.9400,6379.6600
5934,1587,8003.4500,1624.1300,6379.3200
10880,1668,6507.4500,128.1700,6379.2800
18057,48,6495.1200,118.3200,6376.8000
2903,1990,6519.5500,143.1500,6376.4000
3579,265,7348.4800,973.1200,6375.3600
9988,1615,7126.3600,751.9700,6374.3900
19631,466,7149.5600,775.9700,6373.5900
314,233,7591.6000,1218.6400,6372.9600
8378,1187,8291.6500,1919.7000,6371.9500
10245,1909,7421.4800,1051.0200,6370.4600
4064,850,7209.0400,841.0100,6368.0300
14197,1570,6644.7600,276.7900,6367.9700
13150,87,8062.8400,1695.4200,6367.4200
4293,1413,8143.3600,1776.6600,6366.7000
13715,1642,7058.8800,692.6500,6366.2300
5859,1509,8061.6500,1698.4300,6363.2200
3390,1477,7536.9500,1174.3700,6362.5800
17993,1287,7348.4800,986.3600,6362.1200
8366,358,7280.2000,918.1700,6362.0300
6922,1837,7913.3000,1552.3200,6360.9800
7923,1655,7126.3600,765.8700,6360.4900
11429,1333,7058.8800,699.0800,6359.8000
4512,1330,8117.8500,1758.8700,6358.9800
6015,548,6358.0500,null,6358.0500
19624,1288,6358.0500,null,6358.0500
2338,980,6358.0500,null,6358.0500
15167,77,6954.4400,599.3500,6355.0900
1163,200,7046.5600,691.6300,6354.9300
4203,155,7280.2000,927.1600,6353.0400
17927,1269,8061.6500,1708.8300,6352.8200
2662,746,7536.9500,1188.0000,6348.9500
507,1601,6753.5000,404.7800,6348.7200
16381,620,6480.1500,135.0100,6345.1400
14661,1880,7913.3000,1571.8200,6341.4800
5062,361,7046.5600,705.5000,6341.0600
10845,1635,7222.7500,884.3600,6338.3900
16508,507,6495.1200,157.4000,6337.7200
15273,375,6865.8600,528.2600,6337.6000
7900,1496,7149.5600,812.2700,6337.2900
1519,491,6473.5800,142.1700,6331.4100
5686,1316,6330.6400,null,6330.6400
2856,1428,6330.6400,null,6330.6400
3224,245,7126.3600,796.5000,6329.8600
9609,728,7149.5600,821.2900,6328.2700
16978,222,8305.9500,1979.2100,6326.7400
15240,1132,7046.5600,721.7000,6324.8600
3135,991,6644.7600,322.6500,6322.1100
9514,1547,7348.4800,1027.7800,6320.7000
5619,734,6831.0900,512.3300,6318.7600
15318,1609,8291.6500,1973.8700,6317.7800
2777,1324,8211.6000,1894.6600,6316.9400
13500,286,7149.5600,832.6400,6316.9200
14723,85,7046.5600,729.9700,6316.5900
3784,1003,6507.4500,192.5300,6314.9200
4492,1209,6644.7600,334.0800,6310.6800
13649,800,7280.2000,971.3300,6308.8700
14456,948,8144.5200,1835.8500,6308.6700
952,601,6954.4400,649.1900,6305.2500
7447,24,7280.2000,975.0800,6305.1200
8076,1509,7177.9000,874.3500,6303.5500
5060,1088,8143.3600,1841.2500,6302.1100
10151,1570,8003.4500,1701.9200,6301.5300
18921,274,7421.4800,1121.1700,6300.3100
3804,745,7058.8800,759.0800,6299.8000
2719,1599,8061.6500,1762.1000,6299.5500
6447,940,7126.3600,828.3700,6297.9900
4348,1395,6297.2100,null,6297.2100
18729,10,6297.2100,null,6297.2100
8704,7,6297.2100,null,6297.2100
19835,589,6297.2100,null,6297.2100
3044,894,6297.2100,null,6297.2100
19887,519,6297.2100,null,6297.2100
12400,450,6297.2100,null,6297.2100
14203,458,6297.2100,null,6297.2100
11408,710,6297.2100,null,6297.2100
13004,1003,6297.2100,null,6297.2100
6624,335,6297.2100,null,6297.2100
1021,1899,6297.2100,null,6297.2100
10766,1207,8061.6500,1766.0000,6295.6500
14036,1765,7280.2000,986.3700,6293.8300
3843,374,8291.6500,1999.0400,6292.6100
2004,298,6495.1200,203.0900,6292.0300
8186,1077,7536.9500,1245.0900,6291.8600
4409,1443,6519.5500,232.8800,6286.6700
19391,1626,7177.9000,892.2800,6285.6200
11827,1223,7348.4800,1062.9100,6285.5700
9163,1572,7536.9500,1252.6500,6284.3000
2667,1692,8061.6500,1778.6600,6282.9900
2765,919,7591.6000,1308.6600,6282.9400
15844,621,8144.5200,1861.6600,6282.8600
14724,432,6519.5500,237.2900,6282.2600
12351,662,7913.3000,1633.4300,6279.8700
5771,1437,6713.7200,433.9900,6279.7300
15090,447,8143.3600,1864.5400,6278.8200
8578,357,7177.9000,899.4500,6278.4500
14744,709,6495.1200,219.7800,6275.3400
2344,214,7149.5600,874.6000,6274.9600
9707,181,7149.5600,874.7000,6274.8600
11378,839,6402.7600,132.3700,6270.3900
6849,1641,7167.7600,898.5700,6269.1900
15701,1297,8062.8400,1795.7400,6267.1000
17595,910,6633.3200,366.6600,6266.6600
6591,931,8144.5200,1879.3700,6265.1500
10812,330,7591.6000,1327.5700,6264.0300
14807,229,7149.5600,886.2700,6263.2900
14937,1939,6753.5000,491.2800,6262.2200
8927,1814,7663.0000,1404.0700,6258.9300
18719,739,6494.2800,237.5100,6256.7700
15829,437,7222.7500,966.4000,6256.3500
16366,729,7126.3600,870.9700,6255.3900
7024,1957,6402.7600,149.8500,6252.9100
12065,1960,7126.3600,874.0000,6252.3600
13025,497,7591.6000,1343.1000,6248.5000
19972,766,7280.2000,1032.6100,6247.5900
569,616,6495.1200,247.6300,6247.4900
3746,988,6402.7600,155.6300,6247.1300
14240,1335,8211.6000,1967.6200,6243.9800
19093,1755,7046.5600,802.8600,6243.7000
13634,417,6494.2800,251.9700,6242.3100
16055,117,6495.1200,253.3100,6241.8100
3623,1406,7222.7500,981.6500,6241.1000
573,970,6569.2800,328.4400,6240.8400
18310,78,7058.8800,818.6400,6240.2400
17043,1094,6569.2800,329.4300,6239.8500
16861,1616,7058.8800,819.2300,6239.6500
911,579,7126.3600,887.5200,6238.8400
13962,465,6954.4400,716.7300,6237.7100
12673,1435,6644.7600,407.3400,6237.4200
13492,1454,8003.4500,1767.9100,6235.5400
5647,1053,7046.5600,811.5600,6235.0000
5734,1149,8211.6000,1977.5000,6234.1000
4259,622,8117.8500,1884.1700,6233.6800
15833,292,7536.9500,1303.3000,6233.6500
19175,1692,6831.0900,598.6300,6232.4600
1701,1067,8211.6000,1979.1600,6232.4400
13986,935,6358.0500,128.0800,6229.9700
10035,1847,6473.5800,244.6400,6228.9400
9607,624,6480.1500,251.7500,6228.4000
16488,350,6519.5500,293.4900,6226.0600
3987,1887,7348.4800,1122.6700,6225.8100
15918,1466,6954.4400,731.8400,6222.6000
13453,1361,6473.5800,253.2600,6220.3200
2982,1922,7167.7600,948.2900,6219.4700
16922,45,7181.8000,962.4100,6219.3900
3071,781,8003.4500,1784.5500,6218.9000
11390,721,8003.4000,1784.6800,6218.7200
17736,518,7167.7600,949.9500,6217.8100
3141,1331,7913.3000,1697.1500,6216.1500
10891,849,7149.5600,935.3200,6214.2400
13556,962,8211.6000,1999.0000,6212.6000
17193,896,8117.8500,1906.5900,6211.2600
14378,1787,6473.5800,267.8900,6205.6900
17256,735,7177.9000,972.7700,6205.1300
3998,1159,8291.6500,2088.1700,6203.4800
5189,460,7222.7500,1020.7400,6202.0100
5434,935,8143.3600,1942.2700,6201.0900
3817,1495,8061.6500,1861.3500,6200.3000
16699,318,8143.3600,1943.2100,6200.1500
7929,1959,6633.3200,433.6300,6199.6900
6590,1746,7280.2000,1080.9400,6199.2600
11574,1312,7046.5600,848.9800,6197.5800
11025,470,7058.8800,861.8600,6197.0200
1901,247,6495.1200,299.3100,6195.8100
7509,1981,6507.4500,312.5400,6194.9100
3839,527,8117.8500,1926.6900,6191.1600
1605,1524,6644.7600,453.6700,6191.0900
802,1291,8003.4000,1812.3100,6191.0900
19983,968,7046.5600,856.1300,6190.4300
7590,222,7663.0000,1472.7700,6190.2300
6279,1661,8291.6500,2102.7200,6188.9300
18504,1900,7177.9000,990.1700,6187.7300
17902,178,7591.6000,1408.1700,6183.4300
2055,136,6473.5800,291.9400,6181.6400
9334,19,6480.1500,299.7700,6180.3800
14980,764,7591.6000,1411.8500,6179.7500
16797,1322,6473.5800,294.6500,6178.9300
18362,1352,7181.8000,1006.0600,6175.7400
18743,1604,6633.3200,458.6500,6174.6700
11125,1706,7149.5600,975.3700,6174.1900
12237,1702,7421.4800,1249.7900,6171.6900
13532,1754,6449.3200,278.5300,6170.7900
12745,279,6330.6400,162.2200,6168.4200
17116,734,8211.6000,2045.3000,6166.3000
6761,309,7046.5600,881.2600,6165.3000
17554,1633,6713.7200,551.9500,6161.7700
11923,1458,6358.0500,199.7700,6158.2800
5349,1871,8117.8500,1961.7800,6156.0700
17492,10,7126.3600,970.8000,6155.5600
11000,878,7167.7600,1013.2200,6154.5400
1499,585,6865.8600,713.0600,6152.8000
3774,765,6713.7200,561.0000,6152.7200
9833,470,6865.8600,713.5500,6152.3100
14082,1937,7421.4800,1272.2000,6149.2800
12081,1085,6449.3200,301.6300,6147.6900
12615,713,7177.9000,1030.3700,6147.5300
5631,1843,6865.8600,719.3400,6146.5200
17028,1521,6713.7200,567.2600,6146.4600
17042,636,6494.2800,349.0200,6145.2600
414,488,7348.4800,1204.0700,6144.4100
11656,56,8062.8400,1918.5300,6144.3100
19456,438,6297.2100,153.2100,6144.0000
1422,1797,6495.1200,351.1500,6143.9700
12958,1514,8003.4500,1861.6800,6141.7700
9243,840,7181.8000,1043.0500,6138.7500
6068,534,7167.7600,1030.3300,6137.4300
1509,884,7181.8000,1044.9500,6136.8500
12817,1261,6644.7600,509.3600,6135.4000
16233,814,6495.1200,360.6500,6134.4700
17994,1963,6507.4500,373.1900,6134.2600
1511,436,7421.4800,1288.7000,6132.7800
8028,1965,6753.5000,621.2700,6132.2300
16239,1263,7348.4800,1216.9600,6131.5200
1779,13,8003.4000,1871.9400,6131.4600
9131,46,7241.9000,1112.3900,6129.5100
11793,296,7177.9000,1048.9200,6128.9800
3652,1815,6494.2800,365.7200,6128.5600
17334,920,6494.2800,367.6200,6126.6600
12587,1155,6713.7200,587.9700,6125.7500
14053,1394,7536.9500,1411.8200,6125.1300
6313,1973,7421.4800,1296.3900,6125.0900
13051,1194,7126.3600,1001.9300,6124.4300
8479,1243,6954.4400,830.6500,6123.7900
2335,647,6954.4400,831.4600,6122.9800
15192,1396,7181.8000,1060.2100,6121.5900
9075,1050,8144.5200,2023.5400,6120.9800
9681,1494,6831.0900,712.0600,6119.0300
19309,828,8061.6500,1944.9500,6116.7000
2558,741,6297.2100,181.6400,6115.5700
239,1602,7280.2000,1165.1700,6115.0300
16578,491,6569.2800,455.8700,6113.4100
13743,398,6954.4400,841.3600,6113.0800
15481,674,7209.0400,1098.7400,6110.3000
4913,887,6108.3900,null,6108.3900
6298,83,6108.3900,null,6108.3900
13249,329,6108.3900,null,6108.3900
10402,798,6108.3900,null,6108.3900
604,665,6569.2800,461.6400,6107.6400
16388,1457,6107.5200,null,6107.5200
4139,888,6107.5200,null,6107.5200
11738,178,6107.5200,null,6107.5200
3211,1377,6644.7600,540.6900,6104.0700
5124,30,8061.6500,1958.1600,6103.4900
117,1940,7181.8000,1081.9300,6099.8700
3409,217,7126.3600,1026.4900,6099.8700
12895,134,6480.1500,381.0200,6099.1300
11527,605,6954.4400,855.9000,6098.5400
12061,974,7348.4800,1251.4500,6097.0300
15309,1688,7591.6000,1495.0000,6096.6000
16865,913,7421.4800,1326.6200,6094.8600
17226,1776,6402.7600,309.3000,6093.4600
5165,362,6449.3200,356.4000,6092.9200
15026,1706,6473.5800,380.7300,6092.8500
327,219,7149.5600,1056.9200,6092.6400
18028,1242,6358.0500,267.2900,6090.7600
8210,686,7149.5600,1059.0600,6090.5000
3639,1797,7222.7500,1132.3200,6090.4300
2750,1507,6569.2800,482.0100,6087.2700
6688,1291,7663.0000,1577.8100,6085.1900
19479,1491,6831.0900,747.2600,6083.8300
3737,124,7177.9000,1097.2300,6080.6700
18093,892,6633.3200,555.0500,6078.2700
3,1518,7348.4800,1271.9200,6076.5600
8904,365,6507.4500,431.0300,6076.4200
7475,1418,6073.2800,null,6073.2800
18199,627,6073.2800,null,6073.2800
1567,265,6569.2800,496.3100,6072.9700
56,891,6480.1500,407.3200,6072.8300
14502,698,6954.4400,882.5600,6071.8800
19579,1291,7241.9000,1170.1100,6071.7900
933,1433,7280.2000,1209.6200,6070.5800
7379,1598,7058.8800,988.4200,6070.4600
19052,419,7222.7500,1154.4100,6068.3400
10000,192,6519.5500,453.5300,6066.0200
5592,436,7348.4800,1282.7100,6065.7700
12334,1273,6330.6400,265.5100,6065.1300
13623,1476,7663.0000,1599.3500,6063.6500
2876,173,6519.5500,458.6700,6060.8800
10670,1643,6865.8600,806.4800,6059.3800
2225,304,7046.5600,987.5700,6058.9900
11493,1507,7241.9000,1183.5200,6058.3800
17045,371,7280.2000,1221.8300,6058.3700
9818,1649,7663.0000,1607.7200,6055.2800
3604,935,7177.9000,1125.5100,6052.3900
1557,482,6494.2800,444.2000,6050.0800
18066,1229,6519.5500,470.3800,6049.1700
13898,34,6358.0500,309.6700,6048.3800
14454,1707,6713.7200,665.7800,6047.9400
871,1824,6297.2100,249.2900,6047.9200
14330,132,6713.7200,666.5100,6047.2100
7622,1280,6047.1300,null,6047.1300
1389,287,6047.1300,null,6047.1300
8463,428,6047.1300,null,6047.1300
14186,1409,6047.1300,null,6047.1300
6454,1790,6047.1300,null,6047.1300
18903,1041,6047.1300,null,6047.1300
18799,284,6495.1200,448.4000,6046.7200
14815,1429,6831.0900,785.5900,6045.5000
6286,862,6473.5800,428.2600,6045.3200
18071,931,6954.4400,909.1900,6045.2500
6374,1445,6495.1200,449.9700,6045.1500
3672,1480,6480.1500,436.5600,6043.5900
5679,734,7348.4800,1305.1100,6043.3700
4029,862,7126.3600,1084.3000,6042.0600
15371,1790,6954.4400,913.0000,6041.4400
9911,543,7209.0400,1169.7100,6039.3300
11231,1543,7209.0400,1169.7200,6039.3200
14546,1479,7222.7500,1184.1500,6038.6000
6475,888,7167.7600,1132.3400,6035.4200
13066,1430,6495.1200,459.7400,6035.3800
11485,1761,7058.8800,1023.5200,6035.3600
1067,1473,7058.8800,1025.3500,6033.5300
18009,93,6473.5800,442.9500,6030.6300
7500,285,7348.4800,1318.4400,6030.0400
3391,1281,6029.5600,null,6029.5600
4645,1940,6029.5600,null,6029.5600
11976,736,6029.5600,null,6029.5600
8388,784,6402.7600,373.8100,6028.9500
9177,139,6449.3200,422.4100,6026.9100
10154,569,7536.9500,1511.2900,6025.6600
3675,510,7421.4800,1396.0800,6025.4000
5013,1891,7149.5600,1126.6000,6022.9600
13797,1137,7280.2000,1258.0900,6022.1100
19141,1752,7222.7500,1201.7500,6021.0000
7780,367,7241.9000,1222.3900,6019.5100
11030,573,6753.5000,734.9900,6018.5100
1141,1129,6402.7600,385.9600,6016.8000
1674,445,8003.4000,1987.5900,6015.8100
11410,553,6954.4400,939.8500,6014.5900
519,1333,6449.3200,435.3900,6013.9300
9879,252,7177.9000,1164.3500,6013.5500
7950,1996,6449.3200,436.5400,6012.7800
15826,591,6633.3200,621.1100,6012.2100
19048,211,6449.3200,438.7700,6010.5500
18420,1678,6449.3200,442.3200,6007.0000
7216,941,6713.7200,706.9500,6006.7700
3696,20,7046.5600,1040.7300,6005.8300
9459,1870,7241.9000,1237.2900,6004.6100
16503,714,6002.5500,null,6002.5500
15101,1083,6002.5500,null,6002.5500
7502,1289,6402.7600,400.6500,6002.1100
6990,293,6107.5200,106.4800,6001.0400
1053,1722,6297.2100,297.1200,6000.0900
4826,1557,6753.5000,753.6300,5999.8700
2086,82,6753.5000,754.0800,5999.4200
10217,419,6480.1500,481.8800,5998.2700
9800,435,6644.7600,648.9500,5995.8100
3368,1341,6569.2800,574.3000,5994.9800
61,632,6107.5200,114.7200,5992.8000
18863,1276,6954.4400,963.1600,5991.2800
4931,881,6753.5000,763.4600,5990.0400
17121,671,6865.8600,877.0700,5988.7900
14321,635,6297.2100,308.8800,5988.3300
6488,1573,6297.2100,308.9400,5988.2700
7151,803,6108.3900,121.2700,5987.1200
16954,1891,6644.7600,658.8000,5985.9600
5751,1449,7209.0400,1224.9100,5984.1300
5036,1519,6519.5500,535.8400,5983.7100
11271,328,6402.7600,422.9000,5979.8600
9400,1297,6519.5500,539.8600,5979.6900
1339,689,6519.5500,543.8700,5975.6800
19060,1496,6633.3200,657.9400,5975.3800
561,476,7126.3600,1151.3900,5974.9700
8547,987,6480.1500,505.2700,5974.8800
11191,1774,7913.3000,1944.4900,5968.8100
14904,277,6358.0500,391.5700,5966.4800
10425,343,7149.5600,1184.0700,5965.4900
16908,841,6507.4500,544.9500,5962.5000
19949,1917,7280.2000,1317.7300,5962.4700
13780,976,6569.2800,606.9900,5962.2900
5243,485,6569.2800,607.1900,5962.0900
9502,992,6473.5800,513.9100,5959.6700
7042,997,6495.1200,536.2500,5958.8700
5877,1851,6713.7200,757.4800,5956.2400
16706,1401,6449.3200,493.5900,5955.7300
16100,1733,7181.8000,1231.3700,5950.4300
1909,585,6073.2800,123.7400,5949.5400
14520,1223,7348.4800,1399.1200,5949.3600
16963,1670,7149.5600,1201.5800,5947.9800
10734,1171,7177.9000,1230.9600,5946.9400
607,424,7209.0400,1262.4400,5946.6000
2879,1099,6865.8600,924.2000,5941.6600
18158,1406,7591.6000,1650.7500,5940.8500
9859,69,7058.8800,1119.6700,5939.2100
13490,1288,7058.8800,1119.9200,5938.9600
19655,29,7663.0000,1724.8600,5938.1400
5677,372,7209.0400,1270.9500,5938.0900
9998,299,6107.5200,169.7400,5937.7800
11217,1339,6402.7600,465.3900,5937.3700
12101,243,6713.7200,777.1400,5936.5800
14277,1042,7913.3000,1981.6000,5931.7000
6395,1188,6495.1200,564.3100,5930.8100
13195,665,7421.4800,1490.9100,5930.5700
6768,1579,7591.6000,1661.3900,5930.2100
6517,1595,6402.7600,473.8500,5928.9100
2927,1060,6330.6400,403.3300,5927.3100
12036,1895,7241.9000,1314.7200,5927.1800
14355,1161,7126.3600,1199.5000,5926.8600
2327,1818,6713.7200,789.2200,5924.5000
268,269,6519.5500,596.7800,5922.7700
10116,677,6753.5000,832.1200,5921.3800
14562,98,7177.9000,1256.9000,5921.0000
17789,1653,7536.9500,1618.3600,5918.5900
16889,594,7280.2000,1362.3200,5917.8800
5437,1220,7181.8000,1265.8800,5915.9200
16669,1379,6753.5000,838.5000,5915.0000
12973,1001,7591.6000,1676.6600,5914.9400
11239,404,7536.9500,1622.1100,5914.8400
16682,200,6108.3900,194.4500,5913.9400
16254,1418,6753.5000,842.6500,5910.8500
14016,852,6358.0500,447.4200,5910.6300
2285,374,6954.4400,1044.7700,5909.6700
14,874,7167.7600,1258.3500,5909.4100
8675,420,7591.6000,1686.0800,5905.5200
2434,1978,6633.3200,727.8600,5905.4600
12022,1176,7167.7600,1263.9500,5903.8100
10800,970,6569.2800,666.1600,5903.1200
9594,1986,6297.2100,394.2300,5902.9800
788,1182,6644.7600,742.7300,5902.0300
1968,1,7181.8000,1279.9000,5901.9000
11521,1206,7241.9000,1340.1300,5901.7700
4971,769,6358.0500,458.1300,5899.9200
17958,1728,6633.3200,733.5700,5899.7500
8272,1276,6831.0900,932.1000,5898.9900
5310,375,6330.6400,434.2900,5896.3500
18654,1015,7663.0000,1767.5000,5895.5000
8102,1061,6507.4500,611.9700,5895.4800
8616,202,7058.8800,1170.6900,5888.1900
3301,727,7421.4800,1537.0100,5884.4700
16882,1359,7591.6000,1707.1300,5884.4700
12433,1253,7222.7500,1338.3000,5884.4500
7020,969,6831.0900,948.8300,5882.2600
14212,778,7149.5600,1268.4400,5881.1200
13760,550,7167.7600,1286.8300,5880.9300
13335,1881,6002.5500,124.2000,5878.3500
19971,1774,6107.5200,229.9300,5877.5900
2169,1923,6473.5800,596.7000,5876.8800
105,680,6473.5800,597.3200,5876.2600
5449,1121,6507.4500,632.1900,5875.2600
5261,1036,7536.9500,1662.6200,5874.3300
10303,271,7421.4800,1548.2300,5873.2500
1803,829,6713.7200,840.7100,5873.0100
8985,406,6449.3200,577.9800,5871.3400
14077,582,6633.3200,762.6000,5870.7200
13566,1684,6644.7600,774.3100,5870.4500
19065,269,6473.5800,604.8600,5868.7200
4171,426,7046.5600,1178.3600,5868.2000
14219,1524,6402.7600,536.2800,5866.4800
9720,233,7241.9000,1378.8900,5863.0100
2992,882,7167.7600,1309.1400,5858.6200
4060,520,7663.0000,1805.2000,5857.8000
17556,25,6633.3200,775.6300,5857.6900
12708,305,7167.7600,1312.0400,5855.7200
9218,598,6494.2800,639.5400,5854.7400
982,1772,6449.3200,601.4700,5847.8500
6127,1450,7209.0400,1363.0800,5845.9600
17294,124,6519.5500,675.0200,5844.5300
15171,38,6831.0900,986.7600,5844.3300
7234,362,7149.5600,1305.9900,5843.5700
11102,1284,6495.1200,652.0600,5843.0600
19985,698,6449.3200,608.1600,5841.1600
10953,77,6495.1200,657.6800,5837.4400
5343,1490,6480.1500,645.0700,5835.0800
2593,1316,6633.3200,799.8800,5833.4400
12481,1778,6713.7200,880.8400,5832.8800
5854,1154,6831.0900,1001.0800,5830.0100
3166,345,6633.3200,808.4600,5824.8600
7190,188,6029.5600,205.2700,5824.2900
2974,291,6507.4500,684.2500,5823.2000
7198,747,6954.4400,1132.3600,5822.0800
5458,766,6358.0500,535.9800,5822.0700
10428,726,6029.5600,208.7200,5820.8400
13478,1775,6047.1300,231.4500,5815.6800
12653,1429,6954.4400,1141.5400,5812.9000
17367,941,7663.0000,1850.5400,5812.4600
11798,443,6297.2100,485.4200,5811.7900
3317,105,6108.3900,296.7800,5811.6100
19713,1267,6002.5500,191.9800,5810.5700
2556,1740,6107.5200,298.2500,5809.2700
926,1042,6358.0500,550.4100,5807.6400
18796,178,7149.5600,1342.2000,5807.3600
18042,51,7126.3600,1319.3900,5806.9700
10207,596,6954.4400,1149.9600,5804.4800
2250,987,7209.0400,1406.1700,5802.8700
7608,1555,6644.7600,842.7100,5802.0500
16677,1610,5800.5500,null,5800.5500
11053,44,5800.5500,null,5800.5500
4668,1287,5800.5500,null,5800.5500
6145,649,5800.5500,null,5800.5500
9357,1425,5800.5500,null,5800.5500
9539,1857,5800.5500,null,5800.5500
3484,497,5800.5500,null,5800.5500
18578,1428,5800.5500,null,5800.5500
17884,12,7280.2000,1480.9200,5799.2800
18169,512,6107.5200,308.4500,5799.0700
6877,1190,6954.4400,1158.1300,5796.3100
13792,1724,6831.0900,1035.7900,5795.3000
15185,878,6330.6400,535.7600,5794.8800
11269,1898,7149.5600,1354.8600,5794.7000
19152,1083,6519.5500,725.1400,5794.4100
8876,716,7663.0000,1868.6900,5794.3100
10191,942,5793.5200,null,5793.5200
8837,711,5793.5200,null,5793.5200
15802,1201,5793.5200,null,5793.5200
6190,1614,5793.5200,null,5793.5200
11809,913,5793.5200,null,5793.5200
11778,1839,5793.5200,null,5793.5200
1661,1801,6831.0900,1037.6400,5793.4500
19028,68,7126.3600,1333.6000,5792.7600
8817,324,7209.0400,1417.5000,5791.5400
17463,1869,6644.7600,854.5600,5790.2000
10310,537,7421.4800,1631.3000,5790.1800
10070,1562,6108.3900,318.8200,5789.5700
11995,1366,6047.1300,261.6200,5785.5100
17493,1629,7126.3600,1341.7000,5784.6600
5652,1622,6831.0900,1048.4600,5782.6300
3949,1535,6865.8600,1083.6300,5782.2300
5688,1838,6480.1500,699.2400,5780.9100
1245,380,5778.2000,null,5778.2000
10455,1522,5778.2000,null,5778.2000
17833,319,5778.2000,null,5778.2000
17211,1986,6330.6400,552.5200,5778.1200
10107,459,7167.7600,1390.0800,5777.6800
143,1214,6644.7600,867.6000,5777.1600
4252,1833,6073.2800,297.4500,5775.8300
6177,900,6633.3200,858.2400,5775.0800
2191,638,7663.0000,1888.1900,5774.8100
8988,1361,6358.0500,585.3400,5772.7100
14779,1158,7181.8000,1409.1800,5772.6200
7670,1746,6449.3200,677.0100,5772.3100
1324,1077,6047.1300,275.4200,5771.7100
16216,312,7421.4800,1650.1800,5771.3000
19270,88,6954.4400,1183.8300,5770.6100
11948,1900,7591.6000,1821.4300,5770.1700
1716,110,6073.2800,304.0600,5769.2200
15573,1902,7167.7600,1398.9100,5768.8500
12689,139,6519.5500,752.0500,5767.5000
6744,776,7149.5600,1382.5300,5767.0300
5719,1806,6297.2100,530.7600,5766.4500
16091,54,7058.8800,1292.5100,5766.3700
14611,1860,7177.9000,1413.8000,5764.1000
14659,1597,7663.0000,1899.2300,5763.7700
18089,1570,6831.0900,1069.5400,5761.5500
7758,38,7348.4800,1588.1200,5760.3600
11496,750,6449.3200,689.0300,5760.2900
9917,1205,7421.4800,1666.2500,5755.2300
11914,254,6073.2800,318.6000,5754.6800
14977,355,7421.4800,1667.7500,5753.7300
16166,1694,6865.8600,1112.4700,5753.3900
8517,1731,6402.7600,650.4600,5752.3000
11317,327,6449.3200,697.0500,5752.2700
2885,1254,6073.2800,321.4200,5751.8600
16919,259,7222.7500,1471.0500,5751.7000
2912,1048,7058.8800,1308.8500,5750.0300
18235,1635,7663.0000,1913.3300,5749.6700
1804,741,7209.0400,1460.0800,5748.9600
13097,188,5747.2500,null,5747.2500
2938,663,5747.2500,null,5747.2500
18168,1434,5747.2500,null,5747.2500
12451,376,7177.9000,1431.3800,5746.5200
3644,1909,7421.4800,1678.0400,5743.4400
18041,771,6713.7200,970.3600,5743.3600
14657,1674,5742.3200,null,5742.3200
8466,195,5742.3200,null,5742.3200
16444,1442,5742.3200,null,5742.3200
12961,189,5742.3200,null,5742.3200
17898,777,5742.3200,null,5742.3200
3402,1608,6073.2800,333.0200,5740.2600
1252,1542,6507.4500,768.9100,5738.5400
18645,343,6831.0900,1093.4700,5737.6200
6403,391,6107.5200,372.1900,5735.3300
2696,1834,6507.4500,772.8300,5734.6200
7366,981,7209.0400,1475.0100,5734.0300
3515,24,7177.9000,1446.0300,5731.8700
2948,42,7126.3600,1395.2300,5731.1300
9513,1059,6494.2800,763.7200,5730.5600
15281,196,7126.3600,1398.1900,5728.1700
10280,217,7209.0400,1480.9900,5728.0500
11120,844,6494.2800,766.7400,5727.5400
4494,1588,6358.0500,631.0000,5727.0500
12918,480,6494.2800,769.2800,5725.0000
15142,1125,7348.4800,1623.9300,5724.5500
646,256,6480.1500,757.1900,5722.9600
13517,722,6029.5600,307.0700,5722.4900
16008,470,7181.8000,1460.1700,5721.6300
13232,1503,6753.5000,1035.3600,5718.1400
8109,830,6753.5000,1037.4600,5716.0400
2592,103,7046.5600,1330.7700,5715.7900
18255,1029,6865.8600,1150.3400,5715.5200
2642,1431,7348.4800,1633.0100,5715.4700
9663,1170,7280.2000,1564.7900,5715.4100
14222,1476,6108.3900,394.2900,5714.1000
12356,894,6108.3900,396.1500,5712.2400
10737,9,6108.3900,396.7000,5711.6900
3739,1772,7181.8000,1470.2000,5711.6000
2045,461,7126.3600,1414.8300,5711.5300
3471,670,7058.8800,1348.1300,5710.7500
13940,960,7167.7600,1457.1100,5710.6500
18636,9,6831.0900,1121.2800,5709.8100
1669,312,6494.2800,784.6300,5709.6500
13508,358,6954.4400,1244.8200,5709.6200
512,267,6107.5200,398.4700,5709.0500
16953,1637,7536.9500,1829.2800,5707.6700
14608,618,6865.8600,1161.2300,5704.6300
19722,1147,6330.6400,626.1800,5704.4600
16641,1367,7149.5600,1445.1800,5704.3800
10356,1505,7421.4800,1718.1700,5703.3100
15807,455,7663.0000,1963.0800,5699.9200
18122,1000,7591.6000,1892.3400,5699.2600
12084,1676,6402.7600,704.7900,5697.9700
3816,69,6494.2800,797.2400,5697.0400
5793,1829,6330.6400,633.8500,5696.7900
4499,388,5800.5500,104.8700,5695.6800
16501,484,7280.2000,1585.4900,5694.7100
8146,1485,6297.2100,602.9300,5694.2800
872,868,6519.5500,825.5900,5693.9600
19548,70,6330.6400,638.0000,5692.6400
264,302,7536.9500,1845.7100,5691.2400
3794,744,6954.4400,1264.3000,5690.1400
1748,1930,7209.0400,1521.9400,5687.1000
4752,108,7126.3600,1441.6600,5684.7000
10992,1251,6002.5500,317.9700,5684.5800
13021,1717,5684.2500,null,5684.2500
15449,436,5684.2500,null,5684.2500
13967,1802,6358.0500,675.5900,5682.4600
701,1162,6449.3200,769.2500,5680.0700
2519,783,6753.5000,1074.0600,5679.4400
3191,150,5800.5500,122.0000,5678.5500
11222,1138,7663.0000,1985.7000,5677.3000
804,906,7348.4800,1671.6200,5676.8600
7418,457,5800.5500,123.7800,5676.7700
5487,861,7536.9500,1860.2700,5676.6800
4625,1074,6108.3900,434.9000,5673.4900
1992,596,7348.4800,1675.5700,5672.9100
14780,1295,7222.7500,1550.9300,5671.8200
15268,1737,6507.4500,836.7500,5670.7000
859,1527,7181.8000,1512.9900,5668.8100
14027,1916,6402.7600,734.7700,5667.9900
7890,1953,6029.5600,362.1700,5667.3900
10396,1228,6865.8600,1206.5600,5659.3000
11265,1312,6633.3200,974.6800,5658.6400
2113,500,6002.5500,344.9100,5657.6400
11684,185,6473.5800,816.0700,5657.5100
10052,1547,6753.5000,1096.0700,5657.4300
8370,374,6029.5600,372.4700,5657.0900
3638,1717,6473.5800,818.7900,5654.7900
4799,1577,6029.5600,375.1800,5654.3800
3634,1768,6954.4400,1302.3500,5652.0900
3996,1050,6954.4400,1302.8200,5651.6200
3129,1082,5651.2500,null,5651.2500
17986,1125,5651.2500,null,5651.2500
3121,816,5651.2500,null,5651.2500
16259,497,5651.2500,null,5651.2500
17302,1167,5651.2500,null,5651.2500
14075,1951,5651.2500,null,5651.2500
8379,1883,5651.2500,null,5651.2500
8409,494,6330.6400,683.0900,5647.5500
16696,1037,6713.7200,1066.8300,5646.8900
14939,1734,5646.1500,null,5646.1500
11246,1712,5646.1500,null,5646.1500
18868,1155,5646.1500,null,5646.1500
360,1426,5646.1500,null,5646.1500
358,1913,5646.1500,null,5646.1500
2598,1531,5646.1500,null,5646.1500
15302,1617,5646.1500,null,5646.1500
129,918,5646.1500,null,5646.1500
9169,599,5646.1500,null,5646.1500
12933,1061,6358.0500,712.1800,5645.8700
17732,1789,6480.1500,834.6200,5645.5300
3824,1337,6358.0500,712.9700,5645.0800
13685,55,5644.6500,null,5644.6500
13486,392,5644.6500,null,5644.6500
13318,233,5644.6500,null,5644.6500
6610,1811,6507.4500,863.6000,5643.8500
6771,1600,6494.2800,851.1700,5643.1100
1258,1443,7222.7500,1580.7800,5641.9700
19885,1535,6495.1200,853.3100,5641.8100
8103,302,7348.4800,1708.2100,5640.2700
177,1650,6002.5500,364.7700,5637.7800
8890,1570,6954.4400,1317.3700,5637.0700
1019,876,6865.8600,1232.2300,5633.6300
7075,1067,7536.9500,1904.7100,5632.2400
18641,798,7149.5600,1519.1300,5630.4300
10913,1117,6002.5500,372.7900,5629.7600
4511,512,7280.2000,1652.2200,5627.9800
4360,1275,6473.5800,845.6400,5627.9400
19334,1338,6358.0500,737.2900,5620.7600
1637,1421,6297.2100,677.8200,5619.3900
290,1307,7421.4800,1802.9500,5618.5300
14394,1038,7058.8800,1441.2500,5617.6300
4846,913,5742.3200,124.7900,5617.5300
14024,209,6831.0900,1214.8000,5616.2900
8374,31,6753.5000,1139.1400,5614.3600
6271,926,6029.5600,419.4500,5610.1100
15540,1715,5793.5200,183.9600,5609.5600
12049,1017,6108.3900,499.0800,5609.3100
9629,894,7167.7600,1559.5700,5608.1900
19355,538,6507.4500,899.9000,5607.5500
14522,640,6753.5000,1148.4900,5605.0100
6458,1347,6358.0500,753.3100,5604.7400
7368,1973,6519.5500,914.8500,5604.7000
16925,1558,7209.0400,1605.4100,5603.6300
12658,1298,7181.8000,1580.3700,5601.4300
5380,1906,6633.3200,1033.1300,5600.1900
8814,1456,7126.3600,1529.0100,5597.3500
16732,1039,7126.3600,1533.9400,5592.4200
16123,234,6644.7600,1054.6100,5590.1500
1696,1458,6002.5500,413.3200,5589.2300
16234,1462,5800.5500,213.2800,5587.2700
11206,1250,7046.5600,1459.7300,5586.8300
7728,1035,7177.9000,1591.4100,5586.4900
5681,28,6831.0900,1244.7600,5586.3300
19478,1831,6507.4500,924.7800,5582.6700
13926,868,5684.2500,103.0300,5581.2200
7518,1450,6330.6400,750.2400,5580.4000
8979,282,7167.7600,1587.9100,5579.8500
5890,1951,6330.6400,752.2300,5578.4100
10212,1646,5778.2000,200.5500,5577.6500
10480,1083,6073.2800,498.5500,5574.7300
10013,589,6569.2800,996.4400,5572.8400
58,1875,6029.5600,456.8100,5572.7500
17342,523,5684.2500,111.5400,5572.7100
3459,605,6507.4500,935.8200,5571.6300
17044,11,5684.2500,112.9300,5571.3200
4285,1709,7046.5600,1475.6600,5570.9000
8123,1486,6402.7600,834.2100,5568.5500
11468,151,6480.1500,912.3500,5567.8000
18316,656,6507.4500,939.7400,5567.7100
8037,1543,5566.1100,null,5566.1100
15241,712,5566.1100,null,5566.1100
2302,51,5566.1100,null,5566.1100
1188,1248,5566.1100,null,5566.1100
15476,108,5566.1100,null,5566.1100
2244,389,5566.1100,null,5566.1100
7090,808,7167.7600,1602.8200,5564.9400
6909,617,7241.9000,1677.5000,5564.4000
11013,877,6107.5200,543.6100,5563.9100
17687,1624,7241.9000,1681.6100,5560.2900
18100,334,7058.8800,1499.8900,5558.9900
11434,1927,7046.5600,1487.7500,5558.8100
14119,615,6047.1300,491.4300,5555.7000
12932,1602,7280.2000,1724.7600,5555.4400
2665,395,7046.5600,1495.2000,5551.3600
115,1531,6047.1300,495.9700,5551.1600
13773,1290,6954.4400,1404.2300,5550.2100
7277,90,7536.9500,1987.7600,5549.1900
18653,264,7348.4800,1799.3300,5549.1500
10027,1461,6107.5200,559.2100,5548.3100
13945,1082,6831.0900,1283.9300,5547.1600
10573,1202,7241.9000,1695.0400,5546.8600
2659,1194,5742.3200,198.9200,5543.4000
7750,596,7167.7600,1625.4900,5542.2700
8794,1271,6480.1500,938.5200,5541.6300
6450,1805,6831.0900,1290.1700,5540.9200
16040,1519,6473.5800,932.9500,5540.6300
19351,1595,6831.0900,1291.2200,5539.8700
7763,890,6029.5600,490.0800,5539.4800
3058,209,7536.9500,1997.5400,5539.4100
18407,771,6753.5000,1214.8300,5538.6700
10414,1400,6358.0500,819.6200,5538.4300
18827,1794,7241.9000,1704.1500,5537.7500
735,1349,5747.2500,210.6900,5536.5600
11739,334,5793.5200,257.7000,5535.8200
17573,744,7126.3600,1592.2700,5534.0900
11214,698,7177.9000,1644.8200,5533.0800
7321,232,6297.2100,764.9000,5532.3100
10991,1293,7222.7500,1693.3700,5529.3800
6962,1782,6047.1300,518.3300,5528.8000
10141,558,6494.2800,966.5900,5527.6900
17087,309,7149.5600,1623.3400,5526.2200
9791,1540,7421.4800,1895.5500,5525.9300
14092,1646,7046.5600,1520.8700,5525.6900
12363,1211,6402.7600,877.4500,5525.3100
936,590,6831.0900,1306.0100,5525.0800
17465,1885,6449.3200,924.8800,5524.4400
14563,333,6495.1200,970.8600,5524.2600
19261,44,7241.9000,1721.6900,5520.2100
13639,428,6107.5200,588.5100,5519.0100
6417,1342,5778.2000,260.9800,5517.2200
18441,461,7241.9000,1725.0300,5516.8700
15858,226,5644.6500,130.2000,5514.4500
1964,177,7421.4800,1907.5400,5513.9400
3614,1942,5778.2000,266.0800,5512.1200
759,1338,6569.2800,1057.5900,5511.6900
4568,1324,5511.3600,null,5511.3600
9011,1817,7222.7500,1712.3700,5510.3800
16700,796,7046.5600,1536.3500,5510.2100
7881,1132,5742.3200,234.5100,5507.8100
6490,1562,6449.3200,942.3100,5507.0100
15017,1226,7046.5600,1541.7200,5504.8400
9272,727,7167.7600,1663.9100,5503.8500
7902,739,7348.4800,1847.4100,5501.0700
514,638,6495.1200,995.4000,5499.7200
11156,1208,5684.2500,184.6800,5499.5700
1116,459,6047.1300,548.5000,5498.6300
10650,698,5778.2000,282.6900,5495.5100
6054,235,7167.7600,1672.2500,5495.5100
2611,1674,5778.2000,283.3600,5494.8400
5223,926,6713.7200,1220.4700,5493.2500
10008,1105,7222.7500,1729.5200,5493.2300
19303,309,7177.9000,1686.1800,5491.7200
17402,814,6297.2100,805.5000,5491.7100
1895,1930,6108.3900,618.0700,5490.3200
17889,529,5800.5500,310.3400,5490.2100
9190,1930,6002.5500,514.9800,5487.5700
15198,941,6507.4500,1020.2200,5487.2300
6117,29,7241.9000,1754.7100,5487.1900
14414,119,7280.2000,1793.2700,5486.9300
8252,1177,6480.1500,998.7300,5481.4200
8901,1576,5646.1500,165.1300,5481.0200
6813,158,6633.3200,1153.6600,5479.6600
280,1079,6330.6400,851.3600,5479.2800
6559,1294,7046.5600,1569.3600,5477.2000
13047,1945,7181.8000,1705.1700,5476.6300
10236,698,7046.5600,1570.4500,5476.1100
17236,83,6519.5500,1043.9400,5475.6100
9078,803,7177.9000,1702.7100,5475.1900
19900,975,7241.9000,1766.7700,5475.1300
15275,257,6644.7600,1171.0700,5473.6900
12186,654,5684.2500,211.8900,5472.3600
12019,1775,7222.7500,1750.5700,5472.1800
14292,1010,7421.4800,1950.7700,5470.7100
15085,834,6358.0500,889.2100,5468.8400
11480,707,7126.3600,1659.0800,5467.2800
19069,99,7167.7600,1702.2300,5465.5300
3264,1499,6073.2800,608.4800,5464.8000
18317,1971,6002.5500,538.0600,5464.4900
2460,1232,5644.6500,181.5000,5463.1500
8997,720,6713.7200,1252.3500,5461.3700
7212,925,5460.1500,null,5460.1500
6155,44,5460.1500,null,5460.1500
6437,1542,5460.1500,null,5460.1500
16184,669,5460.1500,null,5460.1500
1334,1576,5460.1500,null,5460.1500
6424,513,5800.5500,341.0900,5459.4600
16387,1860,6047.1300,588.4400,5458.6900
9734,1836,6495.1200,1037.0600,5458.0600
19130,1068,5457.1000,null,5457.1000
19756,656,7209.0400,1751.9400,5457.1000
4410,297,5457.1000,null,5457.1000
1985,60,5457.1000,null,5457.1000
15667,1103,5644.6500,188.7600,5455.8900
17688,1250,6358.0500,902.7200,5455.3300
15521,1753,6633.3200,1178.3800,5454.9400
4437,675,5742.3200,289.5200,5452.8000
17956,671,7222.7500,1770.8300,5451.9200
12707,1729,7181.8000,1730.4100,5451.3900
1967,387,6002.5500,551.1900,5451.3600
16087,789,5778.2000,327.4200,5450.7800
4035,373,5742.3200,292.1800,5450.1400
14005,1770,7149.5600,1700.7200,5448.8400
17914,1211,7149.5600,1700.9700,5448.5900
3502,820,5646.1500,198.4200,5447.7300
7691,1298,5566.1100,118.6900,5447.4200
3002,494,7126.3600,1679.1100,5447.2500
29,1627,6473.5800,1026.5400,5447.0400
470,216,6002.5500,556.0100,5446.5400
3333,1729,5646.1500,200.8800,5445.2700
13067,337,7149.5600,1705.7300,5443.8300
14183,312,6495.1200,1055.3600,5439.7600
1817,1627,6297.2100,857.9600,5439.2500
1400,1143,6073.2800,634.1900,5439.0900
104,259,6865.8600,1428.2200,5437.6400
8964,530,6494.2800,1056.6600,5437.6200
2562,666,5800.5500,365.8000,5434.7500
2306,898,7222.7500,1788.3900,5434.3600
16082,939,7167.7600,1735.3900,5432.3700
10257,1470,6402.7600,970.5900,5432.1700
16360,1373,6494.2800,1062.7100,5431.5700
6968,1654,6519.5500,1088.4500,5431.1000
8935,429,5684.2500,253.2200,5431.0300
4140,828,5644.6500,214.5000,5430.1500
19356,655,6108.3900,678.4200,5429.9700
13432,1796,6569.2800,1139.4500,5429.8300
3133,219,7348.4800,1919.1000,5429.3800
4510,933,5428.3500,null,5428.3500
17500,1182,5428.3500,null,5428.3500
12080,270,5428.3500,null,5428.3500
1353,734,5428.3500,null,5428.3500
11453,1669,5428.3500,null,5428.3500
13128,1227,5428.3500,null,5428.3500
3521,1138,5651.2500,223.0100,5428.2400
8744,1443,6831.0900,1403.8500,5427.2400
10764,1905,6569.2800,1146.9600,5422.3200
16955,1722,6495.1200,1073.2500,5421.8700
6064,502,6107.5200,687.8100,5419.7100
5811,3,6073.2800,653.6100,5419.6700
1672,1606,6753.5000,1334.7400,5418.7600
18522,1153,6954.4400,1537.9100,5416.5300
12079,1276,6954.4400,1539.3300,5415.1100
6014,1510,6507.4500,1094.0700,5413.3800
9461,26,6494.2800,1083.5300,5410.7500
2677,159,6029.5600,619.5100,5410.0500
13862,660,5646.1500,237.9500,5408.2000
4373,807,5406.7800,null,5406.7800
5326,640,5406.7800,null,5406.7800
14083,1301,5406.7800,null,5406.7800
4873,11,5406.7800,null,5406.7800
7487,573,5402.8000,null,5402.8000
6402,226,5402.8000,null,5402.8000
18207,308,5402.8000,null,5402.8000
8372,191,6753.5000,1351.2000,5402.3000
3294,1500,7280.2000,1878.7400,5401.4600
12057,935,6831.0900,1430.3300,5400.7600
5259,1345,6569.2800,1169.9300,5399.3500
121,257,6002.5500,605.2300,5397.3200
9384,1067,7348.4800,1951.3600,5397.1200
11438,1775,5644.6500,249.6500,5395.0000
11511,1399,5394.2000,null,5394.2000
12798,1213,5394.2000,null,5394.2000
8640,157,5394.2000,null,5394.2000
9900,1308,5684.2500,290.6400,5393.6100
9353,29,7209.0400,1815.9600,5393.0800
14090,1683,6831.0900,1440.1800,5390.9100
8303,1529,7222.7500,1835.6700,5387.0800
16818,1230,7058.8800,1672.0500,5386.8300
18526,1202,5386.3500,null,5386.3500
3237,154,5386.3500,null,5386.3500
5586,1801,5386.3500,null,5386.3500
7511,169,5386.3500,null,5386.3500
3514,819,6519.5500,1133.5800,5385.9700
17501,279,6073.2800,687.9800,5385.3000
4059,269,5684.2500,300.3400,5383.9100
10702,1334,6002.5500,619.2000,5383.3500
12794,1936,6569.2800,1187.6700,5381.6100
19430,316,6297.2100,917.5400,5379.6700
9878,362,7348.4800,1969.6400,5378.8400
7276,1072,5742.3200,364.0900,5378.2300
15145,712,6047.1300,670.6500,5376.4800
3263,1863,5375.8200,null,5375.8200
19481,1146,5375.8200,null,5375.8200
235,87,5375.8200,null,5375.8200
10398,729,5375.8200,null,5375.8200
1288,1953,5375.8200,null,5375.8200
2298,936,5375.8200,null,5375.8200
16504,408,5375.8200,null,5375.8200
19935,1322,6002.5500,627.9900,5374.5600
19277,1822,6633.3200,1260.7700,5372.5500
9406,720,6073.2800,702.4300,5370.8500
9665,811,6831.0900,1460.2800,5370.8100
15028,792,5684.2500,313.7100,5370.5400
15255,379,6519.5500,1149.0200,5370.5300
11770,830,6644.7600,1274.3500,5370.4100
8286,1040,6449.3200,1079.0600,5370.2600
12412,66,7209.0400,1840.3400,5368.7000
11011,400,5644.6500,277.9200,5366.7300
1438,721,6449.3200,1083.6700,5365.6500
7025,1472,7167.7600,1802.6000,5365.1600
4015,674,6753.5000,1388.4000,5365.1000
2600,932,6358.0500,993.3200,5364.7300
15216,104,6073.2800,709.2000,5364.0800
17935,1560,7149.5600,1785.9400,5363.6200
5698,351,6473.5800,1110.0200,5363.5600
7791,171,5362.1700,null,5362.1700
12989,160,5362.1700,null,5362.1700
16673,299,5362.1700,null,5362.1700
19266,1034,6449.3200,1087.4100,5361.9100
14492,1090,5646.1500,284.9200,5361.2300
908,65,6002.5500,641.5700,5360.9800
8368,127,7058.8800,1697.9400,5360.9400
11972,42,6047.1300,686.3600,5360.7700
3373,1510,7348.4800,1988.0100,5360.4700
15612,1592,6713.7200,1354.3100,5359.4100
13770,953,5684.2500,325.4200,5358.8300
758,1239,6519.5500,1161.8100,5357.7400
19245,953,5357.5000,null,5357.5000
14952,212,5357.5000,null,5357.5000
1372,346,5357.5000,null,5357.5000
3820,1428,5357.5000,null,5357.5000
4485,1353,5644.6500,287.7800,5356.8700
12176,876,5511.3600,157.7900,5353.5700
19506,1339,6330.6400,977.4500,5353.1900
7719,1692,7046.5600,1693.7100,5352.8500
13565,1377,6519.5500,1166.8800,5352.6700
12992,220,6297.2100,945.0200,5352.1900
12373,518,6047.1300,695.8100,5351.3200
18980,139,7167.7600,1816.8300,5350.9300
11749,1303,6753.5000,1402.8800,5350.6200
3314,1627,6495.1200,1144.7600,5350.3600
4773,1383,5646.1500,296.5900,5349.5600
1957,1897,6507.4500,1157.9800,5349.4700
8087,278,6073.2800,723.8500,5349.4300
15048,91,6753.5000,1405.5900,5347.9100
3796,1160,6449.3200,1102.7900,5346.5300
13244,435,5684.2500,338.1400,5346.1100
8921,125,7241.9000,1897.0900,5344.8100
18585,1955,5344.7700,null,5344.7700
9409,1702,5344.7700,null,5344.7700
12479,1984,5344.7700,null,5344.7700
15351,181,5684.2500,340.1300,5344.1200
7799,1118,7046.5600,1702.4700,5344.0900
12897,1051,7149.5600,1806.8800,5342.6800
3479,711,6865.8600,1524.3300,5341.5300
18881,1452,6753.5000,1412.1300,5341.3700
2650,684,6480.1500,1139.1700,5340.9800
10157,754,5646.1500,305.2000,5340.9500
11620,1037,6494.2800,1154.3300,5339.9500
14007,1183,5651.2500,311.7900,5339.4600
12950,1924,6107.5200,768.4800,5339.0400
13341,994,5646.1500,308.0500,5338.1000
262,667,6029.5600,694.1000,5335.4600
5118,218,6865.8600,1530.4100,5335.4500
7121,1181,7181.8000,1846.5500,5335.2500
2520,662,5778.2000,443.0600,5335.1400
18106,800,6633.3200,1299.7500,5333.5700
695,1014,6954.4400,1621.3500,5333.0900
378,1402,6358.0500,1025.7300,5332.3200
11982,620,5742.3200,410.9000,5331.4200
15841,359,6865.8600,1536.1300,5329.7300
9121,399,7181.8000,1852.2600,5329.5400
1810,280,7167.7600,1840.8100,5326.9500
3808,1731,5566.1100,240.1200,5325.9900
2118,1514,6713.7200,1388.3500,5325.3700
1473,912,6073.2800,749.1500,5324.1300
12249,833,6402.7600,1078.6800,5324.0800
8838,272,7046.5600,1722.8500,5323.7100
15885,674,5457.1000,135.0300,5322.0700
971,152,6865.8600,1544.7300,5321.1300
2212,959,5457.1000,137.3200,5319.7800
3841,21,7149.5600,1829.8200,5319.7400
2821,1330,7126.3600,1808.1900,5318.1700
18512,1184,7280.2000,1962.1900,5318.0100
16011,369,6480.1500,1165.2700,5314.8800
12197,1583,6107.5200,793.0700,5314.4500
19110,161,6633.3200,1319.0400,5314.2800
13444,324,5742.3200,428.2800,5314.0400
7267,1121,5793.5200,479.5500,5313.9700
5636,722,5457.1000,143.4600,5313.6400
18366,1131,6107.5200,794.7000,5312.8200
2122,127,6519.5500,1207.7400,5311.8100
17998,747,5457.1000,146.0800,5311.0200
7086,1834,6358.0500,1050.2400,5307.8100
17151,743,6480.1500,1172.9600,5307.1900
13861,1556,7149.5600,1842.3700,5307.1900
17780,1923,6569.2800,1264.2600,5305.0200
675,1428,7046.5600,1741.6400,5304.9200
13269,746,6644.7600,1339.9800,5304.7800
6718,756,5460.1500,155.4400,5304.7100
13329,294,6831.0900,1527.7200,5303.3700
2506,1965,6753.5000,1452.8600,5300.6400
12946,1320,5460.1500,159.6600,5300.4900
15992,239,6644.7600,1345.5400,5299.2200
7572,935,6107.5200,809.5000,5298.0200
2950,1598,5297.5500,null,5297.5500
4453,1350,5297.5500,null,5297.5500
3537,636,6644.7600,1347.5400,5297.2200
9379,1550,5294.1600,null,5294.1600
6709,1244,6002.5500,708.5000,5294.0500
6192,1840,5684.2500,391.5400,5292.7100
4953,1585,6073.2800,780.6700,5292.6100
4748,1858,5747.2500,455.0900,5292.1600
1397,1743,5793.5200,503.0300,5290.4900
11576,606,5684.2500,394.4000,5289.8500
7361,1854,6494.2800,1206.2000,5288.0800
1475,218,6449.3200,1164.2500,5285.0700
14094,604,5284.9200,null,5284.9200
1780,1593,5284.9200,null,5284.9200
9976,908,5284.9200,null,5284.9200
11986,250,5284.9200,null,5284.9200
2068,765,6107.5200,823.4500,5284.0700
9414,1019,6633.3200,1350.7800,5282.5400
946,1615,6753.5000,1471.1000,5282.4000
16367,221,5457.1000,174.8400,5282.2600
7127,597,6633.3200,1351.1000,5282.2200
18016,329,7126.3600,1844.5500,5281.8100
5783,573,6473.5800,1195.2300,5278.3500
12679,550,5406.7800,128.7400,5278.0400
4296,114,5386.3500,109.5100,5276.8400
11081,54,6753.5000,1476.9500,5276.5500
108,495,5684.2500,408.8000,5275.4500
14235,918,5457.1000,182.4300,5274.6700
16462,719,6473.5800,1199.5300,5274.0500
13239,462,6713.7200,1439.9500,5273.7700
4298,1441,7222.7500,1949.0500,5273.7000
1483,1352,5566.1100,293.5300,5272.5800
1646,1078,6865.8600,1593.7500,5272.1100
2076,1660,6330.6400,1058.9300,5271.7100
2689,1728,6519.5500,1248.0800,5271.4700
11150,957,5394.2000,123.0600,5271.1400
226,1229,6473.5800,1204.1100,5269.4700
3981,1470,7126.3600,1857.1500,5269.2100
8085,244,5386.3500,117.4300,5268.9200
2148,1949,5644.6500,376.0000,5268.6500
10801,1882,7222.7500,1954.5700,5268.1800
17141,809,5457.1000,190.3400,5266.7600
19205,1340,6753.5000,1488.5100,5264.9900
19184,52,5644.6500,380.4500,5264.2000
7210,1702,7126.3600,1862.3600,5264.0000
1710,1474,5742.3200,479.1400,5263.1800
7014,701,6480.1500,1218.3100,5261.8400
9936,1683,6002.5500,741.5200,5261.0300
15086,597,6358.0500,1097.1100,5260.9400
6626,1007,6108.3900,847.8100,5260.5800
7292,1785,5793.5200,533.2100,5260.3100
17525,33,5742.3200,482.6500,5259.6700
14404,1447,5644.6500,385.2900,5259.3600
1616,756,7149.5600,1890.3100,5259.2500
19220,1840,6954.4400,1695.3500,5259.0900
11173,1962,6297.2100,1038.6600,5258.5500
6558,806,5646.1500,387.7400,5258.4100
12536,1307,5428.3500,171.1400,5257.2100
6565,850,6473.5800,1216.4900,5257.0900
16334,447,6002.5500,745.6000,5256.9500
7329,187,7167.7600,1911.3200,5256.4400
5768,1223,5386.3500,130.2100,5256.1400
17543,151,7177.9000,1921.8200,5256.0800
8344,130,6358.0500,1102.7500,5255.3000
17250,1910,7181.8000,1926.5500,5255.2500
1352,1355,6449.3200,1194.4000,5254.9200
12357,1891,6494.2800,1239.3600,5254.9200
12662,172,6954.4400,1699.7400,5254.7000
13127,1407,5375.8200,121.6600,5254.1600
12459,740,6358.0500,1104.3800,5253.6700
13384,502,5566.1100,313.2100,5252.9000
9865,440,5566.1100,313.6400,5252.4700
8298,100,5646.1500,395.0900,5251.0600
2202,1796,7046.5600,1796.3500,5250.2100
518,591,6002.5500,753.8400,5248.7100
12428,1871,6495.1200,1246.8300,5248.2900
10982,1447,7126.3600,1879.1400,5247.2200
12323,1577,5406.7800,160.2500,5246.5300
796,338,6402.7600,1156.4700,5246.2900
18860,929,6029.5600,784.5500,5245.0100
19787,318,6954.4400,1710.5800,5243.8600
16149,803,7149.5600,1906.0500,5243.5100
10945,6,5406.7800,163.8100,5242.9700
13700,1297,6569.2800,1326.4400,5242.8400
233,509,6449.3200,1209.4300,5239.8900
4990,1961,6519.5500,1279.7300,5239.8200
15290,1767,6954.4400,1716.7700,5237.6700
12621,1827,6865.8600,1629.6000,5236.2600
17372,938,6713.7200,1477.7800,5235.9400
14576,618,5800.5500,565.0200,5235.5300
17756,297,5644.6500,409.3600,5235.2900
12760,648,5793.5200,560.0400,5233.4800
5752,747,6495.1200,1262.7900,5232.3300
6179,1968,7181.8000,1949.9100,5231.8900
19011,1269,5357.5000,126.9000,5230.6000
6566,896,5684.2500,454.0700,5230.1800
16251,332,5357.5000,130.3000,5227.2000
14367,1524,6108.3900,881.4600,5226.9300
9893,1889,5386.3500,160.6100,5225.7400
13806,890,5344.7700,120.5200,5224.2500
6324,1259,6480.1500,1256.0600,5224.0900
5178,1276,5651.2500,427.3500,5223.9000
15312,1013,5747.2500,524.4100,5222.8400
6838,647,6473.5800,1250.8600,5222.7200
16017,1129,6107.5200,885.0200,5222.5000
10688,124,5778.2000,556.3400,5221.8600
19833,1925,5406.7800,184.9800,5221.8000
4157,1002,6108.3900,887.3800,5221.0100
11244,1912,5646.1500,425.1600,5220.9900
5938,1070,6519.5500,1300.7400,5218.8100
19829,735,5215.8300,null,5215.8300
5900,1390,5215.8300,null,5215.8300
10744,1781,5215.8300,null,5215.8300
8860,56,5215.6400,null,5215.6400
16248,1326,6108.3900,893.1200,5215.2700
8665,232,5428.3500,214.5800,5213.7700
7767,153,7181.8000,1968.1900,5213.6100
5988,39,6713.7200,1501.1800,5212.5400
15646,1414,7177.9000,1969.3500,5208.5500
273,335,5406.7800,199.5300,5207.2500
8560,1012,6480.1500,1273.4500,5206.7000
2649,1460,6073.2800,866.6500,5206.6300
19566,1780,6519.5500,1313.5200,5206.0300
11818,1154,5205.9600,null,5205.9600
15031,1151,5205.9600,null,5205.9600
17685,1607,5205.9600,null,5205.9600
18609,359,5205.9600,null,5205.9600
8165,1845,5205.9600,null,5205.9600
12415,509,5205.9600,null,5205.9600
9021,802,6108.3900,903.2600,5205.1300
15493,1201,6449.3200,1245.0700,5204.2500
11047,1721,7167.7600,1963.7200,5204.0400
9310,1598,6569.2800,1365.4000,5203.8800
8358,23,5644.6500,441.2100,5203.4400
10973,207,5402.8000,200.7800,5202.0200
3967,981,5362.1700,163.0000,5199.1700
10752,1858,6480.1500,1282.5200,5197.6300
18781,800,6494.2800,1301.0700,5193.2100
9201,382,6330.6400,1137.4300,5193.2100
9242,774,7126.3600,1933.7000,5192.6600
8706,601,6358.0500,1166.4700,5191.5800
287,1969,6494.2800,1303.1900,5191.0900
19516,1815,6954.4400,1763.6900,5190.7500
15016,897,5646.1500,455.6300,5190.5200
8111,1577,7149.5600,1959.9600,5189.6000
3374,1238,7126.3600,1938.0600,5188.3000
7530,566,6402.7600,1215.1600,5187.6000
7970,1018,6402.7600,1216.6800,5186.0800
17323,1230,6002.5500,816.4800,5186.0700
18497,1028,6073.2800,887.6100,5185.6700
17607,123,5644.6500,459.9300,5184.7200
4711,229,5294.1600,109.4800,5184.6800
6634,1342,5511.3600,327.1200,5184.2400
3431,1542,5184.1200,null,5184.1200
5308,724,5184.1200,null,5184.1200
11763,325,5184.1200,null,5184.1200
8984,376,5184.1200,null,5184.1200
19520,1480,5184.1200,null,5184.1200
8975,864,7149.5600,1965.6000,5183.9600
15788,3,5457.1000,273.2500,5183.8500
11533,1108,5357.5000,173.6600,5183.8400
11160,1940,5362.1700,179.0700,5183.1000
12381,427,5511.3600,328.8800,5182.4800
18912,203,7177.9000,1995.8600,5182.0400
18049,1125,5684.2500,503.4000,5180.8500
15566,699,6047.1300,866.2900,5180.8400
2627,122,5457.1000,276.4000,5180.7000
12245,1375,5747.2500,567.5400,5179.7100
1503,1065,5457.1000,277.9100,5179.1900
3307,301,6480.1500,1301.2600,5178.8900
12225,1579,5402.8000,224.1900,5178.6100
11254,1388,7149.5600,1972.0800,5177.4800
9646,63,6297.2100,1120.1800,5177.0300
4161,1815,5394.2000,217.2200,5176.9800
9754,409,6480.1500,1303.5900,5176.5600
8732,1267,5284.9200,108.8100,5176.1100
12497,192,6402.7600,1227.4300,5175.3300
11683,695,6029.5600,857.6300,5171.9300
17050,895,6831.0900,1659.8200,5171.2700
7506,433,5428.3500,257.5000,5170.8500
15325,326,5375.8200,205.3400,5170.4800
5727,175,6954.4400,1784.9200,5169.5200
14134,868,7058.8800,1889.5800,5169.3000
9222,1000,5800.5500,631.8900,5168.6600
11544,1246,7058.8800,1891.5200,5167.3600
6496,402,5284.9200,118.2200,5166.7000
17072,345,6865.8600,1699.8700,5165.9900
10819,668,6865.8600,1699.9500,5165.9100
11657,225,5684.2500,518.9800,5165.2700
9604,1442,7280.2000,2115.2000,5165.0000
7324,70,5511.3600,347.8100,5163.5500
18115,1661,6831.0900,1667.9500,5163.1400
7830,1754,5402.8000,239.8900,5162.9100
2647,500,5297.5500,134.7500,5162.8000
7966,547,5566.1100,405.4300,5160.6800
3034,1895,7241.9000,2082.4500,5159.4500
2026,464,5362.1700,205.1300,5157.0400
8208,1510,5684.2500,527.6800,5156.5700
19064,699,6831.0900,1675.9800,5155.1100
16007,162,7058.8800,1904.3400,5154.5400
7659,720,5294.1600,140.4900,5153.6700
4536,1663,5375.8200,222.1700,5153.6500
2899,1813,5742.3200,589.5900,5152.7300
1079,917,7046.5600,1894.2600,5152.3000
17262,202,5394.2000,243.4300,5150.7700
14161,479,6449.3200,1301.2700,5148.0500
5150,1963,5402.8000,254.7600,5148.0400
9124,1157,7046.5600,1898.6500,5147.9100
17767,548,5460.1500,313.5400,5146.6100
8283,1079,6047.1300,903.0700,5144.0600
3297,545,6494.2800,1350.3700,5143.9100
8881,1102,5375.8200,232.1400,5143.6800
1544,1585,6865.8600,1722.2100,5143.6500
1643,85,6865.8600,1722.2200,5143.6400
6994,1722,6473.5800,1330.4100,5143.1700
10138,1670,6495.1200,1352.0600,5143.0600
10307,735,5284.9200,141.8900,5143.0300
1598,63,5297.5500,156.4700,5141.0800
13090,593,6569.2800,1429.6800,5139.6000
17938,1997,5428.3500,289.5800,5138.7700
19708,317,5684.2500,548.4700,5135.7800
192,1588,5742.3200,607.0400,5135.2800
3700,612,5644.6500,510.3400,5134.3100
19760,89,6633.3200,1499.5300,5133.7900
10355,1242,5357.5000,225.7800,5131.7200
18505,1702,6029.5600,897.9900,5131.5700
9525,1780,6865.8600,1735.4900,5130.3700
16340,1513,6753.5000,1625.6200,5127.8800
15794,1294,6449.3200,1326.5700,5122.7500
4503,518,5406.7800,284.6700,5122.1100
8143,1213,6073.2800,952.8900,5120.3900
16832,1878,6494.2800,1374.4100,5119.8700
15772,1029,5297.5500,177.8300,5119.7200
7045,1849,7046.5600,1928.1900,5118.3700
4606,604,5344.7700,226.9100,5117.8600
10248,1191,5747.2500,629.5100,5117.7400
13171,993,6029.5600,911.9000,5117.6600
10437,870,5297.5500,182.5100,5115.0400
5270,742,6473.5800,1358.7500,5114.8300
15951,991,5215.8300,101.9500,5113.8800
19644,1647,5284.9200,171.7200,5113.2000
10813,1469,5215.6400,102.6700,5112.9700
2152,883,5793.5200,681.3400,5112.1800
9892,1346,5215.6400,103.5200,5112.1200
19767,1210,6494.2800,1382.8300,5111.4500
14449,1957,6330.6400,1220.0500,5110.5900
17181,60,5747.2500,638.1700,5109.0800
4230,445,5566.1100,457.3300,5108.7800
18050,1031,5646.1500,543.8200,5102.3300
11950,266,6480.1500,1378.5900,5101.5600
13404,1656,6713.7200,1612.8500,5100.8700
895,934,6297.2100,1197.7800,5099.4300
7006,37,5215.8300,117.3600,5098.4700
13406,1207,5357.5000,260.1100,5097.3900
9278,1458,6753.5000,1656.1600,5097.3400
17628,1327,6480.1500,1386.6200,5093.5300
18713,1977,5090.6500,null,5090.6500
11701,178,5090.6500,null,5090.6500
12605,413,6713.7200,1624.0000,5089.7200
591,1108,5646.1500,557.6100,5088.5400
7271,876,5086.4400,null,5086.4400
1797,1643,5086.4400,null,5086.4400
4848,1135,5086.4400,null,5086.4400
11762,1276,6073.2800,988.8000,5084.4800
5481,520,6047.1300,964.7300,5082.4000
2853,296,5793.5200,711.5700,5081.9500
11194,269,5460.1500,379.0100,5081.1400
13538,633,5215.6400,134.8000,5080.8400
18451,1968,5375.8200,296.2500,5079.5700
3091,510,5457.1000,379.5100,5077.5900
9343,1661,6494.2800,1417.3600,5076.9200
4336,621,5184.1200,107.5800,5076.5400
12875,647,6954.4400,1878.9400,5075.5000
9092,1445,5646.1500,570.9400,5075.2100
3401,1703,5215.8300,141.3000,5074.5300
2962,1831,6494.2800,1422.0000,5072.2800
4531,1223,6047.1300,976.5200,5070.6100
3466,203,5800.5500,731.5400,5069.0100
7030,1139,5646.1500,577.5600,5068.5900
8822,292,5294.1600,225.8200,5068.3400
7722,851,6831.0900,1763.1500,5067.9400
13903,1804,5747.2500,679.3900,5067.8600
14009,526,6107.5200,1040.9300,5066.5900
1602,422,5684.2500,617.8800,5066.3700
543,1781,6073.2800,1006.9100,5066.3700
16397,429,6330.6400,1264.3700,5066.2700
10658,243,6507.4500,1443.6000,5063.8500
12774,1323,6644.7600,1581.9400,5062.8200
6260,1964,5651.2500,588.8600,5062.3900
15137,134,6569.2800,1508.6900,5060.5900
11730,177,6473.5800,1413.2800,5060.3000
18433,1670,6002.5500,945.9400,5056.6100
19844,1906,6495.1200,1439.1700,5055.9500
12726,1845,5651.2500,596.0300,5055.2200
5020,870,5184.1200,131.5500,5052.5700
12830,986,6507.4500,1455.0600,5052.3900
4071,902,6644.7600,1593.1800,5051.5800
14880,1689,5646.1500,595.3200,5050.8300
16566,132,6002.5500,953.2000,5049.3500
9783,1319,5428.3500,379.5800,5048.7700
1930,357,6047.1300,999.9600,5047.1700
9467,1554,5394.2000,347.2200,5046.9800
15234,1805,5651.2500,604.3200,5046.9300
1303,889,6047.1300,1000.5700,5046.5600
9149,1644,6753.5000,1707.6400,5045.8600
1112,1506,6107.5200,1062.0900,5045.4300
19211,1369,5362.1700,316.9400,5045.2300
13217,1637,5294.1600,250.5200,5043.6400
14022,952,6402.7600,1360.7700,5041.9900
10989,1050,5800.5500,760.2500,5040.3000
18718,1480,6108.3900,1068.2100,5040.1800
6972,1158,5406.7800,370.1700,5036.6100
16442,97,6449.3200,1412.9600,5036.3600
7782,1493,5035.2900,null,5035.2900
10580,148,5035.2900,null,5035.2900
11568,486,5035.2900,null,5035.2900
12174,1913,5035.2900,null,5035.2900
7827,318,6108.3900,1073.2700,5035.1200
8978,990,5457.1000,422.1000,5035.0000
9223,317,6713.7200,1678.7200,5035.0000
7419,454,6358.0500,1324.9300,5033.1200
8910,596,6644.7600,1611.9900,5032.7700
15437,1352,5646.1500,614.3600,5031.7900
16046,499,6297.2100,1265.6300,5031.5800
8423,308,5800.5500,769.0800,5031.4700
3490,702,6029.5600,998.6600,5030.9000
19857,411,6954.4400,1923.8800,5030.5600
19154,1901,6473.5800,1444.5400,5029.0400
4151,496,5457.1000,428.2800,5028.8200
18064,352,5297.5500,269.4400,5028.1100
14524,138,6633.3200,1606.3100,5027.0100
6464,1874,5362.1700,337.3100,5024.8600
14871,651,5215.8300,191.4800,5024.3500
7343,1385,6073.2800,1049.8200,5023.4600
16593,201,6753.5000,1733.6800,5019.8200
13007,41,5344.7700,325.9200,5018.8500
14419,1156,6358.0500,1342.2800,5015.7700
11862,1611,6507.4500,1491.9800,5015.4700
3917,1894,5215.8300,201.5100,5014.3200
3759,409,6330.6400,1316.6000,5014.0400
1698,1084,5215.6400,201.9000,5013.7400
2471,312,6473.5800,1461.0800,5012.5000
3976,1025,5747.2500,735.3600,5011.8900
6825,433,6633.3200,1622.9000,5010.4200
4558,83,5566.1100,556.5300,5009.5800
19275,1774,5651.2500,643.1300,5008.1200
9690,1918,5747.2500,739.4200,5007.8300
16708,827,6569.2800,1561.7700,5007.5100
3163,1369,5375.8200,368.4700,5007.3500
13907,519,5344.7700,337.5400,5007.2300
18708,1223,6402.7600,1395.9000,5006.8600
19375,1373,6644.7600,1638.4500,5006.3100
12779,402,6473.5800,1468.8500,5004.7300
9572,1809,6753.5000,1749.0100,5004.4900
18731,792,6713.7200,1709.2500,5004.4700
1279,908,6519.5500,1516.7100,5002.8400
19847,1838,5357.5000,356.2800,5001.2200
17383,524,6519.5500,1518.9800,5000.5700
8608,652,6473.5800,1473.7400,4999.8400
1049,355,6753.5000,1754.0900,4999.4100
18927,643,5428.3500,430.2600,4998.0900
5139,1809,5793.5200,796.3400,4997.1800
6304,961,6480.1500,1483.3200,4996.8300
14074,1309,6831.0900,1834.5700,4996.5200
6697,433,6449.3200,1452.8800,4996.4400
1785,229,6569.2800,1573.5100,4995.7700
776,1023,5386.3500,391.3200,4995.0300
6551,1359,5778.2000,784.4200,4993.7800
2849,1472,6107.5200,1114.6000,4992.9200
1030,1841,6073.2800,1081.3700,4991.9100
562,178,5684.2500,692.9400,4991.3100
12755,1324,5357.5000,367.2300,4990.2700
13433,949,5428.3500,438.9800,4989.3700
7512,316,6507.4500,1518.3100,4989.1400
6735,1766,5511.3600,522.3000,4989.0600
16086,1375,6569.2800,1580.5600,4988.7200
8643,1839,6002.5500,1013.8600,4988.6900
14179,1210,6831.0900,1842.4300,4988.6600
6522,1026,6480.1500,1491.8400,4988.3100
5133,8,5205.9600,218.1000,4987.8600
13295,1321,6519.5500,1533.1900,4986.3600
11228,502,5742.3200,756.5900,4985.7300
5664,933,5297.5500,312.0800,4985.4700
1313,236,6330.6400,1345.3800,4985.2600
7038,82,6480.1500,1496.3100,4983.8400
19588,236,5215.8300,232.2300,4983.6000
10424,229,4983.5700,null,4983.5700
18179,305,4983.5700,null,4983.5700
17166,908,4983.5700,null,4983.5700
6876,184,6402.7600,1419.2800,4983.4800
9801,276,5778.2000,796.0100,4982.1900
11946,902,5800.5500,818.3700,4982.1800
3326,45,6047.1300,1065.0600,4982.0700
2165,378,5394.2000,412.8400,4981.3600
11332,1079,6495.1200,1514.7700,4980.3500
11262,1281,6644.7600,1664.8300,4979.9300
5068,1032,5428.3500,449.3700,4978.9800
8857,741,5457.1000,479.4600,4977.6400
11172,992,5742.3200,764.8200,4977.5000
10090,401,5457.1000,480.7500,4976.3500
5787,360,5215.6400,239.3500,4976.2900
10434,398,5457.1000,480.9400,4976.1600
15806,1221,4974.9900,null,4974.9900
11930,381,6569.2800,1596.9500,4972.3300
8187,878,5402.8000,432.0600,4970.7400
10283,1066,6107.5200,1137.5200,4970.0000
11999,521,6002.5500,1033.1900,4969.3600
19166,1971,5651.2500,682.1700,4969.0800
11168,1719,6519.5500,1553.7100,4965.8400
6904,821,5086.4400,121.7700,4964.6700
8033,1666,6954.4400,1990.4400,4964.0000
9289,652,5344.7700,381.2700,4963.5000
8376,1246,5402.8000,441.7100,4961.0900
3145,1239,6633.3200,1672.2500,4961.0700
10592,1556,5090.6500,130.4800,4960.1700
17549,66,5086.4400,126.9200,4959.5200
6168,186,6107.5200,1148.3500,4959.1700
11981,792,5428.3500,469.4700,4958.8800
1223,1955,6047.1300,1089.1700,4957.9600
10777,635,5215.6400,257.8600,4957.7800
8900,839,5205.9600,249.2200,4956.7400
12182,485,6480.1500,1524.0400,4956.1100
1408,1179,6402.7600,1446.7900,4955.9700
577,329,6494.2800,1540.2200,4954.0600
11007,1786,5747.2500,793.2300,4954.0200
15201,238,6029.5600,1076.2600,4953.3000
7523,1731,5362.1700,408.9500,4953.2200
17835,420,5402.8000,449.7600,4953.0400
3352,375,6107.5200,1154.6600,4952.8600
12609,290,6002.5500,1050.1500,4952.4000
286,1124,5793.5200,841.7100,4951.8100
12807,555,6330.6400,1380.3100,4950.3300
9583,1213,6473.5800,1525.0500,4948.5300
3043,486,5747.2500,799.4500,4947.8000
8709,993,6753.5000,1806.1000,4947.4000
1164,1384,5644.6500,697.5400,4947.1100
15942,923,5284.9200,338.5600,4946.3600
12995,133,5742.3200,797.4500,4944.8700
7492,863,6402.7600,1459.9600,4942.8000
18358,251,6330.6400,1387.8900,4942.7500
18518,1102,6473.5800,1532.5300,4941.0500
5502,1959,6831.0900,1890.4400,4940.6500
1495,213,6473.5800,1534.2300,4939.3500
8527,664,5742.3200,803.0400,4939.2800
15151,1246,5644.6500,706.6400,4938.0100
15877,269,5215.6400,281.5200,4934.1200
1998,1345,5297.5500,367.3900,4930.1600
10483,1661,6073.2800,1143.1700,4930.1100
9933,1568,5297.5500,367.8400,4929.7100
8507,1546,5747.2500,818.1100,4929.1400
11149,1844,6330.6400,1401.8300,4928.8100
13609,1093,5284.9200,356.4400,4928.4800
11515,807,6569.2800,1641.3600,4927.9200
12654,194,5800.5500,873.2900,4927.2600
932,1054,4926.9600,null,4926.9600
18116,1274,6494.2800,1569.5300,4924.7500
18754,693,5778.2000,853.5200,4924.6800
19232,1794,6029.5600,1106.1900,4923.3700
6226,1613,6569.2800,1646.9200,4922.3600
19884,1532,5386.3500,464.1400,4922.2100
4193,357,6519.5500,1597.9200,4921.6300
18079,537,5406.7800,485.2100,4921.5700
8043,101,6633.3200,1712.3600,4920.9600
9314,1276,6108.3900,1191.0600,4917.3300
14095,811,6494.2800,1577.2600,4917.0200
1239,1200,5511.3600,594.4100,4916.9500
14933,176,5742.3200,826.3300,4915.9900
11695,698,5362.1700,446.9400,4915.2300
8790,759,6495.1200,1580.1000,4915.0200
19930,846,6713.7200,1798.7800,4914.9400
15581,1460,5375.8200,461.1800,4914.6400
14344,57,6644.7600,1730.1500,4914.6100
16820,1618,6297.2100,1383.5100,4913.7000
15692,259,6569.2800,1656.4600,4912.8200
19385,1202,5294.1600,382.0800,4912.0800
16631,1530,5394.2000,482.3200,4911.8800
14918,153,6713.7200,1802.9200,4910.8000
12963,1872,5644.6500,735.1100,4909.5400
19848,129,5747.2500,838.0100,4909.2400
19179,419,5651.2500,742.0600,4909.1900
14175,574,6644.7600,1735.6400,4909.1200
14735,753,5651.2500,743.9100,4907.3400
1756,666,5800.5500,893.9500,4906.6000
19651,553,6865.8600,1960.1100,4905.7500
12466,900,6633.3200,1727.6200,4905.7000
11056,96,5035.2900,130.2900,4905.0000
6423,1992,6507.4500,1603.6600,4903.7900
16124,1154,5651.2500,747.8700,4903.3800
15334,793,5297.5500,394.2400,4903.3100
8310,1154,6569.2800,1666.3900,4902.8900
11401,965,6507.4500,1604.7500,4902.7000
6582,1099,5215.8300,313.7500,4902.0800
11207,1824,6358.0500,1456.5500,4901.5000
4465,61,6569.2800,1669.7900,4899.4900
6924,402,6029.5600,1131.0600,4898.5000
17971,1820,6480.1500,1581.8800,4898.2700
17016,1263,5215.8300,317.8700,4897.9600
6317,518,6449.3200,1552.5300,4896.7900
17586,1276,5215.6400,319.5500,4896.0900
12584,1425,5402.8000,507.5400,4895.2600
1132,481,5086.4400,191.2200,4895.2200
18226,480,6297.2100,1402.8600,4894.3500
6864,335,5394.2000,499.9600,4894.2400
19581,700,5294.1600,400.7700,4893.3900
5018,1504,6494.2800,1601.0400,4893.2400
1476,1582,5215.8300,323.7700,4892.0600
3881,330,5457.1000,565.1600,4891.9400
13601,1166,6107.5200,1216.0000,4891.5200
4113,1957,6644.7600,1753.6600,4891.1000
18469,1508,5684.2500,794.2400,4890.0100
14537,711,5086.4400,196.8000,4889.6400
1667,1719,5090.6500,201.2900,4889.3600
8691,1638,6449.3200,1560.1400,4889.1800
3111,364,5035.2900,146.2500,4889.0400
17320,1759,6519.5500,1631.7600,4887.7900
7847,1704,5086.4400,201.7700,4884.6700
3080,1257,5205.9600,322.3300,4883.6300
10575,1499,6297.2100,1413.9700,4883.2400
2619,1969,5644.6500,762.5600,4882.0900
16088,1619,6297.2100,1416.6000,4880.6100
1763,874,6480.1500,1599.7700,4880.3800
10664,1138,6831.0900,1951.3700,4879.7200
5639,316,5457.1000,579.0900,4878.0100
17696,1521,6507.4500,1629.7800,4877.6700
16336,383,6358.0500,1480.5700,4877.4800
18349,1469,6865.8600,1988.4400,4877.4200
16054,1272,6494.2800,1616.8900,4877.3900
18960,853,6507.4500,1630.2600,4877.1900
881,1285,6713.7200,1839.1100,4874.6100
14628,265,5215.8300,341.6100,4874.2200
13971,169,5651.2500,778.8300,4872.4200
17636,1738,6569.2800,1697.0900,4872.1900
7385,1850,6753.5000,1881.5900,4871.9100
8698,595,4870.7100,null,4870.7100
16529,1842,4870.7100,null,4870.7100
7174,173,4870.7100,null,4870.7100
13584,1830,4870.7100,null,4870.7100
10751,252,5742.3200,871.8900,4870.4300
13390,1960,5394.2000,523.9900,4870.2100
14040,764,5793.5200,923.4800,4870.0400
11324,971,6402.7600,1535.5800,4867.1800
4670,438,5375.8200,508.7900,4867.0300
8359,30,5406.7800,539.8700,4866.9100
12931,415,6449.3200,1582.9500,4866.3700
15628,892,5742.3200,876.0800,4866.2400
2920,1478,6297.2100,1431.8700,4865.3400
8775,2,6073.2800,1208.6400,4864.6400
2043,753,5215.6400,351.4300,4864.2100
12195,405,6449.3200,1586.1900,4863.1300
3265,1435,5184.1200,321.0200,4863.1000
15731,281,6358.0500,1495.5600,4862.4900
17900,1084,6108.3900,1247.7900,4860.6000
12240,695,5747.2500,886.8600,4860.3900
1794,615,5086.4400,226.7700,4859.6700
14413,1743,5651.2500,791.7000,4859.5500
19061,1139,5215.6400,359.3900,4856.2500
9035,1368,5215.6400,359.4400,4856.2000
6077,1733,5284.9200,429.6100,4855.3100
8963,1671,6569.2800,1714.7100,4854.5700
8032,1168,5747.2500,892.8500,4854.4000
3223,1464,5684.2500,831.8200,4852.4300
12172,1935,5646.1500,793.8600,4852.2900
250,31,5457.1000,607.2600,4849.8400
8692,966,5357.5000,507.9700,4849.5300
2908,1958,6519.5500,1670.4700,4849.0800
11957,725,6073.2800,1225.1400,4848.1400
14328,1477,5644.6500,796.8200,4847.8300
7322,133,5394.2000,546.5600,4847.6400
3722,897,6029.5600,1182.5200,4847.0400
4434,453,6494.2800,1647.4700,4846.8100
9197,110,5511.3600,664.5800,4846.7800
13541,1442,5086.4400,240.7400,4845.7000
8573,1168,5394.2000,549.3800,4844.8200
7942,1143,6297.2100,1453.4300,4843.7800
17172,416,6449.3200,1605.8000,4843.5200
17548,1987,6047.1300,1204.1700,4842.9600
2011,986,5375.8200,533.7000,4842.1200
5404,955,6029.5600,1190.3000,4839.2600
18435,1726,4837.5000,null,4837.5000
17267,1727,4837.5000,null,4837.5000
8271,1030,4837.5000,null,4837.5000
15089,1377,4837.5000,null,4837.5000
12984,586,4836.9900,null,4836.9900
9079,1320,4836.9900,null,4836.9900
11682,1611,4836.9900,null,4836.9900
15738,921,5357.5000,520.6200,4836.8800
7408,1418,6107.5200,1270.7500,4836.7700
3221,713,6519.5500,1682.7800,4836.7700
2505,262,6633.3200,1797.0400,4836.2800
14359,1061,5428.3500,592.4100,4835.9400
19415,346,5428.3500,594.9600,4833.3900
17275,1572,5375.8200,543.3300,4832.4900
13913,1698,6330.6400,1501.4900,4829.1500
13526,141,6473.5800,1644.5400,4829.0400
17361,979,6330.6400,1502.0100,4828.6300
3504,1356,5386.3500,557.7900,4828.5600
3026,394,6073.2800,1246.9300,4826.3500
9388,860,6297.2100,1471.9800,4825.2300
4257,498,5800.5500,975.5200,4825.0300
13681,421,6108.3900,1283.8800,4824.5100
19958,1877,5386.3500,561.8800,4824.4700
1755,1099,6473.5800,1649.5300,4824.0500
6775,1686,6494.2800,1670.5300,4823.7500
4160,1029,5297.5500,476.9200,4820.6300
13188,1899,5284.9200,466.1500,4818.7700
13052,1901,6002.5500,1184.3500,4818.2000
14482,1754,6449.3200,1631.6400,4817.6800
7927,1237,5394.2000,577.2400,4816.9600
5094,685,6029.5600,1213.3400,4816.2200
8321,1105,6713.7200,1898.0500,4815.6700
14702,1389,6753.5000,1939.1400,4814.3600
3693,164,5646.1500,831.8000,4814.3500
5105,1886,6330.6400,1517.2800,4813.3600
8685,1599,5457.1000,643.7700,4813.3300
6650,1048,5375.8200,562.7400,4813.0800
10160,556,6473.5800,1660.8800,4812.7000
2013,1132,5742.3200,929.8400,4812.4800
17205,122,5457.1000,644.7700,4812.3300
16671,412,5428.3500,616.5200,4811.8300
12876,1176,6358.0500,1546.3900,4811.6600
4498,1853,6073.2800,1262.0100,4811.2700
5517,838,6569.2800,1760.8800,4808.4000
12857,380,5344.7700,536.7900,4807.9800
1506,1877,4807.6000,null,4807.6000
15683,1744,4807.6000,null,4807.6000
2064,972,4807.6000,null,4807.6000
15319,1852,4807.6000,null,4807.6000
12768,27,4807.6000,null,4807.6000
7055,1040,6495.1200,1688.1300,4806.9900
19212,558,6495.1200,1688.1400,4806.9800
11628,1465,6029.5600,1224.0100,4805.5500
9993,210,4974.9900,170.9800,4804.0100
2770,31,6108.3900,1304.5000,4803.8900
19982,937,5778.2000,974.6900,4803.5100
6125,116,5747.2500,944.9000,4802.3500
12676,1325,4802.0700,null,4802.0700
502,700,4802.0700,null,4802.0700
9847,33,4802.0700,null,4802.0700
3188,1848,4802.0700,null,4802.0700
6086,1529,4802.0700,null,4802.0700
14361,458,5394.2000,593.0300,4801.1700
8215,1659,5362.1700,561.3700,4800.8000
14349,47,5215.8300,415.5900,4800.2400
13600,212,6495.1200,1694.9300,4800.1900
18434,922,5394.2000,595.2100,4798.9900
7991,726,4798.9500,null,4798.9500
4624,661,4798.9500,null,4798.9500
12464,1607,4798.9500,null,4798.9500
10518,1591,4798.9500,null,4798.9500
12922,499,5215.6400,417.1700,4798.4700
4750,326,5460.1500,664.0600,4796.0900
9474,806,5428.3500,634.5800,4793.7700
11361,1616,5184.1200,390.8400,4793.2800
17862,1421,6473.5800,1681.1800,4792.4000
4938,217,6495.1200,1703.4200,4791.7000
17614,532,5090.6500,301.6200,4789.0300
7372,350,6753.5000,1966.4500,4787.0500
16709,716,6494.2800,1708.3500,4785.9300
1028,448,6047.1300,1261.6400,4785.4900
16562,684,6108.3900,1323.7000,4784.6900
4506,175,5460.1500,675.5100,4784.6400
16028,1925,6402.7600,1619.0300,4783.7300
19790,1650,5375.8200,592.9200,4782.9000
7205,1984,6073.2800,1290.9100,4782.3700
19920,1385,5086.4400,304.3100,4782.1300
9140,1553,6633.3200,1851.5900,4781.7300
7643,162,6507.4500,1726.0700,4781.3800
896,312,6029.5600,1248.2000,4781.3600
7529,1807,6644.7600,1865.8300,4778.9300
5047,1586,5215.6400,437.4000,4778.2400
9852,492,5747.2500,969.0400,4778.2100
2376,1565,4974.9900,196.9500,4778.0400
17933,1315,5215.8300,438.1500,4777.6800
17277,1260,6330.6400,1552.9700,4777.6700
15925,1468,6029.5600,1253.4700,4776.0900
8699,27,5457.1000,681.0100,4776.0900
18885,1052,5566.1100,790.2700,4775.8400
11082,1155,6073.2800,1298.7100,4774.5700
8741,902,5800.5500,1026.0400,4774.5100
2741,1965,5205.9600,431.6900,4774.2700
13059,533,6297.2100,1523.1200,4774.0900
6818,1147,5651.2500,878.4200,4772.8300
19457,1891,6644.7600,1873.2800,4771.4800
9617,616,5035.2900,264.8600,4770.4300
14857,1643,6358.0500,1587.6600,4770.3900
19156,1535,5284.9200,515.0900,4769.8300
16662,1977,5086.4400,317.2400,4769.2000
11901,996,5800.5500,1031.3700,4769.1800
3511,205,6449.3200,1681.1800,4768.1400
16451,807,5184.1200,416.5700,4767.5500
18689,1338,6480.1500,1712.7300,4767.4200
3273,1936,5357.5000,592.0800,4765.4200
6612,1499,6029.5600,1265.1600,4764.4000
3809,615,6569.2800,1805.7700,4763.5100
10373,1597,5184.1200,420.6400,4763.4800
5707,630,6073.2800,1310.4800,4762.8000
4818,1173,6108.3900,1346.6100,4761.7800
12948,348,5344.7700,583.4900,4761.2800
9650,1569,5294.1600,533.1500,4761.0100
296,950,4983.5700,222.6500,4760.9200
1446,1588,6358.0500,1598.7300,4759.3200
16279,1636,5457.1000,698.1500,4758.9500
3177,1569,5402.8000,646.3800,4756.4200
19401,1982,6002.5500,1247.0100,4755.5400
15362,1744,5747.2500,993.3100,4753.9400
9355,979,6073.2800,1320.1300,4753.1500
3535,1696,5357.5000,604.7000,4752.8000
1027,1989,6633.3200,1882.3900,4750.9300
10746,1063,6029.5600,1278.9800,4750.5800
3324,1021,6495.1200,1744.6200,4750.5000
10250,888,6569.2800,1819.6200,4749.6600
16421,370,5386.3500,637.0600,4749.2900
13529,380,5644.6500,895.9700,4748.6800
19124,57,4747.9800,null,4747.9800
5919,898,4747.9800,null,4747.9800
1470,659,4747.9800,null,4747.9800
4745,571,5793.5200,1047.4400,4746.0800
12161,844,6831.0900,2085.5800,4745.5100
19698,906,5215.8300,471.8300,4744.0000
14357,1787,5793.5200,1050.4800,4743.0400
7283,835,5402.8000,660.9100,4741.8900
8658,1960,5086.4400,344.5600,4741.8800
7439,833,5086.4400,344.6400,4741.8000
18380,1286,5184.1200,442.9500,4741.1700
19497,149,5386.3500,648.0800,4738.2700
16241,226,6047.1300,1309.0400,4738.0900
2877,878,5511.3600,773.3100,4738.0500
11772,996,6507.4500,1769.8100,4737.6400
1200,1512,5386.3500,649.8800,4736.4700
19010,1696,6519.5500,1784.0700,4735.4800
18562,1440,6865.8600,2130.4900,4735.3700
4599,581,5205.9600,471.2400,4734.7200
15301,1206,5035.2900,301.3600,4733.9300
19006,1816,5090.6500,357.5600,4733.0900
4463,1666,6047.1300,1315.4000,4731.7300
16972,1471,6644.7600,1913.4000,4731.3600
14967,1360,6107.5200,1376.2900,4731.2300
10856,1771,5646.1500,915.2500,4730.9000
6008,1034,6449.3200,1720.0100,4729.3100
4117,1145,5344.7700,618.5800,4726.1900
5730,1617,4837.5000,111.3400,4726.1600
19335,242,4836.9900,113.0400,4723.9500
17301,1954,6473.5800,1750.2100,4723.3700
7344,1316,6073.2800,1350.5000,4722.7800
19748,1615,5800.5500,1078.3100,4722.2400
5868,48,5205.9600,484.0500,4721.9100
3487,1095,6633.3200,1911.4300,4721.8900
9961,1352,5362.1700,640.5800,4721.5900
17018,1182,4836.9900,115.4500,4721.5400
2507,319,5793.5200,1072.0900,4721.4300
11247,820,6495.1200,1774.1000,4721.0200
8291,481,5747.2500,1026.3700,4720.8800
2778,1789,5406.7800,685.9200,4720.8600
13866,1349,5386.3500,665.6500,4720.7000
11947,1228,5793.5200,1072.9200,4720.6000
15645,886,4837.5000,116.9200,4720.5800
10877,38,6073.2800,1353.5700,4719.7100
846,503,5090.6500,374.2300,4716.4200
16414,456,5215.8300,499.4900,4716.3400
3261,1707,5793.5200,1077.2700,4716.2500
16407,433,5215.6400,499.9100,4715.7300
13,267,5646.1500,931.4600,4714.6900
10454,1997,5742.3200,1028.5700,4713.7500
14387,330,6108.3900,1394.9900,4713.4000
15377,508,5386.3500,673.9800,4712.3700
12511,1201,4983.5700,271.4300,4712.1400
1729,828,5428.3500,716.4300,4711.9200
19806,1369,6449.3200,1738.4500,4710.8700
14101,680,5386.3500,675.7300,4710.6200
2531,853,6073.2800,1364.0300,4709.2500
9284,1866,5090.6500,382.5300,4708.1200
17626,1281,5205.9600,498.3800,4707.5800
14920,967,6358.0500,1652.8400,4705.2100
6640,1206,5344.7700,641.4100,4703.3600
7163,1571,5184.1200,480.8100,4703.3100
5376,1886,6108.3900,1406.1400,4702.2500
4872,1331,4836.9900,135.5400,4701.4500
13840,670,5511.3600,810.4100,4700.9500
15960,653,4870.7100,171.6500,4699.0600
12758,1854,5284.9200,585.8800,4699.0400
18516,1442,5428.3500,730.2900,4698.0600
18632,706,5284.9200,587.5200,4697.4000
15972,561,6480.1500,1783.6700,4696.4800
19910,179,6569.2800,1875.2300,4694.0500
6176,1212,4926.9600,233.1400,4693.8200
12332,704,6107.5200,1413.7900,4693.7300
15003,1438,6107.5200,1415.1900,4692.3300
19090,122,5566.1100,874.1200,4691.9900
8713,28,5742.3200,1051.4200,4690.9000
15454,1042,5086.4400,396.3600,4690.0800
12199,1232,5297.5500,608.3100,4689.2400
12337,122,6644.7600,1956.4100,4688.3500
1876,917,5778.2000,1089.9300,4688.2700
7632,891,6358.0500,1670.0000,4688.0500
6343,418,5800.5500,1112.6600,4687.8900
4644,400,5644.6500,956.9700,4687.6800
4074,422,5646.1500,959.2700,4686.8800
2850,1732,4870.7100,187.1000,4683.6100
3132,224,5394.2000,710.6800,4683.5200
2048,233,5457.1000,774.5100,4682.5900
8114,68,5511.3600,828.8300,4682.5300
18908,803,5651.2500,970.1800,4681.0700
5087,1763,5566.1100,886.2200,4679.8900
10520,294,6633.3200,1953.8600,4679.4600
15179,447,5428.3500,749.6200,4678.7300
13378,1436,4837.5000,161.3600,4676.1400
8420,1761,6073.2800,1400.5300,4672.7500
19258,826,5035.2900,362.9000,4672.3900
11439,1894,6330.6400,1658.3400,4672.3000
2705,1397,5644.6500,972.4000,4672.2500
18590,1129,4807.6000,135.9300,4671.6700
14548,589,6107.5200,1436.2600,4671.2600
5057,842,5215.6400,544.6600,4670.9800
16105,778,5651.2500,980.3800,4670.8700
4786,1673,4974.9900,305.2200,4669.7700
1370,118,4983.5700,314.3000,4669.2700
12808,1041,6047.1300,1378.6400,4668.4900
11051,335,4807.6000,139.1300,4668.4700
16842,1959,5406.7800,741.2800,4665.5000
14510,1079,5294.1600,629.0400,4665.1200
14554,395,5294.1600,629.3400,4664.8200
5691,1883,6480.1500,1815.4500,4664.7000
18055,838,5344.7700,680.7500,4664.0200
16447,787,4983.5700,320.1100,4663.4600
8926,1781,5646.1500,982.7200,4663.4300
2831,163,6569.2800,1906.4100,4662.8700
11070,925,6358.0500,1695.2400,4662.8100
4260,419,6644.7600,1982.8900,4661.8700
3882,381,5566.1100,905.2200,4660.8900
16838,738,6108.3900,1447.6200,4660.7700
13602,545,5457.1000,797.2300,4659.8700
4273,40,5086.4400,426.7800,4659.6600
4807,344,5406.7800,750.2900,4656.4900
3566,1701,5457.1000,800.7500,4656.3500
17495,400,4807.6000,151.8800,4655.7200
8540,1026,6358.0500,1703.6100,4654.4400
14869,349,5344.7700,691.1100,4653.6600
7118,1455,6494.2800,1840.9200,4653.3600
167,286,5644.6500,991.4800,4653.1700
7940,50,5284.9200,631.9500,4652.9700
8996,1217,6358.0500,1705.2300,4652.8200
1840,1598,5742.3200,1090.6300,4651.6900
4946,321,5428.3500,776.7900,4651.5600
7074,462,6495.1200,1844.2000,4650.9200
4934,573,5386.3500,736.2300,4650.1200
19255,1874,5460.1500,810.5300,4649.6200
6468,181,5747.2500,1099.1900,4648.0600
13457,43,4837.5000,189.6400,4647.8600
10357,129,5215.6400,569.1800,4646.4600
3780,587,5406.7800,760.7600,4646.0200
19522,190,6047.1300,1402.1700,4644.9600
2040,769,5205.9600,562.7000,4643.2600
7248,947,6108.3900,1466.2700,4642.1200
664,1638,5294.1600,652.2100,4641.9500
16664,920,4802.0700,160.8800,4641.1900
18618,1127,6507.4500,1866.5900,4640.8600
17854,781,6633.3200,1992.5500,4640.7700
17353,1268,5086.4400,445.9400,4640.5000
18430,877,4640.4400,null,4640.4400
18830,1258,4640.4400,null,4640.4400
7222,671,4640.4400,null,4640.4400
293,959,5651.2500,1011.1900,4640.0600
6915,1872,6108.3900,1468.3500,4640.0400
3415,364,5800.5500,1163.2400,4637.3100
19145,1326,6297.2100,1659.9600,4637.2500
6406,1038,6002.5500,1368.2000,4634.3500
15402,986,5646.1500,1011.8100,4634.3400
11472,303,6358.0500,1724.7300,4633.3200
16751,1252,6569.2800,1936.0000,4633.2800
17737,1377,6107.5200,1474.2500,4633.2700
18647,1029,6047.1300,1414.0500,4633.0800
4019,1340,4632.3000,null,4632.3000
3653,574,4632.3000,null,4632.3000
12537,1897,4632.3000,null,4632.3000
5600,1234,4632.3000,null,4632.3000
5003,802,4632.3000,null,4632.3000
553,1094,4632.3000,null,4632.3000
12820,1911,6047.1300,1415.3300,4631.8000
13252,1958,5215.6400,584.1500,4631.4900
37,1985,4974.9900,344.1700,4630.8200
11368,1417,5800.5500,1169.7600,4630.7900
16133,804,5778.2000,1148.1200,4630.0800
5102,1300,4747.9800,118.2000,4629.7800
10565,227,5184.1200,554.4200,4629.7000
5985,394,5086.4400,457.0800,4629.3600
1854,101,6330.6400,1702.0100,4628.6300
5202,1431,6108.3900,1480.7800,4627.6100
16801,1321,5747.2500,1121.0800,4626.1700
7757,1537,4926.9600,301.3400,4625.6200
7727,1988,5778.2000,1153.2100,4624.9900
16215,748,6449.3200,1826.7600,4622.5600
8451,223,4837.5000,220.5200,4616.9800
15551,32,6495.1200,1879.7600,4615.3600
16534,422,5402.8000,787.5800,4615.2200
17596,1588,5406.7800,793.5300,4613.2500
1218,8,5511.3600,898.7700,4612.5900
3549,1481,5428.3500,818.4800,4609.8700
2184,432,5644.6500,1035.0900,4609.5600
12273,118,6473.5800,1864.0200,4609.5600
11424,1230,4870.7100,262.4300,4608.2800
18815,1325,6495.1200,1887.1600,4607.9600
1665,1263,5386.3500,778.4400,4607.9100
8763,1673,4983.5700,376.1200,4607.4500
11729,44,5357.5000,752.2200,4605.2800
17959,719,6569.2800,1964.1500,4605.1300
17186,1349,4870.7100,266.1700,4604.5400
16999,1098,5344.7700,743.3700,4601.4000
720,1790,5651.2500,1053.9100,4597.3400
127,429,4747.9800,151.2800,4596.7000
5021,23,5460.1500,864.7400,4595.4100
12970,86,6519.5500,1926.3500,4593.2000
16898,670,5644.6500,1051.9900,4592.6600
2744,379,6473.5800,1880.9900,4592.5900
2743,1362,5511.3600,921.2600,4590.1000
1564,76,6330.6400,1741.0300,4589.6100
17726,238,4870.7100,281.2900,4589.4200
6497,1429,5184.1200,594.8400,4589.2800
1235,502,4983.5700,394.3800,4589.1900
905,1609,6358.0500,1769.1900,4588.8600
14679,1208,6480.1500,1893.0600,4587.0900
16411,511,5294.1600,707.5700,4586.5900
197,1970,6402.7600,1816.9600,4585.8000
16892,861,4870.7100,285.4400,4585.2700
4096,1840,6047.1300,1464.7400,4582.3900
3600,1995,5394.2000,812.2500,4581.9500
9944,330,4836.9900,256.3600,4580.6300
18696,580,6107.5200,1526.9900,4580.5300
14959,1454,5294.1600,715.8500,4578.3100
5382,205,5778.2000,1200.4900,4577.7100
5814,1538,5406.7800,829.1200,4577.6600
8249,704,6569.2800,1991.7800,4577.5000
4766,595,4577.2400,null,4577.2400
14730,1845,4577.2400,null,4577.2400
4556,599,4577.2400,null,4577.2400
12277,446,6473.5800,1898.5300,4575.0500
10322,1337,4983.5700,409.5500,4574.0200
12111,72,6047.1300,1474.1100,4573.0200
12358,247,6449.3200,1876.3800,4572.9400
10651,1317,5386.3500,813.5000,4572.8500
13020,735,4836.9900,264.3900,4572.6000
11459,1200,5362.1700,789.7900,4572.3800
19429,1425,5294.1600,722.9100,4571.2500
2304,1121,6358.0500,1788.7300,4569.3200
13553,1733,5406.7800,837.7700,4569.0100
10790,162,4807.6000,239.1200,4568.4800
2810,1407,4837.5000,270.2500,4567.2500
1185,913,4802.0700,234.9900,4567.0800
11873,1861,6330.6400,1764.7700,4565.8700
13613,1893,4926.9600,361.7500,4565.2100
6362,328,4983.5700,418.7700,4564.8000
9036,740,6449.3200,1885.8500,4563.4700
16795,892,6330.6400,1769.0100,4561.6300
18793,1276,5511.3600,950.2900,4561.0700
10689,415,5511.3600,951.3400,4560.0200
19461,1877,5297.5500,739.4900,4558.0600
681,1773,4983.5700,425.5600,4558.0100
9479,950,5457.1000,899.4800,4557.6200
12259,7,6480.1500,1922.8600,4557.2900
1625,1013,5644.6500,1087.7200,4556.9300
11028,1518,5406.7800,850.9200,4555.8600
3051,176,6108.3900,1552.5400,4555.8500
7637,627,4554.9600,null,4554.9600
11557,298,4554.9600,null,4554.9600
11662,894,4554.9600,null,4554.9600
6290,824,4554.0600,null,4554.0600
2530,151,4554.0600,null,4554.0600
6953,59,6480.1500,1928.8200,4551.3300
3734,1301,5644.6500,1093.8900,4550.7600
4871,611,5215.8300,665.4700,4550.3600
19671,909,5215.8300,666.1200,4549.7100
19932,370,5294.1600,745.5600,4548.6000
3298,1892,5284.9200,737.3400,4547.5800
13937,752,4870.7100,323.1500,4547.5600
947,1444,4547.4000,null,4547.4000
11302,1643,4547.4000,null,4547.4000
8304,1892,4547.4000,null,4547.4000
15441,1130,5747.2500,1200.7600,4546.4900
19823,574,6297.2100,1753.1700,4544.0400
14983,521,5428.3500,885.1300,4543.2200
11380,1519,6519.5500,1978.0000,4541.5500
15702,1482,6047.1300,1506.3300,4540.8000
8761,1660,4798.9500,259.4200,4539.5300
3399,1799,5511.3600,972.0300,4539.3300
4877,1884,5428.3500,889.0600,4539.2900
6814,1671,4974.9900,436.3200,4538.6700
1363,360,6073.2800,1536.1900,4537.0900
17871,1273,5428.3500,891.5100,4536.8400
17009,1734,6002.5500,1465.7700,4536.7800
3439,691,5460.1500,925.6000,4534.5500
7355,707,6402.7600,1869.6900,4533.0700
12864,1745,5284.9200,752.9100,4532.0100
18934,569,6507.4500,1976.0700,4531.3800
4075,271,6519.5500,1988.1800,4531.3700
355,1313,5035.2900,506.8100,4528.4800
17558,108,5090.6500,562.3100,4528.3400
10288,789,5386.3500,859.7600,4526.5900
16348,998,5215.8300,690.1100,4525.7200
8200,1004,6358.0500,1833.2500,4524.8000
4355,717,5644.6500,1120.0800,4524.5700
4601,661,5215.8300,691.5900,4524.2400
18880,1274,5566.1100,1042.5400,4523.5700
7621,1714,6402.7600,1879.4600,4523.3000
8599,1433,4522.1700,null,4522.1700
3635,20,4522.1700,null,4522.1700
2784,1615,5394.2000,872.4800,4521.7200
12213,993,4521.0000,null,4521.0000
245,334,5778.2000,1259.1900,4519.0100
7581,556,5394.2000,876.1300,4518.0700
4202,1760,4974.9900,456.9300,4518.0600
11018,1020,5357.5000,839.8400,4517.6600
4092,1447,4516.9200,null,4516.9200
1863,1895,4516.9200,null,4516.9200
15038,1025,4516.9200,null,4516.9200
17608,35,4516.9200,null,4516.9200
1308,274,4516.9200,null,4516.9200
6106,1790,4798.9500,282.4100,4516.5400
459,1443,4515.7200,null,4515.7200
12002,1804,4515.7200,null,4515.7200
14533,1546,4515.7200,null,4515.7200
15133,581,4515.7200,null,4515.7200
19165,535,4515.7200,null,4515.7200
2497,1054,4515.7200,null,4515.7200
2695,1810,4515.7200,null,4515.7200
2541,1106,4515.7200,null,4515.7200
6570,1425,4515.7200,null,4515.7200
19470,280,4515.7200,null,4515.7200
3242,52,4837.5000,322.2400,4515.2600
18269,422,5375.8200,861.0200,4514.8000
13214,136,5394.2000,879.6000,4514.6000
311,1699,4974.9900,461.6000,4513.3900
19047,521,6330.6400,1818.3100,4512.3300
16748,228,5793.5200,1282.2000,4511.3200
17093,244,6073.2800,1561.9900,4511.2900
19276,771,5402.8000,891.5200,4511.2800
3140,341,5215.6400,705.2300,4510.4100
19679,1225,5778.2000,1267.8400,4510.3600
10661,700,4836.9900,328.0800,4508.9100
6000,309,6494.2800,1985.7300,4508.5500
17258,617,5778.2000,1270.8200,4507.3800
19053,414,5297.5500,790.6000,4506.9500
18825,630,4632.3000,125.4800,4506.8200
4954,1263,5742.3200,1235.9900,4506.3300
4982,695,4802.0700,295.9400,4506.1300
9054,485,4632.3000,126.2700,4506.0300
11407,1092,5742.3200,1237.1200,4505.2000
15855,689,5086.4400,582.2900,4504.1500
11519,1763,4747.9800,244.0600,4503.9200
14688,1386,5651.2500,1149.0000,4502.2500
12397,1518,5566.1100,1066.1000,4500.0100
11220,971,6480.1500,1980.1900,4499.9600
1176,677,6495.1200,1995.2500,4499.8700
19559,1497,5215.6400,715.9600,4499.6800
17948,1578,4802.0700,304.8500,4497.2200
7599,187,4496.8000,null,4496.8000
13383,642,4496.8000,null,4496.8000
10430,929,4496.8000,null,4496.8000
8198,99,4496.8000,null,4496.8000
7455,643,5362.1700,865.4400,4496.7300
14960,963,6480.1500,1983.5100,4496.6400
16507,1477,5357.5000,862.7300,4494.7700
8128,180,5205.9600,711.5400,4494.4200
313,288,5386.3500,892.3600,4493.9900
16183,1237,6073.2800,1580.4100,4492.8700
12818,1788,4974.9900,483.0400,4491.9500
15245,791,6507.4500,2015.7200,4491.7300
3823,1042,4632.3000,140.5800,4491.7200
18909,1424,4807.6000,316.6700,4490.9300
4165,1305,5205.9600,716.0300,4489.9300
27,143,5357.5000,867.9500,4489.5500
10637,10,4802.0700,313.8900,4488.1800
13187,619,6494.2800,2007.7500,4486.5300
3865,963,4747.9800,265.1600,4482.8200
7928,1323,6107.5200,1625.3900,4482.1300
4788,799,6108.3900,1626.4900,4481.9000
11799,1075,5684.2500,1203.8900,4480.3600
9808,1588,4974.9900,495.4000,4479.5900
5136,1693,4870.7100,391.2500,4479.4600
17757,676,5428.3500,950.0200,4478.3300
19445,1262,5406.7800,928.8800,4477.9000
6752,435,5344.7700,869.2400,4475.5300
6357,650,6002.5500,1528.0000,4474.5500
9658,1608,6473.5800,1999.1800,4474.4000
12482,461,5428.3500,955.1200,4473.2300
18156,1720,4747.9800,275.3200,4472.6600
18624,1620,5800.5500,1329.6500,4470.9000
13333,394,4837.5000,368.4900,4469.0100
7444,1969,4807.6000,340.4100,4467.1900
2625,358,5205.9600,739.0700,4466.8900
285,139,5215.6400,751.2600,4464.3800
3340,111,6330.6400,1866.7900,4463.8500
4671,53,5362.1700,898.4700,4463.7000
3059,275,6107.5200,1644.5900,4462.9300
7123,1716,4632.3000,169.5000,4462.8000
12871,599,5386.3500,924.2500,4462.1000
4040,564,4870.7100,409.4400,4461.2700
14682,517,5747.2500,1286.1800,4461.0700
4994,1609,5394.2000,934.3500,4459.8500
1348,135,5747.2500,1287.9000,4459.3500
8636,994,4836.9900,380.3700,4456.6200
9423,392,5297.5500,841.0000,4456.5500
15869,1871,4836.9900,380.5000,4456.4900
6216,1992,5215.8300,762.4300,4453.4000
19737,184,5386.3500,935.8400,4450.5100
12047,624,5457.1000,1007.5600,4449.5400
954,476,5375.8200,926.5500,4449.2700
11617,562,6402.7600,1954.1800,4448.5800
11068,596,4802.0700,354.5000,4447.5700
685,1835,6297.2100,1849.6500,4447.5600
12274,1289,5184.1200,736.8300,4447.2900
3279,1983,5457.1000,1011.0600,4446.0400
15431,946,5297.5500,853.3800,4444.1700
8778,963,5566.1100,1122.3700,4443.7400
19459,475,6402.7600,1959.4700,4443.2900
8827,299,4632.3000,189.2400,4443.0600
16147,615,5793.5200,1351.7800,4441.7400
999,853,5386.3500,945.0200,4441.3300
8475,1166,6449.3200,2009.0600,4440.2600
3412,339,6047.1300,1607.1200,4440.0100
12691,1087,5457.1000,1017.8100,4439.2900
11499,1203,6047.1300,1609.4700,4437.6600
3959,1857,5205.9600,768.3100,4437.6500
5796,461,6330.6400,1893.2300,4437.4100
7437,9,6047.1300,1609.7800,4437.3500
16858,1065,5742.3200,1305.7600,4436.5600
2993,934,4640.4400,205.5100,4434.9300
5413,1970,5742.3200,1307.7900,4434.5300
8019,1647,6047.1300,1613.2600,4433.8700
8431,1959,5747.2500,1313.7100,4433.5400
3684,466,4798.9500,366.0800,4432.8700
16879,22,6108.3900,1675.8100,4432.5800
15657,1845,4577.2400,144.7700,4432.4700
2025,535,6402.7600,1970.3300,4432.4300
17641,1539,5511.3600,1079.8900,4431.4700
8614,962,4926.9600,495.7800,4431.1800
11026,90,5394.2000,963.2100,4430.9900
843,1761,5566.1100,1135.5100,4430.6000
11876,1458,4837.5000,407.2300,4430.2700
19462,723,5090.6500,660.8600,4429.7900
3906,1870,4974.9900,549.7800,4425.2100
8780,1732,6297.2100,1872.3800,4424.8300
11087,330,5394.2000,970.1100,4424.0900
13917,610,6073.2800,1649.6500,4423.6300
8440,747,5428.3500,1004.8600,4423.4900
4827,1793,5747.2500,1323.8700,4423.3800
16745,1611,5035.2900,612.1100,4423.1800
5689,144,6107.5200,1684.9200,4422.6000
19914,1746,4640.4400,218.0800,4422.3600
7469,1934,5402.8000,980.9100,4421.8900
13469,1929,5284.9200,864.0400,4420.8800
13590,473,4547.4000,127.2700,4420.1300
9767,762,4926.9600,510.2400,4416.7200
11250,1288,4836.9900,420.8000,4416.1900
7181,160,5566.1100,1150.2900,4415.8200
19871,102,4798.9500,383.5500,4415.4000
10807,53,6108.3900,1693.4200,4414.9700
8912,1346,5294.1600,879.2200,4414.9400
3520,500,4640.4400,227.9300,4412.5100
3871,54,6047.1300,1634.9600,4412.1700
2999,1825,4640.4400,228.4000,4412.0400
4097,191,4515.7200,103.9600,4411.7600
8042,464,5460.1500,1048.4600,4411.6900
8870,438,5460.1500,1049.6200,4410.5300
1721,501,5800.5500,1391.2500,4409.3000
14943,1854,5394.2000,985.2700,4408.9300
14704,1034,5651.2500,1242.3500,4408.9000
17264,20,6029.5600,1621.2700,4408.2900
12523,526,5793.5200,1386.7200,4406.8000
8840,350,5644.6500,1238.6400,4406.0100
7262,1284,5215.8300,810.9800,4404.8500
15719,1773,5747.2500,1345.8700,4401.3800
854,130,5402.8000,1002.7800,4400.0200
12709,1404,5294.1600,896.9400,4397.2200
13872,1313,6108.3900,1712.3400,4396.0500
1119,134,5375.8200,981.1300,4394.6900
16001,36,5651.2500,1256.8200,4394.4300
2874,956,5090.6500,696.7200,4393.9300
6041,1446,4632.3000,238.5800,4393.7200
19751,916,5402.8000,1010.3200,4392.4800
14392,1451,5742.3200,1350.6800,4391.6400
524,1858,5386.3500,994.8500,4391.5000
7129,760,4837.5000,446.1500,4391.3500
481,909,6519.5500,2128.5000,4391.0500
2834,1280,4974.9900,584.2200,4390.7700
2243,215,5184.1200,795.8200,4388.3000
9967,538,4640.4400,252.7700,4387.6700
15655,1257,5457.1000,1069.8400,4387.2600
8112,2000,6330.6400,1946.6400,4384.0000
2002,599,6002.5500,1620.9200,4381.6300
1274,1413,5205.9600,825.2400,4380.7200
19597,159,6002.5500,1622.0300,4380.5200
8082,1432,5375.8200,995.9700,4379.8500
17880,1272,4547.4000,168.0100,4379.3900
13936,697,4379.3500,null,4379.3500
1583,828,4379.3500,null,4379.3500
11141,894,4379.3500,null,4379.3500
17061,935,4379.3500,null,4379.3500
1657,375,4974.9900,597.7700,4377.2200
791,696,4836.9900,460.9100,4376.0800
463,740,6047.1300,1671.6000,4375.5300
14908,54,5747.2500,1372.6000,4374.6500
1301,780,6108.3900,1737.4900,4370.9000
17510,1306,5402.8000,1032.2100,4370.5900
14896,1894,5344.7700,976.6500,4368.1200
11255,316,5800.5500,1433.4500,4367.1000
13410,1166,4554.9600,188.2700,4366.6900
1839,496,5778.2000,1411.6100,4366.5900
5421,1142,4365.6800,null,4365.6800
1256,1681,4365.6800,null,4365.6800
9845,1534,4365.6800,null,4365.6800
17022,981,4365.6800,null,4365.6800
19703,1437,4365.6800,null,4365.6800
12831,767,4577.2400,213.6000,4363.6400
601,355,5742.3200,1380.6400,4361.6800
4726,347,5511.3600,1150.0500,4361.3100
15410,1010,4836.9900,475.8800,4361.1100
17152,1816,4798.9500,438.3200,4360.6300
11766,1365,6108.3900,1747.8700,4360.5200
6645,1491,4802.0700,444.7200,4357.3500
17467,657,5793.5200,1437.0400,4356.4800
17638,982,4632.3000,277.3300,4354.9700
9354,1685,5297.5500,942.6400,4354.9100
6476,158,5742.3200,1387.5700,4354.7500
8020,1527,5090.6500,736.4500,4354.2000
10370,498,4554.0600,201.0400,4353.0200
8690,1463,4807.6000,455.7200,4351.8800
5187,1193,5375.8200,1026.3500,4349.4700
16612,454,5747.2500,1400.7500,4346.5000
3157,1240,4521.0000,175.3100,4345.6900
12965,36,4345.1400,null,4345.1400
3509,1663,4345.1400,null,4345.1400
5994,1782,4345.1400,null,4345.1400
2860,894,4345.1400,null,4345.1400
1173,149,4345.1400,null,4345.1400
7304,387,5294.1600,951.3500,4342.8100
7835,1052,4342.6800,null,4342.6800
7812,1731,4342.6800,null,4342.6800
15217,1938,4342.6800,null,4342.6800
12214,1811,4342.6800,null,4342.6800
11020,734,4342.6800,null,4342.6800
12964,358,4342.6800,null,4342.6800
11742,25,5090.6500,748.0900,4342.5600
19694,1487,4577.2400,234.9700,4342.2700
18488,1160,6107.5200,1766.3700,4341.1500
5743,1968,6029.5600,1690.8500,4338.7100
4950,1712,5778.2000,1439.8800,4338.3200
19866,211,4521.0000,184.8300,4336.1700
2155,1945,5402.8000,1067.4900,4335.3100
12352,712,5778.2000,1444.3900,4333.8100
17856,562,6495.1200,2161.4000,4333.7200
10457,871,4333.6500,null,4333.6500
400,1134,4333.6500,null,4333.6500
10827,60,4333.6500,null,4333.6500
10187,450,5402.8000,1069.1700,4333.6300
14217,258,4926.9600,595.6800,4331.2800
10339,1320,4330.0800,null,4330.0800
869,389,4330.0800,null,4330.0800
13288,686,4330.0800,null,4330.0800
19640,728,4330.0800,null,4330.0800
17084,1175,5460.1500,1130.3100,4329.8400
8284,173,4515.7200,187.1000,4328.6200
13451,1136,4554.9600,227.4700,4327.4900
8011,35,6569.2800,2241.8700,4327.4100
9664,20,5362.1700,1035.1500,4327.0200
18613,1804,4554.9600,229.1200,4325.8400
10715,1065,6107.5200,1782.5100,4325.0100
18081,270,5457.1000,1132.2300,4324.8700
11066,1179,5651.2500,1326.6900,4324.5600
13776,1116,5090.6500,766.6000,4324.0500
19830,26,4521.0000,196.9600,4324.0400
1560,1414,5742.3200,1418.3200,4324.0000
16265,1871,4554.9600,232.1200,4322.8400
6426,393,4640.4400,318.6400,4321.8000
1959,185,6047.1300,1725.7200,4321.4100
10964,26,5297.5500,977.6200,4319.9300
7191,428,5184.1200,866.1200,4318.0000
11158,1592,5215.6400,899.3400,4316.3000
4374,460,4315.7200,null,4315.7200
15115,145,4315.3600,null,4315.3600
390,1599,5651.2500,1336.1200,4315.1300
13905,1407,5406.7800,1092.5000,4314.2800
3107,122,4640.4400,326.2200,4314.2200
6360,315,4522.1700,208.2400,4313.9300
9557,480,5747.2500,1433.4100,4313.8400
8656,162,5402.8000,1089.0700,4313.7300
10985,609,4798.9500,485.3000,4313.6500
2502,1545,4802.0700,489.2100,4312.8600
16318,1611,5566.1100,1253.7100,4312.4000
18559,233,4974.9900,663.2400,4311.7500
19,236,5684.2500,1372.5500,4311.7000
8886,1871,4521.0000,209.3500,4311.6500
14778,1795,5684.2500,1372.8300,4311.4200
16539,677,5035.2900,725.1400,4310.1500
9407,1425,5793.5200,1483.6400,4309.8800
12594,1180,4515.7200,206.7000,4309.0200
15094,1295,4522.1700,214.5200,4307.6500
8005,1387,4306.7400,null,4306.7400
12153,1286,4306.7400,null,4306.7400
10378,757,5460.1500,1155.3500,4304.8000
1651,399,6002.5500,1698.1000,4304.4500
4454,1844,4303.7500,null,4303.7500
18513,763,4303.7500,null,4303.7500
9975,1989,4303.7500,null,4303.7500
704,249,4303.7500,null,4303.7500
8603,468,5566.1100,1262.6700,4303.4400
9703,1459,5800.5500,1498.6900,4301.8600
18005,485,5566.1100,1264.7700,4301.3400
11009,1454,4577.2400,276.0800,4301.1600
4610,1112,5205.9600,905.3100,4300.6500
16746,1657,4299.2500,null,4299.2500
12556,1863,4299.2500,null,4299.2500
8663,25,6002.5500,1703.7400,4298.8100
13296,1639,4521.0000,222.5700,4298.4300
11034,346,6107.5200,1810.7600,4296.7600
16815,135,5566.1100,1270.1300,4295.9800
424,296,5215.8300,920.5400,4295.2900
19088,238,5362.1700,1066.9700,4295.2000
15013,955,6029.5600,1735.0500,4294.5100
19204,1934,4515.7200,221.5400,4294.1800
14170,1768,5344.7700,1051.1800,4293.5900
18293,217,5511.3600,1218.3600,4293.0000
11565,267,5646.1500,1353.8100,4292.3400
1822,90,4983.5700,692.2700,4291.3000
5091,1713,4983.5700,693.6800,4289.8900
18206,1500,5294.1600,1004.7700,4289.3900
3999,418,5090.6500,802.2000,4288.4500
19842,1702,4577.2400,289.2900,4287.9500
520,1177,5793.5200,1506.2600,4287.2600
17967,562,4515.7200,228.5600,4287.1600
3769,459,5297.5500,1011.2000,4286.3500
3695,1442,5375.8200,1089.6100,4286.2100
8551,1626,4286.0000,null,4286.0000
5559,917,4286.0000,null,4286.0000
16750,1080,4286.0000,null,4286.0000
10506,1527,4286.0000,null,4286.0000
16652,1508,5297.5500,1011.7800,4285.7700
17632,1971,4516.9200,231.4300,4285.4900
8061,1184,5406.7800,1121.5700,4285.2100
17576,1995,5646.1500,1361.8100,4284.3400
7645,91,4515.7200,234.0900,4281.6300
16276,1221,6047.1300,1765.6300,4281.5000
9901,428,5402.8000,1121.6200,4281.1800
10561,1396,4836.9900,557.5000,4279.4900
18454,1076,4522.1700,243.5700,4278.6000
5240,1308,5294.1600,1015.6800,4278.4800
7838,207,4379.3500,101.1100,4278.2400
2915,1283,6029.5600,1752.0400,4277.5200
3356,59,5428.3500,1151.5100,4276.8400
10486,1722,5035.2900,758.7600,4276.5300
3904,1403,5297.5500,1022.8300,4274.7200
14174,1883,5035.2900,760.8900,4274.4000
13497,1922,4747.9800,473.8200,4274.1600
4211,663,4640.4400,367.8200,4272.6200
11279,133,4836.9900,564.5600,4272.4300
8725,1903,5644.6500,1374.0900,4270.5600
9812,40,5402.8000,1132.3900,4270.4100
2310,974,6073.2800,1804.4900,4268.7900
13272,1114,5428.3500,1160.4900,4267.8600
9123,176,5086.4400,818.7500,4267.6900
8758,1906,6047.1300,1779.9200,4267.2100
17124,1517,5651.2500,1384.4800,4266.7700
1688,41,4516.9200,251.4800,4265.4400
11843,1474,4870.7100,605.6000,4265.1100
7760,73,4577.2400,312.2500,4264.9900
19897,171,5406.7800,1141.8500,4264.9300
4281,1389,5511.3600,1246.8600,4264.5000
4787,408,4521.0000,256.8400,4264.1600
14323,1786,4926.9600,663.2600,4263.7000
9826,437,5215.6400,951.9500,4263.6900
9247,576,4554.9600,293.0700,4261.8900
3783,586,4837.5000,576.3700,4261.1300
4586,617,5460.1500,1199.4700,4260.6800
19007,1864,4837.5000,578.1800,4259.3200
18706,53,5406.7800,1147.8400,4258.9400
10609,645,4379.3500,121.0500,4258.3000
12647,157,4516.9200,258.7500,4258.1700
6463,8,5457.1000,1199.0000,4258.1000
1927,1581,4516.9200,259.7800,4257.1400
10329,985,6108.3900,1851.2500,4257.1400
9436,1784,5778.2000,1521.3600,4256.8400
12266,433,5651.2500,1395.7500,4255.5000
16957,1857,4926.9600,671.5500,4255.4100
31,1424,5644.6500,1389.9400,4254.7100
13437,537,5566.1100,1312.1900,4253.9200
7106,507,5651.2500,1397.8900,4253.3600
5317,842,4870.7100,617.4900,4253.2200
2528,748,6002.5500,1749.4300,4253.1200
5906,1525,4807.6000,554.5900,4253.0100
3081,1044,5284.9200,1033.4800,4251.4400
17254,376,4802.0700,551.7700,4250.3000
9325,595,4837.5000,588.0700,4249.4300
17180,6,4974.9900,726.8400,4248.1500
303,1877,4798.9500,551.5200,4247.4300
13091,1538,5344.7700,1098.0500,4246.7200
19042,543,5375.8200,1129.6200,4246.2000
7712,719,4807.6000,562.6100,4244.9900
11624,353,4496.8000,253.0500,4243.7500
9349,940,5215.8300,972.7600,4243.0700
16250,568,5297.5500,1054.7600,4242.7900
2666,755,4379.3500,137.3400,4242.0100
12553,891,5344.7700,1103.3700,4241.4000
7736,1729,5646.1500,1406.1800,4239.9700
1350,78,5344.7700,1106.4500,4238.3200
5962,292,5344.7700,1106.4800,4238.2900
10738,1380,5357.5000,1119.3000,4238.2000
16272,786,5793.5200,1555.3700,4238.1500
1069,1639,4238.0400,null,4238.0400
4443,962,4238.0400,null,4238.0400
4237,1320,4345.1400,107.6800,4237.4600
19977,1017,4974.9900,737.8400,4237.1500
15935,1968,4974.9900,738.7200,4236.2700
15839,915,5294.1600,1058.9100,4235.2500
13591,1192,5362.1700,1130.7700,4231.4000
8195,1916,4515.7200,285.6600,4230.0600
586,891,6108.3900,1879.6200,4228.7700
816,742,4333.6500,105.0500,4228.6000
6887,404,5090.6500,862.3700,4228.2800
8563,1145,4521.0000,295.2700,4225.7300
18978,131,4837.5000,612.3500,4225.1500
7771,168,5375.8200,1153.5900,4222.2300
15903,1984,5747.2500,1526.5000,4220.7500
4242,1733,5800.5500,1579.9000,4220.6500
14049,88,5284.9200,1064.3800,4220.5400
6543,497,4798.9500,578.6900,4220.2600
1525,998,5566.1100,1346.0500,4220.0600
15799,1424,4926.9600,707.7800,4219.1800
15404,716,4983.5700,764.6300,4218.9400
929,1540,5457.1000,1239.1000,4218.0000
14984,1731,4640.4400,423.4800,4216.9600
5785,343,4836.9900,620.1800,4216.8100
11654,252,4836.9900,620.5800,4216.4100
19527,1758,5375.8200,1161.9000,4213.9200
15605,1788,4213.7500,null,4213.7500
16654,1339,4213.7500,null,4213.7500
12439,1074,5294.1600,1080.7700,4213.3900
8885,704,6107.5200,1894.2000,4213.3200
7931,1632,5406.7800,1195.7800,4211.0000
10021,779,4522.1700,311.2600,4210.9100
12359,391,4926.9600,716.8100,4210.1500
6251,885,5778.2000,1568.5400,4209.6600
406,1282,5428.3500,1222.3200,4206.0300
6963,85,5460.1500,1255.0700,4205.0800
4537,829,4926.9600,721.9200,4205.0400
10094,1962,5566.1100,1361.5600,4204.5500
9202,326,6073.2800,1869.2600,4204.0200
5427,1382,5793.5200,1590.1000,4203.4200
1853,188,5284.9200,1086.2700,4198.6500
4429,1791,4802.0700,603.6100,4198.4600
17531,1841,4577.2400,378.8800,4198.3600
2027,82,4198.1400,null,4198.1400
15620,1594,4198.1400,null,4198.1400
14931,343,4365.6800,171.1700,4194.5100
17240,629,5215.6400,1021.7800,4193.8600
15215,1636,4315.7200,124.5300,4191.1900
10238,1536,4926.9600,736.6600,4190.3000
18979,640,4315.3600,125.1300,4190.2300
14885,270,5344.7700,1155.3000,4189.4700
3289,1451,5742.3200,1553.4000,4188.9200
4031,445,4802.0700,614.2100,4187.8600
3055,799,4802.0700,616.0300,4186.0400
2914,267,4554.9600,369.1800,4185.7800
10423,330,5457.1000,1273.0900,4184.0100
1496,954,5742.3200,1558.8900,4183.4300
10282,1614,5793.5200,1610.7500,4182.7700
116,751,4798.9500,617.3100,4181.6400
83,910,5644.6500,1465.2600,4179.3900
19027,45,5778.2000,1599.3100,4178.8900
13954,643,4342.6800,163.8800,4178.8000
19797,1382,5086.4400,907.8600,4178.5800
10064,578,5394.2000,1217.3500,4176.8500
3306,485,4983.5700,806.9800,4176.5900
4241,1790,5566.1100,1390.1500,4175.9600
8100,465,5184.1200,1008.2000,4175.9200
19102,1716,5090.6500,917.7200,4172.9300
14401,1128,4379.3500,207.8700,4171.4800
4329,235,4836.9900,666.1800,4170.8100
16848,1243,5684.2500,1514.4300,4169.8200
11666,867,4632.3000,462.5500,4169.7500
19616,987,4554.0600,385.6900,4168.3700
8428,1042,5184.1200,1015.8800,4168.2400
7762,1609,4521.0000,353.3500,4167.6500
2228,1999,4521.0000,353.6700,4167.3300
19674,1446,5684.2500,1517.5500,4166.7000
15069,1415,4303.7500,137.0500,4166.7000
11295,84,5566.1100,1399.6000,4166.5100
2470,239,5035.2900,868.8000,4166.4900
17928,873,5344.7700,1179.1800,4165.5900
11973,1578,5511.3600,1345.9100,4165.4500
7422,1216,5357.5000,1192.2200,4165.2800
8839,1367,5215.6400,1050.8000,4164.8400
8497,1737,5284.9200,1120.3300,4164.5900
8160,1918,6047.1300,1882.9900,4164.1400
12453,320,5742.3200,1579.6900,4162.6300
18391,246,5684.2500,1523.1700,4161.0800
2408,1705,5644.6500,1485.6100,4159.0400
12824,924,5375.8200,1217.3200,4158.5000
2263,1564,5386.3500,1228.2800,4158.0700
15821,419,5747.2500,1589.7900,4157.4600
15157,288,4345.1400,188.8100,4156.3300
12461,1798,4802.0700,646.7400,4155.3300
17085,1844,6029.5600,1875.6500,4153.9100
9648,610,5778.2000,1627.2400,4150.9600
1310,334,6073.2800,1925.3300,4147.9500
17097,1070,4554.9600,408.2000,4146.7600
5766,1811,4146.7500,null,4146.7500
9058,552,4146.7500,null,4146.7500
8834,106,4146.7500,null,4146.7500
10129,704,4515.7200,369.3500,4146.3700
4258,683,4496.8000,352.8100,4143.9900
5850,1688,6029.5600,1886.3600,4143.2000
9856,207,4870.7100,728.0900,4142.6200
16941,1406,5394.2000,1252.0100,4142.1900
11010,282,5284.9200,1142.9100,4142.0100
10233,791,5215.6400,1074.3300,4141.3100
922,482,4365.6800,224.8500,4140.8300
7759,598,5215.8300,1075.5900,4140.2400
2133,1269,4315.7200,175.8200,4139.9000
370,1037,4547.4000,408.0600,4139.3400
8335,49,6002.5500,1863.4300,4139.1200
2307,934,5651.2500,1512.4100,4138.8400
1685,1885,4306.7400,168.4200,4138.3200
6307,1944,5344.7700,1207.0400,4137.7300
17248,1647,4983.5700,845.9200,4137.6500
3285,1130,5215.6400,1078.8500,4136.7900
14534,191,4547.4000,411.2000,4136.2000
12601,1823,5457.1000,1321.7200,4135.3800
15020,1571,5793.5200,1658.3100,4135.2100
17544,1882,5511.3600,1376.9500,4134.4100
2452,1632,4286.0000,151.7200,4134.2800
11298,1888,4315.7200,182.1200,4133.6000
1244,437,6029.5600,1896.7200,4132.8400
2579,1359,5800.5500,1669.1500,4131.4000
18367,691,4515.7200,384.4200,4131.3000
1196,967,4547.4000,416.2700,4131.1300
9052,1802,4330.0800,199.2000,4130.8800
19174,1635,5457.1000,1327.1300,4129.9700
13910,1571,5215.6400,1086.3000,4129.3400
7291,1733,5215.8300,1086.6300,4129.2000
11996,643,5402.8000,1273.9000,4128.9000
5316,402,5742.3200,1614.6700,4127.6500
2617,1891,5747.2500,1619.9700,4127.2800
9686,1774,5362.1700,1235.3200,4126.8500
10879,1799,5215.8300,1089.4100,4126.4200
8765,1495,5035.2900,908.9900,4126.3000
7240,18,4870.7100,745.8800,4124.8300
834,1584,4807.6000,682.8300,4124.7700
3228,777,5090.6500,967.0500,4123.6000
18464,1982,4837.5000,714.6100,4122.8900
12378,173,4315.3600,192.8700,4122.4900
3619,671,5035.2900,914.1400,4121.1500
2150,581,5460.1500,1339.1400,4121.0100
13496,1829,5644.6500,1524.2800,4120.3700
17133,1836,5402.8000,1282.6300,4120.1700
15845,1109,4870.7100,752.7000,4118.0100
19217,690,5742.3200,1624.3900,4117.9300
229,1475,5386.3500,1268.5400,4117.8100
9908,102,5793.5200,1675.8000,4117.7200
1060,933,5460.1500,1343.2600,4116.8900
3453,299,5086.4400,970.3500,4116.0900
17924,1897,5035.2900,919.7400,4115.5500
12162,124,5035.2900,921.2600,4114.0300
12445,1695,4926.9600,813.7600,4113.2000
16663,1617,5294.1600,1181.7000,4112.4600
1747,582,5793.5200,1681.2600,4112.2600
8958,682,5394.2000,1282.9900,4111.2100
11764,1758,4303.7500,192.9300,4110.8200
17291,1056,4983.5700,873.3800,4110.1900
9471,1768,4286.0000,176.3900,4109.6100
16247,631,4342.6800,235.2600,4107.4200
4266,960,6073.2800,1966.0200,4107.2600
15025,240,4983.5700,876.3100,4107.2600
935,1060,6047.1300,1942.6500,4104.4800
9929,1135,4299.2500,195.0300,4104.2200
6928,1650,4547.4000,443.4500,4103.9500
6460,1728,4315.7200,212.6300,4103.0900
6730,1053,4315.3600,213.5100,4101.8500
12923,117,4836.9900,735.3500,4101.6400
12140,698,5800.5500,1700.1700,4100.3800
18626,783,4547.4000,448.8400,4098.5600
4979,1060,4632.3000,534.4800,4097.8200
19743,834,5406.7800,1309.0000,4097.7800
11226,1758,4365.6800,268.2400,4097.4400
5569,1760,4807.6000,710.4800,4097.1200
9257,21,4315.7200,218.7900,4096.9300
7534,1377,4926.9600,831.2400,4095.7200
5035,391,5511.3600,1416.9100,4094.4500
1024,1827,5184.1200,1090.1500,4093.9700
1649,1777,5793.5200,1699.8300,4093.6900
14432,528,4554.9600,461.7600,4093.2000
12124,1410,4306.7400,213.9400,4092.8000
1092,1845,4315.3600,224.9700,4090.3900
13627,847,4299.2500,209.4000,4089.8500
16727,1646,5284.9200,1196.5100,4088.4100
2910,1703,4983.5700,895.4100,4088.1600
17741,130,5375.8200,1288.1500,4087.6700
3724,897,4522.1700,434.8600,4087.3100
9990,581,5090.6500,1004.3600,4086.2900
5926,18,6029.5600,1945.0700,4084.4900
12473,1133,5215.6400,1132.9900,4082.6500
1337,1582,4299.2500,218.8800,4080.3700
16312,581,5294.1600,1214.6000,4079.5600
9493,1512,4516.9200,437.6300,4079.2900
19599,1472,5646.1500,1567.3200,4078.8300
19563,1100,5646.1500,1567.8800,4078.2700
2634,1343,6073.2800,1997.2400,4076.0400
4368,494,5651.2500,1575.9500,4075.3000
14417,342,5362.1700,1287.3400,4074.8300
18948,130,5747.2500,1673.6200,4073.6300
5662,1013,4072.5200,null,4072.5200
2697,1735,4072.5200,null,4072.5200
8155,378,4072.2600,null,4072.2600
10579,1806,4072.2600,null,4072.2600
11357,1970,4072.2600,null,4072.2600
8260,1990,4072.2600,null,4072.2600
8809,500,4837.5000,765.8000,4071.7000
16473,1918,4071.6800,null,4071.6800
12843,1897,5511.3600,1440.1800,4071.1800
11619,699,5747.2500,1678.6600,4068.5900
15491,1153,4315.3600,247.0200,4068.3400
9566,1874,4798.9500,730.7400,4068.2100
13754,23,4870.7100,803.3500,4067.3600
14365,539,5362.1700,1295.1600,4067.0100
19852,796,5511.3600,1445.5900,4065.7700
19757,413,6029.5600,1964.1400,4065.4200
13375,308,4577.2400,512.0600,4065.1800
10234,1159,5402.8000,1338.9200,4063.8800
9161,610,4522.1700,458.5100,4063.6600
3763,492,5742.3200,1679.6100,4062.7100
13141,1095,4315.3600,253.9200,4061.4400
15139,1222,4315.7200,255.2300,4060.4900
4681,757,4315.3600,256.2600,4059.1000
7715,1659,4330.0800,271.2000,4058.8800
11290,453,4554.0600,495.9800,4058.0800
16623,922,5394.2000,1336.5000,4057.7000
17587,977,5406.7800,1349.1900,4057.5900
13354,54,4306.7400,249.3000,4057.4400
4970,526,4807.6000,751.0500,4056.5500
632,1523,4522.1700,465.7300,4056.4400
13815,1805,4521.0000,465.6800,4055.3200
9180,127,4554.0600,499.9300,4054.1300
8751,1538,4870.7100,818.0800,4052.6300
11812,1714,4052.1000,null,4052.1000
6804,1225,4052.1000,null,4052.1000
14068,1335,4521.0000,469.2700,4051.7300
4036,1271,5646.1500,1595.5400,4050.6100
11267,1178,4554.9600,505.9300,4049.0300
5659,346,4342.6800,294.5900,4048.0900
2309,1079,5747.2500,1701.8300,4045.4200
422,1246,4379.3500,334.1000,4045.2500
4480,1353,4198.1400,153.1800,4044.9600
8660,1423,4521.0000,476.4500,4044.5500
14479,1453,5090.6500,1047.2500,4043.4000
16391,75,4515.7200,472.5900,4043.1300
8568,61,5090.6500,1048.4300,4042.2200
19035,1902,6029.5600,1988.9000,4040.6600
706,1070,4747.9800,707.4700,4040.5100
15062,1517,5357.5000,1317.3300,4040.1700
1325,435,4213.7500,174.0100,4039.7400
2863,1472,5375.8200,1336.1100,4039.7100
16413,734,5742.3200,1702.7100,4039.6100
18534,1578,6029.5600,1990.0900,4039.4700
12860,1127,5428.3500,1389.4600,4038.8900
11603,998,4496.8000,458.2400,4038.5600
6629,1495,5793.5200,1755.9300,4037.5900
11555,53,4632.3000,595.5200,4036.7800
6504,891,4496.8000,460.2500,4036.5500
4056,1984,5357.5000,1321.0200,4036.4800
19711,1122,6029.5600,1993.5700,4035.9900
17916,51,4870.7100,835.2200,4035.4900
6305,644,5644.6500,1612.2800,4032.3700
8621,867,4379.3500,347.1500,4032.2000
15602,1610,4303.7500,271.7300,4032.0200
3217,38,4299.2500,267.7300,4031.5200
15320,707,4031.4200,null,4031.4200
14302,348,4031.4200,null,4031.4200
12641,989,4031.4200,null,4031.4200
7482,587,4031.4200,null,4031.4200
2732,895,4031.4200,null,4031.4200
18401,1630,4802.0700,772.1200,4029.9500
8943,850,4299.2500,272.1400,4027.1100
9997,738,5297.5500,1271.6500,4025.9000
6803,729,5646.1500,1620.7400,4025.4100
5209,292,4974.9900,950.2700,4024.7200
16769,616,4870.7100,846.0700,4024.6400
14173,934,4238.0400,213.5500,4024.4900
11078,1423,5457.1000,1433.9700,4023.1300
7956,461,5362.1700,1339.2800,4022.8900
17281,1123,4198.1400,177.0000,4021.1400
7775,26,5205.9600,1186.8100,4019.1500
8772,11,4496.8000,478.0900,4018.7100
10803,668,5362.1700,1343.5300,4018.6400
18160,1592,5215.6400,1198.1400,4017.5000
3173,161,5511.3600,1494.6800,4016.6800
13501,1079,5747.2500,1730.6100,4016.6400
6554,897,4330.0800,314.0100,4016.0700
14088,1383,4496.8000,481.3900,4015.4100
1,1950,4547.4000,532.6100,4014.7900
13800,1614,4983.5700,968.9400,4014.6300
18846,983,4306.7400,292.9400,4013.8000
13646,8,5294.1600,1281.0000,4013.1600
16107,1514,5684.2500,1673.0600,4011.1900
2862,1265,4516.9200,505.8900,4011.0300
16799,1301,4496.8000,486.2200,4010.5800
1737,972,5742.3200,1732.2100,4010.1100
9716,1653,4238.0400,228.2900,4009.7500
14950,1109,4983.5700,976.2300,4007.3400
7300,388,4198.1400,191.4900,4006.6500
11773,383,5684.2500,1678.1200,4006.1300
11702,1240,4926.9600,921.5300,4005.4300
12586,1898,5357.5000,1352.8300,4004.6700
5805,54,4198.1400,193.7000,4004.4400
3144,1253,4547.4000,543.0100,4004.3900
15782,269,5205.9600,1201.8700,4004.0900
19301,1182,4974.9900,971.3600,4003.6300
5904,1815,4516.9200,513.6900,4003.2300
5199,1313,5457.1000,1455.2100,4001.8900
3498,801,4001.7000,null,4001.7000
5948,1618,4001.7000,null,4001.7000
11529,295,4001.7000,null,4001.7000
7843,1101,4001.7000,null,4001.7000
10361,1025,5357.5000,1356.9800,4000.5200
19104,61,4747.9800,748.2300,3999.7500
19387,1450,4303.7500,305.5600,3998.1900
3790,899,5778.2000,1781.1100,3997.0900
11635,654,5184.1200,1187.1400,3996.9800
7220,1888,4496.8000,500.7700,3996.0300
10279,1659,5457.1000,1462.9000,3994.2000
7915,1517,4330.0800,336.7100,3993.3700
2896,1146,4496.8000,504.1800,3992.6200
1264,1666,4333.6500,341.9400,3991.7100
1125,979,4798.9500,807.7300,3991.2200
12934,588,5294.1600,1304.6200,3989.5400
14838,311,4807.6000,818.1500,3989.4500
11041,1155,3989.1500,null,3989.1500
2472,571,5205.9600,1216.9200,3989.0400
7250,989,4306.7400,319.8000,3986.9400
2463,362,4632.3000,645.7400,3986.5600
8672,1696,5184.1200,1197.9200,3986.2000
4602,837,5344.7700,1358.6000,3986.1700
10906,1510,4516.9200,531.3600,3985.5600
89,355,4315.7200,332.0800,3983.6400
4923,1203,4238.0400,255.9800,3982.0600
11721,427,4198.1400,216.2700,3981.8700
18261,327,5184.1200,1202.3400,3981.7800
19902,1762,4379.3500,399.5500,3979.8000
16982,1514,5362.1700,1383.7000,3978.4700
19482,116,5406.7800,1428.3600,3978.4200
14171,524,5215.6400,1238.5300,3977.1100
5269,386,5035.2900,1058.4500,3976.8400
5103,649,4577.2400,600.6000,3976.6400
11554,1559,5778.2000,1801.5900,3976.6100
1569,1494,4577.2400,600.7600,3976.4800
5882,1095,4379.3500,405.1300,3974.2200
4403,948,5344.7700,1370.7100,3974.0600
8762,1168,4836.9900,864.4100,3972.5800
837,1149,4577.2400,604.8800,3972.3600
17147,175,4315.7200,343.8700,3971.8500
15647,128,4213.7500,242.1300,3971.6200
8689,446,5357.5000,1385.9000,3971.6000
18111,1039,4836.9900,865.4100,3971.5800
15050,1438,4496.8000,525.4700,3971.3300
10492,996,5035.2900,1064.6200,3970.6700
12887,1123,5394.2000,1424.1500,3970.0500
4758,811,5457.1000,1487.7600,3969.3400
415,775,5644.6500,1676.1300,3968.5200
2441,434,5747.2500,1778.7900,3968.4600
16546,1903,4315.3600,347.8400,3967.5200
281,400,5778.2000,1812.3700,3965.8300
9269,1892,4379.3500,413.7200,3965.6300
497,1690,5651.2500,1686.5500,3964.7000
15161,92,5778.2000,1813.5500,3964.6500
9132,1258,5651.2500,1686.6600,3964.5900
14746,807,4807.6000,843.6100,3963.9900
19758,1806,4198.1400,234.4300,3963.7100
3414,1402,5386.3500,1423.6200,3962.7300
43,650,5215.8300,1253.8400,3961.9900
19534,847,5090.6500,1129.4200,3961.2300
11829,859,4554.9600,594.1700,3960.7900
18120,55,4071.6800,110.9800,3960.7000
8221,338,4330.0800,369.7700,3960.3100
7494,1724,4213.7500,254.5900,3959.1600
1799,1569,4802.0700,844.4500,3957.6200
3392,1705,4303.7500,346.3100,3957.4400
9371,4,4547.4000,590.8700,3956.5300
14380,509,4238.0400,281.6800,3956.3600
13929,200,4983.5700,1027.6000,3955.9700
16440,1838,4522.1700,566.3400,3955.8300
17758,36,4807.6000,851.8600,3955.7400
6659,250,4836.9900,881.5900,3955.4000
8289,591,4198.1400,243.6800,3954.4600
11491,813,4315.3600,361.8500,3953.5100
10998,550,4632.3000,679.0100,3953.2900
5396,593,4802.0700,849.5800,3952.4900
18981,90,5644.6500,1692.2500,3952.4000
16277,1748,5778.2000,1825.8700,3952.3300
14153,1395,5511.3600,1559.4100,3951.9500
6515,715,5651.2500,1699.3100,3951.9400
4086,1075,4547.4000,595.7500,3951.6500
16809,1438,5747.2500,1795.8700,3951.3800
17354,1698,5375.8200,1424.5800,3951.2400
8319,16,4052.1000,101.1200,3950.9800
14955,1157,4072.2600,121.3100,3950.9500
13772,1065,4577.2400,626.7700,3950.4700
6124,1159,4213.7500,263.3200,3950.4300
436,1980,5428.3500,1478.6500,3949.7000
4330,111,6107.5200,2158.3900,3949.1300
9033,719,5284.9200,1336.1500,3948.7700
11626,313,4052.1000,103.8300,3948.2700
3419,1237,5428.3500,1480.6700,3947.6800
15022,70,5402.8000,1456.1700,3946.6300
7917,1697,5035.2900,1090.2600,3945.0300
9104,1346,5778.2000,1833.8000,3944.4000
17747,1215,4516.9200,574.1000,3942.8200
9628,1726,5394.2000,1452.1300,3942.0700
7258,1073,5457.1000,1515.0500,3942.0500
17048,83,4516.9200,578.0000,3938.9200
6158,1584,5793.5200,1855.3200,3938.2000
15144,777,4516.9200,579.5300,3937.3900
2160,1805,5460.1500,1523.8800,3936.2700
7678,379,5090.6500,1154.7600,3935.8900
7815,1451,4807.6000,873.3200,3934.2800
12261,1803,4198.1400,265.8100,3932.3300
4489,80,4640.4400,709.7100,3930.7300
18098,776,4516.9200,588.7900,3928.1300
17973,1611,4072.5200,145.1600,3927.3600
1267,1612,5344.7700,1417.5400,3927.2300
18375,1936,4303.7500,376.5200,3927.2300
16967,1502,5460.1500,1533.1300,3927.0200
13540,308,4303.7500,377.1600,3926.5900
3425,945,5184.1200,1257.9600,3926.1600
19812,152,5205.9600,1279.9700,3925.9900
1319,373,5215.6400,1291.4800,3924.1600
2961,934,4238.0400,315.3900,3922.6500
14813,1887,5651.2500,1728.6900,3922.5600
803,1093,4798.9500,876.8700,3922.0800
3575,1336,4798.9500,876.9300,3922.0200
13212,165,5402.8000,1480.8800,3921.9200
17864,349,4315.3600,397.7600,3917.6000
13599,1463,4052.1000,136.7600,3915.3400
8206,795,4345.1400,430.2600,3914.8800
2414,995,4303.7500,389.2400,3914.5100
9579,764,4379.3500,465.3300,3914.0200
4518,1611,5684.2500,1770.3400,3913.9100
6941,694,4836.9900,923.2500,3913.7400
14086,872,3911.7300,null,3911.7300
8611,510,3911.7300,null,3911.7300
16393,220,5205.9600,1295.1200,3910.8400
7662,1761,4554.0600,643.8200,3910.2400
17433,471,5684.2500,1774.4600,3909.7900
15798,1366,4315.3600,405.7700,3909.5900
5152,1856,4807.6000,899.0200,3908.5800
17355,630,5511.3600,1602.8000,3908.5600
15727,1130,5386.3500,1480.7100,3905.6400
5630,986,5215.6400,1310.8100,3904.8300
9719,537,5297.5500,1392.8600,3904.6900
6104,234,3904.4700,null,3904.4700
12129,1070,3904.4700,null,3904.4700
11686,1373,5375.8200,1471.5900,3904.2300
15556,425,4345.1400,441.1800,3903.9600
10673,198,4547.4000,644.0500,3903.3500
2605,1326,4306.7400,404.2700,3902.4700
16399,1728,4303.7500,403.2200,3900.5300
3929,1140,4974.9900,1074.8300,3900.1600
968,690,4345.1400,445.4000,3899.7400
9221,1260,5090.6500,1192.8700,3897.7800
19015,294,5511.3600,1613.9900,3897.3700
2398,531,4071.6800,175.8300,3895.8500
13460,1287,4802.0700,906.5000,3895.5700
18095,1469,5386.3500,1490.8700,3895.4800
10795,172,5460.1500,1564.7100,3895.4400
14042,628,5646.1500,1754.9000,3891.2500
17246,547,5684.2500,1793.7300,3890.5200
9404,112,4516.9200,626.5800,3890.3400
7405,211,4798.9500,909.0100,3889.9400
16618,55,5646.1500,1756.5000,3889.6500
3225,966,4554.9600,665.6500,3889.3100
3118,934,4330.0800,441.0400,3889.0400
767,471,5090.6500,1201.8500,3888.8000
17448,1539,5742.3200,1853.9100,3888.4100
1592,628,3888.0900,null,3888.0900
6112,769,3888.0900,null,3888.0900
12561,604,3888.0900,null,3888.0900
4491,1828,3888.0900,null,3888.0900
1357,1393,5428.3500,1541.2700,3887.0800
18720,436,5406.7800,1520.3200,3886.4600
8079,1881,5294.1600,1408.1700,3885.9900
4690,1929,4515.7200,629.9100,3885.8100
16950,1216,5215.8300,1330.3900,3885.4400
9469,19,4315.7200,431.6200,3884.1000
15415,1786,5344.7700,1460.9700,3883.8000
13350,1826,5215.6400,1333.2800,3882.3600
12618,1498,5684.2500,1802.3500,3881.9000
7093,1337,4515.7200,635.2800,3880.4400
1298,1602,4522.1700,643.4400,3878.7300
2478,1170,5205.9600,1327.2500,3878.7100
6087,941,4496.8000,618.7700,3878.0300
16174,649,3989.1500,111.2800,3877.8700
3057,1980,5402.8000,1525.3000,3877.5000
1678,1974,5284.9200,1408.0100,3876.9100
2751,859,5684.2500,1807.3900,3876.8600
14833,827,4926.9600,1050.5600,3876.4000
9139,1886,5644.6500,1768.3000,3876.3500
4243,1341,5646.1500,1770.5300,3875.6200
17957,1400,4554.0600,678.6900,3875.3700
2824,905,4306.7400,433.7700,3872.9700
18102,1614,5375.8200,1502.9500,3872.8700
14638,928,4802.0700,929.2000,3872.8700
15681,1703,5090.6500,1217.8400,3872.8100
1610,572,5090.6500,1217.8900,3872.7600
5874,1995,4365.6800,493.5800,3872.1000
6333,1315,5357.5000,1485.4200,3872.0800
2366,1438,5406.7800,1534.7500,3872.0300
9275,843,4870.7100,998.8800,3871.8300
16509,160,4365.6800,494.9600,3870.7200
17056,1532,3870.0000,null,3870.0000
17002,184,3870.0000,null,3870.0000
14039,74,4071.6800,201.6800,3870.0000
6163,1837,3870.0000,null,3870.0000
13197,459,3870.0000,null,3870.0000
9305,905,3870.0000,null,3870.0000
18876,694,3870.0000,null,3870.0000
5451,267,5205.9600,1336.1300,3869.8300
16267,620,4306.7400,438.1200,3868.6200
3136,63,4836.9900,968.6400,3868.3500
10821,878,5086.4400,1218.7200,3867.7200
7824,976,5646.1500,1779.1400,3867.0100
7686,519,4345.1400,478.3100,3866.8300
1300,1188,4554.9600,688.3100,3866.6500
9367,1393,5294.1600,1428.0600,3866.1000
12568,1711,4554.9600,689.8900,3865.0700
10672,1573,4802.0700,937.6900,3864.3800
12664,321,4974.9900,1110.9600,3864.0300
7833,1130,6029.5600,2166.5100,3863.0500
10200,1295,4798.9500,936.1100,3862.8400
17886,1431,4521.0000,658.2400,3862.7600
5530,782,3989.1500,127.8500,3861.3000
7887,401,5511.3600,1650.1000,3861.2600
11991,332,5644.6500,1786.0700,3858.5800
1091,550,5511.3600,1653.2100,3858.1500
17373,1473,4836.9900,978.8600,3858.1300
8642,1059,5297.5500,1440.2800,3857.2700
15989,626,4072.2600,216.0800,3856.1800
13829,1105,5457.1000,1601.3600,3855.7400
19096,1189,5800.5500,1945.4300,3855.1200
12863,395,4052.1000,197.7400,3854.3600
11902,84,3851.7500,null,3851.7500
4834,1746,3851.7500,null,3851.7500
4679,1764,3851.7500,null,3851.7500
2072,827,4333.6500,482.0000,3851.6500
1006,16,4496.8000,645.6800,3851.1200
10685,443,5651.2500,1800.3200,3850.9300
15004,1153,4306.7400,456.7900,3849.9500
5314,967,4333.6500,484.2700,3849.3800
19663,1303,4802.0700,955.3900,3846.6800
19099,839,5344.7700,1498.2300,3846.5400
12135,312,4802.0700,955.9000,3846.1700
13202,1285,3846.0800,null,3846.0800
12555,1768,3846.0800,null,3846.0800
2087,1647,3846.0800,null,3846.0800
12784,1479,3846.0800,null,3846.0800
3338,1371,4072.5200,226.6200,3845.9000
2341,1943,3989.1500,143.3200,3845.8300
9262,772,4031.4200,186.0400,3845.3800
5464,615,4333.6500,488.7400,3844.9100
9179,336,4640.4400,796.1700,3844.2700
4669,909,4303.7500,459.6000,3844.1500
12190,1894,4836.9900,993.1100,3843.8800
19905,874,4379.3500,536.9300,3842.4200
13821,355,5297.5500,1456.3100,3841.2400
19528,428,4632.3000,791.2600,3841.0400
10132,1003,5394.2000,1553.4800,3840.7200
15229,668,3839.1600,null,3839.1600
7810,1417,3839.1600,null,3839.1600
6003,419,3839.1600,null,3839.1600
5194,865,3839.1600,null,3839.1600
10134,840,3839.1600,null,3839.1600
334,1889,4330.0800,491.3500,3838.7300
6042,1423,4798.9500,960.3200,3838.6300
9056,770,5375.8200,1538.9800,3836.8400
16585,432,4146.7500,310.7500,3836.0000
13477,1659,5284.9200,1449.0600,3835.8600
5629,1393,5742.3200,1908.1100,3834.2100
14862,1429,4554.9600,721.2400,3833.7200
4399,1941,4747.9800,914.4000,3833.5800
6817,904,4146.7500,314.4000,3832.3500
9508,1727,3831.5000,null,3831.5000
19849,990,3831.5000,null,3831.5000
9347,1639,5457.1000,1625.8700,3831.2300
14568,396,4303.7500,472.7000,3831.0500
8456,1698,5457.1000,1626.4600,3830.6400
1979,1346,4299.2500,469.6600,3829.5900
15817,233,5406.7800,1577.4200,3829.3600
16975,1312,4315.7200,486.6600,3829.0600
15958,211,4052.1000,225.0100,3827.0900
8255,820,4521.0000,694.2400,3826.7600
5847,624,4870.7100,1044.0500,3826.6600
17010,1484,4345.1400,518.5600,3826.5800
19779,1246,4974.9900,1149.1100,3825.8800
16378,1765,4640.4400,815.0100,3825.4300
13676,1531,5651.2500,1825.8500,3825.4000
5397,768,5035.2900,1210.1500,3825.1400
636,1851,4577.2400,753.0800,3824.1600
18180,1699,3824.0500,null,3824.0500
9105,822,4213.7500,389.8100,3823.9400
18785,123,4802.0700,978.2800,3823.7900
925,535,5086.4400,1262.9200,3823.5200
13123,1443,5090.6500,1267.5600,3823.0900
16984,1843,5428.3500,1606.7800,3821.5700
11916,157,5747.2500,1926.2900,3820.9600
2252,921,4640.4400,819.5400,3820.9000
12054,265,5460.1500,1640.4800,3819.6700
1805,1206,4802.0700,982.6600,3819.4100
18807,12,5406.7800,1587.5300,3819.2500
4693,1847,5402.8000,1584.1600,3818.6400
5869,811,4315.7200,499.4600,3816.2600
7551,649,4547.4000,731.3700,3816.0300
10007,1078,5035.2900,1219.9100,3815.3800
7930,1323,4379.3500,564.3400,3815.0100
14738,1431,5742.3200,1927.4500,3814.8700
726,1451,3814.8300,null,3814.8300
4212,1585,3814.8300,null,3814.8300
15867,523,4522.1700,707.6800,3814.4900
16408,789,4315.7200,501.5900,3814.1300
12564,133,4031.4200,218.3800,3813.0400
3194,893,5747.2500,1934.3800,3812.8700
11261,1490,5375.8200,1563.1100,3812.7100
19293,1748,4303.7500,492.5600,3811.1900
8046,282,5086.4400,1276.3500,3810.0900
18674,742,5651.2500,1841.3600,3809.8900
16225,40,4837.5000,1027.7400,3809.7600
18723,1433,3911.7300,103.0100,3808.7200
5387,819,5394.2000,1585.5300,3808.6700
7122,95,4315.7200,508.0400,3807.6800
4823,1301,4330.0800,523.9800,3806.1000
14322,1383,4306.7400,500.7700,3805.9700
15618,294,5457.1000,1651.9200,3805.1800
505,1784,4031.4200,227.3400,3804.0800
4929,247,4870.7100,1067.7700,3802.9400
15970,13,4522.1700,719.5600,3802.6100
10440,729,5406.7800,1607.7000,3799.0800
12608,1869,4515.7200,716.6800,3799.0400
1815,346,4303.7500,504.7300,3799.0200
6091,1564,4299.2500,500.6200,3798.6300
1542,1731,5651.2500,1853.5800,3797.6700
7675,1966,4516.9200,719.7900,3797.1300
2137,1592,5386.3500,1589.8300,3796.5200
16823,1520,5394.2000,1598.8200,3795.3800
16811,799,4365.6800,570.5700,3795.1100
18577,1051,4072.5200,277.5800,3794.9400
8296,815,4974.9900,1180.1800,3794.8100
3105,1360,5747.2500,1952.4500,3794.8000
12311,1997,5215.6400,1421.5800,3794.0600
2120,896,4333.6500,539.8800,3793.7700
14947,1566,5747.2500,1953.7100,3793.5400
11381,722,4554.0600,760.5800,3793.4800
9670,357,4870.7100,1077.9600,3792.7500
2393,406,5460.1500,1667.5200,3792.6300
12168,786,4547.4000,755.4300,3791.9700
11413,128,4516.9200,724.9700,3791.9500
1220,1825,5344.7700,1554.1800,3790.5900
7616,52,4798.9500,1008.5600,3790.3900
7001,1890,5184.1200,1393.9600,3790.1600
13126,1002,4072.5200,282.4100,3790.1100
16485,1071,5215.8300,1425.9400,3789.8900
11969,1241,5684.2500,1894.9300,3789.3200
4335,1040,5566.1100,1777.0000,3789.1100
19723,1122,4802.0700,1013.5500,3788.5200
10036,34,4299.2500,512.3300,3786.9200
811,1308,4198.1400,411.9700,3786.1700
6137,9,4071.6800,287.0000,3784.6800
12765,1835,4342.6800,558.8900,3783.7900
11151,1225,5457.1000,1673.9900,3783.1100
6560,1101,4554.0600,771.2600,3782.8000
17704,479,3904.4700,123.2900,3781.1800
9439,1141,5375.8200,1594.6900,3781.1300
1424,1067,5375.8200,1595.5400,3780.2800
8717,1524,4303.7500,523.9900,3779.7600
3389,1917,4522.1700,743.2300,3778.9400
10630,1872,5684.2500,1906.5600,3777.6900
7891,419,4836.9900,1059.7900,3777.2000
18,597,4379.3500,602.4000,3776.9500
4585,396,5357.5000,1581.0100,3776.4900
16363,566,5394.2000,1619.5400,3774.6600
18203,1686,5394.2000,1621.4100,3772.7900
3014,546,5460.1500,1687.9000,3772.2500
19316,1210,3989.1500,218.0300,3771.1200
7467,1656,4213.7500,442.7700,3770.9800
15980,1234,4870.7100,1102.5600,3768.1500
17,1473,5215.8300,1447.6800,3768.1500
14486,1363,4802.0700,1034.3600,3767.7100
341,934,4365.6800,598.3200,3767.3600
12512,771,4146.7500,380.4900,3766.2600
12436,1629,4345.1400,579.2700,3765.8700
688,363,4516.9200,751.8600,3765.0600
4597,483,5511.3600,1746.7000,3764.6600
8127,1691,3911.7300,149.9400,3761.7900
5761,315,4870.7100,1109.8700,3760.8400
14668,589,3911.7300,151.1300,3760.6000
17427,1930,5402.8000,1642.2800,3760.5200
15585,868,3989.1500,228.8000,3760.3500
8736,536,5362.1700,1603.3400,3758.8300
16639,103,4330.0800,571.4700,3758.6100
5922,799,4837.5000,1078.9800,3758.5200
11321,352,3989.1500,231.7200,3757.4300
6139,1820,5215.8300,1458.7300,3757.1000
2187,606,4238.0400,481.8700,3756.1700
19308,695,5684.2500,1928.5400,3755.7100
5079,1801,4747.9800,992.2800,3755.7000
6666,638,5344.7700,1589.8500,3754.9200
15632,506,4342.6800,588.9300,3753.7500
560,1297,3870.0000,117.8100,3752.1900
11903,218,4315.7200,563.9900,3751.7300
5108,570,5684.2500,1933.1200,3751.1300
8785,679,4286.0000,535.1100,3750.8900
9405,606,3870.0000,119.7800,3750.2200
12994,1388,5566.1100,1815.9400,3750.1700
8755,987,4926.9600,1177.4200,3749.5400
11352,821,4031.4200,282.0100,3749.4100
12112,992,5357.5000,1609.2700,3748.2300
9182,1078,4001.7000,253.5600,3748.1400
12372,576,5035.2900,1288.0300,3747.2600
3766,1052,4926.9600,1180.3000,3746.6600
17075,933,5375.8200,1629.5400,3746.2800
18570,863,4926.9600,1181.0700,3745.8900
19854,320,4554.9600,811.1900,3743.7700
11712,1629,5566.1100,1823.0500,3743.0600
7328,1195,4333.6500,591.4400,3742.2100
16335,1704,4522.1700,780.7600,3741.4100
17182,343,5644.6500,1904.3800,3740.2700
12256,1123,4299.2500,561.1500,3738.1000
6853,926,5460.1500,1722.4700,3737.6800
427,622,5386.3500,1649.3400,3737.0100
8408,768,4299.2500,562.3000,3736.9500
5998,279,4303.7500,566.9100,3736.8400
7415,210,4802.0700,1065.3800,3736.6900
5545,1448,3846.0800,111.0300,3735.0500
3274,1973,4330.0800,595.3000,3734.7800
8477,1253,4238.0400,503.4100,3734.6300
7218,898,4379.3500,646.2000,3733.1500
19512,1026,5402.8000,1670.1600,3732.6400
15037,1946,4836.9900,1105.4300,3731.5600
16143,1905,4926.9600,1196.1700,3730.7900
18474,1556,4836.9900,1106.7500,3730.2400
12884,458,5428.3500,1701.0600,3727.2900
3050,1600,4052.1000,324.9300,3727.1700
2427,84,4747.9800,1022.0800,3725.9000
4611,954,4836.9900,1111.6400,3725.3500
17836,1412,4345.1400,620.1100,3725.0300
13192,1831,5386.3500,1662.6000,3723.7500
6557,1684,3824.0500,100.3200,3723.7300
7145,908,4333.6500,609.9800,3723.6700
19287,56,5651.2500,1928.4100,3722.8400
11285,648,4554.0600,832.1600,3721.9000
15114,253,5297.5500,1576.3700,3721.1800
1410,539,5362.1700,1641.4100,3720.7600
19288,594,3904.4700,184.4000,3720.0700
14757,345,4521.0000,801.0000,3720.0000
4385,594,4577.2400,858.6900,3718.5500
2868,1168,5651.2500,1935.2800,3715.9700
18467,1330,5362.1700,1646.2800,3715.8900
19186,732,4515.7200,800.8300,3714.8900
2246,175,5035.2900,1320.4100,3714.8800
170,1642,5205.9600,1491.7100,3714.2500
17763,1312,5428.3500,1715.1600,3713.1900
2851,912,4496.8000,784.5300,3712.2700
19343,1541,4522.1700,810.5500,3711.6200
14137,1078,4974.9900,1263.4800,3711.5100
17176,752,3710.7400,null,3710.7400
17039,449,3710.7400,null,3710.7400
17940,384,3710.7400,null,3710.7400
15711,1750,3710.7400,null,3710.7400
12915,974,4315.3600,604.8200,3710.5400
7436,1480,4342.6800,632.3200,3710.3600
5485,1750,4521.0000,810.6900,3710.3100
4411,1816,5205.9600,1497.7000,3708.2600
4041,157,5362.1700,1654.0900,3708.0800
7177,1519,4515.7200,809.3600,3706.3600
18955,536,4837.5000,1131.2900,3706.2100
13174,892,3839.1600,133.1200,3706.0400
298,1582,3705.8400,null,3705.8400
12131,1773,3705.8400,null,3705.8400
1289,1535,4071.6800,366.6600,3705.0200
5971,1004,5086.4400,1382.5300,3703.9100
16175,1286,4522.1700,819.2700,3702.9000
1253,474,4303.7500,601.3000,3702.4500
12462,504,5344.7700,1643.9600,3700.8100
2329,1894,5644.6500,1944.0600,3700.5900
7779,1786,4379.3500,680.2800,3699.0700
351,1427,4983.5700,1285.1000,3698.4700
2418,1534,5344.7700,1647.6200,3697.1500
7778,395,5457.1000,1761.0000,3696.1000
18532,616,3846.0800,151.7100,3694.3700
11708,1037,4577.2400,884.6600,3692.5800
5667,1648,5297.5500,1605.0200,3692.5300
6375,143,3870.0000,177.5100,3692.4900
5100,519,3824.0500,131.9300,3692.1200
4135,1759,4315.3600,623.3700,3691.9900
15178,101,5428.3500,1737.9800,3690.3700
11906,600,4516.9200,827.7200,3689.2000
13172,716,4516.9200,827.9600,3688.9600
14271,221,4198.1400,509.4600,3688.6800
13320,1924,4836.9900,1148.4900,3688.5000
255,857,5402.8000,1714.4900,3688.3100
3380,1327,4521.0000,833.5200,3687.4800
14496,1697,4983.5700,1296.4300,3687.1400
527,962,3831.5000,144.4700,3687.0300
5884,1147,3686.9000,null,3686.9000
19320,1205,3686.9000,null,3686.9000
2787,501,3686.9000,null,3686.9000
12703,673,3686.9000,null,3686.9000
1167,1664,3686.9000,null,3686.9000
7339,1330,4983.5700,1296.9500,3686.6200
15317,362,4306.7400,620.5200,3686.2200
4687,1061,4496.8000,810.7300,3686.0700
19533,2000,4836.9900,1151.0800,3685.9100
17188,338,3846.0800,161.5500,3684.5300
18020,372,5297.5500,1614.6100,3682.9400
3093,1158,4146.7500,464.3700,3682.3800
6200,1340,5215.8300,1533.9500,3681.8800
2693,889,3814.8300,134.9400,3679.8900
12058,380,5457.1000,1777.4800,3679.6200
3656,1521,3814.8300,136.9100,3677.9200
4229,1788,4333.6500,657.0100,3676.6400
11019,1547,5205.9600,1530.0300,3675.9300
1001,628,3870.0000,194.4900,3675.5100
8730,1206,4747.9800,1073.4000,3674.5800
6897,1803,3674.2400,null,3674.2400
3319,790,3674.2400,null,3674.2400
14691,216,3674.2400,null,3674.2400
18363,950,3674.2400,null,3674.2400
6128,327,3674.2400,null,3674.2400
3015,1805,3674.2400,null,3674.2400
13607,555,3674.2400,null,3674.2400
1753,458,4870.7100,1196.7300,3673.9800
1374,1392,4315.3600,641.5600,3673.8000
2135,235,4577.2400,903.7400,3673.5000
18124,195,5646.1500,1973.9200,3672.2300
8695,282,3831.5000,159.5200,3671.9800
9032,884,4198.1400,526.2100,3671.9300
16433,1527,4974.9900,1303.1900,3671.8000
4853,1379,5402.8000,1731.1600,3671.6400
15225,1931,4515.7200,845.0800,3670.6400
11417,193,5460.1500,1789.9300,3670.2200
19438,1998,4146.7500,478.0700,3668.6800
4449,1669,5215.6400,1547.3600,3668.2800
12010,310,4870.7100,1203.5300,3667.1800
19596,614,4640.4400,973.6300,3666.8100
19071,1226,4837.5000,1171.4000,3666.1000
18128,522,4001.7000,335.7700,3665.9300
17571,147,4001.7000,336.7800,3664.9200
3161,856,4072.5200,407.7600,3664.7600
19791,582,4072.5200,408.5300,3663.9900
18030,1319,5394.2000,1730.8000,3663.4000
12739,916,4071.6800,410.5800,3661.1000
11841,1884,3888.0900,227.2000,3660.8900
14949,1524,5428.3500,1768.3400,3660.0100
7421,1061,5357.5000,1697.9800,3659.5200
17365,659,5215.8300,1557.6400,3658.1900
9216,985,3824.0500,166.4200,3657.6300
19845,1269,5362.1700,1706.2700,3655.9000
18768,1303,5375.8200,1721.7300,3654.0900
16535,1661,5344.7700,1691.9500,3652.8200
6511,386,4515.7200,862.9900,3652.7300
17857,488,4365.6800,713.6700,3652.0100
3813,1939,4974.9900,1323.1300,3651.8600
14015,11,4286.0000,634.1600,3651.8400
9398,1582,4072.5200,421.9000,3650.6200
11394,13,5428.3500,1778.6300,3649.7200
14771,1936,5284.9200,1635.4600,3649.4600
17389,1562,4333.6500,684.4800,3649.1700
18527,790,4870.7100,1221.8600,3648.8500
15650,1134,5294.1600,1645.8200,3648.3400
12109,619,4974.9900,1327.6700,3647.3200
14017,504,3814.8300,167.5600,3647.2700
17679,1835,4807.6000,1160.8300,3646.7700
1304,310,4640.4400,993.8300,3646.6100
17024,1986,4577.2400,932.0700,3645.1700
15956,1443,4798.9500,1154.4800,3644.4700
6024,67,4870.7100,1226.4800,3644.2300
6888,1716,5394.2000,1750.3300,3643.8700
790,1909,4836.9900,1193.5700,3643.4200
11376,168,4315.3600,672.6700,3642.6900
4253,933,4345.1400,702.7300,3642.4100
3615,383,5386.3500,1744.7200,3641.6300
17922,904,4345.1400,703.6100,3641.5300
19591,796,3640.1000,null,3640.1000
15288,1289,3640.1000,null,3640.1000
8481,495,3640.1000,null,3640.1000
17457,1861,4071.6800,433.3200,3638.3600
8345,1447,3870.0000,232.4800,3637.5200
8424,1910,4306.7400,669.3500,3637.3900
16329,1727,4303.7500,667.2800,3636.4700
16602,825,5294.1600,1657.9900,3636.1700
14922,1847,5035.2900,1399.3200,3635.9700
13504,1462,5297.5500,1661.9600,3635.5900
14817,1347,4333.6500,698.6800,3634.9700
19915,1043,3851.7500,217.0500,3634.7000
13571,302,4052.1000,417.4300,3634.6700
17195,263,4198.1400,563.5400,3634.6000
6726,868,3904.4700,270.4300,3634.0400
4761,1516,4299.2500,665.7000,3633.5500
17923,1741,4515.7200,883.5700,3632.1500
451,93,4983.5700,1351.4900,3632.0800
9612,1216,5284.9200,1653.2600,3631.6600
6361,1850,3831.5000,199.9100,3631.5900
10006,858,5457.1000,1826.4400,3630.6600
19773,1526,3851.7500,222.6000,3629.1500
10198,1501,4554.9600,925.8600,3629.1000
7755,1133,3831.5000,205.3600,3626.1400
10722,81,4052.1000,426.7000,3625.4000
3423,691,5402.8000,1777.5500,3625.2500
1078,1965,4379.3500,755.4000,3623.9500
4122,801,4072.2600,450.2500,3622.0100
16753,465,4330.0800,708.2000,3621.8800
6401,1406,4071.6800,451.0000,3620.6800
8585,156,4001.7000,381.2900,3620.4100
808,395,4632.3000,1012.5400,3619.7600
6285,514,3831.5000,211.9800,3619.5200
3309,1209,5566.1100,1948.3000,3617.8100
1283,929,4747.9800,1130.2800,3617.7000
5992,804,4983.5700,1365.9200,3617.6500
19892,253,4031.4200,414.0100,3617.4100
15196,638,5284.9200,1668.0600,3616.8600
8236,1318,3904.4700,287.6400,3616.8300
8970,1342,3824.0500,207.6000,3616.4500
1295,1767,5184.1200,1568.0800,3616.0400
3077,1180,4554.9600,940.6000,3614.3600
13892,601,4516.9200,902.7800,3614.1400
15914,872,5284.9200,1671.0300,3613.8900
1580,796,4303.7500,689.9100,3613.8400
7692,1433,5386.3500,1773.5500,3612.8000
18975,3,4198.1400,585.6300,3612.5100
13911,935,4983.5700,1371.3500,3612.2200
4292,137,3904.4700,293.6100,3610.8600
10081,1238,4577.2400,967.3900,3609.8500
4338,920,5375.8200,1767.1600,3608.6600
16897,1355,4299.2500,690.7900,3608.4600
15879,15,3824.0500,215.8600,3608.1900
14389,590,4632.3000,1024.2700,3608.0300
12812,1742,5344.7700,1736.9400,3607.8300
17031,1160,5460.1500,1852.8800,3607.2700
6186,1164,5362.1700,1755.0100,3607.1600
18381,1986,4052.1000,445.7200,3606.3800
11404,1278,5460.1500,1853.9200,3606.2300
5494,732,4632.3000,1026.6000,3605.7000
9861,80,4577.2400,971.6300,3605.6100
13589,733,4342.6800,737.5600,3605.1200
17053,785,3604.5200,null,3604.5200
15674,203,3604.5200,null,3604.5200
9626,1573,3604.5200,null,3604.5200
13594,1280,4554.0600,950.9200,3603.1400
13211,501,3710.7400,108.1800,3602.5600
6851,34,4286.0000,683.5500,3602.4500
4744,1006,4031.4200,428.9900,3602.4300
17178,1488,5297.5500,1696.3600,3601.1900
207,1360,5184.1200,1583.0800,3601.0400
17503,60,5566.1100,1966.2000,3599.9100
5288,1682,4315.3600,716.4700,3598.8900
3622,1296,4836.9900,1238.2900,3598.7000
5454,1802,5362.1700,1763.7600,3598.4100
19103,771,5362.1700,1764.0700,3598.1000
630,1776,4554.9600,957.4800,3597.4800
11638,1730,3705.8400,108.3800,3597.4600
826,950,3597.4400,null,3597.4400
14875,133,3597.4400,null,3597.4400
15693,892,3705.8400,108.6700,3597.1700
10762,845,4974.9900,1379.0300,3595.9600
17522,754,5394.2000,1799.1400,3595.0600
3655,1938,4072.5200,478.2300,3594.2900
17488,1060,3911.7300,318.5700,3593.1600
806,986,4299.2500,706.2200,3593.0300
8842,271,5375.8200,1783.6900,3592.1300
12121,209,5566.1100,1974.7100,3591.4000
4091,1208,3590.9000,null,3590.9000
18528,1529,3590.9000,null,3590.9000
8810,610,3590.9000,null,3590.9000
16541,969,3590.9000,null,3590.9000
14696,701,3590.9000,null,3590.9000
8231,895,3590.9000,null,3590.9000
32,1058,3590.9000,null,3590.9000
15469,1462,3590.9000,null,3590.9000
3395,632,4837.5000,1247.1500,3590.3500
19133,1462,5428.3500,1838.1100,3590.2400
14306,1957,4342.6800,752.4800,3590.2000
7554,1900,3888.0900,298.5500,3589.5400
15304,31,5566.1100,1977.5700,3588.5400
10276,1886,5394.2000,1806.7100,3587.4900
14756,1828,4747.9800,1161.1500,3586.8300
10824,830,4496.8000,910.2500,3586.5500
13206,1040,5090.6500,1504.5200,3586.1300
7375,1190,3870.0000,284.3400,3585.6600
1046,638,5035.2900,1450.9600,3584.3300
18150,675,3583.8800,null,3583.8800
10061,898,3583.8800,null,3583.8800
2812,1398,3583.8800,null,3583.8800
2669,268,3583.8800,null,3583.8800
12947,540,3583.8800,null,3583.8800
13208,1284,5386.3500,1802.7000,3583.6500
2670,1994,3904.4700,321.2000,3583.2700
1681,435,5457.1000,1874.8400,3582.2600
1535,110,3824.0500,241.9800,3582.0700
4819,1840,5362.1700,1780.4600,3581.7100
12882,137,5205.9600,1625.2400,3580.7200
3116,153,3911.7300,332.0300,3579.7000
9153,1458,4632.3000,1053.3200,3578.9800
11440,1211,4522.1700,943.3000,3578.8700
15043,413,5086.4400,1508.6200,3577.8200
17809,1063,3705.8400,128.3000,3577.5400
14737,1256,4345.1400,768.0300,3577.1100
5148,907,3911.7300,334.6600,3577.0700
10476,1878,4515.7200,939.1200,3576.6000
3723,544,5386.3500,1809.9200,3576.4300
17314,510,3574.7800,null,3574.7800
6352,798,3574.7800,null,3574.7800
14351,1767,3574.7800,null,3574.7800
18011,1321,3574.7800,null,3574.7800
6670,1584,4515.7200,941.2000,3574.5200
1065,519,4836.9900,1263.1500,3573.8400
14237,437,4333.6500,760.1700,3573.4800
6954,1695,3851.7500,278.6000,3573.1500
10742,110,3839.1600,266.1700,3572.9900
9923,803,5035.2900,1462.7100,3572.5800
18080,961,5344.7700,1772.4500,3572.3200
15447,101,4299.2500,728.1300,3571.1200
5808,806,3705.8400,134.8600,3570.9800
10861,663,4554.0600,983.2000,3570.8600
12051,1954,3814.8300,244.0500,3570.7800
5440,1699,4926.9600,1357.1500,3569.8100
6103,1334,5090.6500,1521.1900,3569.4600
3962,446,5406.7800,1837.9000,3568.8800
3276,1003,3911.7300,344.1200,3567.6100
2981,1660,4807.6000,1240.1900,3567.4100
18054,217,5357.5000,1790.6200,3566.8800
12020,1431,5457.1000,1891.0500,3566.0500
3618,1211,3870.0000,304.6400,3565.3600
17179,555,5297.5500,1734.1600,3563.3900
5301,1489,3563.1800,null,3563.1800
5283,52,3563.1800,null,3563.1800
17668,631,3563.1800,null,3563.1800
10605,1712,5184.1200,1621.5900,3562.5300
2037,578,3562.3000,null,3562.3000
1135,1598,3562.3000,null,3562.3000
14065,1121,3562.3000,null,3562.3000
6392,1149,3562.3000,null,3562.3000
9589,1153,3562.3000,null,3562.3000
4647,249,4238.0400,676.4400,3561.6000
11802,1248,3870.0000,308.9500,3561.0500
2466,1806,4001.7000,440.8900,3560.8100
5732,598,3851.7500,291.0700,3560.6800
5777,1402,4836.9900,1277.1000,3559.8900
5424,362,5375.8200,1816.8900,3558.9300
3687,1123,4303.7500,745.7100,3558.0400
10733,115,4001.7000,443.7800,3557.9200
18571,781,4330.0800,772.3500,3557.7300
4909,1643,3710.7400,153.4200,3557.3200
14125,1254,5205.9600,1648.6500,3557.3100
15165,1976,5284.9200,1729.4600,3555.4600
3435,449,3824.0500,268.8900,3555.1600
4862,401,4213.7500,658.7800,3554.9700
1523,106,5035.2900,1480.3700,3554.9200
769,1385,5428.3500,1873.9000,3554.4500
18294,401,3686.9000,133.0300,3553.8700
9934,369,3904.4700,351.0700,3553.4000
13056,578,5035.2900,1483.4600,3551.8300
4903,142,5362.1700,1810.9500,3551.2200
1154,1123,5035.2900,1484.1500,3551.1400
9312,146,4554.9600,1003.9100,3551.0500
17795,556,4515.7200,965.1700,3550.5500
14751,1489,4072.2600,523.2000,3549.0600
8023,1115,5284.9200,1735.9300,3548.9900
10117,1596,4306.7400,758.7800,3547.9600
1315,876,3710.7400,162.8700,3547.8700
4401,1125,4983.5700,1435.7400,3547.8300
1575,781,4286.0000,738.9900,3547.0100
9533,392,4836.9900,1291.9400,3545.0500
5887,716,5394.2000,1849.1900,3545.0100
7125,1174,4031.4200,487.0900,3544.3300
15685,753,4001.7000,457.9300,3543.7700
13488,246,4052.1000,509.1500,3542.9500
6901,888,4516.9200,975.9700,3540.9500
11642,1691,4342.6800,802.1100,3540.5700
196,430,4983.5700,1443.0700,3540.5000
16617,614,4330.0800,790.1300,3539.9500
15976,1660,4926.9600,1389.3700,3537.5900
13109,1300,5457.1000,1920.0900,3537.0100
5578,1217,4031.4200,494.5700,3536.8500
12361,910,4837.5000,1302.3300,3535.1700
1922,230,3814.8300,279.7300,3535.1000
4698,1416,5362.1700,1827.1900,3534.9800
2713,1186,4146.7500,611.8900,3534.8600
18529,1309,5215.6400,1681.5800,3534.0600
18939,1231,5086.4400,1553.9600,3532.4800
2290,666,3824.0500,292.9700,3531.0800
11201,153,4836.9900,1305.9200,3531.0700
17207,604,5086.4400,1555.8000,3530.6400
2586,1344,3888.0900,357.7300,3530.3600
11108,1705,4299.2500,769.2900,3529.9600
5755,15,4632.3000,1102.4200,3529.8800
16807,1210,4974.9900,1445.3100,3529.6800
1624,288,3529.4400,null,3529.4400
6456,1273,3529.4400,null,3529.4400
12911,373,3529.4400,null,3529.4400
16784,175,3529.4400,null,3529.4400
11136,135,3529.4400,null,3529.4400
5853,1808,4807.6000,1278.1800,3529.4200
5181,1004,5460.1500,1930.8300,3529.3200
8597,1328,4577.2400,1048.4400,3528.8000
10462,599,4640.4400,1112.7800,3527.6600
990,174,3911.7300,384.2800,3527.4500
11692,1270,4547.4000,1020.4900,3526.9100
9064,1059,4330.0800,803.5900,3526.4900
2637,1610,4333.6500,807.5500,3526.1000
7141,250,3831.5000,305.9800,3525.5200
12516,1264,5357.5000,1832.3200,3525.1800
19526,775,3831.5000,307.3200,3524.1800
5543,638,4974.9900,1450.9200,3524.0700
13203,1021,3523.2800,null,3523.2800
3040,170,3523.2800,null,3523.2800
5521,191,3523.2800,null,3523.2800
15836,1185,3523.2800,null,3523.2800
2543,13,3523.2800,null,3523.2800
10710,1091,3870.0000,347.4800,3522.5200
205,1422,4515.7200,993.2900,3522.4300
17014,609,4522.1700,1000.2900,3521.8800
15386,1845,5386.3500,1864.6600,3521.6900
1870,1176,5357.5000,1836.0500,3521.4500
10087,1441,4870.7100,1350.5700,3520.1400
566,1927,4299.2500,779.1800,3520.0700
7629,1144,4870.7100,1352.0100,3518.7000
5626,1812,3888.0900,370.0500,3518.0400
10340,1814,3846.0800,329.6600,3516.4200
7895,1589,4515.7200,1002.1400,3513.5800
11514,81,4798.9500,1285.3800,3513.5700
7680,186,3911.7300,398.3200,3513.4100
4794,557,4798.9500,1285.5400,3513.4100
13960,1556,4747.9800,1234.8300,3513.1500
8550,831,4286.0000,773.1300,3512.8700
14985,111,4238.0400,725.2900,3512.7500
1231,1293,4496.8000,984.1100,3512.6900
6704,61,3640.1000,127.8600,3512.2400
343,1394,4974.9900,1463.1400,3511.8500
16814,979,5402.8000,1891.1600,3511.6400
12859,1810,4198.1400,687.0200,3511.1200
11003,707,5284.9200,1774.1400,3510.7800
11060,697,3510.6000,null,3510.6000
5507,1431,3510.6000,null,3510.6000
2238,1397,3510.6000,null,3510.6000
9631,1953,3510.6000,null,3510.6000
11719,1542,3510.6000,null,3510.6000
8650,667,3510.6000,null,3510.6000
4190,1363,3510.6000,null,3510.6000
504,1918,3904.4700,394.5900,3509.8800
5822,1866,4330.0800,820.7700,3509.3100
16648,227,4632.3000,1123.5200,3508.7800
2083,1809,4379.3500,871.6800,3507.6700
6204,1728,4554.9600,1050.5300,3504.4300
12128,437,3503.4800,null,3503.4800
3950,1405,3503.4800,null,3503.4800
7188,1514,3503.4800,null,3503.4800
18173,1035,3503.4800,null,3503.4800
17055,1301,3503.4800,null,3503.4800
15155,824,3503.4800,null,3503.4800
4274,1289,3503.4800,null,3503.4800
3975,1383,4983.5700,1480.2900,3503.2800
8399,162,4926.9600,1424.3200,3502.6400
15865,125,5362.1700,1859.8600,3502.3100
1676,1679,4315.7200,813.4500,3502.2700
3939,1366,4974.9900,1472.9900,3502.0000
13706,1512,4286.0000,784.1500,3501.8500
4377,228,4807.6000,1305.7600,3501.8400
14995,841,5406.7800,1905.1400,3501.6400
4782,254,4547.4000,1046.1000,3501.3000
10386,1239,4516.9200,1015.8700,3501.0500
16739,1313,4554.9600,1054.3300,3500.6300
8027,180,4515.7200,1015.1000,3500.6200
7541,947,4072.2600,571.7400,3500.5200
10758,1349,5344.7700,1844.6100,3500.1600
5750,1405,3705.8400,206.6400,3499.2000
12840,791,4836.9900,1338.0100,3498.9800
8070,1102,3824.0500,325.3000,3498.7500
1085,722,4554.0600,1055.7800,3498.2800
310,73,5184.1200,1686.1500,3497.9700
3740,1609,4515.7200,1018.6800,3497.0400
14163,922,3597.4400,100.8700,3496.5700
10610,1542,3989.1500,493.7400,3495.4100
4894,1995,3870.0000,374.7300,3495.2700
17470,481,5205.9600,1710.9500,3495.0100
10683,1338,4554.0600,1059.1000,3494.9600
3467,1079,4345.1400,850.2400,3494.9000
13745,264,4802.0700,1307.3000,3494.7700
5504,372,5205.9600,1711.7400,3494.2200
17330,744,3911.7300,419.0400,3492.6900
19070,1652,4870.7100,1378.0800,3492.6300
15132,684,3831.5000,339.8100,3491.6900
884,1516,4315.7200,824.7600,3490.9600
3180,1559,4315.3600,824.7200,3490.6400
1447,1071,3904.4700,414.3700,3490.1000
7699,1640,4330.0800,841.4500,3488.6300
15236,580,4983.5700,1495.4500,3488.1200
10708,1570,5215.6400,1728.2500,3487.3900
3169,1198,4299.2500,811.9500,3487.3000
12042,796,3839.1600,352.3900,3486.7700
13919,1274,5284.9200,1799.6500,3485.2700
5275,1521,5090.6500,1606.2400,3484.4100
2895,1616,4836.9900,1353.5500,3483.4400
7642,366,4807.6000,1324.6400,3482.9600
2774,1600,5344.7700,1861.9800,3482.7900
8177,1070,4802.0700,1319.7900,3482.2800
12690,1305,5215.8300,1733.6000,3482.2300
18700,1228,5215.6400,1733.6900,3481.9500
3531,1501,5457.1000,1975.5100,3481.5900
5417,1707,4379.3500,898.2400,3481.1100
7285,1537,3480.3300,null,3480.3300
6920,1658,3480.3300,null,3480.3300
1693,669,3480.3300,null,3480.3300
16476,75,3480.3300,null,3480.3300
8727,980,3480.3300,null,3480.3300
479,1907,3477.2200,null,3477.2200
1130,1462,3477.2200,null,3477.2200
15902,1328,3477.2200,null,3477.2200
10272,493,3477.2200,null,3477.2200
18850,462,3477.2200,null,3477.2200
5883,1744,4640.4400,1163.2700,3477.1700
19221,464,5460.1500,1983.5400,3476.6100
15249,265,5086.4400,1609.9200,3476.5200
1055,1026,4974.9900,1498.5100,3476.4800
14897,1103,4052.1000,576.4600,3475.6400
2262,1114,5362.1700,1886.5300,3475.6400
15398,327,4516.9200,1041.6500,3475.2700
2745,272,5086.4400,1611.2700,3475.1700
4010,592,3474.5000,null,3474.5000
11411,666,3474.5000,null,3474.5000
5624,1261,3474.5000,null,3474.5000
8617,1523,3474.5000,null,3474.5000
1632,1869,4747.9800,1274.9800,3473.0000
10788,508,4072.2600,599.6200,3472.6400
11115,480,5215.6400,1743.8600,3471.7800
14226,264,5386.3500,1915.3900,3470.9600
7221,742,3904.4700,433.6300,3470.8400
15721,1832,4516.9200,1047.3300,3469.5900
377,1202,5294.1600,1824.7900,3469.3700
9410,1513,4146.7500,677.5700,3469.1800
1818,1542,4330.0800,861.0500,3469.0300
5180,920,4286.0000,817.0900,3468.9100
421,226,4365.6800,897.5000,3468.1800
8189,1591,4342.6800,874.8700,3467.8100
2362,1577,3583.8800,116.5400,3467.3400
8973,64,3851.7500,384.5300,3467.2200
3968,1282,5406.7800,1939.8500,3466.9300
19223,546,3674.2400,207.6400,3466.6000
9143,1550,3904.4700,438.4700,3466.0000
10474,7,4516.9200,1051.3100,3465.6100
8417,894,5375.8200,1911.3500,3464.4700
7624,1704,4522.1700,1058.0800,3464.0900
756,1459,4983.5700,1519.6300,3463.9400
16497,1522,4802.0700,1338.3100,3463.7600
1403,502,4315.3600,851.6400,3463.7200
477,1447,4870.7100,1407.0800,3463.6300
2359,660,5344.7700,1881.5700,3463.2000
17609,1029,3839.1600,376.0900,3463.0700
8433,377,4072.5200,610.7900,3461.7300
18757,768,4345.1400,886.8600,3458.2800
13583,913,4238.0400,780.6900,3457.3500
9643,274,4870.7100,1413.6100,3457.1000
19970,237,3604.5200,147.5800,3456.9400
9953,1969,5357.5000,1900.5900,3456.9100
8981,273,3814.8300,358.0700,3456.7600
9220,258,4974.9900,1518.5000,3456.4900
1679,1734,4807.6000,1351.1400,3456.4600
15557,1659,4926.9600,1470.7900,3456.1700
6,741,5035.2900,1579.4400,3455.8500
17845,993,4072.2600,616.8500,3455.4100
13567,1174,3846.0800,391.0200,3455.0600
2364,1967,3583.8800,129.3800,3454.5000
302,1412,4632.3000,1178.1200,3454.1800
14102,156,3888.0900,435.2800,3452.8100
8992,1087,5428.3500,1977.1800,3451.1700
16763,363,4516.9200,1066.7000,3450.2200
18574,678,4052.1000,602.9100,3449.1900
8220,134,4330.0800,881.9100,3448.1700
417,1574,4315.7200,868.5400,3447.1800
2762,1666,3824.0500,377.2700,3446.7800
8038,1803,3846.0800,399.9500,3446.1300
1056,347,3604.5200,158.7600,3445.7600
9987,384,4926.9600,1481.2200,3445.7400
1311,680,5297.5500,1853.3000,3444.2500
11202,1906,4213.7500,769.9600,3443.7900
15286,1021,4071.6800,627.9500,3443.7300
12158,276,3443.0000,null,3443.0000
18686,1535,3443.0000,null,3443.0000
15103,157,3443.0000,null,3443.0000
11975,971,3443.0000,null,3443.0000
5063,1478,3443.0000,null,3443.0000
7963,742,4315.7200,872.8200,3442.9000
14979,1296,3814.8300,372.8000,3442.0300
14511,1585,5205.9600,1763.9500,3442.0100
1011,948,3441.7500,null,3441.7500
14605,603,3441.7500,null,3441.7500
2542,628,3441.7500,null,3441.7500
18688,47,4345.1400,903.9000,3441.2400
7905,1974,5394.2000,1952.9900,3441.2100
15572,436,3831.5000,391.1000,3440.4000
2921,919,3439.4000,null,3439.4000
4978,1618,3439.4000,null,3439.4000
18253,964,3439.4000,null,3439.4000
10377,1289,3851.7500,412.5800,3439.1700
11633,815,3590.9000,151.9900,3438.9100
5231,1202,3574.7800,136.7200,3438.0600
291,1449,4071.6800,633.7400,3437.9400
11837,453,4213.7500,775.9700,3437.7800
3424,1493,4303.7500,866.9000,3436.8500
11067,1640,4554.0600,1117.3600,3436.7000
18087,39,3888.0900,451.7400,3436.3500
3921,1593,3562.3000,126.2600,3436.0400
3495,1998,4306.7400,871.2900,3435.4500
15429,165,4802.0700,1368.0800,3433.9900
9991,1719,4747.9800,1314.2000,3433.7800
14006,237,4071.6800,638.5700,3433.1100
5588,431,3870.0000,437.3600,3432.6400
9603,912,4870.7100,1438.8200,3431.8900
4277,995,4870.7100,1439.0700,3431.6400
10325,299,4870.7100,1439.7600,3430.9500
7913,766,4640.4400,1210.3600,3430.0800
8922,307,3851.7500,421.9500,3429.8000
19077,659,3870.0000,440.4700,3429.5300
9004,120,4798.9500,1371.2800,3427.6700
11668,1862,4870.7100,1443.4900,3427.2200
14457,1349,3710.7400,283.7800,3426.9600
17026,512,4747.9800,1321.9500,3426.0300
11865,630,4974.9900,1549.5600,3425.4300
15660,975,4238.0400,812.7700,3425.2700
17434,1179,3604.5200,182.3800,3422.1400
1392,1668,5284.9200,1863.6600,3421.2600
9489,1897,5035.2900,1615.0600,3420.2300
15258,939,5090.6500,1670.5800,3420.0700
14876,1108,4146.7500,726.9400,3419.8100
2432,1603,4870.7100,1451.5100,3419.2000
9676,102,4802.0700,1383.1200,3418.9500
9332,432,4522.1700,1104.8800,3417.2900
7242,1520,3562.3000,145.3400,3416.9600
10122,1301,4547.4000,1130.4400,3416.9600
4618,1298,3824.0500,407.9400,3416.1100
943,1567,5394.2000,1978.5000,3415.7000
13282,1940,4315.7200,900.2000,3415.5200
2343,139,4836.9900,1422.3900,3414.6000
2924,833,4632.3000,1218.0400,3414.2600
19593,1093,5215.8300,1801.7500,3414.0800
251,1254,5035.2900,1622.0100,3413.2800
1606,1892,4286.0000,873.1600,3412.8400
18851,1648,5184.1200,1771.3400,3412.7800
6955,2,5386.3500,1974.9300,3411.4200
3344,1558,3597.4400,186.1400,3411.3000
503,1604,4198.1400,787.2600,3410.8800
9430,1802,3562.3000,151.7000,3410.6000
3559,8,3410.5500,null,3410.5500
5393,871,3410.5500,null,3410.5500
1102,1501,3410.5500,null,3410.5500
13216,1775,3574.7800,164.4200,3410.3600
4555,1887,5086.4400,1678.6000,3407.8400
14789,1428,4286.0000,878.1800,3407.8200
7595,656,3590.9000,183.2100,3407.6900
4188,26,5297.5500,1889.9700,3407.5800
6123,346,4345.1400,938.0900,3407.0500
10426,541,4554.9600,1147.9100,3407.0500
1106,171,3710.7400,305.3300,3405.4100
11484,889,5394.2000,1988.8600,3405.3400
18866,1897,4286.0000,880.9100,3405.0900
19939,1094,4342.6800,938.1600,3404.5200
14585,803,4870.7100,1466.2000,3404.5100
13101,296,4983.5700,1579.8800,3403.6900
3719,1884,4632.3000,1228.6900,3403.6100
6389,505,3710.7400,308.4900,3402.2500
5513,505,3529.4400,129.0800,3400.3600
7870,1979,3590.9000,191.0900,3399.8100
15513,1342,4554.0600,1154.6500,3399.4100
15672,1975,5297.5500,1898.3000,3399.2500
2742,918,5406.7800,2008.3300,3398.4500
13957,173,4379.3500,981.9600,3397.3900
13502,1560,4303.7500,906.9800,3396.7700
4906,1618,3574.7800,178.2600,3396.5200
8292,1043,3839.1600,443.3300,3395.8300
17008,1094,4238.0400,842.2600,3395.7800
8875,1554,3839.1600,445.5200,3393.6400
9141,397,5386.3500,1992.8100,3393.5400
8052,1757,4345.1400,951.7900,3393.3500
1477,1658,4238.0400,846.7200,3391.3200
3864,820,3390.7500,null,3390.7500
9600,1733,3390.7500,null,3390.7500
4247,300,3390.7500,null,3390.7500
14570,746,3563.1800,172.5000,3390.6800
1084,467,4238.0400,847.3600,3390.6800
168,1250,4365.6800,976.3200,3389.3600
5088,1673,3523.2800,134.1800,3389.1000
4608,1253,4522.1700,1133.1500,3389.0200
11175,825,5294.1600,1905.7200,3388.4400
6884,36,3846.0800,457.7800,3388.3000
5337,765,3597.4400,209.1400,3388.3000
19832,561,3387.6900,null,3387.6900
17728,1548,3387.6900,null,3387.6900
12744,1352,3387.6900,null,3387.6900
14733,602,3387.6900,null,3387.6900
1864,1417,3386.7900,null,3386.7900
10024,1834,3386.7900,null,3386.7900
14948,1864,3386.7900,null,3386.7900
19034,1683,4379.3500,993.8100,3385.5400
16777,551,3888.0900,503.2400,3384.8500
1585,1377,3904.4700,520.0800,3384.3900
2020,1484,5184.1200,1800.0000,3384.1200
15036,582,4342.6800,959.0500,3383.6300
7021,1473,4515.7200,1132.3800,3383.3400
5011,1297,3686.9000,303.6500,3383.2500
9577,516,4521.0000,1138.2000,3382.8000
6116,1895,3597.4400,215.6000,3381.8400
8487,1115,3831.5000,449.7800,3381.7200
18155,1980,4974.9900,1593.4300,3381.5600
18741,1624,4052.1000,670.8000,3381.3000
17311,247,5215.8300,1835.9600,3379.8700
18954,112,4315.7200,939.1600,3376.5600
2069,1329,4554.0600,1178.9300,3375.1300
5394,1822,4554.9600,1179.8400,3375.1200
15134,1115,3911.7300,536.7800,3374.9500
2331,1559,4306.7400,931.8400,3374.9000
13915,1378,4837.5000,1462.6400,3374.8600
11280,1455,4342.6800,970.6000,3372.0800
17868,954,4807.6000,1435.6000,3372.0000
9788,140,4926.9600,1555.1100,3371.8500
3530,869,3371.0000,null,3371.0000
3491,1760,3371.0000,null,3371.0000
13794,447,3371.0000,null,3371.0000
9885,1485,3371.0000,null,3371.0000
14681,1740,3371.0000,null,3371.0000
6211,1672,3371.0000,null,3371.0000
13018,1927,3371.0000,null,3371.0000
17052,784,3371.0000,null,3371.0000
19197,1325,4072.2600,701.7600,3370.5000
2504,1797,3474.5000,104.3700,3370.1300
2220,1915,5294.1600,1924.3100,3369.8500
10629,3,5284.9200,1915.3900,3369.5300
10023,1777,4379.3500,1010.0900,3369.2600
18849,1814,4640.4400,1272.9300,3367.5100
2099,850,3851.7500,484.3000,3367.4500
12222,86,4303.7500,940.5900,3363.1600
10327,945,4837.5000,1474.3500,3363.1500
18396,1995,3710.7400,348.3300,3362.4100
2887,1016,4333.6500,971.5800,3362.0700
12355,935,3529.4400,168.2300,3361.2100
18014,369,4146.7500,786.9500,3359.8000
5176,811,4315.3600,955.7900,3359.5700
3872,153,3846.0800,486.6300,3359.4500
11952,649,3846.0800,487.2600,3358.8200
4820,430,3356.8600,null,3356.8600
7264,279,3356.8600,null,3356.8600
10706,388,3356.8600,null,3356.8600
6986,723,3356.8600,null,3356.8600
6154,184,3356.8600,null,3356.8600
7636,186,4516.9200,1160.3800,3356.5400
12343,1899,4496.8000,1141.4000,3355.4000
4539,1936,4072.5200,717.1300,3355.3900
3250,791,3904.4700,549.1400,3355.3300
17088,271,4072.2600,717.1900,3355.0700
17724,573,4522.1700,1167.3000,3354.8700
10917,655,4330.0800,976.0100,3354.0700
16368,1983,4146.7500,792.8700,3353.8800
12296,1594,3911.7300,559.3900,3352.3400
3152,1779,3563.1800,211.1000,3352.0800
4149,895,5205.9600,1854.7500,3351.2100
195,339,4238.0400,886.9200,3351.1200
19434,1737,3705.8400,354.9100,3350.9300
18060,297,4522.1700,1172.5200,3349.6500
14340,650,3474.5000,124.8700,3349.6300
14859,390,4072.2600,722.8700,3349.3900
18300,1444,4342.6800,995.7700,3346.9100
9378,1119,4345.1400,999.6900,3345.4500
13401,1551,4072.2600,726.9100,3345.3500
10697,1237,3846.0800,500.8000,3345.2800
14452,1414,4306.7400,961.8000,3344.9400
948,395,3686.9000,345.3600,3341.5400
5566,1710,4315.3600,974.0600,3341.3000
4746,1889,4521.0000,1180.0700,3340.9300
16511,676,4640.4400,1300.9700,3339.4700
11126,822,4238.0400,899.1300,3338.9100
1932,1867,3851.7500,512.9200,3338.8300
4574,925,3583.8800,245.6400,3338.2400
14761,182,4516.9200,1180.3600,3336.5600
1318,276,4798.9500,1462.5200,3336.4300
5227,1125,5086.4400,1750.0600,3336.3800
11119,1125,3824.0500,488.1100,3335.9400
1512,962,4521.0000,1185.2500,3335.7500
14842,92,5086.4400,1751.2900,3335.1500
16672,601,4315.3600,981.5100,3333.8500
14786,567,3705.8400,372.4400,3333.4000
261,1858,4342.6800,1010.6600,3332.0200
4427,1497,5184.1200,1852.4400,3331.6800
4331,848,4052.1000,720.6500,3331.4500
18551,61,5297.5500,1966.1300,3331.4200
2429,437,3989.1500,657.8400,3331.3100
9916,417,4315.3600,984.1100,3331.2500
14045,1952,5215.8300,1885.7000,3330.1300
8393,123,3563.1800,234.4100,3328.7700
2816,1967,4315.7200,986.9700,3328.7500
5366,1513,4072.5200,744.7700,3327.7500
12848,560,4798.9500,1472.1900,3326.7600
8909,1260,5035.2900,1709.9800,3325.3100
1147,12,3597.4400,272.4000,3325.0400
10435,1609,3911.7300,586.7000,3325.0300
19632,671,4516.9200,1192.3200,3324.6000
14946,1613,3480.3300,156.2000,3324.1300
17700,593,4836.9900,1512.9600,3324.0300
2501,1155,3562.3000,238.2700,3324.0300
18456,1629,4379.3500,1056.1400,3323.2100
4764,1392,4238.0400,914.8500,3323.1900
2350,440,4837.5000,1514.9800,3322.5200
7649,984,3322.3800,null,3322.3800
1247,1005,3322.3800,null,3322.3800
2985,1652,3322.3800,null,3322.3800
146,16,3322.3800,null,3322.3800
2175,561,3322.3800,null,3322.3800
7957,1309,4747.9800,1426.3600,3321.6200
11661,1655,5205.9600,1884.3700,3321.5900
19795,539,4870.7100,1549.4100,3321.3000
19877,698,3583.8800,262.6000,3321.2800
17766,1207,4333.6500,1012.3900,3321.2600
10262,1944,4330.0800,1010.5400,3319.5400
2081,1846,4315.3600,995.8200,3319.5400
15063,664,4286.0000,966.7000,3319.3000
17662,929,3710.7400,391.6200,3319.1200
9186,244,3574.7800,255.8500,3318.9300
18809,762,3597.4400,279.5100,3317.9300
14379,895,3317.4000,null,3317.4000
3172,286,3317.4000,null,3317.4000
16344,1330,3317.4000,null,3317.4000
4833,149,3317.4000,null,3317.4000
8354,116,3317.4000,null,3317.4000
16161,1162,4342.6800,1025.3000,3317.3800
5757,485,4926.9600,1609.7800,3317.1800
12107,106,5215.6400,1898.9000,3316.7400
14066,1359,3316.6600,null,3316.6600
16194,1764,3316.6600,null,3316.6600
1861,325,3316.6600,null,3316.6600
6933,1077,3316.6600,null,3316.6600
12678,1103,3316.6600,null,3316.6600
5818,474,3316.6600,null,3316.6600
13392,1002,3316.6600,null,3316.6600
7754,1875,5284.9200,1968.9200,3316.0000
18097,179,4837.5000,1521.8400,3315.6600
13651,408,3563.1800,247.8200,3315.3600
882,30,5184.1200,1868.9900,3315.1300
10067,1658,3529.4400,214.3900,3315.0500
15675,370,4521.0000,1205.9800,3315.0200
6606,1054,4001.7000,687.0300,3314.6700
8972,1815,3563.1800,248.5700,3314.6100
16513,784,3477.2200,163.0800,3314.1400
12912,204,3583.8800,272.0700,3311.8100
10948,1221,4146.7500,835.1600,3311.5900
16983,932,3583.8800,272.3300,3311.5500
12132,1074,5086.4400,1775.8900,3310.5500
15894,349,4286.0000,975.7900,3310.2100
2728,841,4802.0700,1492.5700,3309.5000
16126,1568,3308.4000,null,3308.4000
19025,1230,3308.4000,null,3308.4000
14431,134,3308.4000,null,3308.4000
7241,5,3308.4000,null,3308.4000
6012,641,3308.4000,null,3308.4000
12234,1778,3308.4000,null,3308.4000
16841,1055,3308.4000,null,3308.4000
18104,1874,3308.4000,null,3308.4000
5250,1465,3308.4000,null,3308.4000
1286,1844,3510.6000,204.0200,3306.5800
7359,1530,4365.6800,1060.1200,3305.5600
6727,1436,5205.9600,1901.2200,3304.7400
14877,1460,4238.0400,934.2300,3303.8100
1787,1608,3674.2400,371.2800,3302.9600
7161,1624,3710.7400,407.9600,3302.7800
12780,658,4365.6800,1063.3100,3302.3700
3216,1802,4836.9900,1534.9700,3302.0200
2007,1327,4632.3000,1332.9800,3299.3200
6520,241,5090.6500,1793.1500,3297.5000
7284,1627,4072.5200,775.1900,3297.3300
12027,431,4640.4400,1343.2300,3297.2100
16683,1609,5294.1600,1996.9800,3297.1800
6050,382,4496.8000,1201.0400,3295.7600
10491,988,5086.4400,1790.7600,3295.6800
16292,817,5086.4400,1795.0800,3291.3600
9899,1296,4365.6800,1074.8800,3290.8000
8533,1376,3888.0900,598.0400,3290.0500
4425,999,4306.7400,1017.5100,3289.2300
4775,1370,4974.9900,1686.8500,3288.1400
17823,1899,3846.0800,558.4000,3287.6800
8380,504,3574.7800,288.4700,3286.3100
3426,585,3839.1600,553.2300,3285.9300
1088,840,4071.6800,786.8600,3284.8200
8693,806,3640.1000,355.7700,3284.3300
6393,1339,4983.5700,1699.3400,3284.2300
7635,581,4198.1400,914.3100,3283.8300
4442,321,3831.5000,549.6400,3281.8600
17694,1121,4807.6000,1526.2600,3281.3400
14280,1197,3503.4800,222.5500,3280.9300
18635,909,3583.8800,303.0200,3280.8600
18762,1455,4515.7200,1235.0500,3280.6700
9746,452,4522.1700,1241.9500,3280.2200
2786,394,4632.3000,1352.5700,3279.7300
14308,28,4554.0600,1275.3500,3278.7100
19704,1713,3851.7500,573.4500,3278.3000
3548,892,3851.7500,574.6200,3277.1300
15195,1718,5090.6500,1813.8300,3276.8200
19439,1077,4071.6800,795.6500,3276.0300
7828,907,4072.2600,796.5600,3275.7000
15901,595,3888.0900,612.5900,3275.5000
8250,244,4303.7500,1028.2700,3275.4800
17159,396,4516.9200,1241.5600,3275.3600
12686,1738,3503.4800,228.5400,3274.9400
1917,1550,5086.4400,1812.0700,3274.3700
10228,849,3274.2600,null,3274.2600
5492,1036,3274.2600,null,3274.2600
12903,1920,3274.2600,null,3274.2600
10595,632,3274.2600,null,3274.2600
8931,575,3274.2600,null,3274.2600
540,440,3274.2600,null,3274.2600
16689,1978,3274.2600,null,3274.2600
4228,1448,3510.6000,237.3200,3273.2800
4224,596,4974.9900,1702.3300,3272.6600
15552,544,4837.5000,1566.1400,3271.3600
7179,98,3911.7300,641.0600,3270.6700
11885,762,5184.1200,1913.6000,3270.5200
10249,875,4333.6500,1063.2400,3270.4100
11600,412,4072.2600,802.3800,3269.8800
10532,586,3390.7500,121.2900,3269.4600
10069,1615,4330.0800,1060.6600,3269.4200
15220,372,3911.7300,642.3300,3269.4000
12007,1519,3510.6000,243.3900,3267.2100
15898,1964,5215.8300,1948.6900,3267.1400
18184,323,4072.5200,805.3800,3267.1400
13178,1395,4330.0800,1063.6500,3266.4300
774,1704,4632.3000,1366.0100,3266.2900
5795,1865,3477.2200,211.2900,3265.9300
9541,1189,4146.7500,881.2000,3265.5500
18599,1728,5035.2900,1771.7600,3263.5300
16044,901,3604.5200,342.4400,3262.0800
3806,215,3674.2400,412.8300,3261.4100
12854,261,4547.4000,1287.1700,3260.2300
10508,482,4554.0600,1294.2700,3259.7900
17802,166,3851.7500,592.4200,3259.3300
6269,1163,3604.5200,345.7000,3258.8200
14473,356,3686.9000,428.5700,3258.3300
3464,512,3831.5000,573.4700,3258.0300
12033,1864,3814.8300,556.8300,3258.0000
12278,1027,3439.4000,182.3100,3257.0900
3564,1492,3257.0100,null,3257.0100
3122,16,3257.0100,null,3257.0100
4532,1284,4747.9800,1493.2200,3254.7600
11860,881,3705.8400,451.3000,3254.5400
17980,1385,3888.0900,633.9900,3254.1000
18946,1013,3904.4700,651.4900,3252.9800
17911,1683,3529.4400,277.6000,3251.8400
9790,1614,3989.1500,737.7100,3251.4400
16359,647,4547.4000,1296.3100,3251.0900
12141,233,4522.1700,1272.1500,3250.0200
9757,1057,3563.1800,313.6700,3249.5100
1977,689,3387.6900,138.7000,3248.9900
17468,1671,5215.6400,1967.0200,3248.6200
12477,835,4974.9900,1727.1600,3247.8300
17829,1313,3247.1400,null,3247.1400
14648,921,3247.1400,null,3247.1400
18947,274,3247.1400,null,3247.1400
17379,47,3247.1400,null,3247.1400
2324,1353,3247.1400,null,3247.1400
18546,980,3674.2400,427.4300,3246.8100
4223,36,3441.7500,195.3500,3246.4000
6852,602,3523.2800,277.6700,3245.6100
13581,802,3574.7800,329.1900,3245.5900
12408,418,4632.3000,1386.8400,3245.4600
831,156,3574.7800,329.4200,3245.3600
2804,1306,3824.0500,578.9600,3245.0900
4380,888,4926.9600,1682.3900,3244.5700
16178,1492,4807.6000,1563.4500,3244.1500
9775,1395,4213.7500,969.7800,3243.9700
17474,1406,4807.6000,1565.8300,3241.7700
14567,1462,3563.1800,321.5700,3241.6100
14670,266,4870.7100,1629.1600,3241.5500
17859,928,3503.4800,262.3700,3241.1100
9751,1472,4213.7500,973.6800,3240.0700
7747,422,3441.7500,201.7700,3239.9800
10037,438,3439.4000,199.6200,3239.7800
6519,1840,3705.8400,466.3200,3239.5200
19768,1682,4146.7500,907.6100,3239.1400
18476,34,4379.3500,1140.3300,3239.0200
16232,1843,4315.7200,1077.1700,3238.5500
19225,371,4515.7200,1278.0200,3237.7000
3038,1626,4238.0400,1000.8000,3237.2400
10626,1088,3477.2200,240.0000,3237.2200
17887,151,4547.4000,1310.2200,3237.1800
10678,836,4072.5200,835.4500,3237.0700
3011,1819,3410.5500,173.5200,3237.0300
2678,1294,3236.5200,null,3236.5200
2626,1472,3236.5200,null,3236.5200
18716,1060,4577.2400,1341.9100,3235.3300
17384,580,3410.5500,175.2500,3235.3000
16374,388,4640.4400,1405.5100,3234.9300
17710,1167,3597.4400,363.5300,3233.9100
18457,1522,4983.5700,1749.7400,3233.8300
11890,671,4213.7500,980.0000,3233.7500
16394,1789,3356.8600,123.5600,3233.3000
7227,1401,3574.7800,343.4300,3231.3500
16961,58,3477.2200,245.9700,3231.2500
3138,714,3831.5000,600.5600,3230.9400
15825,102,5205.9600,1976.8100,3229.1500
5166,1804,3851.7500,623.2500,3228.5000
14348,1617,3989.1500,761.1800,3227.9700
11850,1917,5184.1200,1956.2400,3227.8800
4755,850,4365.6800,1138.2400,3227.4400
8945,188,3562.3000,335.3500,3226.9500
11475,577,3705.8400,479.2700,3226.5700
1194,1631,3480.3300,253.9400,3226.3900
19521,369,3529.4400,303.4800,3225.9600
14981,1156,4836.9900,1611.4900,3225.5000
2430,1950,4330.0800,1104.6600,3225.4200
7973,858,3224.6600,null,3224.6600
7654,514,3224.6600,null,3224.6600
11939,1895,3224.6600,null,3224.6600
15611,1531,3224.6600,null,3224.6600
6364,1878,4072.2600,848.9800,3223.2800
9673,7,3563.1800,340.6700,3222.5100
18472,1179,5090.6500,1868.8200,3221.8300
19625,1473,4072.2600,850.7800,3221.4800
8694,743,5205.9600,1985.6200,3220.3400
5287,698,4330.0800,1110.9600,3219.1200
17837,1200,4299.2500,1080.4200,3218.8300
19279,1930,4306.7400,1087.9100,3218.8300
4459,1505,4072.2600,854.0100,3218.2500
5236,1227,4983.5700,1765.3400,3218.2300
7871,1388,5215.6400,1997.8200,3217.8200
2602,296,3583.8800,366.3000,3217.5800
12747,1983,4315.7200,1098.7000,3217.0200
13953,657,4836.9900,1620.7900,3216.2000
13603,1906,4807.6000,1591.8500,3215.7500
18824,1608,3439.4000,224.1400,3215.2600
15981,1698,3480.3300,265.3200,3215.0100
12384,842,3214.5000,null,3214.5000
16027,1681,3214.5000,null,3214.5000
12126,389,3214.5000,null,3214.5000
9137,293,3214.5000,null,3214.5000
6027,1467,3214.5000,null,3214.5000
16521,1757,3214.5000,null,3214.5000
9532,865,3214.5000,null,3214.5000
16514,259,3214.5000,null,3214.5000
10252,565,3480.3300,266.0200,3214.3100
16794,607,4072.5200,858.4300,3214.0900
18517,1820,3705.8400,492.9800,3212.8600
13114,1932,3317.4000,104.8800,3212.5200
14258,508,4522.1700,1311.4200,3210.7500
7112,1085,3439.4000,230.0600,3209.3400
6516,1669,3831.5000,623.0300,3208.4700
11609,366,4870.7100,1662.5300,3208.1800
12038,1899,3710.7400,502.9500,3207.7900
2038,1464,3851.7500,645.1700,3206.5800
9593,382,4926.9600,1721.6800,3205.2800
7396,999,4554.0600,1349.8200,3204.2400
16049,608,4286.0000,1081.9000,3204.1000
18819,194,4146.7500,943.3100,3203.4400
9803,1661,4983.5700,1780.1700,3203.4000
11,1163,3510.6000,307.6800,3202.9200
744,810,4577.2400,1375.3200,3201.9200
15143,879,3674.2400,472.5000,3201.7400
2340,876,3674.2400,472.7200,3201.5200
12736,1709,3201.3800,null,3201.3800
4323,1115,3201.3800,null,3201.3800
4294,287,3201.3800,null,3201.3800
1406,1276,4747.9800,1547.1300,3200.8500
17333,232,3574.7800,374.0300,3200.7500
15769,1764,3510.6000,310.2200,3200.3800
11360,1146,3480.3300,279.9900,3200.3400
18141,1742,4547.4000,1347.5000,3199.9000
7761,353,5184.1200,1984.5200,3199.6000
7401,1494,4213.7500,1014.6000,3199.1500
14774,612,3640.1000,441.0200,3199.0800
3393,1728,3386.7900,188.3900,3198.4000
4109,805,4001.7000,803.8300,3197.8700
8747,1663,3386.7900,189.1800,3197.6100
15690,642,4547.4000,1350.5800,3196.8200
7069,781,3371.0000,175.2700,3195.7300
17997,1230,4365.6800,1169.9900,3195.6900
16112,703,4306.7400,1111.0800,3195.6600
1908,1343,4365.6800,1170.0700,3195.6100
14287,650,3390.7500,195.4700,3195.2800
15930,1096,4640.4400,1445.3700,3195.0700
17569,685,3562.3000,367.5500,3194.7500
7254,1312,5086.4400,1891.7700,3194.6700
11143,1058,4496.8000,1302.9400,3193.8600
13322,913,4521.0000,1328.5700,3192.4300
17138,612,3443.0000,251.0200,3191.9800
15524,137,4798.9500,1607.0900,3191.8600
1972,139,4001.7000,810.0000,3191.7000
5295,1661,3597.4400,405.7700,3191.6700
16324,1641,3888.0900,696.7600,3191.3300
19792,40,3191.3200,null,3191.3200
18944,1924,3191.3200,null,3191.3200
4893,128,3191.3200,null,3191.3200
11725,1362,4071.6800,881.0900,3190.5900
3446,888,4577.2400,1388.2700,3188.9700
9315,698,3814.8300,626.5000,3188.3300
6007,78,4052.1000,864.5900,3187.5100
19031,1681,4052.1000,865.2100,3186.8900
7427,1762,3597.4400,411.2500,3186.1900
3450,1727,3831.5000,648.8900,3182.6100
980,87,4213.7500,1032.1700,3181.5800
10654,80,4547.4000,1366.2100,3181.1900
1711,953,4516.9200,1335.9100,3181.0100
3209,1540,4554.0600,1373.6900,3180.3700
16918,1014,3583.8800,404.0900,3179.7900
6794,1015,4577.2400,1397.6600,3179.5800
218,1994,4836.9900,1658.1300,3178.8600
12737,1614,4286.0000,1107.3300,3178.6700
3822,758,3178.5300,null,3178.5300
3605,1535,3178.5300,null,3178.5300
6270,1334,3178.5300,null,3178.5300
9490,762,3178.5300,null,3178.5300
12086,1354,3178.5300,null,3178.5300
13235,1274,4299.2500,1120.9000,3178.3500
16219,505,4554.9600,1377.3000,3177.6600
3667,1819,3824.0500,646.6700,3177.3800
5307,716,4974.9900,1798.7800,3176.2100
430,539,4554.9600,1379.0500,3175.9100
1407,611,3523.2800,347.7800,3175.5000
1234,589,3371.0000,195.9300,3175.0700
13339,379,4071.6800,896.9000,3174.7800
17346,593,3322.3800,147.8900,3174.4900
17210,1887,3851.7500,677.5700,3174.1800
4327,23,3390.7500,216.6700,3174.0800
17752,1411,4315.7200,1142.0800,3173.6400
13860,1147,3911.7300,738.1900,3173.5400
16609,575,4926.9600,1753.5000,3173.4600
3266,99,5086.4400,1914.1200,3172.3200
9336,63,3710.7400,538.7000,3172.0400
2140,1282,3274.2600,102.7300,3171.5300
1871,977,4640.4400,1470.1100,3170.3300
8549,1418,4747.9800,1578.9900,3168.9900
13055,1353,3410.5500,242.2700,3168.2800
13368,581,4303.7500,1135.4800,3168.2700
16390,1866,3165.3200,null,3165.3200
10026,385,4577.2400,1411.9400,3165.3000
12925,792,4238.0400,1073.1200,3164.9200
16396,18,4974.9900,1810.8400,3164.1500
17339,1828,3387.6900,223.5700,3164.1200
7381,1547,4299.2500,1135.1900,3164.0600
9553,605,4554.9600,1391.8500,3163.1100
14821,1548,4071.6800,908.6900,3162.9900
10763,56,4640.4400,1478.8500,3161.5900
6916,824,4052.1000,890.8100,3161.2900
10227,1868,3563.1800,403.7000,3159.4800
15909,87,3674.2400,515.4100,3158.8300
6321,1155,4365.6800,1207.8200,3157.8600
45,1462,3322.3800,166.5500,3155.8300
6580,1865,4632.3000,1476.6900,3155.6100
4052,1304,3371.0000,216.1500,3154.8500
11318,444,3904.4700,749.7100,3154.7600
13289,753,4333.6500,1179.1900,3154.4600
18103,529,4001.7000,847.2400,3154.4600
14012,1165,4577.2400,1423.0300,3154.2100
14215,221,4554.9600,1401.5700,3153.3900
1618,47,4306.7400,1153.4000,3153.3400
10512,1638,4554.0600,1401.0600,3153.0000
12776,250,4365.6800,1213.0800,3152.6000
4051,1361,3257.0100,104.8100,3152.2000
4976,697,3477.2200,325.5900,3151.6300
8782,1305,3870.0000,718.5500,3151.4500
755,1550,4837.5000,1687.8600,3149.6400
12711,1999,4798.9500,1649.8500,3149.1000
14604,615,3640.1000,491.2100,3148.8900
12446,744,3851.7500,703.0400,3148.7100
330,1003,4640.4400,1492.0700,3148.3700
1675,898,5086.4400,1938.3400,3148.1000
7311,647,3317.4000,169.7300,3147.6700
19803,1518,3870.0000,722.5100,3147.4900
238,1567,3146.9000,null,3146.9000
16720,609,3146.9000,null,3146.9000
5157,622,3146.9000,null,3146.9000
9108,990,3146.9000,null,3146.9000
16293,1457,3247.1400,100.3100,3146.8300
8807,671,4640.4400,1494.2500,3146.1900
1445,880,3247.1400,102.0200,3145.1200
47,622,4031.4200,886.5600,3144.8600
3329,396,4299.2500,1154.9900,3144.2600
1654,1866,3814.8300,670.8300,3144.0000
12816,1408,3888.0900,745.0500,3143.0400
15559,529,4974.9900,1831.9900,3143.0000
16364,1516,3317.4000,174.4600,3142.9400
13393,1304,4072.5200,929.8000,3142.7200
16429,759,4146.7500,1004.5600,3142.1900
5981,1407,3322.3800,180.2600,3142.1200
337,675,4974.9900,1833.4400,3141.5500
13684,1147,3831.5000,690.2900,3141.2100
18022,847,4286.0000,1144.8700,3141.1300
6431,1280,4365.6800,1227.4900,3138.1900
870,1061,3911.7300,773.5600,3138.1700
8159,1028,4052.1000,915.4900,3136.6100
7142,555,4052.1000,915.7900,3136.3100
12024,1971,3317.4000,181.3900,3136.0100
12626,390,4515.7200,1379.8400,3135.8800
13081,783,4577.2400,1442.8500,3134.3900
11688,560,4379.3500,1245.4100,3133.9400
10747,1524,3686.9000,553.0000,3133.9000
15892,1418,3604.5200,470.8800,3133.6400
3066,1121,3851.7500,718.4300,3133.3200
19781,1177,4286.0000,1152.8700,3133.1300
15420,117,3390.7500,257.6300,3133.1200
14662,216,4547.4000,1415.0600,3132.3400
15873,1937,3308.4000,176.6800,3131.7200
478,545,3247.1400,116.3200,3130.8200
19403,396,4052.1000,922.3800,3129.7200
8232,1803,3640.1000,512.4700,3127.6300
2729,1033,4330.0800,1202.7000,3127.3800
15123,806,4286.0000,1159.2900,3126.7100
2883,1668,4052.1000,926.3300,3125.7700
12063,1832,3387.6900,262.4600,3125.2300
7041,345,4515.7200,1390.6500,3125.0700
7083,478,4342.6800,1218.1800,3124.5000
9977,525,4798.9500,1675.0200,3123.9300
5520,266,4213.7500,1089.9600,3123.7900
12396,192,4379.3500,1255.6000,3123.7500
19921,1712,4238.0400,1114.7800,3123.2600
15897,1102,4870.7100,1747.8300,3122.8800
5616,443,4345.1400,1222.3700,3122.7700
11182,1439,4516.9200,1394.1600,3122.7600
6142,690,3590.9000,469.5000,3121.4000
15689,212,4554.0600,1432.9100,3121.1500
14318,1030,4286.0000,1165.2600,3120.7400
2261,772,4333.6500,1213.0500,3120.6000
7661,1805,3686.9000,566.6400,3120.2600
4111,309,3371.0000,250.7900,3120.2100
2615,851,3529.4400,409.2700,3120.1700
3837,1383,3888.0900,769.0600,3119.0300
11334,1479,4146.7500,1027.7200,3119.0300
9543,57,3274.2600,157.1200,3117.1400
14079,1978,4515.7200,1398.9400,3116.7800
15538,1504,4798.9500,1682.3100,3116.6400
17230,1233,3308.4000,192.1900,3116.2100
12667,1966,4547.4000,1431.4300,3115.9700
11052,1266,4031.4200,916.0100,3115.4100
1478,1137,3214.5000,100.5100,3113.9900
19622,1882,4052.1000,939.0700,3113.0300
7206,673,3439.4000,326.4400,3112.9600
595,471,4747.9800,1635.0500,3112.9300
9211,1682,4807.6000,1695.0100,3112.5900
17235,1994,4640.4400,1528.3400,3112.1000
9630,15,4516.9200,1405.0200,3111.9000
3462,1594,4286.0000,1174.1200,3111.8800
5179,342,3284.6400,174.3800,3110.2600
19973,566,3590.9000,481.0100,3109.8900
7652,1286,3236.5200,128.9600,3107.5600
13645,72,4306.7400,1200.3300,3106.4100
8269,1909,4974.9900,1868.9400,3106.0500
8712,1046,5035.2900,1930.7600,3104.5300
3893,1718,3480.3300,377.2000,3103.1300
13389,1157,4299.2500,1196.1400,3103.1100
19394,1248,4577.2400,1475.1700,3102.0700
16837,378,3316.6600,215.8700,3100.7900
14996,652,4330.0800,1229.4400,3100.6400
5297,744,3590.9000,490.4000,3100.5000
9102,728,3824.0500,724.1000,3099.9500
14564,307,3870.0000,770.1400,3099.8600
6700,224,4315.7200,1215.9400,3099.7800
6178,291,4747.9800,1648.9900,3098.9900
12996,704,4577.2400,1479.2800,3097.9600
742,1966,3317.4000,219.9200,3097.4800
3533,991,4640.4400,1543.2900,3097.1500
17538,1415,3247.1400,150.9100,3096.2300
14945,154,3640.1000,544.5200,3095.5800
16494,768,3846.0800,750.7700,3095.3100
16059,1115,4306.7400,1211.7800,3094.9600
12927,974,3870.0000,775.1100,3094.8900
5754,1434,5090.6500,1997.0700,3093.5800
6643,821,4303.7500,1211.6000,3092.1500
16412,963,3590.9000,499.0000,3091.9000
6019,1758,3839.1600,748.2400,3090.9200
14412,432,3317.4000,226.8400,3090.5600
13116,1218,3284.6400,194.1100,3090.5300
1642,1956,3590.9000,501.1900,3089.7100
1105,1235,4306.7400,1217.1100,3089.6300
1690,1858,4198.1400,1108.6900,3089.4500
6159,942,4974.9900,1885.5800,3089.4100
13783,1018,3710.7400,621.3300,3089.4100
17515,1659,3839.1600,749.7900,3089.3700
9668,1413,4802.0700,1712.8800,3089.1900
3728,1158,3839.1600,750.0200,3089.1400
2933,1966,3201.3800,112.5600,3088.8200
187,757,3710.7400,622.2600,3088.4800
9048,624,5035.2900,1947.2000,3088.0900
2130,517,4365.6800,1277.8200,3087.8600
16928,576,4798.9500,1711.2500,3087.7000
13637,1837,3316.6600,229.1000,3087.5600
7483,540,3308.4000,221.3200,3087.0800
11090,962,3441.7500,355.1400,3086.6100
2722,868,4522.1700,1436.0600,3086.1100
12339,318,3911.7300,826.0200,3085.7100
18465,795,4807.6000,1723.2700,3084.3300
5097,525,3597.4400,513.4900,3083.9500
8069,1036,4747.9800,1664.5100,3083.4700
9369,972,3674.2400,590.9400,3083.3000
11618,1654,4798.9500,1715.7200,3083.2300
8653,142,3503.4800,421.6500,3081.8300
2564,1019,3081.4000,null,3081.4000
17851,410,3081.4000,null,3081.4000
7650,524,3870.0000,788.9400,3081.0600
8410,757,3356.8600,276.6100,3080.2500
12078,924,3308.4000,228.2400,3080.1600
6479,165,3710.7400,630.8600,3079.8800
3248,392,3390.7500,311.2700,3079.4800
9425,853,3284.6400,205.7400,3078.9000
1233,1753,4496.8000,1418.1300,3078.6700
9309,1102,4547.4000,1469.2500,3078.1500
14490,1396,4640.4400,1562.7700,3077.6700
8460,1282,4303.7500,1226.0800,3077.6700
4534,1663,3371.0000,295.1800,3075.8200
17625,1501,4146.7500,1071.6800,3075.0700
10862,1077,4640.4400,1565.8200,3074.6200
3599,1433,3356.8600,282.5000,3074.3600
17650,523,4072.2600,997.9300,3074.3300
13689,1368,3824.0500,749.9600,3074.0900
10987,1639,4516.9200,1443.0400,3073.8800
8959,366,3839.1600,766.6400,3072.5200
5195,1693,4286.0000,1213.8600,3072.1400
812,1861,4342.6800,1270.8800,3071.8000
1364,1713,3317.4000,245.7900,3071.6100
14264,341,4632.3000,1560.9900,3071.3100
9531,221,3316.6600,245.9000,3070.7600
3867,547,4238.0400,1167.4100,3070.6300
19931,697,4798.9500,1728.5600,3070.3900
3640,47,4315.7200,1246.3200,3069.4000
12306,1946,3510.6000,441.8300,3068.7700
6859,414,4640.4400,1571.8300,3068.6100
17759,889,3583.8800,515.5000,3068.3800
12458,1750,4632.3000,1564.0400,3068.2600
3786,1479,4379.3500,1312.2500,3067.1000
13372,1904,3529.4400,463.7500,3065.6900
14192,61,4807.6000,1742.1800,3065.4200
15889,410,3308.4000,243.1000,3065.3000
11170,970,3247.1400,183.0800,3064.0600
1621,640,4554.0600,1490.2400,3063.8200
13448,1280,4515.7200,1451.9700,3063.7500
15671,1561,3322.3800,258.7700,3063.6100
8140,870,3583.8800,520.8800,3063.0000
10578,250,4554.9600,1492.2500,3062.7100
14647,1278,4837.5000,1775.0900,3062.4100
6905,716,5035.2900,1973.2500,3062.0400
17912,1279,4516.9200,1455.1600,3061.7600
3988,1290,4345.1400,1283.6700,3061.4700
17437,690,3904.4700,843.8000,3060.6700
12754,1240,3257.0100,197.0600,3059.9500
2275,1236,3510.6000,450.8500,3059.7500
3972,716,3059.2400,null,3059.2400
213,1577,3059.2400,null,3059.2400
15893,1059,3059.2400,null,3059.2400
15604,115,3059.2400,null,3059.2400
7877,90,3322.3800,263.2100,3059.1700
16170,602,3390.7500,331.7900,3058.9600
15837,88,4640.4400,1582.5400,3057.9000
12115,1954,4983.5700,1926.2000,3057.3700
10789,1058,4983.5700,1926.5300,3057.0400
6387,772,3201.3800,144.5600,3056.8200
16333,1264,4554.0600,1497.4500,3056.6100
14309,762,3563.1800,507.3900,3055.7900
14954,1110,4870.7100,1815.0300,3055.6800
7607,1211,4303.7500,1248.3500,3055.4000
4533,1943,3317.4000,262.0500,3055.3500
16260,1864,3316.6600,261.9300,3054.7300
10844,412,3054.3900,null,3054.3900
7224,1152,3054.3900,null,3054.3900
18368,1571,3054.3900,null,3054.3900
4791,84,3054.3900,null,3054.3900
12793,270,3054.3900,null,3054.3900
13849,445,3054.3900,null,3054.3900
9831,833,3574.7800,520.4700,3054.3100
9996,1765,4330.0800,1276.7400,3053.3400
18621,757,4836.9900,1783.8100,3053.1800
12649,894,3284.6400,232.4600,3052.1800
700,453,5035.2900,1984.5800,3050.7100
11359,486,3846.0800,795.8800,3050.2000
10615,550,3870.0000,820.1200,3049.8800
1652,1473,3597.4400,547.8600,3049.5800
19896,1363,3224.6600,175.2600,3049.4000
9297,1107,3386.7900,337.6000,3049.1900
2213,1611,3510.6000,461.5400,3049.0600
16452,1546,4577.2400,1530.3000,3046.9400
2934,589,4870.7100,1824.0300,3046.6800
16132,997,3686.9000,640.6900,3046.2100
18267,1343,4306.7400,1261.3200,3045.4200
8625,1451,3480.3300,435.0000,3045.3300
16722,917,3443.0000,397.7100,3045.2900
4014,1323,4554.9600,1509.8500,3045.1100
5439,500,3590.9000,546.5100,3044.3900
8911,599,3523.2800,479.0700,3044.2100
8170,1620,4577.2400,1535.6900,3041.5500
10043,972,3563.1800,522.2500,3040.9300
2091,476,3640.1000,599.4700,3040.6300
2940,142,4303.7500,1263.1900,3040.5600
13185,1696,3191.3200,151.8700,3039.4500
15197,533,3562.3000,523.4300,3038.8700
16288,439,4365.6800,1327.2700,3038.4100
11188,195,4213.7500,1175.7200,3038.0300
12522,846,3870.0000,832.1300,3037.8700
8583,1096,4632.3000,1595.2100,3037.0900
1043,1869,3356.8600,320.0000,3036.8600
18899,374,4837.5000,1800.7200,3036.7800
1976,680,3036.6400,null,3036.6400
7848,609,3036.6400,null,3036.6400
3920,759,3036.6400,null,3036.6400
4863,438,3036.6400,null,3036.6400
11402,1565,3036.6400,null,3036.6400
8871,642,3274.2600,237.6600,3036.6000
1973,1952,4554.9600,1518.7000,3036.2600
15791,1683,3390.7500,354.9100,3035.8400
7726,929,4286.0000,1250.3500,3035.6500
8808,1815,3439.4000,404.0300,3035.3700
15442,772,3686.9000,651.7900,3035.1100
14466,1398,4521.0000,1486.1200,3034.8800
17693,739,3480.3300,445.6300,3034.7000
19168,1532,3439.4000,404.7700,3034.6300
17654,1223,4577.2400,1543.1000,3034.1400
16500,873,4238.0400,1204.2700,3033.7700
1440,798,3563.1800,529.6000,3033.5800
3842,1183,3201.3800,167.9100,3033.4700
6940,422,3839.1600,807.2300,3031.9300
6611,994,4031.4200,999.6400,3031.7800
2544,1237,3814.8300,783.2200,3031.6100
18997,1377,4071.6800,1041.0200,3030.6600
19336,452,3390.7500,360.2100,3030.5400
9654,1013,3284.6400,254.6500,3029.9900
19952,1807,3831.5000,801.5600,3029.9400
274,921,3562.3000,532.7800,3029.5200
15231,289,4146.7500,1117.7900,3028.9600
18140,760,3474.5000,445.7500,3028.7500
181,1871,4554.9600,1526.2800,3028.6800
3587,1786,3888.0900,859.4600,3028.6300
15979,1912,4974.9900,1946.4700,3028.5200
3448,687,3583.8800,556.1100,3027.7700
12797,1137,3911.7300,883.9700,3027.7600
216,546,5394.2000,2366.5200,3027.6800
7327,1077,4522.1700,1494.8200,3027.3500
15213,85,4802.0700,1775.0500,3027.0200
6657,1364,4198.1400,1172.3600,3025.7800
702,1105,4001.7000,977.0100,3024.6900
4484,967,3503.4800,479.2200,3024.2600
7099,1342,4146.7500,1123.7100,3023.0400
1367,554,3529.4400,506.7200,3022.7200
705,352,4333.6500,1311.1500,3022.5000
7414,1001,4303.7500,1282.0100,3021.7400
9230,383,3590.9000,569.9200,3020.9800
11216,101,3480.3300,459.8200,3020.5100
3249,97,3386.7900,366.5800,3020.2100
4078,666,4299.2500,1279.8300,3019.4200
14535,916,3851.7500,832.7800,3018.9700
16540,670,4515.7200,1496.9200,3018.8000
11677,649,3710.7400,692.2300,3018.5100
1388,654,4315.7200,1297.5300,3018.1900
655,49,3224.6600,206.5400,3018.1200
2159,710,4496.8000,1479.2800,3017.5200
9873,326,3503.4800,486.3900,3017.0900
6474,670,3831.5000,814.7300,3016.7700
7825,371,3016.6500,null,3016.6500
10431,859,3016.6500,null,3016.6500
8863,1732,3016.6500,null,3016.6500
17731,1765,4071.6800,1055.1800,3016.5000
710,150,4052.1000,1035.8500,3016.2500
7416,355,3441.7500,425.5100,3016.2400
18277,1210,4342.6800,1327.4800,3015.2000
12236,1437,3284.6400,269.4700,3015.1700
13210,1885,4146.7500,1131.6000,3015.1500
8074,370,3014.7800,null,3014.7800
19378,1367,3014.7800,null,3014.7800
405,1866,3014.7800,null,3014.7800
2532,1106,3014.7800,null,3014.7800
9250,35,3014.7800,null,3014.7800
10712,680,3201.3800,186.7100,3014.6700
19382,1723,4146.7500,1132.5100,3014.2400
1566,1134,3904.4700,890.3100,3014.1600
14260,1952,4521.0000,1506.8800,3014.1200
667,1417,3477.2200,464.3700,3012.8500
4058,1843,3386.7900,374.0500,3012.7400
18052,435,4926.9600,1915.9200,3011.0400
2274,1957,4345.1400,1334.7700,3010.3700
9212,544,4516.9200,1506.8400,3010.0800
11792,754,3590.9000,581.6900,3009.2100
14574,287,4496.8000,1487.6400,3009.1600
16605,1937,4330.0800,1320.9400,3009.1400
5365,1757,4306.7400,1297.8400,3008.9000
11358,1910,4577.2400,1569.7600,3007.4800
13688,164,4072.5200,1065.6400,3006.8800
164,1190,4315.7200,1309.1900,3006.5300
5650,1942,3640.1000,633.9300,3006.1700
17594,1201,3710.7400,705.3100,3005.4300
9210,529,3888.0900,883.0300,3005.0600
17035,1888,4577.2400,1572.3500,3004.8900
10412,1376,3604.5200,599.6600,3004.8600
11098,1063,3371.0000,366.2500,3004.7500
4444,419,4522.1700,1517.9300,3004.2400
9642,1089,3989.1500,985.4200,3003.7300
6035,235,3480.3300,476.9200,3003.4100
4784,1549,3989.1500,986.1400,3003.0100
12525,1694,4836.9900,1834.2000,3002.7900
7309,1202,4632.3000,1629.7100,3002.5900
13730,501,4365.6800,1363.5700,3002.1100
1601,865,3201.3800,200.1600,3001.2200
18343,484,3441.7500,440.7600,3000.9900
15663,1826,3371.0000,370.4900,3000.5100
8228,1773,3191.3200,191.3300,2999.9900
4508,689,4342.6800,1343.4300,2999.2500
18655,1505,4836.9900,1839.0000,2997.9900
6632,1490,4515.7200,1518.6600,2997.0600
3532,865,4837.5000,1841.1100,2996.3900
5138,66,3178.5300,182.8200,2995.7100
5315,1694,4554.0600,1558.9000,2995.1600
7420,661,4926.9600,1932.0400,2994.9200
5931,1600,4632.3000,1637.5300,2994.7700
9263,1517,4747.9800,1753.9100,2994.0700
410,1106,3247.1400,253.2300,2993.9100
7563,151,4379.3500,1385.6800,2993.6700
5271,1148,3247.1400,254.6100,2992.5300
18495,204,3989.1500,996.7200,2992.4300
8258,989,3904.4700,912.1900,2992.2800
3610,1649,4333.6500,1341.8800,2991.7700
4569,492,3224.6600,234.3700,2990.2900
11467,529,4365.6800,1375.7800,2989.9000
3167,244,4640.4400,1650.9700,2989.4700
11109,1550,4052.1000,1062.9900,2989.1100
59,1136,3274.2600,286.3600,2987.9000
11323,1413,4836.9900,1849.1800,2987.8100
2716,203,3356.8600,369.6700,2987.1900
2185,1993,3562.3000,576.1400,2986.1600
5019,410,3904.4700,919.3500,2985.1200
179,191,3597.4400,612.4800,2984.9600
9606,1118,3236.5200,251.5800,2984.9400
16064,1710,3214.5000,229.5700,2984.9300
3397,347,4299.2500,1314.3900,2984.8600
6788,1378,3640.1000,655.4300,2984.6700
14156,1776,3846.0800,862.2700,2983.8100
13844,463,3443.0000,459.4600,2983.5400
12630,1697,4306.7400,1323.3100,2983.4300
13361,485,4836.9900,1853.5700,2983.4200
211,1179,4345.1400,1361.9400,2983.2000
2935,22,3563.1800,581.9800,2981.2000
19373,1581,3443.0000,462.2000,2980.8000
17787,1183,4802.0700,1821.5600,2980.5100
9480,485,3583.8800,603.4600,2980.4200
53,747,4632.3000,1652.2700,2980.0300
4168,659,3480.3300,501.3100,2979.0200
19262,267,3705.8400,727.4000,2978.4400
9370,1115,3904.4700,926.1900,2978.2800
14416,1813,4342.6800,1364.4900,2978.1900
7037,218,3146.9000,169.4100,2977.4900
4398,893,3839.1600,863.3000,2975.8600
4699,1845,3480.3300,504.8200,2975.5100
7740,1920,4198.1400,1222.7100,2975.4300
17419,1833,4342.6800,1367.3600,2975.3200
11259,65,4807.6000,1832.3900,2975.2100
6999,904,4522.1700,1546.9700,2975.2000
8134,532,4522.1700,1547.2400,2974.9300
7570,1034,4802.0700,1827.7600,2974.3100
16956,378,4554.0600,1579.8800,2974.1800
14835,769,2973.6500,null,2973.6500
11559,614,2973.6500,null,2973.6500
9727,717,2973.6500,null,2973.6500
4172,1179,2973.6500,null,2973.6500
5746,590,3308.4000,334.8300,2973.5700
19127,1975,4052.1000,1079.1500,2972.9500
1824,619,4342.6800,1369.8700,2972.8100
8718,288,3710.7400,738.3800,2972.3600
193,1403,4031.4200,1059.2500,2972.1700
16458,552,3201.3800,229.3700,2972.0100
9682,638,3371.0000,399.6100,2971.3900
11941,673,3597.4400,628.6000,2968.8400
10910,609,3529.4400,561.2100,2968.2300
6845,182,3317.4000,349.9800,2967.4200
11040,1971,3851.7500,884.4600,2967.2900
10666,1980,3824.0500,858.0900,2965.9600
16638,564,3371.0000,405.7800,2965.2200
676,1250,3904.4700,939.7600,2964.7100
6340,151,4299.2500,1334.8600,2964.3900
5612,872,3911.7300,948.0200,2963.7100
12894,314,4496.8000,1533.3800,2963.4200
3033,245,3201.3800,238.2300,2963.1500
14531,3,4632.3000,1669.3700,2962.9300
18732,184,3371.0000,408.3400,2962.6600
11880,1937,3236.5200,274.5500,2961.9700
7441,1082,3236.5200,274.6200,2961.9000
12865,651,4515.7200,1555.2400,2960.4800
13435,265,4547.4000,1587.8100,2959.5900
19946,1067,3705.8400,746.3300,2959.5100
17064,1152,3480.3300,520.9000,2959.4300
16069,176,3316.6600,357.4200,2959.2400
17282,1474,3308.4000,349.5800,2958.8200
14364,1646,3888.0900,929.9500,2958.1400
8124,318,4521.0000,1564.0300,2956.9700
661,1192,3911.7300,955.5800,2956.1500
18786,1300,4802.0700,1846.1600,2955.9100
7167,165,3597.4400,642.0800,2955.3600
1746,917,3178.5300,223.2400,2955.2900
18152,1057,3574.7800,619.8600,2954.9200
2149,1958,4001.7000,1047.4300,2954.2700
12834,556,3989.1500,1035.0700,2954.0800
10866,221,4306.7400,1352.7600,2953.9800
10612,637,3441.7500,487.8700,2953.8800
2112,1171,4379.3500,1425.9500,2953.4000
1014,516,2952.5000,null,2952.5000
12821,981,2952.5000,null,2952.5000
7773,916,2952.5000,null,2952.5000
16979,453,2952.5000,null,2952.5000
2209,363,2952.5000,null,2952.5000
8770,300,3839.1600,888.1800,2950.9800
4061,1999,4554.0600,1603.1000,2950.9600
9605,331,3387.6900,436.8400,2950.8500
2074,128,3831.5000,880.6900,2950.8100
17318,248,3477.2200,526.6700,2950.5500
19609,176,4870.7100,1920.5300,2950.1800
6793,1277,3562.3000,612.1300,2950.1700
11365,1035,3904.4700,954.6400,2949.8300
14541,1346,4315.3600,1365.7900,2949.5700
8119,619,2949.5200,null,2949.5200
10498,1278,2949.5200,null,2949.5200
863,1258,2949.5200,null,2949.5200
1449,965,2949.5200,null,2949.5200
13779,546,2949.5200,null,2949.5200
10216,762,4238.0400,1288.8800,2949.1600
19125,452,4303.7500,1355.0900,2948.6600
6889,1442,4342.6800,1394.1700,2948.5100
12544,1679,3284.6400,336.3500,2948.2900
6493,1990,4515.7200,1567.6300,2948.0900
1647,1536,4496.8000,1550.3100,2946.4900
18627,621,3674.2400,728.2000,2946.0400
11895,850,4146.7500,1200.8000,2945.9500
1695,329,4379.3500,1434.3000,2945.0500
6379,9,3387.6900,442.6800,2945.0100
18581,955,3441.7500,497.4000,2944.3500
3259,1812,3597.4400,653.2300,2944.2100
19950,78,3831.5000,887.2900,2944.2100
18268,658,3201.3800,257.4000,2943.9800
11369,955,4554.0600,1610.3300,2943.7300
16460,1495,3831.5000,887.8100,2943.6900
2156,109,3165.3200,221.7600,2943.5600
19055,1048,3284.6400,341.2300,2943.4100
14768,197,3640.1000,697.8000,2942.3000
9167,324,4330.0800,1387.8900,2942.1900
9954,1429,3503.4800,561.3400,2942.1400
9636,1253,4522.1700,1581.1700,2941.0000
7751,1842,3563.1800,622.6700,2940.5100
3486,1416,4315.3600,1376.4300,2938.9300
6992,1963,3165.3200,226.7300,2938.5900
242,104,3387.6900,451.5100,2936.1800
4464,1566,4306.7400,1370.9400,2935.8000
19313,288,3308.4000,372.6500,2935.7500
5175,301,4299.2500,1363.5800,2935.6700
7171,1662,3165.3200,230.4300,2934.8900
751,10,3317.4000,383.0100,2934.3900
10053,1884,3146.9000,212.6800,2934.2200
9834,1427,4238.0400,1303.8600,2934.1800
6107,656,4146.7500,1212.9600,2933.7900
17011,1105,3236.5200,303.2800,2933.2400
2539,1292,3831.5000,899.8800,2931.6200
2881,1311,3387.6900,456.1100,2931.5800
17391,449,4071.6800,1140.2900,2931.3900
6443,1868,3390.7500,459.5500,2931.2000
13345,496,4315.7200,1384.7900,2930.9300
48,991,4315.3600,1384.6700,2930.6900
19414,1701,3439.4000,509.6500,2929.7500
3008,351,3322.3800,393.3000,2929.0800
1953,1568,4286.0000,1357.0800,2928.9200
15285,1840,3686.9000,758.7600,2928.1400
17858,1088,4554.9600,1627.1200,2927.8400
7288,265,3911.7300,984.3900,2927.3400
3861,734,4303.7500,1378.4200,2925.3300
18449,1128,3316.6600,391.5300,2925.1300
17673,1283,4333.6500,1409.2700,2924.3800
16884,1007,4554.9600,1630.8600,2924.1000
14902,1635,3178.5300,254.6400,2923.8900
5710,1944,3480.3300,556.7500,2923.5800
12133,1064,4072.2600,1150.2300,2922.0300
9884,1232,3529.4400,607.8100,2921.6300
4709,1637,4299.2500,1378.6700,2920.5800
19342,906,3224.6600,304.5000,2920.1600
19501,844,3503.4800,583.4300,2920.0500
19611,125,4747.9800,1830.0300,2917.9500
18220,1701,4547.4000,1629.4500,2917.9500
5446,265,4052.1000,1134.5500,2917.5500
10475,932,4798.9500,1882.0500,2916.9000
18149,72,4798.9500,1883.1600,2915.7900
11422,1729,4365.6800,1449.9000,2915.7800
4479,1820,4837.5000,1922.0000,2915.5000
18749,455,4516.9200,1601.5600,2915.3600
7591,1099,4515.7200,1600.4300,2915.2900
9733,414,4052.1000,1138.0500,2914.0500
9276,1510,4198.1400,1284.5000,2913.6400
6930,1393,3146.9000,233.3300,2913.5700
10078,497,4286.0000,1372.7900,2913.2100
386,1915,4001.7000,1089.0700,2912.6300
5555,366,3477.2200,565.3600,2911.8600
5634,1893,3016.6500,104.8500,2911.8000
19236,1578,4071.6800,1162.5600,2909.1200
11968,1074,4330.0800,1422.3600,2907.7200
14994,1221,3014.7800,108.5000,2906.2800
2312,245,3178.5300,274.2200,2904.3100
17273,1905,4330.0800,1426.4800,2903.6000
15250,804,3824.0500,920.6500,2903.4000
5142,433,4515.7200,1612.6200,2903.1000
12599,1683,2902.5000,null,2902.5000
16354,166,2902.5000,null,2902.5000
14059,555,2902.5000,null,2902.5000
13853,505,2902.5000,null,2902.5000
9486,1796,2902.5000,null,2902.5000
19108,499,2902.5000,null,2902.5000
14969,1780,3441.7500,539.3700,2902.3800
19874,1462,4330.0800,1427.8400,2902.2400
8457,1901,3846.0800,944.6200,2901.4600
8501,902,3224.6600,323.7800,2900.8800
10668,5,4146.7500,1246.3500,2900.4000
16923,1911,3317.4000,417.1300,2900.2700
14305,1489,3191.3200,291.6900,2899.6300
9633,1765,3839.1600,939.7400,2899.4200
12386,506,3474.5000,575.2500,2899.2500
1727,827,4802.0700,1905.0900,2896.9800
18791,877,3989.1500,1092.3000,2896.8500
5894,1490,4515.7200,1618.8900,2896.8300
15665,966,4632.3000,1735.4900,2896.8100
4044,516,2896.7600,null,2896.7600
17798,318,2896.7600,null,2896.7600
3853,1220,2896.7600,null,2896.7600
16080,563,2896.7600,null,2896.7600
799,669,3814.8300,918.1600,2896.6700
5051,54,3989.1500,1092.5400,2896.6100
10853,726,3316.6600,421.7200,2894.9400
14765,1966,3317.4000,422.9900,2894.4100
11517,1355,4315.7200,1422.0900,2893.6300
17444,1280,3387.6900,494.4400,2893.2500
13474,806,3674.2400,781.0500,2893.1900
14206,1277,4286.0000,1394.1900,2891.8100
14519,1240,3081.4000,190.2900,2891.1100
8223,128,3597.4400,707.2700,2890.1700
10260,1448,3686.9000,797.1800,2889.7200
1852,1329,2889.1000,null,2889.1000
15162,1791,2889.1000,null,2889.1000
4263,518,2889.1000,null,2889.1000
8437,270,2889.1000,null,2889.1000
9537,1345,2889.1000,null,2889.1000
11045,472,3317.4000,428.9300,2888.4700
17670,947,3214.5000,326.0900,2888.4100
19137,1368,3911.7300,1023.6300,2888.1000
7612,652,3054.3900,166.5300,2887.8600
6329,141,3146.9000,259.1200,2887.7800
8961,102,3705.8400,820.0500,2885.7900
748,618,4554.9600,1669.4800,2885.4800
1850,313,4798.9500,1913.8400,2885.1100
2280,1669,2884.5600,null,2884.5600
7866,1332,2884.5600,null,2884.5600
4849,197,2884.5600,null,2884.5600
7154,478,2884.5600,null,2884.5600
17498,678,2884.5600,null,2884.5600
6449,1641,2884.5600,null,2884.5600
2575,257,2884.5600,null,2884.5600
2321,1112,2884.5600,null,2884.5600
17348,534,3989.1500,1104.9600,2884.1900
4276,1714,4315.7200,1431.9200,2883.8000
17623,1175,4342.6800,1459.4700,2883.2100
19388,496,4516.9200,1633.7100,2883.2100
5488,1883,4333.6500,1450.5400,2883.1100
11651,1589,4870.7100,1987.6500,2883.0600
9434,278,3165.3200,283.8700,2881.4500
12320,788,3054.3900,173.0200,2881.3700
16066,1480,4072.5200,1191.1700,2881.3500
16245,1118,3274.2600,393.0300,2881.2300
6006,1923,3274.2600,393.1300,2881.1300
17260,1056,4333.6500,1453.6500,2880.0000
624,1632,4330.0800,1450.2100,2879.8700
19750,1405,2879.3700,null,2879.3700
15419,1898,2879.3700,null,2879.3700
1806,24,2879.3700,null,2879.3700
697,690,2879.3700,null,2879.3700
4753,1272,2879.3700,null,2879.3700
16371,795,3441.7500,562.4400,2879.3100
7367,1733,3911.7300,1033.0000,2878.7300
17906,1585,3165.3200,286.6300,2878.6900
17343,1989,3477.2200,598.5600,2878.6600
10079,54,3523.2800,646.0600,2877.2200
16620,176,4306.7400,1429.8100,2876.9300
2759,1646,4345.1400,1468.3400,2876.8000
2639,1293,3839.1600,962.4800,2876.6800
7096,729,3904.4700,1028.1300,2876.3400
14293,1568,4146.7500,1270.4300,2876.3200
13398,934,3214.5000,338.8500,2875.6500
17541,851,4315.3600,1440.4800,2874.8800
18075,1734,4031.4200,1157.6700,2873.7500
15282,392,3081.4000,207.8000,2873.6000
16697,619,4496.8000,1623.2700,2873.5300
5037,1376,3441.7500,568.5400,2873.2100
13343,234,3480.3300,608.4800,2871.8500
9697,746,3371.0000,499.6500,2871.3500
1879,883,2871.1600,null,2871.1600
13622,1638,2871.1600,null,2871.1600
9376,748,2871.1600,null,2871.1600
151,747,3146.9000,276.2600,2870.6400
2251,1929,3574.7800,704.6500,2870.1300
16891,1553,3146.9000,278.1700,2868.7300
7282,749,3322.3800,455.4600,2866.9200
5216,1588,4747.9800,1881.4700,2866.5100
8983,1855,3870.0000,1004.4500,2865.5500
6146,721,3201.3800,336.1400,2865.2400
1978,1068,4807.6000,1942.3700,2865.2300
768,1150,4802.0700,1937.6000,2864.4700
16078,955,4299.2500,1435.4700,2863.7800
5935,526,3371.0000,508.9800,2862.0200
3743,1870,3308.4000,447.1100,2861.2900
9739,131,3590.9000,730.5400,2860.3600
492,1591,3831.5000,971.2500,2860.2500
8337,1339,4001.7000,1142.9200,2858.7800
12852,777,4496.8000,1638.9000,2857.9000
14561,984,4515.7200,1658.3200,2857.4000
3184,86,3165.3200,308.2600,2857.0600
9283,700,3146.9000,289.8600,2857.0400
10106,1854,4315.7200,1458.7300,2856.9900
5050,884,4837.5000,1981.1500,2856.3500
3730,95,4515.7200,1660.6700,2855.0500
10901,756,3387.6900,532.7600,2854.9300
6663,1816,3257.0100,403.8600,2853.1500
19913,1405,3016.6500,163.5100,2853.1400
12888,1465,3274.2600,421.6900,2852.5700
3478,1861,4577.2400,1725.2500,2851.9900
6255,1623,2851.4000,null,2851.4000
4179,636,4001.7000,1150.7000,2851.0000
16825,418,4071.6800,1221.0000,2850.6800
7721,436,2849.8400,null,2849.8400
3555,1159,2849.8400,null,2849.8400
11346,757,2849.8400,null,2849.8400
2370,726,2849.8400,null,2849.8400
5455,1000,4379.3500,1529.8600,2849.4900
14641,229,4798.9500,1949.6200,2849.3300
15653,326,3523.2800,674.7000,2848.5800
8802,1622,4299.2500,1451.6000,2847.6500
14942,848,3178.5300,331.0800,2847.4500
2056,1190,3317.4000,470.1800,2847.2200
19645,33,4365.6800,1519.5900,2846.0900
16685,1269,4001.7000,1155.7300,2845.9700
15274,423,3604.5200,758.6700,2845.8500
12181,1772,3846.0800,1000.2900,2845.7900
7235,443,4001.7000,1156.7900,2844.9100
14254,406,4547.4000,1703.5900,2843.8100
16365,675,3851.7500,1008.7100,2843.0400
1905,1232,3224.6600,382.6500,2842.0100
16013,1859,4001.7000,1159.8500,2841.8500
19324,315,4522.1700,1681.0700,2841.1000
4110,1737,4330.0800,1489.0900,2840.9900
8199,1612,4521.0000,1680.2400,2840.7600
19753,546,3474.5000,634.1800,2840.3200
14113,1062,3322.3800,482.5400,2839.8400
18704,152,3480.3300,641.6200,2838.7100
1505,818,4515.7200,1677.0500,2838.6700
5573,815,4747.9800,1910.9900,2836.9900
13782,882,4515.7200,1678.8900,2836.8300
15555,570,3477.2200,640.4400,2836.7800
3733,673,3597.4400,761.0700,2836.3700
11190,690,3054.3900,218.7100,2835.6800
7742,1378,2835.3000,null,2835.3000
3065,890,2835.3000,null,2835.3000
10716,1351,2835.3000,null,2835.3000
12424,441,2835.3000,null,2835.3000
4445,690,2835.3000,null,2835.3000
4255,1386,2835.3000,null,2835.3000
16159,1669,3443.0000,607.7100,2835.2900
8820,712,3443.0000,607.8900,2835.1100
18897,50,4554.0600,1719.1400,2834.9200
15485,1551,4632.3000,1797.5800,2834.7200
433,1066,3824.0500,990.6900,2833.3600
13100,1290,2973.6500,140.5400,2833.1100
4164,424,3081.4000,248.4000,2833.0000
9007,985,3911.7300,1079.7800,2831.9500
9521,1569,4330.0800,1500.5200,2829.5600
4422,1812,3387.6900,558.4700,2829.2200
15603,408,3165.3200,336.5300,2828.7900
3581,11,4516.9200,1688.6900,2828.2300
15607,670,3443.0000,614.9000,2828.1000
14262,1464,3574.7800,747.0500,2827.7300
11909,1691,3308.4000,481.0500,2827.3500
17715,1961,4554.9600,1727.7300,2827.2300
7429,1380,3870.0000,1044.0000,2826.0000
7975,1195,3036.6400,210.8800,2825.7600
5804,776,3503.4800,678.2100,2825.2700
2208,1858,4052.1000,1226.8900,2825.2100
6846,1469,4802.0700,1977.2100,2824.8600
15307,1802,4330.0800,1505.5900,2824.4900
18088,826,3410.5500,586.6900,2823.8600
6681,1001,3390.7500,566.9300,2823.8200
13786,324,4345.1400,1521.3500,2823.7900
12375,694,3574.7800,751.1300,2823.6500
7920,805,3597.4400,773.9800,2823.4600
1317,1937,3224.6600,401.8100,2822.8500
1703,691,3387.6900,565.6100,2822.0800
17840,179,4072.5200,1250.6100,2821.9100
17951,660,4342.6800,1521.6500,2821.0300
16695,236,4798.9500,1978.0800,2820.8700
2438,255,3410.5500,590.1700,2820.3800
8552,396,4146.7500,1327.4500,2819.3000
3789,280,3870.0000,1051.1800,2818.8200
17526,1156,3529.4400,710.8100,2818.6300
10785,623,4001.7000,1183.9200,2817.7800
11027,568,3146.9000,329.1700,2817.7300
7238,1183,3583.8800,766.4900,2817.3900
6140,492,3911.7300,1094.4700,2817.2600
4980,767,3441.7500,624.9100,2816.8400
4194,846,4345.1400,1529.4900,2815.6500
13993,1321,4554.9600,1739.9300,2815.0300
10451,1398,4333.6500,1519.6100,2814.0400
17310,1484,4379.3500,1565.9900,2813.3600
15819,247,3036.6400,223.4000,2813.2400
19143,1788,4802.0700,1989.2700,2812.8000
4005,1618,3191.3200,379.7300,2811.5900
19643,772,4303.7500,1492.4800,2811.2700
10796,170,4747.9800,1936.8900,2811.0900
731,1373,4632.3000,1821.6600,2810.6400
8850,1977,3523.2800,713.4400,2809.8400
1697,1277,2949.5200,139.7400,2809.7800
14467,681,4807.6000,1998.2600,2809.3400
17058,1357,4342.6800,1533.4200,2809.2600
19940,473,3165.3200,356.4400,2808.8800
7774,335,2808.4800,null,2808.4800
14968,680,2808.4800,null,2808.4800
8427,1690,2808.4800,null,2808.4800
2510,1361,4522.1700,1713.9500,2808.2200
9110,1716,3441.7500,634.0900,2807.6600
12613,957,3831.5000,1024.5800,2806.9200
3810,1416,4315.3600,1508.8200,2806.5400
14476,1406,3308.4000,502.3700,2806.0300
18931,1902,3597.4400,791.4900,2805.9500
1454,1888,3247.1400,441.4400,2805.7000
8234,202,3674.2400,868.6100,2805.6300
5885,14,3146.9000,341.3400,2805.5600
14055,344,3851.7500,1046.2100,2805.5400
15289,1354,4515.7200,1710.3400,2805.3800
4152,261,4052.1000,1246.8100,2805.2900
17449,1138,4306.7400,1502.5600,2804.1800
18074,1024,4146.7500,1342.7100,2804.0400
600,1550,3014.7800,211.1800,2803.6000
7804,173,4554.0600,1750.5700,2803.4900
4436,835,3387.6900,584.2100,2803.4800
3863,517,4342.6800,1539.4700,2803.2100
3282,1513,3480.3300,677.6000,2802.7300
567,1576,3851.7500,1049.0700,2802.6800
9470,1952,3604.5200,802.2900,2802.2300
8464,781,3831.5000,1029.4400,2802.0600
4898,1732,3247.1400,445.1200,2802.0200
18323,1445,3824.0500,1022.6700,2801.3800
15641,1275,3710.7400,909.8300,2800.9100
18388,220,2902.5000,102.2600,2800.2400
1111,135,4798.9500,1999.6300,2799.3200
249,976,4521.0000,1722.1300,2798.8700
16944,869,3503.4800,704.6400,2798.8400
3835,1936,3705.8400,907.3300,2798.5100
18707,1,3710.7400,912.2800,2798.4600
13626,1935,3371.0000,572.6400,2798.3600
14282,1937,4554.9600,1756.6000,2798.3600
7080,1979,4365.6800,1568.5300,2797.1500
3290,779,3523.2800,726.4700,2796.8100
10175,586,4306.7400,1510.0900,2796.6500
5717,1528,4213.7500,1418.5300,2795.2200
17232,1182,4496.8000,1702.2200,2794.5800
12591,394,3590.9000,796.7600,2794.1400
3361,1834,3317.4000,523.6700,2793.7300
11932,646,3410.5500,616.9400,2793.6100
18932,1590,3165.3200,372.3400,2792.9800
12727,477,3016.6500,224.4200,2792.2300
14803,1121,4365.6800,1573.7100,2791.9700
11338,825,4198.1400,1407.0700,2791.0700
11908,668,4146.7500,1355.9100,2790.8400
17987,481,3674.2400,884.6300,2789.6100
14107,867,4071.6800,1282.3800,2789.3000
4937,1932,4072.5200,1284.7700,2787.7500
19964,1808,4315.7200,1529.3800,2786.3400
15421,367,4315.7200,1529.6600,2786.0600
11505,1960,3201.3800,415.6600,2785.7200
18479,1743,3562.3000,776.8700,2785.4300
733,195,4072.2600,1287.1500,2785.1100
15830,232,3839.1600,1054.2300,2784.9300
14978,1626,3356.8600,572.0400,2784.8200
14208,1864,4521.0000,1737.9700,2783.0300
18273,448,4146.7500,1364.4300,2782.3200
7992,995,3814.8300,1032.7800,2782.0500
19549,1373,4330.0800,1548.8300,2781.2500
7858,1188,2779.6000,null,2779.6000
14707,1950,2779.6000,null,2779.6000
15505,1569,2779.6000,null,2779.6000
3017,1986,3590.9000,811.4200,2779.4800
7296,1820,2779.3800,null,2779.3800
15757,1484,2779.3800,null,2779.3800
693,497,2779.3800,null,2779.3800
1345,1306,2779.3800,null,2779.3800
4672,1969,2779.3800,null,2779.3800
4605,696,2779.3800,null,2779.3800
1284,1713,3510.6000,731.3300,2779.2700
8544,1441,4554.9600,1775.7500,2779.2100
12800,1422,3059.2400,280.1500,2779.0900
16553,357,3356.8600,577.8900,2778.9700
1865,362,4303.7500,1524.8000,2778.9500
9749,1348,4577.2400,1798.6200,2778.6200
3006,1988,4315.3600,1538.0400,2777.3200
1480,327,3191.3200,414.8700,2776.4500
18283,1551,3474.5000,698.1600,2776.3400
14374,702,4306.7400,1530.4200,2776.3200
1723,647,3308.4000,532.1200,2776.2800
8171,166,3308.4000,532.9900,2775.4100
9280,162,3824.0500,1048.7600,2775.2900
8590,1964,3316.6600,542.7900,2773.8700
10062,726,4521.0000,1747.1500,2773.8500
3196,402,3387.6900,615.0700,2772.6200
10104,1856,4072.2600,1301.3600,2770.9000
412,629,2952.5000,181.6300,2770.8700
14609,1683,3165.3200,394.8500,2770.4700
19676,821,3529.4400,760.5800,2768.8600
3024,1800,2871.1600,102.4600,2768.7000
17721,1508,2889.1000,120.4300,2768.6700
7466,682,3322.3800,554.1700,2768.2100
12175,488,3410.5500,642.3600,2768.1900
14021,157,4031.4200,1263.2600,2768.1600
19333,1145,3510.6000,742.6700,2767.9300
7089,327,3178.5300,411.2900,2767.2400
7,201,4522.1700,1755.4800,2766.6900
14145,1216,3989.1500,1222.6800,2766.4700
15489,252,3510.6000,744.9900,2765.6100
3086,1650,4031.4200,1265.8400,2765.5800
14957,296,4333.6500,1568.4300,2765.2200
16189,1632,4333.6500,1568.9500,2764.7000
14760,549,3390.7500,626.1900,2764.5600
4763,1267,3503.4800,739.1900,2764.2900
2907,288,4286.0000,1522.1600,2763.8400
2268,525,4330.0800,1566.4100,2763.6700
3792,262,4072.2600,1309.5600,2762.7000
15778,479,3322.3800,560.1400,2762.2400
14844,1824,3562.3000,802.1800,2760.1200
42,576,3081.4000,321.4600,2759.9400
9193,1765,4554.9600,1795.2300,2759.7300
7597,777,3356.8600,597.7000,2759.1600
1114,1019,4522.1700,1763.0600,2759.1100
17656,366,3410.5500,651.9000,2758.6500
10849,1018,3410.5500,652.1400,2758.4100
8622,8,2973.6500,215.3300,2758.3200
5745,519,4071.6800,1313.9600,2757.7200
14593,1771,3410.5500,655.4600,2755.0900
17403,514,4747.9800,1993.2300,2754.7500
15926,643,3014.7800,260.0600,2754.7200
6855,1504,4286.0000,1531.3400,2754.6600
6175,678,3674.2400,920.3700,2753.8700
1380,693,4072.5200,1318.7400,2753.7800
11023,495,2753.4000,null,2753.4000
914,180,2753.4000,null,2753.4000
6696,797,2753.4000,null,2753.4000
12299,453,2753.4000,null,2753.4000
4824,692,2753.4000,null,2753.4000
13115,1263,2753.4000,null,2753.4000
15999,271,2952.5000,199.7200,2752.7800
15474,1526,3247.1400,494.5500,2752.5900
2944,636,2952.5000,200.0700,2752.4300
17395,470,3178.5300,426.2300,2752.3000
4887,155,3705.8400,954.2600,2751.5800
18271,1086,3604.5200,853.5700,2750.9500
6805,1887,3888.0900,1137.1600,2750.9300
9744,1788,3904.4700,1153.7100,2750.7600
3098,1178,3443.0000,692.6800,2750.3200
18448,1775,3686.9000,937.6900,2749.2100
11921,1344,2849.8400,102.7000,2747.1400
10546,1676,4330.0800,1583.2000,2746.8800
4065,1245,2949.5200,202.6500,2746.8700
18032,1000,3904.4700,1158.2000,2746.2700
1100,312,3322.3800,577.2600,2745.1200
4689,1380,3851.7500,1107.0800,2744.6700
2181,656,3510.6000,767.3100,2743.2900
8280,453,3529.4400,786.8400,2742.6000
3420,1472,2742.0000,null,2742.0000
10066,158,2742.0000,null,2742.0000
19991,700,2742.0000,null,2742.0000
4438,1263,2742.0000,null,2742.0000
8750,1557,2742.0000,null,2742.0000
263,1070,2742.0000,null,2742.0000
19045,969,4213.7500,1471.8300,2741.9200
10363,159,3224.6600,483.1700,2741.4900
11927,1340,4345.1400,1603.8700,2741.2700
6937,1835,3390.7500,649.7000,2741.0500
4780,1016,4365.6800,1625.2400,2740.4400
19666,1211,3322.3800,582.8400,2739.5400
2902,354,3904.4700,1165.8000,2738.6700
16041,995,3274.2600,536.4200,2737.8400
15533,989,3191.3200,454.8600,2736.4600
11100,1940,4365.6800,1629.5500,2736.1300
9550,1412,4521.0000,1785.0300,2735.9700
17083,93,2884.5600,149.2000,2735.3600
16577,763,3574.7800,839.8900,2734.8900
3418,502,4521.0000,1786.6300,2734.3700
16782,794,4333.6500,1599.5900,2734.0600
11807,140,3390.7500,657.4800,2733.2700
13946,1947,4198.1400,1466.7900,2731.3500
10936,871,4333.6500,1602.7900,2730.8600
17642,1367,4072.2600,1341.4000,2730.8600
2768,1663,4516.9200,1788.6400,2728.2800
3836,1544,4286.0000,1558.1800,2727.8200
9649,906,2889.1000,161.6200,2727.4800
12902,274,3390.7500,663.3600,2727.3900
893,1900,4238.0400,1510.7100,2727.3300
15445,418,3308.4000,581.9800,2726.4200
16015,1349,3562.3000,835.9200,2726.3800
15401,1887,3236.5200,510.1700,2726.3500
3031,669,3178.5300,452.4300,2726.1000
7893,66,3390.7500,665.4400,2725.3100
13708,1001,4640.4400,1915.4800,2724.9600
13561,1459,3214.5000,491.5300,2722.9700
4835,1307,2879.3700,157.8100,2721.5600
13314,1131,3574.7800,854.1800,2720.6000
19075,919,4515.7200,1795.2400,2720.4800
3067,1311,3583.8800,863.5500,2720.3300
7609,26,3390.7500,670.9400,2719.8100
4667,470,4146.7500,1427.0900,2719.6600
10372,840,3710.7400,991.2100,2719.5300
13859,893,4521.0000,1801.6100,2719.3900
7000,1419,3563.1800,843.9300,2719.2500
15047,460,3284.6400,565.6500,2718.9900
5940,819,4342.6800,1624.5600,2718.1200
9301,601,3989.1500,1271.5500,2717.6000
1369,990,4238.0400,1520.5900,2717.4500
19782,655,3529.4400,812.0000,2717.4400
6495,1085,3851.7500,1134.3100,2717.4400
9120,32,3014.7800,297.6000,2717.1800
11674,464,4071.6800,1355.6800,2716.0000
17791,711,4330.0800,1614.1300,2715.9500
4218,86,3831.5000,1115.9600,2715.5400
10569,93,3284.6400,569.3900,2715.2500
11520,971,3529.4400,814.7500,2714.6900
4395,333,3387.6900,673.0800,2714.6100
6057,22,3224.6600,510.6400,2714.0200
17647,1230,3839.1600,1125.2200,2713.9400
3234,1867,4315.7200,1602.1900,2713.5300
8545,1394,4146.7500,1433.3000,2713.4500
7182,735,3480.3300,767.6700,2712.6600
16779,637,3214.5000,502.2900,2712.2100
6090,257,4547.4000,1835.7400,2711.6600
19821,204,3371.0000,659.4100,2711.5900
15291,1760,3016.6500,305.2100,2711.4400
4777,545,4286.0000,1575.0000,2711.0000
13723,442,2879.3700,168.7300,2710.6400
3608,197,3439.4000,728.7900,2710.6100
13897,832,3356.8600,646.3100,2710.5500
5256,1204,3443.0000,733.1200,2709.8800
6880,1553,3851.7500,1141.9800,2709.7700
18209,17,3846.0800,1137.5100,2708.5700
7374,1439,3477.2200,769.4500,2707.7700
130,981,3371.0000,663.2400,2707.7600
169,617,3059.2400,351.8500,2707.3900
3272,628,2707.1000,null,2707.1000
8845,997,2707.1000,null,2707.1000
10145,748,2707.1000,null,2707.1000
17171,1549,4303.7500,1596.8000,2706.9500
15882,115,3274.2600,568.1100,2706.1500
4070,913,3014.7800,308.6800,2706.1000
18699,1538,4515.7200,1809.8200,2705.9000
2709,1085,3574.7800,869.3100,2705.4700
15239,1868,3390.7500,685.5000,2705.2500
4332,1711,4031.4200,1327.4300,2703.9900
3365,665,4315.7200,1613.6700,2702.0500
10750,833,2701.4000,null,2701.4000
7217,1972,2701.4000,null,2701.4000
6631,1467,2701.4000,null,2701.4000
13592,903,2701.4000,null,2701.4000
11746,264,2701.4000,null,2701.4000
9341,283,2701.4000,null,2701.4000
9128,1698,2701.4000,null,2701.4000
14023,1472,2701.4000,null,2701.4000
13154,192,2701.4000,null,2701.4000
17100,1508,2879.3700,178.0300,2701.3400
14033,1379,3308.4000,609.1200,2699.2800
6153,1743,3888.0900,1188.8800,2699.2100
5509,1024,3390.7500,692.5000,2698.2500
12015,1768,2698.0800,null,2698.0800
6319,1796,2698.0800,null,2698.0800
8394,1092,2698.0800,null,2698.0800
8245,1480,2698.0800,null,2698.0800
17570,208,3824.0500,1127.8600,2696.1900
8240,307,2949.5200,253.5500,2695.9700
8746,1333,3439.4000,743.5700,2695.8300
13851,885,4031.4200,1336.4200,2695.0000
18500,660,3236.5200,542.0100,2694.5100
18853,347,4522.1700,1828.2400,2693.9300
3354,1651,3322.3800,629.3000,2693.0800
10077,1428,3165.3200,472.2500,2693.0700
19107,632,4515.7200,1822.8200,2692.9000
6619,1527,4146.7500,1453.8700,2692.8800
12496,1559,4072.5200,1379.9700,2692.5500
15379,1595,3846.0800,1153.6000,2692.4800
10868,71,3014.7800,322.3100,2692.4700
535,177,2952.5000,260.2600,2692.2400
17387,1886,3284.6400,593.7600,2690.8800
7380,180,3870.0000,1179.9200,2690.0800
5466,1739,3839.1600,1150.1200,2689.0400
13461,1412,2849.8400,161.3900,2688.4500
8936,1832,4213.7500,1526.1600,2687.5900
8275,1113,3529.4400,841.9700,2687.4700
5407,733,4379.3500,1691.9600,2687.3900
18292,934,3989.1500,1301.9900,2687.1600
13918,573,3236.5200,549.4700,2687.0500
16787,911,4365.6800,1678.6700,2687.0100
15779,1631,3831.5000,1144.8800,2686.6200
10684,1438,3178.5300,491.9300,2686.6000
7497,181,3059.2400,373.2300,2686.0100
13774,1926,3317.4000,631.4300,2685.9700
1118,1424,4496.8000,1810.9700,2685.8300
13147,684,4365.6800,1680.3200,2685.3600
17513,1195,4286.0000,1600.9000,2685.1000
9919,1471,3604.5200,919.4400,2685.0800
13036,169,2896.7600,211.8600,2684.9000
10195,545,3477.2200,793.1800,2684.0400
10616,1149,3443.0000,759.1900,2683.8100
6895,384,2808.4800,125.2500,2683.2300
13327,1677,2952.5000,271.7900,2680.7100
11874,188,3016.6500,336.4500,2680.2000
15506,88,2835.3000,155.5500,2679.7500
88,1982,3439.4000,761.8500,2677.5500
5542,720,4315.3600,1637.8600,2677.5000
19769,1545,3016.6500,339.5500,2677.1000
15736,873,3911.7300,1235.5000,2676.2300
1492,1463,3911.7300,1236.3800,2675.3500
10184,1116,4345.1400,1670.4700,2674.6700
14886,426,2851.4000,177.3900,2674.0100
18373,27,4547.4000,1873.7500,2673.6500
423,1560,3054.3900,381.3000,2673.0900
819,1064,2851.4000,179.0400,2672.3600
3238,638,3284.6400,613.0900,2671.5500
19180,1565,3904.4700,1233.0400,2671.4300
13846,201,3236.5200,565.1000,2671.4200
2294,171,3257.0100,585.9300,2671.0800
4066,1907,3224.6600,553.6100,2671.0500
12866,1698,4315.3600,1644.3700,2670.9900
11990,1147,3284.6400,613.9000,2670.7400
5575,1906,2669.7000,null,2669.7000
14639,406,2669.7000,null,2669.7000
4940,949,2669.7000,null,2669.7000
10458,1435,2669.7000,null,2669.7000
2136,91,2669.7000,null,2669.7000
10822,1885,2669.7000,null,2669.7000
18864,1624,4238.0400,1569.1300,2668.9100
3336,958,3441.7500,773.2500,2668.5000
5276,1449,3441.7500,773.3600,2668.3900
14678,116,4315.3600,1647.4800,2667.8800
11795,333,3870.0000,1202.4600,2667.5400
12997,256,3236.5200,569.3000,2667.2200
11167,1236,3839.1600,1172.5100,2666.6500
18884,1779,4516.9200,1850.3900,2666.5300
14298,235,3439.4000,773.5900,2665.8100
17338,1817,4072.2600,1407.0500,2665.2100
19139,948,3247.1400,582.4000,2664.7400
15746,639,3674.2400,1009.6700,2664.5700
14111,921,3563.1800,899.4100,2663.7700
18651,1453,3604.5200,941.1700,2663.3500
5792,1849,4071.6800,1408.9500,2662.7300
18779,1836,3317.4000,655.1900,2662.2100
13199,1202,3583.8800,922.2300,2661.6500
1664,232,2952.5000,291.0600,2661.4400
8047,1977,2973.6500,312.3000,2661.3500
16443,1898,3814.8300,1153.5900,2661.2400
7398,645,2889.1000,228.0100,2661.0900
7999,631,3356.8600,695.8200,2661.0400
3047,1908,2779.6000,119.2400,2660.3600
17036,260,4315.3600,1656.0600,2659.3000
9055,1099,4001.7000,1343.0800,2658.6200
16202,1435,2808.4800,150.0600,2658.4200
9835,1194,3477.2200,818.9700,2658.2500
14375,390,3410.5500,753.3100,2657.2400
18113,1517,2879.3700,222.7800,2656.5900
10920,1171,4303.7500,1647.3800,2656.3700
12969,1761,3016.6500,360.4600,2656.1900
5406,609,3640.1000,984.2000,2655.9000
6308,1760,4306.7400,1652.1800,2654.5600
13180,304,4547.4000,1894.3200,2653.0800
11540,1194,4072.2600,1419.5600,2652.7000
8511,1281,3510.6000,857.9500,2652.6500
17278,797,4640.4400,1988.2200,2652.2200
18576,560,3054.3900,402.2500,2652.1400
2379,1722,4330.0800,1678.5000,2651.5800
3568,1078,3604.5200,953.6400,2650.8800
1026,101,3322.3800,671.6300,2650.7500
19604,1420,3562.3000,911.8200,2650.4800
1243,851,3059.2400,409.0200,2650.2200
15600,800,3224.6600,575.2300,2649.4300
6225,1648,2973.6500,324.6800,2648.9700
14434,357,3851.7500,1203.3100,2648.4400
17127,154,3640.1000,991.8000,2648.3000
4340,1680,4345.1400,1697.0400,2648.1000
4643,491,2779.3800,131.3200,2648.0600
3583,1570,2871.1600,223.4500,2647.7100
18099,1646,4342.6800,1695.4900,2647.1900
18620,1543,3870.0000,1222.8800,2647.1200
10940,1720,2952.5000,305.6500,2646.8500
1921,1114,3371.0000,724.2600,2646.7400
14446,1661,2646.7200,null,2646.7200
10369,218,2646.7200,null,2646.7200
12393,849,3523.2800,877.0400,2646.2400
17456,1033,2871.1600,226.5800,2644.5800
19800,821,2779.3800,136.4400,2642.9400
6641,1561,3236.5200,593.9800,2642.5400
5040,942,2835.3000,193.0700,2642.2300
12360,173,4521.0000,1880.1100,2640.8900
5983,1079,4286.0000,1645.1300,2640.8700
10873,1801,4286.0000,1646.1400,2639.8600
4123,1477,3583.8800,944.0300,2639.8500
7028,310,3851.7500,1212.0700,2639.6800
2036,1539,3904.4700,1265.5600,2638.9100
1379,1205,2808.4800,170.3700,2638.1100
6995,1152,3146.9000,509.1000,2637.8000
12173,1565,3888.0900,1250.7600,2637.3300
6935,1009,3443.0000,805.9300,2637.0700
1838,1292,3562.3000,925.7500,2636.5500
9010,1155,4577.2400,1941.4400,2635.8000
7032,1454,3224.6600,588.9700,2635.6900
5901,191,2835.3000,199.7800,2635.5200
2242,952,3640.1000,1004.6200,2635.4800
18166,176,3224.6600,589.9400,2634.7200
14409,960,4238.0400,1604.0000,2634.0400
2019,1227,3814.8300,1180.9100,2633.9200
13338,1296,2952.5000,318.6800,2633.8200
5125,315,2973.6500,340.3500,2633.3000
1912,609,3604.5200,971.2600,2633.2600
6368,376,3165.3200,533.1200,2632.2000
6762,1744,3904.4700,1272.9200,2631.5500
13727,738,2849.8400,219.0300,2630.8100
3627,823,4306.7400,1676.5100,2630.2300
4328,684,4052.1000,1421.9200,2630.1800
8222,1412,3474.5000,844.4100,2630.0900
10869,665,3284.6400,654.6500,2629.9900
17019,426,4522.1700,1894.2400,2627.9300
8173,1021,2627.6100,null,2627.6100
19766,63,2627.6100,null,2627.6100
2386,1756,3870.0000,1242.5400,2627.4600
17095,1741,3477.2200,849.8800,2627.3400
9897,1955,4379.3500,1752.1200,2627.2300
18101,1817,3308.4000,681.5500,2626.8500
4969,1022,4333.6500,1707.6800,2625.9700
3244,1056,3480.3300,854.5100,2625.8200
17680,1150,3640.1000,1014.3800,2625.7200
7610,1454,3523.2800,897.8500,2625.4300
1391,1581,3284.6400,660.0900,2624.5500
16455,1143,3583.8800,960.1200,2623.7600
2672,1510,2808.4800,185.0900,2623.3900
5247,1594,2902.5000,280.0700,2622.4300
13655,553,3640.1000,1018.7300,2621.3700
10695,907,3054.3900,433.1000,2621.2900
10805,1157,3236.5200,616.1800,2620.3400
9980,109,4146.7500,1527.0200,2619.7300
8986,834,3510.6000,890.9200,2619.6800
15838,1014,3563.1800,943.6100,2619.5700
809,723,3284.6400,665.9300,2618.7100
19455,1045,3284.6400,665.9700,2618.6700
6690,290,3165.3200,546.9800,2618.3400
8251,255,3824.0500,1206.5300,2617.5200
14973,1096,3705.8400,1088.3700,2617.4700
15440,1510,3390.7500,775.0600,2615.6900
18913,178,4522.1700,1906.6700,2615.5000
5632,1473,2902.5000,287.5500,2614.9500
19524,1867,4052.1000,1437.5000,2614.6000
10798,794,3247.1400,632.6500,2614.4900
8439,1164,3814.8300,1201.2700,2613.5600
19595,1410,3356.8600,743.6500,2613.2100
15297,1771,4198.1400,1585.1900,2612.9500
8687,1812,3563.1800,950.3500,2612.8300
13596,1898,2753.4000,140.9700,2612.4300
16986,709,4238.0400,1626.4200,2611.6200
11335,92,4333.6500,1722.7700,2610.8800
8060,1106,3846.0800,1235.7800,2610.3000
4776,1173,4496.8000,1886.6600,2610.1400
9986,378,3583.8800,974.0100,2609.8700
5183,8,4547.4000,1937.6600,2609.7400
5888,210,3054.3900,445.8400,2608.5500
2003,855,3387.6900,779.5200,2608.1700
7865,1848,2607.8200,null,2607.8200
14921,1612,2607.8200,null,2607.8200
3582,1070,2607.8200,null,2607.8200
3275,1197,2607.8200,null,2607.8200
1528,1078,2607.8200,null,2607.8200
3052,650,2607.8200,null,2607.8200
5924,1126,2607.8200,null,2607.8200
15751,1389,2607.8200,null,2607.8200
16325,956,2607.8200,null,2607.8200
19979,117,4299.2500,1693.4700,2605.7800
9372,684,3308.4000,702.7800,2605.6200
15029,91,4516.9200,1911.6700,2605.2500
14234,1481,4345.1400,1740.2900,2604.8500
19444,308,4365.6800,1761.9900,2603.6900
10525,705,3322.3800,718.8700,2603.5100
11219,1048,3165.3200,562.0100,2603.3100
6133,235,4286.0000,1682.8200,2603.1800
8913,1635,3851.7500,1248.6800,2603.0700
16474,394,2602.9800,null,2602.9800
19420,499,2602.9800,null,2602.9800
18031,1371,2602.9800,null,2602.9800
13624,1754,2602.9800,null,2602.9800
15497,1723,3563.1800,960.2200,2602.9600
14498,1639,4299.2500,1696.7100,2602.5400
12460,1451,3529.4400,927.1300,2602.3100
6282,1405,3439.4000,837.1800,2602.2200
10380,569,3410.5500,808.5700,2601.9800
17242,1158,3583.8800,982.1700,2601.7100
15880,1180,2779.3800,178.2600,2601.1200
3339,788,4577.2400,1976.2100,2601.0300
18999,405,4071.6800,1472.2900,2599.3900
11238,268,3236.5200,637.3500,2599.1700
17422,76,3477.2200,878.0700,2599.1500
2239,28,2884.5600,285.8500,2598.7100
14901,1257,3503.4800,904.9900,2598.4900
12198,1445,3387.6900,790.3400,2597.3500
9638,687,3443.0000,846.3700,2596.6300
4542,1286,4072.5200,1475.9200,2596.6000
9392,794,3016.6500,420.7000,2595.9500
18558,1864,3870.0000,1274.6100,2595.3900
9447,1228,3597.4400,1002.1500,2595.2900
6984,1722,3308.4000,713.7100,2594.6900
15472,950,3583.8800,989.4300,2594.4500
1405,1952,3390.7500,797.6700,2593.0800
1042,1549,3224.6600,632.4400,2592.2200
7103,640,2592.0600,null,2592.0600
6692,570,2592.0600,null,2592.0600
6563,1594,2592.0600,null,2592.0600
14046,344,2592.0600,null,2592.0600
16065,1433,2592.0600,null,2592.0600
3143,1258,3814.8300,1223.2400,2591.5900
12313,1478,3870.0000,1278.9100,2591.0900
8412,85,2779.6000,189.0300,2590.5700
16345,1536,2884.5600,294.6200,2589.9400
9984,776,2753.4000,163.8400,2589.5600
17955,815,2889.1000,299.7200,2589.3800
12782,606,3316.6600,728.0400,2588.6200
9068,1051,3224.6600,636.6000,2588.0600
9613,831,3814.8300,1227.5100,2587.3200
9671,1243,3201.3800,614.3400,2587.0400
12680,208,4547.4000,1960.6200,2586.7800
5336,1365,3831.5000,1244.9800,2586.5200
13193,725,4306.7400,1720.6100,2586.1300
2375,264,3165.3200,579.5600,2585.7600
7034,1427,3839.1600,1253.4100,2585.7500
4358,1352,3474.5000,889.0300,2585.4700
8760,1027,4330.0800,1746.0200,2584.0600
328,513,3236.5200,652.5100,2584.0100
638,323,3443.0000,859.2900,2583.7100
18859,326,3191.3200,607.7400,2583.5800
9822,907,3870.0000,1286.4300,2583.5700
10753,600,4547.4000,1965.1200,2582.2800
461,1232,2582.2500,null,2582.2500
14402,578,2582.2500,null,2582.2500
14503,150,2582.2500,null,2582.2500
9391,1936,2582.2500,null,2582.2500
8907,551,3705.8400,1123.8400,2582.0000
9679,1200,2698.0800,117.5700,2580.5100
7575,823,4052.1000,1472.1900,2579.9100
4801,1266,3386.7900,807.1500,2579.6400
3770,53,2579.5500,null,2579.5500
23,396,2579.5500,null,2579.5500
9412,546,2579.5500,null,2579.5500
8669,316,2579.5500,null,2579.5500
3164,649,4554.9600,1975.7000,2579.2600
4875,1145,3201.3800,622.4500,2578.9300
13582,1174,3474.5000,896.3400,2578.1600
17335,454,4522.1700,1944.3200,2577.8500
15348,204,3059.2400,481.4800,2577.7600
4432,318,3410.5500,833.0200,2577.5300
13275,890,2707.1000,129.5900,2577.5100
13653,106,2779.6000,202.9700,2576.6300
3953,145,2701.4000,124.8500,2576.5500
4588,813,4315.7200,1739.4600,2576.2600
2336,778,3387.6900,812.9100,2574.7800
6840,613,2952.5000,377.7600,2574.7400
6651,1375,3387.6900,813.1400,2574.5500
19680,1716,4299.2500,1724.9800,2574.2700
10089,1175,2884.5600,310.3100,2574.2500
11139,198,4342.6800,1769.3000,2573.3800
18309,269,3824.0500,1251.0500,2573.0000
16694,602,4365.6800,1793.0700,2572.6100
15259,895,4798.9500,2226.4100,2572.5400
17896,120,2779.3800,206.8700,2572.5100
3148,1747,3191.3200,618.9700,2572.3500
3517,113,3839.1600,1268.1000,2571.0600
15709,736,3814.8300,1243.9400,2570.8900
14843,1176,3710.7400,1139.9700,2570.7700
14717,937,3236.5200,665.9300,2570.5900
16014,146,3236.5200,666.4800,2570.0400
4406,364,3510.6000,941.0600,2569.5400
3254,108,3443.0000,873.8200,2569.1800
18758,1684,3563.1800,994.0200,2569.1600
6487,624,3322.3800,753.3100,2569.0700
7310,1686,3308.4000,739.4900,2568.9100
7061,1468,2973.6500,405.1600,2568.4900
2966,119,2952.5000,385.0300,2567.4700
5272,54,4315.7200,1748.9700,2566.7500
15586,1863,3441.7500,875.2400,2566.5100
19716,689,2879.3700,313.5000,2565.8700
12156,43,4071.6800,1506.8600,2564.8200
11257,529,2669.7000,105.0400,2564.6600
1018,1730,3640.1000,1075.4800,2564.6200
13382,1811,2779.6000,215.0300,2564.5700
14642,753,4198.1400,1634.5300,2563.6100
3176,1603,2952.5000,388.9200,2563.5800
7855,977,4198.1400,1635.2100,2562.9300
17792,848,3317.4000,754.6100,2562.7900
989,151,3870.0000,1308.5800,2561.4200
8888,483,3165.3200,603.9600,2561.3600
1731,1259,3443.0000,882.3200,2560.6800
15432,522,3191.3200,630.9000,2560.4200
19955,1734,3054.3900,494.2700,2560.1200
1776,810,3574.7800,1015.3300,2559.4500
1828,857,4516.9200,1959.1200,2557.8000
15953,352,3640.1000,1082.5800,2557.5200
14427,598,3014.7800,458.0300,2556.7500
7357,1646,4052.1000,1495.4100,2556.6900
11645,694,3814.8300,1258.3200,2556.5100
17675,245,2851.4000,294.9800,2556.4200
3256,1044,4365.6800,1809.9100,2555.7700
13019,858,3686.9000,1131.1900,2555.7100
2808,1590,3480.3300,924.8500,2555.4800
15098,1280,3316.6600,762.2500,2554.4100
14501,1095,3316.6600,762.7200,2553.9400
3328,1911,2889.1000,335.4700,2553.6300
10466,1630,3523.2800,970.3900,2552.8900
3858,526,2851.4000,298.9400,2552.4600
12671,163,3201.3800,649.1700,2552.2100
6228,94,3563.1800,1011.1800,2552.0000
3985,1610,3474.5000,922.5400,2551.9600
10740,1385,2698.0800,146.1800,2551.9000
7693,793,3443.0000,892.2000,2550.8000
5369,576,3247.1400,696.4300,2550.7100
11867,1330,3386.7900,837.4000,2549.3900
3210,1151,4342.6800,1794.1000,2548.5800
1561,1323,3274.2600,726.7500,2547.5100
10015,1539,3146.9000,599.6500,2547.2500
10704,1086,3257.0100,709.8600,2547.1500
18839,693,3387.6900,840.8400,2546.8500
11209,1292,3036.6400,490.4000,2546.2400
5345,1270,3443.0000,897.5100,2545.4900
11892,1238,4238.0400,1692.6000,2545.4400
2226,394,4515.7200,1970.8000,2544.9200
7860,955,3322.3800,778.0400,2544.3400
17030,197,3710.7400,1166.5700,2544.1700
375,902,2543.2200,null,2543.2200
2618,48,2543.2200,null,2543.2200
12106,81,2543.2200,null,2543.2200
14339,48,2543.2200,null,2543.2200
18094,1425,2543.2200,null,2543.2200
19519,1645,2543.2200,null,2543.2200
4303,1278,2543.2200,null,2543.2200
10005,1480,3851.7500,1308.5500,2543.2000
537,491,4213.7500,1670.6100,2543.1400
3103,1451,2701.4000,158.5800,2542.8200
12822,678,2952.5000,411.7600,2540.7400
6584,779,3439.4000,898.7000,2540.7000
1531,217,3597.4400,1058.1800,2539.2600
15849,1165,3846.0800,1307.5500,2538.5300
15083,1355,4071.6800,1533.2500,2538.4300
11962,1176,2952.5000,414.5700,2537.9300
8247,1780,4315.7200,1778.0300,2537.6900
9875,99,2646.7200,109.9800,2536.7400
11631,1263,2698.0800,162.0200,2536.0600
11980,631,3081.4000,545.9000,2535.5000
6217,126,3640.1000,1104.6800,2535.4200
8110,1740,4315.3600,1780.4200,2534.9400
19248,1081,2698.0800,164.4000,2533.6800
6507,824,3387.6900,854.2300,2533.4600
6597,654,2779.3800,245.9900,2533.3900
15193,1464,3710.7400,1177.7400,2533.0000
13143,1749,4496.8000,1963.9800,2532.8200
2461,417,3710.7400,1177.9600,2532.7800
17847,153,2742.0000,209.3900,2532.6100
15451,1980,3686.9000,1155.4300,2531.4700
13822,1431,2646.7200,115.3400,2531.3800
2932,1187,3387.6900,856.6000,2531.0900
9694,993,3597.4400,1066.5400,2530.9000
12756,1363,4213.7500,1682.9900,2530.7600
10312,427,4315.3600,1784.9100,2530.4500
5713,135,3597.4400,1067.5100,2529.9300
15263,970,3529.4400,999.5400,2529.9000
18973,452,3081.4000,551.5100,2529.8900
15824,169,2871.1600,341.5400,2529.6200
12838,543,3839.1600,1309.8600,2529.3000
4685,215,3247.1400,717.9300,2529.2100
17209,1842,3201.3800,672.6900,2528.6900
8205,683,3191.3200,662.6300,2528.6900
1949,1284,2528.2500,null,2528.2500
17920,924,2528.2500,null,2528.2500
2320,926,2528.2500,null,2528.2500
13312,908,2528.2500,null,2528.2500
8339,1022,2528.2500,null,2528.2500
1656,261,3387.6900,859.7900,2527.9000
2115,958,3317.4000,790.6800,2526.7200
3669,1643,3387.6900,861.0500,2526.6400
6581,846,4146.7500,1620.4300,2526.3200
19158,1358,3201.3800,675.3900,2525.9900
8217,446,3529.4400,1003.4700,2525.9700
8400,868,4286.0000,1760.3000,2525.7000
1412,1644,2707.1000,181.6600,2525.4400
2107,453,2753.4000,227.9600,2525.4400
12593,136,4522.1700,1996.9200,2525.2500
18397,854,4522.1700,1997.1000,2525.0700
6981,977,3146.9000,621.8500,2525.0500
13883,1046,3371.0000,845.9800,2525.0200
2021,1160,3904.4700,1380.6300,2523.8400
8188,1577,3441.7500,918.0700,2523.6800
19285,1924,3597.4400,1073.8400,2523.6000
3633,1139,3574.7800,1052.5500,2522.2300
4170,1056,3054.3900,532.7200,2521.6700
18338,1761,3390.7500,869.3500,2521.4000
627,427,2669.7000,149.3000,2520.4000
12919,117,3839.1600,1318.8800,2520.2800
1037,107,3911.7300,1391.6300,2520.1000
14884,1784,3054.3900,535.0800,2519.3100
1344,588,2952.5000,433.3700,2519.1300
4821,1619,4198.1400,1679.7700,2518.3700
1072,878,4306.7400,1788.6300,2518.1100
11868,734,3201.3800,683.4500,2517.9300
2968,607,3224.6600,707.0600,2517.6000
8083,431,2517.5200,null,2517.5200
13334,1107,2517.5200,null,2517.5200
6483,531,2517.5200,null,2517.5200
18383,1171,2517.5200,null,2517.5200
1115,201,4315.7200,1798.6100,2517.1100
15695,1928,4198.1400,1681.0900,2517.0500
7011,1807,2902.5000,387.0700,2515.4300
8652,977,3904.4700,1389.0700,2515.4000
18820,4,3477.2200,962.0100,2515.2100
14028,279,3510.6000,995.5700,2515.0300
4559,1585,4052.1000,1537.1200,2514.9800
18617,158,3640.1000,1125.5500,2514.5500
231,576,2884.5600,370.1900,2514.3700
408,1874,3814.8300,1301.5700,2513.2600
12442,1342,4342.6800,1829.8500,2512.8300
3807,1677,3014.7800,502.3600,2512.4200
5857,728,3308.4000,795.9800,2512.4200
6157,1397,3081.4000,569.6800,2511.7200
1386,346,3014.7800,503.1100,2511.6700
224,272,4496.8000,1985.3400,2511.4600
13573,1565,3563.1800,1052.3900,2510.7900
16415,1684,2889.1000,378.5700,2510.5300
16764,1326,3224.6600,714.2800,2510.3800
10321,897,3590.9000,1081.9800,2508.9200
16033,10,4052.1000,1543.9700,2508.1300
1771,1121,3839.1600,1331.1400,2508.0200
2234,912,2669.7000,162.1300,2507.5700
5925,1434,3563.1800,1055.6500,2507.5300
10033,1993,3640.1000,1132.7200,2507.3800
16313,1480,4333.6500,1826.2900,2507.3600
15039,888,2849.8400,342.4900,2507.3500
6435,702,2627.6100,120.5300,2507.0800
15354,1181,4345.1400,1838.6900,2506.4500
384,390,4071.6800,1565.4800,2506.2000
18572,691,4333.6500,1827.5300,2506.1200
9144,711,4345.1400,1839.6500,2505.4900
10344,1598,4315.3600,1810.7900,2504.5700
12394,330,2504.5000,null,2504.5000
4389,504,2504.5000,null,2504.5000
16156,1076,2504.5000,null,2504.5000
17524,1742,3710.7400,1206.9300,2503.8100
1278,1890,4072.5200,1568.8800,2503.6400
9030,47,3257.0100,753.4200,2503.5900
1328,293,4315.7200,1812.1900,2503.5300
6616,1756,3640.1000,1136.7400,2503.3600
6353,830,3888.0900,1386.0200,2502.0700
9627,863,2835.3000,333.6500,2501.6500
4541,64,3443.0000,941.8600,2501.1400
1599,1907,2973.6500,473.6300,2500.0200
5170,1701,2889.1000,389.3100,2499.7900
8655,1623,4072.2600,1573.5600,2498.7000
18288,661,3191.3200,694.6200,2496.7000
1327,1392,3831.5000,1335.8900,2495.6100
8277,371,3597.4400,1101.9200,2495.5200
7525,226,3562.3000,1067.3200,2494.9800
9440,1011,4052.1000,1557.6000,2494.5000
4614,823,3316.6600,822.2300,2494.4300
19764,1664,2707.1000,213.0400,2494.0600
9625,1405,2779.3800,285.7100,2493.6700
4674,989,2949.5200,456.1000,2493.4200
14233,65,2602.9800,109.9500,2493.0300
11743,1886,3870.0000,1377.5900,2492.4100
19431,1026,3705.8400,1213.4600,2492.3800
17657,1433,3989.1500,1497.5800,2491.5700
75,1369,3563.1800,1072.1100,2491.0700
13652,1860,3574.7800,1084.0700,2490.7100
15957,1906,2871.1600,380.6200,2490.5400
5300,479,4379.3500,1888.9600,2490.3900
19278,393,3563.1800,1072.8500,2490.3300
18943,16,4072.5200,1582.2600,2490.2600
2514,610,3371.0000,881.0900,2489.9100
2964,219,3503.4800,1013.7500,2489.7300
13226,1906,3247.1400,757.9000,2489.2400
11350,69,3201.3800,712.3700,2489.0100
139,1986,3851.7500,1362.8900,2488.8600
9442,1655,3201.3800,712.7300,2488.6500
7555,346,3308.4000,819.7700,2488.6300
596,814,3356.8600,868.2900,2488.5700
19078,668,3081.4000,592.9100,2488.4900
18569,614,2896.7600,408.3200,2488.4400
7132,1985,4146.7500,1658.4600,2488.2900
3212,228,2488.0500,null,2488.0500
4192,1574,2488.0500,null,2488.0500
18756,474,2488.0500,null,2488.0500
9273,743,4072.2600,1584.6000,2487.6600
11884,1588,3563.1800,1076.5800,2486.6000
8180,469,3036.6400,550.1000,2486.5400
11316,393,3165.3200,678.9100,2486.4100
9995,1653,3316.6600,830.3300,2486.3300
13417,1150,4342.6800,1856.3800,2486.3000
6925,781,2896.7600,410.4800,2486.2800
14592,679,3214.5000,728.3600,2486.1400
7732,1138,3851.7500,1367.7100,2484.0400
5116,1484,3851.7500,1367.9500,2483.8000
5313,1317,3308.4000,824.7800,2483.6200
7592,518,4072.2600,1590.7100,2481.5500
19121,1504,3705.8400,1224.5200,2481.3200
308,1191,2973.6500,492.4000,2481.2500
3948,1237,4072.5200,1591.2800,2481.2400
5527,625,3503.4800,1022.3800,2481.1000
3407,692,3888.0900,1407.7000,2480.3900
942,1376,3191.3200,711.0800,2480.2400
13969,358,3674.2400,1194.0900,2480.1500
6381,712,3247.1400,767.0800,2480.0600
329,110,3503.4800,1023.7800,2479.7000
4632,1653,4299.2500,1819.7300,2479.5200
16515,1082,3911.7300,1433.2800,2478.4500
2080,843,3441.7500,963.6700,2478.0800
15786,668,4213.7500,1735.7500,2478.0000
6391,1875,3036.6400,559.1800,2477.4600
19076,488,3911.7300,1434.7100,2477.0200
12777,1804,3604.5200,1127.6600,2476.8600
3940,786,3562.3000,1085.9700,2476.3300
1209,1493,3563.1800,1086.9000,2476.2800
18600,1054,2779.3800,303.3000,2476.0800
5172,1782,3214.5000,738.8900,2475.6100
18555,41,2779.6000,305.1600,2474.4400
11610,981,4379.3500,1905.2900,2474.0600
2813,825,4315.7200,1842.0300,2473.6900
17234,1245,3036.6400,562.9600,2473.6800
4394,1075,3308.4000,834.9900,2473.4100
19269,438,4303.7500,1830.4000,2473.3500
15863,1390,3317.4000,844.3400,2473.0600
15068,674,2582.2500,109.3100,2472.9400
9261,355,2582.2500,110.1700,2472.0800
9260,1355,4031.4200,1559.7100,2471.7100
17815,473,2779.6000,308.3500,2471.2500
19993,1083,2808.4800,337.7800,2470.7000
248,308,3529.4400,1058.7700,2470.6700
9578,1747,2851.4000,381.0400,2470.3600
7831,203,3247.1400,777.0500,2470.0900
2735,1563,3410.5500,940.5000,2470.0500
16518,326,3604.5200,1135.4300,2469.0900
3112,980,3439.4000,971.0700,2468.3300
13054,1347,3474.5000,1006.2000,2468.3000
5539,1808,3201.3800,733.7900,2467.5900
19089,861,3574.7800,1108.4100,2466.3700
10478,1366,3640.1000,1174.1400,2465.9600
13966,862,2742.0000,276.4300,2465.5700
19043,843,3480.3300,1014.8500,2465.4800
8225,432,2698.0800,233.6800,2464.4000
9320,215,4306.7400,1842.9500,2463.7900
5644,1986,2879.3700,415.5900,2463.7800
6587,1460,2952.5000,489.2400,2463.2600
14194,1036,4299.2500,1836.2900,2462.9600
3056,179,4299.2500,1836.5500,2462.7000
16549,1612,2698.0800,235.7800,2462.3000
15808,859,3387.6900,925.5500,2462.1400
14426,1860,3214.5000,752.6800,2461.8200
12869,488,2582.2500,120.6500,2461.6000
5866,1777,3356.8600,895.8000,2461.0600
11111,62,2879.3700,419.0700,2460.3000
3602,1187,3036.6400,577.7900,2458.8500
11974,637,4146.7500,1688.0400,2458.7100
6205,857,3839.1600,1381.9200,2457.2400
5448,972,3831.5000,1375.1300,2456.3700
4917,1301,3284.6400,828.8500,2455.7900
17201,1558,2889.1000,433.9200,2455.1800
10823,158,3583.8800,1128.8900,2454.9900
17231,98,3224.6600,769.7800,2454.8800
13843,196,3562.3000,1107.8900,2454.4100
5061,1387,2582.2500,127.8700,2454.3800
12762,327,3257.0100,804.1500,2452.8600
15168,1448,3474.5000,1023.1700,2451.3300
12823,472,2952.5000,501.3500,2451.1500
15336,1202,3247.1400,796.4200,2450.7200
13769,1288,4333.6500,1883.2300,2450.4200
2283,462,3597.4400,1148.3200,2449.1200
13391,80,4365.6800,1917.1000,2448.5800
4351,1158,2607.8200,160.9800,2446.8400
15209,1131,3870.0000,1423.5800,2446.4200
14114,1539,2698.0800,251.7600,2446.3200
10887,1567,4286.0000,1839.8100,2446.1900
14655,151,3911.7300,1465.7100,2446.0200
9913,933,4198.1400,1752.1800,2445.9600
13606,1627,3201.3800,756.7600,2444.6200
4115,379,4379.3500,1935.7500,2443.6000
10204,1589,3911.7300,1468.6200,2443.1100
2166,1706,3201.3800,758.5300,2442.8500
1413,58,3480.3300,1037.9800,2442.3500
3751,24,4213.7500,1771.7800,2441.9700
1677,465,4379.3500,1937.6100,2441.7400
1101,220,2835.3000,393.9300,2441.3700
14726,1463,2579.5500,138.6700,2440.8800
4989,1,4071.6800,1631.4000,2440.2800
2620,1294,3308.4000,868.4100,2439.9900
159,1593,4213.7500,1774.8700,2438.8800
5656,517,2669.7000,232.8000,2436.9000
13024,1361,3574.7800,1138.1300,2436.6500
8182,1508,3563.1800,1126.5800,2436.6000
18056,1117,4052.1000,1616.6300,2435.4700
16607,1993,3410.5500,975.1400,2435.4100
17063,386,3356.8600,924.3400,2432.5200
12252,353,3831.5000,1400.0900,2431.4100
6462,394,3563.1800,1131.9800,2431.2000
15928,538,3846.0800,1415.3600,2430.7200
13440,1064,3165.3200,734.7300,2430.5900
8974,1628,4303.7500,1873.9400,2429.8100
5311,1790,2896.7600,468.6400,2428.1200
13750,1180,3824.0500,1396.6900,2427.3600
11886,248,3911.7300,1484.9800,2426.7500
19617,493,3503.4800,1077.4600,2426.0200
18382,388,3814.8300,1389.1900,2425.6400
8902,204,3224.6600,799.9800,2424.6800
5185,271,2582.2500,157.7700,2424.4800
5780,1076,4071.6800,1647.3500,2424.3300
3801,1087,3474.5000,1051.9800,2422.5200
6206,1433,3529.4400,1106.9900,2422.4500
15861,1671,2879.3700,457.3800,2421.9900
14385,1950,4345.1400,1923.2800,2421.8600
3826,370,3439.4000,1017.5500,2421.8500
9781,1663,3356.8600,935.9600,2420.9000
14852,131,3563.1800,1142.4700,2420.7100
5651,269,4315.3600,1895.1500,2420.2100
7764,1252,2849.8400,429.7600,2420.0800
7481,1832,3356.8600,937.1400,2419.7200
19116,1619,2902.5000,482.7800,2419.7200
4936,1772,4299.2500,1879.7000,2419.5500
5445,1238,2902.5000,483.4000,2419.1000
1984,953,2669.7000,251.8300,2417.8700
16959,110,3590.9000,1173.0700,2417.8300
11354,406,2851.4000,433.7400,2417.6600
3874,82,3274.2600,856.9700,2417.2900
7007,364,2808.4800,391.7600,2416.7200
19058,516,4071.6800,1655.0300,2416.6500
12090,1219,4315.7200,1900.5700,2415.1500
967,980,3574.7800,1159.9200,2414.8600
15853,1828,4333.6500,1919.1200,2414.5300
17153,935,2889.1000,474.6500,2414.4500
10832,1219,2413.3200,null,2413.3200
6669,700,2413.3200,null,2413.3200
15303,447,2413.3200,null,2413.3200
10552,1065,2413.3200,null,2413.3200
2633,889,2413.3200,null,2413.3200
8226,1961,3870.0000,1456.7800,2413.2200
1941,472,3839.1600,1426.5600,2412.6000
9484,576,3316.6600,904.0800,2412.5800
13980,1901,3510.6000,1098.0600,2412.5400
10448,633,2949.5200,537.7400,2411.7800
12053,817,4146.7500,1735.3900,2411.3600
17336,490,4333.6500,1922.4600,2411.1900
1911,141,3214.5000,803.8200,2410.6800
16223,690,2698.0800,287.7400,2410.3400
5239,889,3059.2400,648.9800,2410.2600
4957,709,3356.8600,946.7500,2410.1100
12399,358,4299.2500,1889.1700,2410.0800
7596,1585,3059.2400,649.2800,2409.9600
13963,1736,3441.7500,1033.0100,2408.7400
4895,709,2902.5000,494.1500,2408.3500
6427,283,3529.4400,1121.3500,2408.0900
15827,1765,3989.1500,1581.6700,2407.4800
5163,62,4052.1000,1645.2400,2406.8600
8349,755,3814.8300,1408.0900,2406.7400
10286,1325,3710.7400,1305.3000,2405.4400
16737,381,3710.7400,1306.8000,2403.9400
8051,821,2701.4000,297.4900,2403.9100
17926,932,3201.3800,797.8100,2403.5700
185,76,3443.0000,1039.4800,2403.5200
5014,1625,2779.3800,375.9300,2403.4500
3247,614,3390.7500,987.6100,2403.1400
12750,564,3477.2200,1074.1300,2403.0900
16917,1202,3870.0000,1467.0500,2402.9500
2773,156,3081.4000,678.6600,2402.7400
17547,225,3503.4800,1100.8200,2402.6600
10068,808,3904.4700,1503.2400,2401.2300
18067,229,3510.6000,1109.7200,2400.8800
13886,795,3410.5500,1010.3800,2400.1700
17206,1165,2579.5500,180.5300,2399.0200
17797,904,3814.8300,1417.5800,2397.2500
5282,1529,3563.1800,1166.1200,2397.0600
10899,501,2889.1000,492.0500,2397.0500
5355,1812,3911.7300,1514.8300,2396.9000
15352,828,3814.8300,1418.4800,2396.3500
15353,33,2698.0800,301.9800,2396.1000
556,854,3390.7500,995.0200,2395.7300
10531,1340,4333.6500,1938.2200,2395.4300
8565,853,3257.0100,861.5900,2395.4200
5674,1113,2517.5200,122.1300,2395.3900
5692,1997,4303.7500,1909.1300,2394.6200
18263,778,3590.9000,1196.3100,2394.5900
15565,1762,4342.6800,1948.2200,2394.4600
7829,765,2952.5000,558.1900,2394.3100
5560,1960,4072.2600,1678.1300,2394.1300
5456,1607,3371.0000,976.8900,2394.1100
13489,151,4342.6800,1948.8500,2393.8300
6731,1900,2393.4900,null,2393.4900
4405,448,2393.4900,null,2393.4900
11398,1256,3510.6000,1117.3000,2393.3000
8895,1298,3371.0000,977.9700,2393.0300
13352,1649,3441.7500,1049.1500,2392.6000
19136,373,2889.1000,498.5200,2390.5800
15169,1758,3178.5300,788.5100,2390.0200
699,824,3016.6500,626.7500,2389.9000
7043,1624,3236.5200,847.4700,2389.0500
3834,1054,2579.5500,190.5200,2389.0300
15516,506,4345.1400,1957.0900,2388.0500
18521,114,3888.0900,1500.2000,2387.8900
13238,84,3503.4800,1115.8900,2387.5900
5756,1494,3387.6900,1000.1900,2387.5000
8586,1353,2902.5000,515.1500,2387.3500
11679,172,2387.2000,null,2387.2000
8569,1311,2387.2000,null,2387.2000
4653,987,3474.5000,1087.5700,2386.9300
6820,1418,2952.5000,566.2800,2386.2200
12938,725,2808.4800,422.7500,2385.7300
2245,382,3036.6400,651.2800,2385.3600
14000,353,2808.4800,423.7400,2384.7400
1201,1386,3529.4400,1144.7700,2384.6700
6950,410,3503.4800,1119.1700,2384.3100
17555,918,2742.0000,357.8900,2384.1100
11451,1340,2742.0000,358.6800,2383.3200
3827,1736,4031.4200,1648.1300,2383.2900
6593,998,2779.3800,396.4700,2382.9100
5226,1151,2582.2500,199.4000,2382.8500
18499,535,3674.2400,1291.7000,2382.5400
17125,1417,3146.9000,764.3900,2382.5100
14708,853,3870.0000,1487.8600,2382.1400
15978,332,2779.6000,397.5600,2382.0400
14990,1119,3563.1800,1181.5600,2381.6200
2589,247,2889.1000,507.5700,2381.5300
11415,793,3574.7800,1193.3200,2381.4600
5147,962,3214.5000,833.2300,2381.2700
13237,494,3236.5200,856.6100,2379.9100
11001,653,3503.4800,1124.0600,2379.4200
3658,1152,2378.9200,null,2378.9200
4999,1021,3480.3300,1101.4100,2378.9200
6708,1394,2378.9200,null,2378.9200
5360,1160,2378.9200,null,2378.9200
2454,1598,2378.9200,null,2378.9200
10220,1366,2378.9200,null,2378.9200
16022,1291,2378.9200,null,2378.9200
10381,1790,3510.6000,1132.5000,2378.1000
11463,1940,4315.7200,1938.0500,2377.6700
10558,669,3284.6400,907.0600,2377.5800
19150,391,2517.5200,140.3700,2377.1500
13156,613,3640.1000,1263.2900,2376.8100
2455,498,3563.1800,1186.5600,2376.6200
1351,1322,3410.5500,1034.5500,2376.0000
17478,1449,4146.7500,1771.1700,2375.5800
11234,1607,3870.0000,1495.9600,2374.0400
13512,20,3824.0500,1450.2700,2373.7800
16300,637,4299.2500,1925.7600,2373.4900
3576,980,3597.4400,1224.3300,2373.1100
9387,1364,3604.5200,1233.1600,2371.3600
12435,1155,2627.6100,256.9000,2370.7100
17472,139,3443.0000,1072.9800,2370.0200
12532,1852,3387.6900,1017.7600,2369.9300
9955,981,3386.7900,1017.0700,2369.7200
8726,1399,2504.5000,134.9000,2369.6000
8154,1588,3441.7500,1072.9000,2368.8500
12787,813,2973.6500,605.0600,2368.5900
18769,978,4213.7500,1845.4800,2368.2700
16798,1394,3597.4400,1230.5700,2366.8700
15908,1139,3410.5500,1044.0400,2366.5100
10085,969,3322.3800,955.9500,2366.4300
11911,182,4071.6800,1706.3500,2365.3300
7239,1445,2607.8200,244.0700,2363.7500
16749,1009,3705.8400,1343.0600,2362.7800
8129,1383,2362.0000,null,2362.0000
11249,164,2362.0000,null,2362.0000
10642,1502,2362.0000,null,2362.0000
11101,1186,2362.0000,null,2362.0000
8604,984,3284.6400,923.9200,2360.7200
1347,707,2646.7200,286.3700,2360.3500
5668,1608,4333.6500,1973.3300,2360.3200
19551,474,2488.0500,127.9000,2360.1500
7033,990,3165.3200,806.0800,2359.2400
9454,189,3686.9000,1327.8700,2359.0300
17296,1352,3686.9000,1328.0900,2358.8100
8131,790,3236.5200,878.0300,2358.4900
14874,850,3562.3000,1205.8600,2356.4400
19826,1876,3443.0000,1086.8500,2356.1500
9034,1102,3214.5000,858.7600,2355.7400
4785,191,3284.6400,929.5900,2355.0500
12998,620,3480.3300,1125.5000,2354.8300
1740,1838,3274.2600,919.9100,2354.3500
8485,1678,4333.6500,1980.0800,2353.5700
9396,687,2528.2500,175.0000,2353.2500
17069,1878,3640.1000,1286.9300,2353.1700
1620,536,3036.6400,684.1500,2352.4900
15765,1116,3562.3000,1209.9600,2352.3400
54,114,3477.2200,1124.9800,2352.2400
19440,1984,4345.1400,1994.4200,2350.7200
7739,304,3356.8600,1006.3200,2350.5400
4704,826,3191.3200,840.8400,2350.4800
18875,500,4315.3600,1965.4300,2349.9300
7540,135,2579.5500,229.8600,2349.6900
11920,907,2742.0000,392.3400,2349.6600
16446,1158,2952.5000,602.8900,2349.6100
16524,992,2871.1600,521.7100,2349.4500
9582,1828,3710.7400,1361.8900,2348.8500
19705,1923,2602.9800,254.1400,2348.8400
18668,1830,4342.6800,1995.5500,2347.1300
17034,404,3059.2400,712.9300,2346.3100
15801,49,2879.3700,533.1900,2346.1800
277,1042,4330.0800,1984.6200,2345.4600
4933,728,3054.3900,708.9800,2345.4100
3701,1709,4286.0000,1940.9100,2345.0900
15606,1424,2808.4800,464.0800,2344.4000
3251,85,3846.0800,1502.7300,2343.3500
3445,534,3503.4800,1160.3100,2343.1700
19665,1396,3574.7800,1231.8600,2342.9200
15658,1023,4052.1000,1709.6600,2342.4400
14257,1411,3529.4400,1187.3300,2342.1100
3848,405,3371.0000,1029.0600,2341.9400
10594,915,2669.7000,328.3700,2341.3300
485,1181,3523.2800,1184.1200,2339.1600
15416,1636,2753.4000,414.2600,2339.1400
14218,1093,2701.4000,362.4100,2338.9900
11808,283,3356.8600,1018.0000,2338.8600
10102,76,3510.6000,1171.8800,2338.7200
13697,1391,3583.8800,1245.5200,2338.3600
10587,1613,3583.8800,1246.1700,2337.7100
16148,740,3574.7800,1237.5900,2337.1900
11891,942,3036.6400,701.2500,2335.3900
6656,1900,3870.0000,1534.8800,2335.1200
8050,1884,3640.1000,1304.9900,2335.1100
13804,636,4072.5200,1737.4300,2335.0900
19525,851,3480.3300,1145.8200,2334.5100
19256,1005,2528.2500,194.0200,2334.2300
10400,538,2488.0500,153.9600,2334.0900
974,1580,4238.0400,1904.0100,2334.0300
2399,1836,4303.7500,1969.8700,2333.8800
3190,1093,3851.7500,1518.0100,2333.7400
13353,1571,4330.0800,1996.3700,2333.7100
8628,656,2646.7200,313.1000,2333.6200
2674,434,3201.3800,868.0800,2333.3000
7698,153,4286.0000,1952.9400,2333.0600
11536,1865,4071.6800,1738.6900,2332.9900
10391,1029,2849.8400,517.4800,2332.3600
4268,287,3054.3900,722.2300,2332.1600
17345,400,3480.3300,1148.4000,2331.9300
2771,1590,4299.2500,1967.4800,2331.7700
8816,777,3851.7500,1520.2300,2331.5200
5475,1482,3236.5200,905.1200,2331.4000
17377,1739,3317.4000,986.4700,2330.9300
9456,475,3705.8400,1376.8700,2328.9700
15092,1574,4299.2500,1970.3800,2328.8700
12682,1122,3474.5000,1145.7100,2328.7900
17630,135,3386.7900,1058.3700,2328.4200
6564,786,2952.5000,624.5100,2327.9900
1494,1288,2517.5200,189.7100,2327.8100
8682,505,3846.0800,1520.0300,2326.0500
1526,894,3888.0900,1562.1000,2325.9900
2047,960,2325.8000,null,2325.8000
7060,1050,2325.8000,null,2325.8000
17925,551,2325.8000,null,2325.8000
6694,1121,2325.8000,null,2325.8000
9093,1367,2325.8000,null,2325.8000
13044,1428,2325.8000,null,2325.8000
11670,1347,3503.4800,1177.8100,2325.6700
306,1446,3165.3200,839.9800,2325.3400
9331,849,3523.2800,1198.4700,2324.8100
16960,102,2779.3800,456.0400,2323.3400
5044,1298,2669.7000,348.3700,2321.3300
4802,1739,3308.4000,987.1300,2321.2700
8962,431,3390.7500,1069.6900,2321.0600
14606,1567,3439.4000,1118.8500,2320.5500
13351,1726,2320.2200,null,2320.2200
13762,274,2320.2200,null,2320.2200
9313,1354,2320.2200,null,2320.2200
13194,164,3247.1400,927.4900,2319.6500
11797,1459,3371.0000,1051.9200,2319.0800
8402,1544,2669.7000,350.8400,2318.8600
6541,1891,2779.3800,461.0300,2318.3500
12853,548,2902.5000,584.2400,2318.2600
7336,1167,3274.2600,956.0300,2318.2300
14555,1414,3510.6000,1192.5000,2318.1000
3647,1315,3386.7900,1068.9100,2317.8800
6076,725,4286.0000,1968.2800,2317.7200
13455,259,3705.8400,1388.2300,2317.6100
4680,425,3322.3800,1005.0100,2317.3700
11760,437,2517.5200,201.3100,2316.2100
7259,963,3814.8300,1498.9200,2315.9100
13042,953,2669.7000,354.1900,2315.5100
14693,1743,3236.5200,921.3200,2315.2000
14591,661,2579.5500,264.5600,2314.9900
17168,1868,3846.0800,1531.1000,2314.9800
2328,1299,3824.0500,1509.2200,2314.8300
1559,1799,3888.0900,1573.7700,2314.3200
6199,1938,3523.2800,1209.9600,2313.3200
11449,1640,2889.1000,575.8200,2313.2800
13260,1025,2753.4000,441.2000,2312.2000
1587,120,3214.5000,902.3000,2312.2000
14853,1068,2753.4000,441.4000,2312.0000
380,1576,3165.3200,853.6800,2311.6400
12763,1153,3308.4000,997.1000,2311.3000
18615,1303,3529.4400,1218.1900,2311.2500
16558,1322,4072.5200,1761.3100,2311.2100
18503,1496,2952.5000,641.3400,2311.1600
7015,142,2311.0500,null,2311.0500
13979,1196,2311.0500,null,2311.0500
16587,1532,2311.0500,null,2311.0500
15071,1543,2311.0500,null,2311.0500
9096,230,2808.4800,498.3000,2310.1800
1928,1725,3503.4800,1194.1300,2309.3500
10383,1077,3439.4000,1132.0600,2307.3400
17255,862,2698.0800,390.9000,2307.1800
5072,317,2504.5000,197.8100,2306.6900
5328,892,3439.4000,1134.4900,2304.9100
14578,557,3247.1400,942.7400,2304.4000
16550,272,3224.6600,920.7000,2303.9600
13104,1407,3322.3800,1018.5400,2303.8400
6151,153,2973.6500,670.2000,2303.4500
19123,1433,3674.2400,1370.9500,2303.2900
1975,1863,3911.7300,1609.5600,2302.1700
14749,8,3371.0000,1069.6600,2301.3400
18278,1226,2896.7600,595.6500,2301.1100
12616,1320,4286.0000,1985.0300,2300.9700
3937,1235,3386.7900,1086.2500,2300.5400
8411,199,4001.7000,1701.4300,2300.2700
4261,465,2543.2200,243.1400,2300.0800
19850,892,2582.2500,283.4800,2298.7700
7213,50,4001.7000,1703.1800,2298.5200
1910,1660,3224.6600,926.1500,2298.5100
2721,162,2669.7000,371.2600,2298.4400
3689,1944,3562.3000,1264.4700,2297.8300
4729,330,3590.9000,1293.1500,2297.7500
3798,66,3316.6600,1019.0300,2297.6300
5899,1331,2973.6500,676.8300,2296.8200
873,1292,3710.7400,1414.3700,2296.3700
8939,1226,3710.7400,1414.5000,2296.2400
12011,1780,2413.3200,118.0000,2295.3200
1773,1522,2488.0500,193.2000,2294.8500
3525,1703,2294.4300,null,2294.4300
18629,1164,3146.9000,852.4700,2294.4300
1362,1542,2294.4300,null,2294.4300
4768,1174,2294.4300,null,2294.4300
4197,113,2294.4300,null,2294.4300
7489,366,2753.4000,459.3700,2294.0300
3931,86,3146.9000,853.2100,2293.6900
14550,1872,3443.0000,1149.5000,2293.5000
453,1164,3523.2800,1229.8200,2293.4600
10194,1893,4031.4200,1738.0600,2293.3600
2142,28,3503.4800,1210.1400,2293.3400
13030,301,3710.7400,1418.1600,2292.5800
13373,1363,3831.5000,1539.5800,2291.9200
10586,677,4072.5200,1780.6800,2291.8400
19404,624,3474.5000,1182.7400,2291.7600
13521,697,2949.5200,658.9300,2290.5900
14325,1681,3316.6600,1027.5600,2289.1000
10957,1233,2288.6200,null,2288.6200
6442,1874,2288.6200,null,2288.6200
17619,828,2288.6200,null,2288.6200
16410,1428,2288.6200,null,2288.6200
19126,168,2288.6200,null,2288.6200
14912,1283,2707.1000,418.6100,2288.4900
1426,1734,3317.4000,1029.1800,2288.2200
5374,679,3387.6900,1099.9500,2287.7400
17189,1154,4198.1400,1912.5100,2285.6300
19200,346,2393.4900,108.8900,2284.6000
9361,989,3846.0800,1561.7400,2284.3400
3021,1428,2284.1000,null,2284.1000
9346,982,2284.1000,null,2284.1000
9126,1197,2284.1000,null,2284.1000
4478,412,2284.1000,null,2284.1000
16533,313,2284.1000,null,2284.1000
6789,155,3316.6600,1032.6100,2284.0500
11076,602,3640.1000,1357.0100,2283.0900
18483,718,2607.8200,325.2800,2282.5400
9772,568,3904.4700,1622.0600,2282.4100
1573,1301,3503.4800,1221.3100,2282.1700
18408,958,3686.9000,1404.8000,2282.1000
5977,199,2602.9800,321.2000,2281.7800
7312,262,2281.1200,null,2281.1200
7219,1173,2281.1200,null,2281.1200
279,1775,2281.1200,null,2281.1200
13363,865,2281.1200,null,2281.1200
9581,1760,2669.7000,388.9100,2280.7900
15716,371,4238.0400,1957.8500,2280.1900
8064,700,3322.3800,1042.3000,2280.0800
2607,1830,2646.7200,366.7200,2280.0000
13964,915,3371.0000,1091.0800,2279.9200
13366,1157,2753.4000,473.5400,2279.8600
3829,236,2504.5000,224.9900,2279.5100
8144,1085,2707.1000,427.7000,2279.4000
9170,511,2701.4000,422.9900,2278.4100
14326,1250,3831.5000,1553.9800,2277.5200
12402,756,4198.1400,1921.0700,2277.0700
15408,107,2277.0300,null,2277.0300
12806,1179,2277.0300,null,2277.0300
6072,1661,2277.0300,null,2277.0300
11585,1401,2277.0300,null,2277.0300
5603,625,2277.0300,null,2277.0300
5039,1275,2277.0300,null,2277.0300
2395,1786,2277.0300,null,2277.0300
18940,262,2277.0300,null,2277.0300
5078,1445,3371.0000,1095.9500,2275.0500
14436,225,3178.5300,903.5800,2274.9500
6983,1748,3257.0100,982.0800,2274.9300
7040,1098,2602.9800,328.6400,2274.3400
8096,89,3036.6400,762.6200,2274.0200
3345,810,2849.8400,576.0300,2273.8100
387,349,2273.7000,null,2273.7000
13017,1344,2273.7000,null,2273.7000
137,508,2273.7000,null,2273.7000
2129,868,2273.7000,null,2273.7000
4421,135,2393.4900,119.9800,2273.5100
16058,568,4238.0400,1964.9500,2273.0900
12639,1140,3590.9000,1317.9300,2272.9700
16990,1189,2602.9800,330.0400,2272.9400
19400,1555,3831.5000,1559.0200,2272.4800
14167,1169,3016.6500,744.7600,2271.8900
3828,1474,4198.1400,1927.5100,2270.6300
12105,1057,3236.5200,966.7000,2269.8200
14892,355,2504.5000,234.8600,2269.6400
14614,1208,3583.8800,1315.3800,2268.5000
11135,1313,2268.2400,null,2268.2400
14790,155,2268.2400,null,2268.2400
9073,1469,2268.2400,null,2268.2400
15390,1198,2851.4000,583.3800,2268.0200
8880,695,3705.8400,1440.3700,2265.4700
1293,1536,2896.7600,631.3600,2265.4000
528,108,3597.4400,1332.8500,2264.5900
7605,84,3870.0000,1605.5600,2264.4400
1316,1939,4213.7500,1949.3400,2264.4100
3499,1362,2393.4900,130.0200,2263.4700
6287,753,3284.6400,1022.1100,2262.5300
16914,1200,3059.2400,797.2800,2261.9600
6949,315,4031.4200,1769.6800,2261.7400
17453,420,2808.4800,546.8000,2261.6800
7889,1633,2871.1600,610.2100,2260.9500
7136,713,2260.5000,null,2260.5000
3429,149,2260.5000,null,2260.5000
4991,21,2260.5000,null,2260.5000
9887,556,2260.5000,null,2260.5000
614,1135,2260.5000,null,2260.5000
6642,1644,2362.0000,101.8500,2260.1500
13280,910,4146.7500,1887.9600,2258.7900
1725,1779,2258.4600,null,2258.4600
19318,598,2258.4600,null,2258.4600
6328,986,2258.4600,null,2258.4600
14505,531,2258.4600,null,2258.4600
11573,1520,2779.3800,521.1100,2258.2700
5479,1113,2257.8600,null,2257.8600
13200,1134,3888.0900,1630.5600,2257.5300
7668,794,3510.6000,1254.3600,2256.2400
2063,1653,3386.7900,1130.7700,2256.0200
4220,1259,2528.2500,272.8000,2255.4500
10292,1190,3839.1600,1583.8000,2255.3600
82,513,2592.0600,336.8300,2255.2300
1783,220,3989.1500,1734.1200,2255.0300
10659,309,3831.5000,1578.0400,2253.4600
12766,547,2543.2200,289.8300,2253.3900
4027,1493,3016.6500,763.8300,2252.8200
12795,256,2627.6100,375.4100,2252.2000
11263,1478,3989.1500,1737.1200,2252.0300
12644,444,2669.7000,417.7300,2251.9700
15534,1328,3529.4400,1278.6100,2250.8300
2330,1376,3686.9000,1436.2800,2250.6200
12032,679,2889.1000,638.7600,2250.3400
18001,164,3014.7800,764.5000,2250.2800
2292,1360,3257.0100,1006.9700,2250.0400
6237,699,4198.1400,1948.1200,2250.0200
9978,837,3563.1800,1313.1700,2250.0100
15755,1671,2378.9200,128.9900,2249.9300
15642,550,3247.1400,999.1600,2247.9800
10409,1516,3911.7300,1663.8700,2247.8600
16346,156,3059.2400,814.4300,2244.8100
5348,359,4213.7500,1969.2700,2244.4800
4678,1671,3597.4400,1353.7000,2243.7400
879,548,2742.0000,498.5100,2243.4900
13505,848,2488.0500,244.7700,2243.2800
17800,1556,4198.1400,1954.8700,2243.2700
15728,237,2669.7000,427.0000,2242.7000
19290,849,4238.0400,1995.3500,2242.6900
2095,1168,3356.8600,1114.5700,2242.2900
15664,1462,3387.6900,1145.6500,2242.0400
16775,1858,3356.8600,1115.4700,2241.3900
14993,1266,2387.2000,147.1500,2240.0500
9324,684,2889.1000,649.5700,2239.5300
10461,464,2602.9800,363.8000,2239.1800
19298,1351,3439.4000,1200.7000,2238.7000
10131,1100,3523.2800,1284.8400,2238.4400
13896,833,3036.6400,798.2200,2238.4200
1169,490,2742.0000,503.7700,2238.2300
15228,1876,3583.8800,1346.0000,2237.8800
16274,1864,3274.2600,1036.4000,2237.8600
14155,1136,2896.7600,659.3700,2237.3900
15691,1019,2528.2500,291.6000,2236.6500
12314,1119,3851.7500,1615.2700,2236.4800
6532,1365,2579.5500,343.1200,2236.4300
16213,1583,3870.0000,1633.9500,2236.0500
1376,5,2517.5200,282.9200,2234.6000
2121,277,3441.7500,1207.6400,2234.1100
12478,965,3510.6000,1276.8500,2233.7500
5535,1563,2543.2200,309.8800,2233.3400
612,261,2779.6000,546.5600,2233.0400
3714,456,3165.3200,932.7500,2232.5700
3577,168,3640.1000,1407.7000,2232.4000
19315,419,3686.9000,1454.5200,2232.3800
9101,34,2528.2500,296.0600,2232.1900
4234,1427,3165.3200,933.1700,2232.1500
3681,727,4052.1000,1820.0300,2232.0700
6970,1886,2592.0600,360.0200,2232.0400
10268,1598,3165.3200,933.5400,2231.7800
5623,675,3870.0000,1638.3200,2231.6800
6637,884,3523.2800,1291.6800,2231.6000
4221,505,3824.0500,1592.4900,2231.5600
15221,576,3870.0000,1639.3500,2230.6500
1586,438,2488.0500,259.4500,2228.6000
8994,751,3888.0900,1659.5600,2228.5300
10556,216,2362.0000,134.2300,2227.7700
16680,1648,3014.7800,787.5200,2227.2600
15172,287,3563.1800,1336.2500,2226.9300
4324,1443,3604.5200,1377.6500,2226.8700
14267,317,4031.4200,1805.3500,2226.0700
15756,1717,4213.7500,1987.9100,2225.8400
10809,1105,3590.9000,1365.1200,2225.7800
11918,1278,2488.0500,262.4000,2225.6500
8316,578,3441.7500,1216.2700,2225.4800
5084,54,2879.3700,654.2100,2225.1600
921,1305,3590.9000,1366.0500,2224.8500
5252,74,4198.1400,1974.1000,2224.0400
15822,998,3146.9000,923.9800,2222.9200
124,1705,2669.7000,446.9900,2222.7100
2596,692,3851.7500,1629.0400,2222.7100
2178,1129,3054.3900,831.9400,2222.4500
10759,1601,2707.1000,485.1900,2221.9100
8729,942,3831.5000,1609.7600,2221.7400
17725,1080,3705.8400,1484.9700,2220.8700
2892,471,3503.4800,1283.1600,2220.3200
2790,757,2528.2500,308.0300,2220.2200
18733,1317,3356.8600,1136.9000,2219.9600
9538,586,3583.8800,1365.1000,2218.7800
16767,789,2393.4900,175.8200,2217.6700
9375,1303,3371.0000,1153.5200,2217.4800
2456,1491,3236.5200,1019.8400,2216.6800
17347,980,2669.7000,453.7800,2215.9200
12338,598,4001.7000,1787.1000,2214.6000
19843,138,2582.2500,368.3700,2213.8800
587,724,2543.2200,330.1700,2213.0500
14523,1877,2835.3000,622.9200,2212.3800
9328,463,4052.1000,1839.8600,2212.2400
11379,305,2212.1400,null,2212.1400
4471,432,2212.1400,null,2212.1400
11419,1565,3214.5000,1002.8200,2211.6800
3428,962,3317.4000,1106.4000,2211.0000
12413,371,2779.3800,568.6000,2210.7800
10028,625,3710.7400,1500.6100,2210.1300
18154,1447,3503.4800,1293.5300,2209.9500
1915,59,2808.4800,599.1100,2209.3700
174,1876,3443.0000,1234.4100,2208.5900
19554,1161,2669.7000,461.7200,2207.9800
13246,665,3201.3800,993.7400,2207.6400
17098,1866,3686.9000,1479.4000,2207.5000
14816,503,4052.1000,1844.6500,2207.4500
12559,466,2779.6000,572.3400,2207.2600
7376,20,2311.0500,104.0200,2207.0300
9853,1325,2753.4000,546.3800,2207.0200
11062,1064,2362.0000,155.3600,2206.6400
1650,370,3831.5000,1626.0100,2205.4900
11672,654,2896.7600,691.9000,2204.8600
103,1806,3224.6600,1020.0900,2204.5700
6053,909,2896.7600,692.3600,2204.4000
16895,1890,3604.5200,1401.3400,2203.1800
10588,40,3574.7800,1371.6800,2203.1000
474,155,3640.1000,1437.4700,2202.6300
13605,1327,2325.8000,123.6000,2202.2000
16813,1148,2325.8000,124.0400,2201.7600
3997,380,2849.8400,648.1400,2201.7000
16068,406,2325.8000,124.1200,2201.6800
19510,361,3371.0000,1170.6000,2200.4000
376,1825,3814.8300,1614.8200,2200.0100
6961,995,2592.0600,393.6300,2198.4300
14753,770,4072.2600,1874.4200,2197.8400
9700,1871,3387.6900,1190.2800,2197.4100
5516,1870,3146.9000,950.6600,2196.2400
1020,418,3016.6500,820.4500,2196.2000
9534,1232,2742.0000,546.6300,2195.3700
11848,1746,2949.5200,754.3500,2195.1700
7781,340,3016.6500,821.6500,2195.0000
1186,221,4315.7200,2121.0100,2194.7100
7435,144,2698.0800,503.5300,2194.5500
3060,1717,3911.7300,1717.3700,2194.3600
3886,1178,2602.9800,409.2800,2193.7000
10606,318,2193.6000,null,2193.6000
4939,1602,2193.6000,null,2193.6000
8851,1716,2193.6000,null,2193.6000
3271,1203,2889.1000,695.7800,2193.3200
14607,397,3846.0800,1653.1600,2192.9200
5055,704,3510.6000,1318.1800,2192.4200
6069,1179,3870.0000,1677.7600,2192.2400
9915,332,3317.4000,1125.6700,2191.7300
7919,1109,2488.0500,296.4300,2191.6200
10548,648,3477.2200,1285.9900,2191.2300
14331,905,4031.4200,1841.0700,2190.3500
12845,349,4146.7500,1956.7300,2190.0200
7746,1951,3989.1500,1799.2200,2189.9300
13438,392,3851.7500,1662.2100,2189.5400
14624,543,2362.0000,172.5100,2189.4900
1551,768,2884.5600,695.4300,2189.1300
12325,1622,3477.2200,1288.8100,2188.4100
6238,1786,3386.7900,1200.0400,2186.7500
16471,586,3523.2800,1336.7400,2186.5400
8737,1709,3510.6000,1324.4500,2186.1500
5410,65,4052.1000,1866.4800,2185.6200
2219,509,3165.3200,980.6300,2184.6900
6371,1432,2896.7600,712.2400,2184.5200
12547,1683,2393.4900,209.1800,2184.3100
3220,1541,3503.4800,1319.4500,2184.0300
5738,361,3247.1400,1063.1100,2184.0300
2852,1798,3824.0500,1640.5100,2183.5400
15164,340,3054.3900,871.2900,2183.1000
10776,1326,3036.6400,853.6700,2182.9700
234,1764,2182.8400,null,2182.8400
15852,648,2182.8400,null,2182.8400
13000,540,2182.8400,null,2182.8400
6714,1994,2182.8400,null,2182.8400
3036,499,2182.8400,null,2182.8400
4612,1435,3356.8600,1174.1500,2182.7100
16273,1207,3640.1000,1459.0200,2181.0800
4987,871,3604.5200,1425.1800,2179.3400
1759,1505,3054.3900,877.0100,2177.3800
8531,1172,4072.2600,1895.2100,2177.0500
6182,1739,2528.2500,352.3400,2175.9100
16968,974,3443.0000,1267.1600,2175.8400
14108,770,3562.3000,1386.7700,2175.5300
6383,425,3851.7500,1676.3800,2175.3700
17572,31,3146.9000,972.4100,2174.4900
4631,1831,3814.8300,1640.3800,2174.4500
14938,1673,3705.8400,1531.8100,2174.0300
18431,1481,2311.0500,137.5400,2173.5100
9008,1946,3441.7500,1268.2800,2173.4700
7901,1629,3640.1000,1467.0100,2173.0900
14610,917,2889.1000,716.1800,2172.9200
14118,106,4072.5200,1899.6100,2172.9100
6331,737,2851.4000,679.0200,2172.3800
18840,621,3178.5300,1006.5500,2171.9800
14798,1087,3583.8800,1412.0500,2171.8300
4026,1141,2171.3400,null,2171.3400
13124,1635,2171.3400,null,2171.3400
12305,1383,2171.3400,null,2171.3400
13243,933,2851.4000,680.2200,2171.1800
11243,22,2528.2500,357.7100,2170.5400
4544,51,2902.5000,732.7200,2169.7800
16430,1310,2602.9800,433.5700,2169.4100
12660,806,3888.0900,1718.8300,2169.2600
11737,634,2646.7200,478.8300,2167.8900
16573,147,2753.4000,585.7700,2167.6300
13837,1638,3529.4400,1362.8800,2166.5600
12592,525,2165.0400,null,2165.0400
18508,1089,2165.0400,null,2165.0400
11189,1936,2165.0400,null,2165.0400
7620,1199,2165.0400,null,2165.0400
15202,1134,2165.0400,null,2165.0400
18855,1689,4299.2500,2134.5000,2164.7500
6686,1706,2808.4800,643.7900,2164.6900
19712,1150,2707.1000,542.4900,2164.6100
1254,729,2808.4800,644.0500,2164.4300
19943,1360,3640.1000,1475.8900,2164.2100
14370,494,2849.8400,686.1600,2163.6800
4114,1885,3831.5000,1668.9200,2162.5800
4956,1332,3441.7500,1279.4700,2162.2800
4037,606,4052.1000,1889.9500,2162.1500
2474,163,2949.5200,787.3800,2162.1400
17480,694,3356.8600,1195.1600,2161.7000
2717,318,3563.1800,1402.2400,2160.9400
6556,751,2627.6100,466.8100,2160.8000
18640,1124,3474.5000,1313.9000,2160.6000
6034,1652,3165.3200,1004.9300,2160.3900
9966,128,4072.5200,1912.2400,2160.2800
8971,1037,3583.8800,1423.6700,2160.2100
5966,1869,3597.4400,1437.3400,2160.1000
18346,1183,2707.1000,547.3600,2159.7400
4235,1141,2517.5200,358.2000,2159.3200
9693,1370,3574.7800,1415.8300,2158.9500
17120,747,3686.9000,1528.7400,2158.1600
12008,997,2157.8600,null,2157.8600
4414,1988,2157.8600,null,2157.8600
17692,418,3322.3800,1164.5300,2157.8500
5065,1874,2157.6800,null,2157.6800
4735,113,2311.0500,153.4600,2157.5900
18177,291,2669.7000,513.2400,2156.4600
12562,1276,3888.0900,1732.1000,2155.9900
3025,1513,3201.3800,1045.5100,2155.8700
3943,393,4072.2600,1916.8900,2155.3700
2581,298,3529.4400,1374.3800,2155.0600
5541,1462,3480.3300,1325.6700,2154.6600
571,490,3059.2400,905.0500,2154.1900
19448,859,2284.1000,130.7300,2153.3700
3232,454,2949.5200,796.5800,2152.9400
5029,1951,3888.0900,1736.0300,2152.0600
13407,228,3831.5000,1679.4500,2152.0500
15929,1644,2849.8400,698.1900,2151.6500
16621,1696,3529.4400,1378.0700,2151.3700
12207,520,4071.6800,1920.6300,2151.0500
7696,1178,3814.8300,1663.9500,2150.8800
15763,260,3386.7900,1236.3500,2150.4400
696,1934,2902.5000,752.4400,2150.0600
18498,1260,2698.0800,549.3100,2148.7700
19418,1201,3178.5300,1030.1900,2148.3400
11541,1199,3191.3200,1043.7400,2147.5800
11165,1881,3824.0500,1676.8600,2147.1900
17220,674,3191.3200,1044.3000,2147.0200
18006,1114,3851.7500,1705.2600,2146.4900
17765,606,2320.2200,174.6900,2145.5300
3762,1224,3059.2400,913.9000,2145.3400
1277,1966,3480.3300,1335.1900,2145.1400
9192,894,2579.5500,434.4600,2145.0900
18669,1707,2257.8600,113.2600,2144.6000
18936,1394,3674.2400,1529.7200,2144.5200
5292,355,2325.8000,181.4400,2144.3600
17475,996,3410.5500,1266.7900,2143.7600
709,254,3439.4000,1295.9800,2143.4200
6746,42,3477.2200,1334.0000,2143.2200
13908,602,2143.0000,null,2143.0000
10059,1514,2143.0000,null,2143.0000
6253,188,2143.0000,null,2143.0000
16847,1996,2143.0000,null,2143.0000
18015,244,2143.0000,null,2143.0000
18802,371,3224.6600,1081.6900,2142.9700
15158,1937,2258.4600,116.3000,2142.1600
5174,777,3824.0500,1682.0900,2141.9600
3745,617,3081.4000,939.6200,2141.7800
18597,601,2707.1000,565.4300,2141.6700
16877,742,3371.0000,1230.0800,2140.9200
11839,1549,2311.0500,170.4900,2140.5600
11755,1442,3165.3200,1025.7500,2139.5700
15866,1546,3574.7800,1435.4800,2139.3000
12514,84,2592.0600,453.1900,2138.8700
12748,1330,2871.1600,733.0200,2138.1400
12704,936,2378.9200,240.7900,2138.1300
17221,1139,3510.6000,1372.5300,2138.0700
1744,527,2137.3800,null,2137.3800
13531,760,2137.3800,null,2137.3800
17985,1713,2137.3800,null,2137.3800
4615,997,2137.3800,null,2137.3800
8605,512,2137.3800,null,2137.3800
2049,725,2137.3800,null,2137.3800
19292,916,2135.7600,null,2135.7600
16434,1749,2135.7600,null,2135.7600
19447,206,2135.7600,null,2135.7600
18966,1836,2135.7600,null,2135.7600
5006,1739,3597.4400,1462.5200,2134.9200
14160,568,3477.2200,1343.1500,2134.0700
7533,191,2884.5600,750.6100,2133.9500
4309,206,2294.4300,160.5300,2133.9000
8257,1262,3390.7500,1256.9300,2133.8200
17863,856,3529.4400,1395.7600,2133.6800
2725,1672,2528.2500,394.9500,2133.3000
19433,573,3146.9000,1013.9500,2132.9500
18812,59,2707.1000,574.3600,2132.7400
16926,932,3831.5000,1698.7900,2132.7100
19144,648,2952.5000,820.3600,2132.1400
9045,818,2387.2000,255.0700,2132.1300
7521,171,3247.1400,1115.0700,2132.0700
455,1155,2378.9200,247.3500,2131.5700
6668,452,3390.7500,1259.3400,2131.4100
2922,1166,2896.7600,766.0300,2130.7300
11105,1933,2607.8200,477.4100,2130.4100
9965,1594,2273.7000,143.6300,2130.0700
5435,1504,3178.5300,1048.9200,2129.6100
11414,1375,2325.8000,196.3100,2129.4900
19209,1803,2320.2200,190.8000,2129.4200
13064,1835,2273.7000,144.4300,2129.2700
16186,1072,2808.4800,679.8300,2128.6500
4908,31,3870.0000,1741.7500,2128.2500
17382,1665,3441.7500,1314.1200,2127.6300
1432,1479,2378.9200,251.6500,2127.2700
1214,1105,3439.4000,1312.3100,2127.0900
10881,1812,2378.9200,251.8700,2127.0500
16636,44,2258.4600,131.6300,2126.8300
9249,303,2362.0000,235.5100,2126.4900
16544,1580,3674.2400,1549.0300,2125.2100
19051,179,4001.7000,1876.5700,2125.1300
19639,1817,3480.3300,1355.4400,2124.8900
12967,334,2949.5200,824.6300,2124.8900
13175,413,2742.0000,617.5200,2124.4800
15463,1533,3814.8300,1690.4800,2124.3500
15635,560,3178.5300,1054.3200,2124.2100
15243,1082,2325.8000,201.7800,2124.0200
2405,565,3477.2200,1353.9700,2123.2500
18419,1099,4072.5200,1949.5700,2122.9500
4314,165,3510.6000,1388.3600,2122.2400
4928,464,3574.7800,1452.6000,2122.1800
13045,844,2808.4800,686.6700,2121.8100
13766,1151,3562.3000,1441.1700,2121.1300
10993,1281,2701.4000,581.2100,2120.1900
1929,60,2119.0200,null,2119.0200
17332,547,2119.0200,null,2119.0200
9877,148,2119.0200,null,2119.0200
9496,961,2119.0200,null,2119.0200
14651,202,2119.0200,null,2119.0200
4354,170,2119.0200,null,2119.0200
5797,1797,3317.4000,1198.5600,2118.8400
8711,1697,3870.0000,1751.2400,2118.7600
7058,1290,2387.2000,269.2000,2118.0000
7844,1259,3178.5300,1060.9200,2117.6100
1630,1204,3274.2600,1156.9200,2117.3400
14557,1238,3284.6400,1167.7900,2116.8500
259,133,3443.0000,1326.9100,2116.0900
6675,1703,3686.9000,1572.8500,2114.0500
5519,985,2582.2500,468.5700,2113.6800
4596,608,2849.8400,736.4800,2113.3600
18838,231,3839.1600,1725.8200,2113.3400
6136,799,3831.5000,1718.1700,2113.3300
8237,1984,2701.4000,588.6800,2112.7200
17243,1808,4001.7000,1889.3200,2112.3800
2253,613,2884.5600,772.8500,2111.7100
7571,405,2393.4900,281.9200,2111.5700
7983,1413,2517.5200,406.1600,2111.3600
7770,710,3390.7500,1279.6800,2111.0700
16679,993,3824.0500,1713.1000,2110.9500
11660,1635,2362.0000,252.4500,2109.5500
17910,950,2742.0000,632.8400,2109.1600
9872,20,3191.3200,1082.5100,2108.8100
16177,1046,3257.0100,1149.8400,2107.1700
11888,1013,3443.0000,1335.9600,2107.0400
7648,1401,2106.3600,null,2106.3600
7638,602,2106.3600,null,2106.3600
5912,275,3597.4400,1491.6500,2105.7900
15446,1181,2325.8000,221.1100,2104.6900
12764,270,3562.3000,1457.7800,2104.5200
2679,1107,4052.1000,1947.8600,2104.2400
19585,1597,3439.4000,1335.3300,2104.0700
4736,696,2273.7000,170.8600,2102.8400
3413,25,3322.3800,1219.9300,2102.4500
16997,1733,3443.0000,1340.8700,2102.1300
19577,678,3590.9000,1490.9400,2099.9600
13146,592,3904.4700,1804.5600,2099.9100
19207,1010,2973.6500,873.8800,2099.7700
11169,135,3386.7900,1287.2400,2099.5500
6227,1501,3870.0000,1770.6100,2099.3900
426,940,2099.0700,null,2099.0700
5022,679,2099.0700,null,2099.0700
150,1058,2099.0700,null,2099.0700
19074,1875,2099.0700,null,2099.0700
15564,956,2099.0700,null,2099.0700
1777,355,2582.2500,483.8100,2098.4400
14388,1554,3390.7500,1293.4500,2097.3000
10534,1011,3604.5200,1507.6700,2096.8500
1578,290,4072.5200,1976.2100,2096.3100
12333,1739,3371.0000,1274.9300,2096.0700
5484,1475,3831.5000,1735.7000,2095.8000
9219,1596,4031.4200,1935.7500,2095.6700
13088,862,3316.6600,1221.0000,2095.6600
2681,1666,4072.2600,1976.6500,2095.6100
19603,1329,2779.3800,684.7300,2094.6500
16341,1994,2849.8400,755.5100,2094.3300
4640,1954,3386.7900,1292.9300,2093.8600
14841,858,3371.0000,1277.1500,2093.8500
13421,917,2973.6500,879.8100,2093.8400
7553,662,3529.4400,1436.0300,2093.4100
1425,1580,2193.6000,100.8800,2092.7200
10522,851,3441.7500,1349.0600,2092.6900
11107,730,2504.5000,412.0100,2092.4900
11464,288,3503.4800,1411.4100,2092.0700
13356,1042,3870.0000,1777.9500,2092.0500
7170,650,3443.0000,1352.6700,2090.3300
8403,1465,3562.3000,1472.1100,2090.1900
11937,633,3441.7500,1353.0100,2088.7400
6439,95,3387.6900,1299.1700,2088.5200
19267,1099,2387.2000,299.1300,2088.0700
8259,300,2902.5000,814.6100,2087.8900
10870,39,2701.4000,613.5400,2087.8600
11900,207,2543.2200,455.5100,2087.7100
110,86,3686.9000,1599.5100,2087.3900
4408,1095,4001.7000,1915.5200,2086.1800
17869,1828,2320.2200,234.4000,2085.8200
17645,829,3390.7500,1304.9700,2085.7800
14384,1918,2320.2200,235.3600,2084.8600
4847,1728,2273.7000,188.9800,2084.7200
15987,1064,2084.7000,null,2084.7000
7922,1975,2084.7000,null,2084.7000
3449,1681,2084.7000,null,2084.7000
13695,66,2084.7000,null,2084.7000
15271,523,2084.7000,null,2084.7000
8172,1530,4001.7000,1917.0200,2084.6800
19441,590,3224.6600,1140.1400,2084.5200
18350,1288,3597.4400,1513.9100,2083.5300
2936,1650,3054.3900,971.5000,2082.8900
19032,106,2707.1000,624.3700,2082.7300
7984,944,3178.5300,1095.9900,2082.5400
18608,1189,4071.6800,1989.7300,2081.9500
8949,1600,2851.4000,770.8800,2080.5200
1297,701,2952.5000,872.5700,2079.9300
13942,413,2582.2500,502.8700,2079.3800
17991,214,2669.7000,591.0900,2078.6100
3183,1887,2779.6000,701.0200,2078.5800
15741,347,2362.0000,283.6000,2078.4000
8824,1704,2212.1400,133.9200,2078.2200
16859,1524,2973.6500,895.4700,2078.1800
2905,277,3574.7800,1497.1400,2077.6400
16686,1068,3443.0000,1365.8200,2077.1800
10180,278,3201.3800,1124.7000,2076.6800
7769,699,2779.3800,704.0900,2075.2900
9356,1893,3477.2200,1402.2400,2074.9800
344,535,3284.6400,1209.7000,2074.9400
1875,527,3165.3200,1091.8600,2073.4600
9659,942,3274.2600,1200.8900,2073.3700
1342,49,3477.2200,1404.1600,2073.0600
2671,1890,3308.4000,1235.5700,2072.8300
15357,1837,2753.4000,681.1700,2072.2300
12075,944,2378.9200,307.0200,2071.9000
1825,1344,3904.4700,1833.1800,2071.2900
15531,1469,3036.6400,965.5700,2071.0700
7146,1727,3386.7900,1316.1100,2070.6800
122,452,3590.9000,1520.5100,2070.3900
16347,17,3390.7500,1321.4600,2069.2900
19637,57,2171.3400,102.1500,2069.1900
2835,1491,3686.9000,1618.2300,2068.6700
4148,1397,3247.1400,1179.1400,2068.0000
11033,1409,3574.7800,1507.2800,2067.5000
19067,551,2387.2000,320.0600,2067.1400
2356,1430,2413.3200,346.3700,2066.9500
16828,523,3236.5200,1170.8000,2065.7200
18361,805,3480.3300,1414.6600,2065.6700
11371,900,3480.3300,1415.1700,2065.1600
3203,1657,2065.0500,null,2065.0500
1131,1460,2065.0500,null,2065.0500
15637,872,3443.0000,1378.4800,2064.5200
4264,136,2268.2400,203.8000,2064.4400
5083,77,3356.8600,1292.8500,2064.0100
17173,1830,2902.5000,840.1900,2062.3100
10243,115,3911.7300,1849.4400,2062.2900
4899,20,3831.5000,1769.4800,2062.0200
13753,1913,3387.6900,1326.0700,2061.6200
3451,735,2165.0400,103.5200,2061.5200
1893,288,2528.2500,467.1400,2061.1100
9040,1064,3387.6900,1326.9000,2060.7900
1401,1675,3059.2400,998.8700,2060.3700
18633,1946,3839.1600,1779.0600,2060.1000
19996,1943,3439.4000,1379.6400,2059.7600
4383,766,3824.0500,1764.3000,2059.7500
6545,281,2835.3000,776.5100,2058.7900
14615,679,2902.5000,843.9600,2058.5400
5146,1776,2779.6000,721.5200,2058.0800
3716,1663,2362.0000,304.1600,2057.8400
883,1777,3054.3900,996.8800,2057.5100
1597,766,3888.0900,1831.3700,2056.7200
10884,1415,3674.2400,1618.2700,2055.9700
16856,750,3322.3800,1267.1900,2055.1900
9155,1534,2193.6000,138.5900,2055.0100
2369,857,3870.0000,1815.3300,2054.6700
9540,706,3563.1800,1508.5800,2054.6000
5111,1499,3284.6400,1230.0900,2054.5500
18287,1742,2165.0400,110.7000,2054.3400
19601,1203,3503.4800,1449.6900,2053.7900
10903,275,3510.6000,1456.8700,2053.7300
15460,1242,3839.1600,1785.6900,2053.4700
2846,1891,3274.2600,1221.2500,2053.0100
2869,1687,3214.5000,1163.0000,2051.5000
18965,1658,2884.5600,833.5500,2051.0100
11698,1158,2488.0500,437.0800,2050.9700
10030,1372,3274.2600,1223.7400,2050.5200
13656,1707,2698.0800,647.7200,2050.3600
6219,1104,2387.2000,336.9800,2050.2200
3768,1585,2157.8600,107.7400,2050.1200
2748,1412,2952.5000,902.4000,2050.1000
5401,1418,3814.8300,1764.9900,2049.8400
15804,1597,3870.0000,1820.5800,2049.4200
5505,602,2048.8500,null,2048.8500
12725,1568,2048.8500,null,2048.8500
1162,578,2048.8500,null,2048.8500
9172,1640,2048.8500,null,2048.8500
8558,1207,2048.8500,null,2048.8500
10771,216,2048.8500,null,2048.8500
16326,1967,2048.8500,null,2048.8500
3944,639,3839.1600,1790.5700,2048.5900
15541,1543,3214.5000,1166.0400,2048.4600
18736,693,3274.2600,1225.8300,2048.4300
7949,1793,3870.0000,1821.7500,2048.2500
19282,851,2889.1000,840.9600,2048.1400
16747,48,3831.5000,1783.6800,2047.8200
1549,1097,2707.1000,659.5400,2047.5600
13928,1444,2157.8600,111.0800,2046.7800
3042,1537,2393.4900,347.0500,2046.4400
14421,364,3201.3800,1155.2500,2046.1300
17285,1950,2378.9200,332.8800,2046.0400
16910,1140,2257.8600,212.3000,2045.5600
16,986,3574.7800,1529.4500,2045.3300
17276,847,2949.5200,904.6700,2044.8500
3316,1456,3081.4000,1037.2200,2044.1800
1383,1701,2378.9200,335.3000,2043.6200
1699,80,3710.7400,1667.7700,2042.9700
7684,1439,3824.0500,1782.0300,2042.0200
6016,1074,2258.4600,217.0000,2041.4600
2467,949,2165.0400,123.8900,2041.1500
4513,110,2753.4000,712.7600,2040.6400
1171,467,2182.8400,143.7500,2039.0900
6208,213,2808.4800,769.4600,2039.0200
12604,1428,2325.8000,287.0600,2038.7400
12046,1506,2165.0400,126.5000,2038.5400
8113,1880,4031.4200,1993.0500,2038.3700
15864,898,3014.7800,976.6000,2038.1800
11331,1290,2273.7000,236.0800,2037.6200
5353,9,2528.2500,491.6400,2036.6100
11199,139,3316.6600,1280.1800,2036.4800
4062,880,2036.2600,null,2036.2600
18285,2000,2036.2600,null,2036.2600
13267,1258,2036.2600,null,2036.2600
5982,789,2036.1300,null,2036.1300
8491,726,2036.1300,null,2036.1300
7836,1352,2035.8400,null,2035.8400
11049,1208,2035.8400,null,2035.8400
7178,1313,2035.8400,null,2035.8400
12247,481,2035.8400,null,2035.8400
16048,439,2035.8400,null,2035.8400
5245,744,2035.8400,null,2035.8400
2146,1445,2035.8400,null,2035.8400
18951,256,3014.7800,979.0100,2035.7700
22,270,2171.3400,135.8000,2035.5400
230,882,2849.8400,814.8800,2034.9600
7944,1740,3014.7800,980.6600,2034.1200
18478,961,2973.6500,939.8500,2033.8000
18702,361,2851.4000,818.2900,2033.1100
12336,1371,3831.5000,1798.5400,2032.9600
5426,1155,3191.3200,1160.0800,2031.2400
14961,283,3686.9000,1655.7300,2031.1700
17438,1655,3308.4000,1277.8200,2030.5800
14063,1584,2268.2400,238.0400,2030.2000
3545,258,2143.0000,113.1700,2029.8300
2401,83,3989.1500,1959.9800,2029.1700
14999,253,3529.4400,1500.9800,2028.4600
5891,1081,2288.6200,261.0300,2027.5900
9399,764,2517.5200,490.9300,2026.5900
2282,1284,2607.8200,581.2700,2026.5500
16142,408,2165.6800,139.6400,2026.0400
9047,300,3201.3800,1176.6000,2024.7800
10850,761,2393.4900,369.0700,2024.4200
9304,1919,3574.7800,1551.8600,2022.9200
17446,1533,2742.0000,719.3200,2022.6800
2347,194,2607.8200,585.8400,2021.9800
12395,1214,2879.3700,857.4700,2021.9000
14818,1403,3851.7500,1830.3100,2021.4400
1584,1984,3356.8600,1335.6700,2021.1900
5049,1277,2193.6000,173.8700,2019.7300
9761,1627,3054.3900,1034.6900,2019.7000
11871,1535,2707.1000,687.9100,2019.1900
16258,880,3386.7900,1367.6300,2019.1600
17697,333,2325.8000,306.6700,2019.1300
9989,1236,3851.7500,1833.0900,2018.6600
963,1978,2707.1000,688.5100,2018.5900
3547,1519,2258.4600,240.1400,2018.3200
11566,1026,3356.8600,1338.5500,2018.3100
3899,1951,3814.8300,1797.0200,2017.8100
14547,774,2193.6000,176.2600,2017.3400
16157,1134,3322.3800,1305.0700,2017.3100
8138,914,2258.4600,241.3700,2017.0900
18652,1920,3236.5200,1219.8300,2016.6900
489,294,2015.7100,null,2015.7100
16047,781,2015.7100,null,2015.7100
18872,1747,2015.7100,null,2015.7100
3376,969,2015.7100,null,2015.7100
6448,374,3563.1800,1548.3100,2014.8700
12309,1406,3814.8300,1800.1600,2014.6700
1398,775,3839.1600,1824.6600,2014.5000
8353,631,3441.7500,1427.3200,2014.4300
15453,1947,2294.4300,281.3700,2013.0600
6388,1369,3674.2400,1661.2300,2013.0100
17451,326,3480.3300,1467.4700,2012.8600
6795,88,4072.5200,2060.1900,2012.3300
5589,1620,3583.8800,1571.6700,2012.2100
12574,596,2294.4300,282.2300,2012.2000
13209,421,2143.0000,131.0600,2011.9400
17634,21,3710.7400,1699.2100,2011.5300
19653,1409,2579.5500,568.2600,2011.2900
12345,565,2157.8600,146.7600,2011.1000
3918,1185,2646.7200,636.3200,2010.4000
11138,658,2779.3800,769.2100,2010.1700
18834,290,3257.0100,1247.7600,2009.2500
6977,309,3322.3800,1313.1600,2009.2200
19951,1503,3201.3800,1192.5900,2008.7900
5967,972,3563.1800,1554.4700,2008.7100
8299,1071,2193.6000,185.2600,2008.3400
19702,1982,3529.4400,1521.4200,2008.0200
14147,108,3640.1000,1633.4600,2006.6400
6257,1479,2742.0000,735.7500,2006.2500
1098,1259,2106.3600,100.3000,2006.0600
18213,190,2871.1600,865.3900,2005.7700
19409,997,2003.6000,null,2003.6000
14644,21,2003.6000,null,2003.6000
55,1394,2003.6000,null,2003.6000
6526,961,2003.6000,null,2003.6000
12068,1393,2003.6000,null,2003.6000
11154,1508,2003.6000,null,2003.6000
18589,1060,2003.6000,null,2003.6000
12066,208,2003.6000,null,2003.6000
8905,1358,2669.7000,666.1800,2003.5200
12722,1731,3274.2600,1271.0500,2003.2100
10627,1644,2879.3700,877.2700,2002.1000
3856,1044,3563.1800,1561.1700,2002.0100
1434,1757,3710.7400,1708.8300,2001.9100
1855,1524,2000.8500,null,2000.8500
18535,118,2000.8500,null,2000.8500
9689,288,2000.8500,null,2000.8500
8989,304,2669.7000,669.1600,2000.5400
16242,1951,2851.4000,851.2100,2000.1900
9624,1305,2212.1400,212.2500,1999.8900
7531,890,2157.8600,159.2900,1998.5700
9270,803,2193.6000,195.7900,1997.8100
16073,760,3911.7300,1913.9500,1997.7800
1735,686,3247.1400,1249.6800,1997.4600
6721,1574,3081.4000,1084.8500,1996.5500
3593,1313,3989.1500,1992.6200,1996.5300
16115,1130,3443.0000,1446.7300,1996.2700
668,1696,2277.0300,281.3700,1995.6600
11303,1518,2268.2400,273.2300,1995.0100
9778,793,3846.0800,1852.0200,1994.0600
16095,1597,2808.4800,815.2400,1993.2400
2533,1201,3705.8400,1713.1100,1992.7300
12062,682,3686.9000,1694.3400,1992.5600
2979,806,2582.2500,589.7200,1992.5300
15100,1169,2779.3800,786.8700,1992.5100
13168,1989,2260.5000,269.1800,1991.3200
11709,1294,3247.1400,1256.2800,1990.8600
11386,692,2165.6800,174.9100,1990.7700
19423,41,3274.2600,1284.7700,1989.4900
19094,1399,3705.8400,1716.6100,1989.2300
12293,1181,2273.7000,285.2400,1988.4600
15298,566,3590.9000,1602.5100,1988.3900
16386,1857,2182.8400,195.1700,1987.6700
7718,1797,2084.7000,97.3900,1987.3100
2588,1286,3390.7500,1403.4400,1987.3100
13550,1834,3178.5300,1191.6800,1986.8500
4554,1744,3284.6400,1297.8800,1986.7600
14310,1272,2193.6000,207.1600,1986.4400
9344,1220,2517.5200,531.2300,1986.2900
1733,110,2669.7000,683.4400,1986.2600
11761,785,2260.5000,274.6100,1985.8900
1307,511,3814.8300,1828.9400,1985.8900
15905,1139,3477.2200,1491.7400,1985.4800
7924,1001,1985.0400,null,1985.0400
13909,885,1985.0400,null,1985.0400
18858,1953,1985.0400,null,1985.0400
12467,1028,1985.0400,null,1985.0400
15599,1071,1985.0400,null,1985.0400
1122,1231,1985.0400,null,1985.0400
1340,917,3563.1800,1578.3700,1984.8100
2668,29,2288.6200,304.0200,1984.6000
10148,138,2849.8400,865.3100,1984.5300
17941,1561,3590.9000,1606.9200,1983.9800
5215,1113,2413.3200,429.5800,1983.7400
9455,387,3390.7500,1407.0400,1983.7100
1474,1840,2284.1000,300.7100,1983.3900
3729,1120,3640.1000,1657.0300,1983.0700
840,1848,2579.5500,596.9500,1982.6000
11054,1390,3474.5000,1492.5100,1981.9900
16491,64,3224.6600,1243.7000,1980.9600
4796,1674,3911.7300,1931.4100,1980.3200
10711,44,3014.7800,1035.3200,1979.4600
18265,1193,2378.9200,399.5300,1979.3900
12028,276,2284.1000,304.9800,1979.1200
12404,852,3846.0800,1867.3400,1978.7400
19149,1634,2281.1200,302.6700,1978.4500
2147,1693,3191.3200,1214.0900,1977.2300
6717,1430,3441.7500,1464.6300,1977.1200
7067,1595,3274.2600,1297.8600,1976.4000
7458,117,2182.8400,206.5600,1976.2800
10676,60,3686.9000,1711.3700,1975.5300
8749,1976,3574.7800,1600.1300,1974.6500
3087,1629,3590.9000,1616.2600,1974.6400
13033,1298,3178.5300,1204.1400,1974.3900
16459,1119,2579.5500,605.6700,1973.8800
8627,1577,2902.5000,928.8000,1973.7000
5268,651,2698.0800,725.0900,1972.9900
18038,502,2320.2200,348.4800,1971.7400
7784,1228,2143.0000,171.5700,1971.4300
6574,156,3477.2200,1505.9800,1971.2400
6079,328,3016.6500,1046.3600,1970.2900
16653,1258,2284.1000,314.8500,1969.2500
7464,725,2294.4300,325.3200,1969.1100
11752,1828,2084.7000,115.9100,1968.7900
6842,1782,3410.5500,1441.7700,1968.7800
16692,95,2602.9800,634.2200,1968.7600
3156,1337,3574.7800,1606.1000,1968.6800
1151,1176,3386.7900,1418.3400,1968.4500
18393,387,3686.9000,1719.3400,1967.5600
17297,1449,3590.9000,1624.1700,1966.7300
13755,607,2871.1600,904.9600,1966.2000
18105,650,2084.7000,119.0500,1965.6500
19890,1321,2099.0700,133.4700,1965.6000
15081,417,2171.3400,205.7700,1965.5700
17589,1702,2311.0500,345.5200,1965.5300
452,311,3165.3200,1201.0200,1964.3000
12530,25,3503.4800,1539.7900,1963.6900
1031,1136,3710.7400,1747.3300,1963.4100
14204,205,3904.4700,1941.2600,1963.2100
14152,5,2602.9800,640.0600,1962.9200
5642,532,3604.5200,1642.3200,1962.2000
11035,1783,2707.1000,745.1700,1961.9300
2259,392,368.1400,2329.1800,-1961.0400
15363,772,2646.7200,686.3800,1960.3400
4390,414,3317.4000,1357.0600,1960.3400
5154,1738,2258.4600,298.2200,1960.2400
2772,1163,3814.8300,1856.1400,1958.6900
14437,311,2288.6200,330.5700,1958.0500
17853,1978,2157.6800,199.7000,1957.9800
19250,698,2779.3800,821.5200,1957.8600
13841,501,3640.1000,1682.3100,1957.7900
5880,1778,2851.4000,894.2500,1957.1500
13972,1957,2325.8000,370.1200,1955.6800
5506,1834,3583.8800,1628.2900,1955.5900
15364,525,2135.7600,180.6300,1955.1300
10231,1071,2311.0500,356.4500,1954.6000
13493,1974,2413.3200,459.2700,1954.0500
9903,251,2281.1200,327.4200,1953.7000
5388,1892,3201.3800,1247.8600,1953.5200
12143,1395,2949.5200,996.2800,1953.2400
19636,873,3824.0500,1871.1900,1952.8600
8311,1616,3529.4400,1576.6200,1952.8200
5923,325,2879.3700,926.8200,1952.5500
13002,1852,2284.1000,331.7000,1952.4000
19337,1693,2779.6000,827.4900,1952.1100
6334,1563,2646.7200,695.0300,1951.6900
3130,1179,3201.3800,1249.9200,1951.4600
13650,1472,3081.4000,1130.4500,1950.9500
16355,1771,2273.7000,322.9900,1950.7100
3029,1550,3236.5200,1286.1300,1950.3900
1305,555,2504.5000,554.2200,1950.2800
18510,1731,2157.8600,208.3800,1949.4800
2218,1152,2517.5200,568.4500,1949.0700
7974,842,3201.3800,1252.3500,1949.0300
17369,619,2284.1000,335.6000,1948.5000
3850,1011,2646.7200,698.2900,1948.4300
18320,1529,2896.7600,949.6300,1947.1300
14249,598,3686.9000,1740.7000,1946.2000
2565,361,2851.4000,905.2600,1946.1400
15478,1273,3308.4000,1363.0500,1945.3500
16401,603,3214.5000,1269.6000,1944.9000
17123,769,2182.8400,238.3600,1944.4800
16071,1435,2582.2500,637.8400,1944.4100
12815,415,3257.0100,1312.6200,1944.3900
5601,1496,2849.8400,905.4900,1944.3500
3168,1016,2602.9800,658.7900,1944.1900
10949,305,2871.1600,927.3300,1943.8300
8489,1765,3236.5200,1294.4300,1942.0900
15784,365,3640.1000,1698.6200,1941.4800
4876,1736,2277.0300,336.1200,1940.9100
4155,369,3386.7900,1446.2200,1940.5700
3443,245,3510.6000,1570.1200,1940.4800
16392,543,2808.4800,868.7900,1939.6900
9476,1733,3710.7400,1771.5100,1939.2300
19828,1446,3390.7500,1452.0400,1938.7100
1617,321,2362.0000,423.7100,1938.2900
10460,41,2889.1000,951.5200,1937.5800
8500,49,3888.0900,1951.4600,1936.6300
19086,355,2779.6000,843.0700,1936.5300
6318,799,3059.2400,1123.2000,1936.0400
14210,185,3214.5000,1278.6500,1935.8500
12585,1000,2165.0400,229.2800,1935.7600
10648,770,1935.0000,null,1935.0000
19101,1830,1935.0000,null,1935.0000
13756,518,1935.0000,null,1935.0000
15135,395,1935.0000,null,1935.0000
1354,423,1935.0000,null,1935.0000
2576,887,1935.0000,null,1935.0000
11922,363,1935.0000,null,1935.0000
599,1147,1935.0000,null,1935.0000
14700,1157,1935.0000,null,1935.0000
11833,1862,3322.3800,1387.4200,1934.9600
18218,1952,3439.4000,1504.7800,1934.6200
12429,1036,2257.8600,323.3600,1934.5000
4563,848,3356.8600,1424.5100,1932.3500
18573,1045,2065.0500,132.7200,1932.3300
11591,298,2065.0500,132.8700,1932.1800
10560,362,3510.6000,1578.6500,1931.9500
16645,763,2602.9800,671.1200,1931.8600
7298,276,3597.4400,1665.6200,1931.8200
18327,1417,3371.0000,1439.1900,1931.8100
4637,370,3814.8300,1883.4000,1931.4300
9842,263,2952.5000,1021.3000,1931.2000
1381,785,2182.8400,252.0800,1930.7600
5554,510,3036.6400,1105.9500,1930.6900
8638,934,2627.6100,697.2600,1930.3500
8882,1217,3308.4000,1379.1500,1929.2500
6755,466,2260.5000,331.4400,1929.0600
17489,861,3590.9000,1661.9500,1928.9500
11959,1558,2084.7000,157.1400,1927.5600
16315,559,3705.8400,1778.3200,1927.5200
14680,354,3371.0000,1443.6800,1927.3200
12981,1608,2193.6000,266.5200,1927.0800
340,441,3284.6400,1358.3400,1926.3000
17624,1965,3036.6400,1110.6600,1925.9800
18803,1264,3236.5200,1311.2500,1925.2700
4948,1737,3439.4000,1514.2500,1925.1500
19796,341,2889.1000,964.0000,1925.1000
12624,45,2579.5500,654.6200,1924.9300
2529,790,3308.4000,1383.5500,1924.8500
5704,1948,3911.7300,1987.4400,1924.2900
5993,106,3146.9000,1222.8900,1924.0100
15805,300,3523.2800,1599.7700,1923.5100
4591,189,2119.0200,195.5900,1923.4300
14060,1404,2035.8400,112.4900,1923.3500
8091,10,1923.0400,null,1923.0400
1659,392,1923.0400,null,1923.0400
6481,1413,2157.6800,234.8700,1922.8100
11432,422,3191.3200,1268.8500,1922.4700
10063,488,2157.8600,235.4000,1922.4600
8914,1204,2393.4900,471.0600,1922.4300
2606,16,3597.4400,1675.1400,1922.3000
18429,512,2742.0000,820.4500,1921.5500
3473,579,3191.3200,1269.9300,1921.3900
3510,1122,2268.2400,347.5500,1920.6900
5699,1688,3911.7300,1991.4900,1920.2400
6917,991,3510.6000,1590.8300,1919.7700
19974,315,1919.5800,null,1919.5800
12281,1779,1919.5800,null,1919.5800
16074,411,1919.5800,null,1919.5800
565,1986,1919.5800,null,1919.5800
8363,28,1919.5800,null,1919.5800
12761,1009,2646.7200,727.3300,1919.3900
6398,1444,3888.0900,1969.5200,1918.5700
11502,1932,3191.3200,1272.8300,1918.4900
14748,1089,2949.5200,1031.5300,1917.9900
72,170,2879.3700,961.6500,1917.7200
4,440,3214.5000,1296.8600,1917.6400
8515,161,3410.5500,1493.0600,1917.4900
5531,1404,2119.0200,201.8400,1917.1800
10603,418,3356.8600,1440.3400,1916.5200
2798,1097,2320.2200,403.7900,1916.4300
1110,1878,343.3200,2259.5100,-1916.1900
15140,1896,2362.0000,445.8600,1916.1400
9497,1406,1915.7500,null,1915.7500
17831,622,1915.7500,null,1915.7500
17872,469,2320.2200,404.6000,1915.6200
14441,1038,2896.7600,981.8000,1914.9600
10604,850,3165.3200,1250.6600,1914.6600
8326,999,2393.4900,478.9200,1914.5700
18250,1182,3386.7900,1472.6100,1914.1800
9229,1852,3274.2600,1360.1100,1914.1500
7904,265,3474.5000,1560.5400,1913.9600
6623,1468,2258.4600,345.1700,1913.2900
11031,1670,2871.1600,958.0000,1913.1600
5028,907,3503.4800,1590.5400,1912.9400
11551,788,3674.2400,1761.6500,1912.5900
17915,638,2273.7000,361.3800,1912.3200
7519,217,2260.5000,348.2900,1912.2100
4057,1103,3563.1800,1651.9900,1911.1900
11872,880,3236.5200,1325.5100,1911.0100
7443,691,3824.0500,1913.0800,1910.9700
2295,833,2387.2000,476.8400,1910.3600
2571,1534,2602.9800,692.9800,1910.0000
7876,666,1909.7600,null,1909.7600
7373,112,1909.7600,null,1909.7600
19202,1189,1909.7600,null,1909.7600
4662,782,1909.7600,null,1909.7600
13133,1961,1909.7600,null,1909.7600
2217,631,2157.6800,248.2000,1909.4800
1032,339,2488.0500,578.8600,1909.1900
8883,461,3308.4000,1399.4000,1909.0000
5273,1785,3191.3200,1283.2000,1908.1200
257,994,3563.1800,1655.1900,1907.9900
4022,1758,3356.8600,1449.6800,1907.1800
4325,1353,2627.6100,721.4900,1906.1200
18165,659,3851.7500,1946.1100,1905.6400
8991,581,2889.1000,983.5000,1905.6000
8126,1267,2273.7000,368.1100,1905.5900
6844,498,2320.2200,415.1500,1905.0700
19347,1818,3387.6900,1482.7100,1904.9800
17329,1365,2212.1400,307.6500,1904.4900
16555,778,2871.1600,966.9700,1904.1900
11221,1602,3686.9000,1782.8000,1904.1000
2391,1746,3503.4800,1600.5100,1902.9700
2236,53,2627.6100,724.7200,1902.8900
11582,1647,2165.6800,263.0000,1902.6800
8093,1981,3839.1600,1936.7800,1902.3800
9974,1278,2902.5000,1000.4200,1902.0800
17204,592,3562.3000,1660.3600,1901.9400
12742,1797,2753.4000,851.8500,1901.5500
18525,1167,3583.8800,1682.7400,1901.1400
3094,1033,2143.0000,241.9300,1901.0700
2124,713,2277.0300,376.0400,1900.9900
3370,514,3640.1000,1739.6400,1900.4600
18365,555,3214.5000,1314.3200,1900.1800
347,1845,2119.0200,219.2000,1899.8200
16717,1040,3284.6400,1385.4400,1899.2000
19208,1460,2742.0000,842.8800,1899.1200
7817,485,3480.3300,1581.5800,1898.7500
12688,1082,2835.3000,936.6100,1898.6900
3584,1355,3674.2400,1776.8300,1897.4100
4707,851,2387.2000,489.8000,1897.4000
9946,1252,3814.8300,1917.9600,1896.8700
18444,1211,3257.0100,1360.2800,1896.7300
19450,1635,3839.1600,1942.6300,1896.5300
10349,1373,2488.0500,591.8000,1896.2500
18637,240,2646.7200,750.7900,1895.9300
9549,502,3523.2800,1627.7000,1895.5800
5608,1959,3529.4400,1634.2300,1895.2100
5577,739,2099.0700,204.0900,1894.9800
6195,1001,3510.6000,1616.7700,1893.8300
5701,958,3443.0000,1549.3400,1893.6600
6635,1281,3410.5500,1516.9500,1893.6000
12012,404,2273.7000,380.1000,1893.6000
18804,1497,2000.8500,107.2500,1893.6000
19304,1941,2387.2000,494.1000,1893.1000
18717,1415,2582.2500,689.7500,1892.5000
14719,1641,2311.0500,419.0300,1892.0200
7195,583,3356.8600,1465.4400,1891.4200
7947,1099,3322.3800,1431.4600,1890.9200
6120,928,3851.7500,1960.9800,1890.7700
11085,991,3888.0900,1997.5000,1890.5900
2033,1170,2698.0800,807.5000,1890.5800
653,325,2779.6000,889.3200,1890.2800
12391,469,2851.4000,961.8900,1889.5100
950,628,2949.5200,1060.5100,1889.0100
13725,1921,2106.3600,218.0600,1888.3000
6316,1992,2000.8500,112.6800,1888.1700
8048,1374,1888.1400,null,1888.1400
10172,1378,1888.1400,null,1888.1400
1089,1784,1888.1400,null,1888.1400
19018,1912,1888.1400,null,1888.1400
8118,926,3574.7800,1686.6600,1888.1200
4772,1520,3274.2600,1386.7100,1887.5500
14184,1501,2137.3800,249.8400,1887.5400
18854,1846,2048.8500,162.3100,1886.5400
17328,1809,2119.0200,232.6900,1886.3300
13551,724,2889.1000,1004.0600,1885.0400
14791,1583,2277.0300,392.2600,1884.7700
496,1642,2884.5600,1001.3400,1883.2200
4865,1935,3824.0500,1942.2000,1881.8500
11814,1779,3390.7500,1509.1100,1881.6400
7845,1892,2627.6100,746.3700,1881.2400
997,1013,2835.3000,954.3200,1880.9800
11039,307,3390.7500,1511.0200,1879.7300
15457,1734,2257.8600,378.1500,1879.7100
17560,1000,2182.8400,303.4100,1879.4300
4977,553,2106.3600,227.0200,1879.3400
16283,809,2851.4000,972.6400,1878.7600
3218,1164,3224.6600,1346.4200,1878.2400
15950,1947,3054.3900,1176.2600,1878.1300
4240,1467,2582.2500,704.3000,1877.9500
4985,776,2035.8400,158.0200,1877.8200
19697,807,3851.7500,1974.4000,1877.3500
5281,29,2157.6800,280.4600,1877.2200
92,1590,3214.5000,1339.1700,1875.3300
8830,1095,2669.7000,794.9900,1874.7100
747,478,2849.8400,975.2600,1874.5800
13614,776,3563.1800,1689.2500,1873.9300
18886,1518,3317.4000,1444.2400,1873.1600
6011,1762,2517.5200,644.4400,1873.0800
17648,1583,2257.8600,385.0500,1872.8100
1568,1152,2257.8600,385.4000,1872.4600
9481,1339,2393.4900,521.2400,1872.2500
14247,1882,2135.7600,263.6300,1872.1300
13947,779,2320.2200,448.9000,1871.3200
7640,1985,3439.4000,1568.1000,1871.3000
13662,936,2742.0000,871.1700,1870.8300
13803,1236,3214.5000,1343.9300,1870.5700
11029,738,2260.5000,389.9800,1870.5200
5936,1302,3477.2200,1606.8500,1870.3700
13152,1787,2119.0200,249.2400,1869.7800
3293,49,2260.5000,391.1000,1869.4000
11869,1147,3308.4000,1439.1300,1869.2700
12226,24,3016.6500,1147.4700,1869.1800
12951,428,2528.2500,659.6300,1868.6200
6630,1045,3316.6600,1448.0500,1868.6100
17945,778,2952.5000,1084.1500,1868.3500
2987,1662,3317.4000,1449.5000,1867.9000
16243,977,2488.0500,622.0200,1866.0300
373,1260,3562.3000,1696.6600,1865.6400
3227,1339,3590.9000,1725.4200,1865.4800
5023,645,2137.3800,271.9100,1865.4700
19268,75,3705.8400,1840.4200,1865.4200
5432,1067,3274.2600,1410.4900,1863.7700
6130,301,3474.5000,1610.8000,1863.7000
1739,375,3316.6600,1452.9800,1863.6800
8639,1558,3846.0800,1982.4700,1863.6100
13927,48,2268.2400,404.6400,1863.6000
9118,1835,3574.7800,1711.5400,1863.2400
856,1753,3831.5000,1969.0200,1862.4800
15561,1499,3316.6600,1454.3200,1862.3400
8158,1704,2779.3800,917.1400,1862.2400
3469,1902,2036.2600,174.0300,1862.2300
14303,1096,3839.1600,1977.0000,1862.1600
4924,1144,2003.6000,142.1200,1861.4800
10977,1552,3386.7900,1525.3900,1861.4000
8841,1011,3831.5000,1970.1200,1861.3800
5184,1251,2281.1200,420.0900,1861.0300
7840,479,3036.6400,1175.9100,1860.7300
12119,1291,1860.6400,null,1860.6400
19859,1481,1860.6400,null,1860.6400
7688,617,1860.6400,null,1860.6400
5794,1078,1860.6400,null,1860.6400
11984,1026,1860.6400,null,1860.6400
14225,151,3686.9000,1826.3500,1860.5500
11071,1256,2849.8400,989.4200,1860.4200
11560,1126,2698.0800,837.7300,1860.3500
5749,1751,3590.9000,1731.2000,1859.7000
17435,1413,1985.0400,125.4900,1859.5500
19967,1583,2602.9800,743.4700,1859.5100
18162,1204,2165.0400,305.8600,1859.1800
19493,1688,2808.4800,950.0100,1858.4700
723,1338,2543.2200,685.0800,1858.1400
19416,763,133.6400,1991.7600,-1858.1200
6413,487,3563.1800,1705.1300,1858.0500
7438,478,2260.5000,402.9900,1857.5100
8811,216,3316.6600,1459.2700,1857.3900
17090,387,3597.4400,1741.1800,1856.2600
10691,1705,3503.4800,1647.5200,1855.9600
2977,238,3583.8800,1727.9700,1855.9100
18657,710,3322.3800,1466.6600,1855.7200
17459,162,3583.8800,1728.2900,1855.5900
10140,800,2884.5600,1029.0400,1855.5200
13048,1866,1855.3700,null,1855.3700
6508,978,1855.3700,null,1855.3700
6509,1511,1855.3700,null,1855.3700
14064,599,1855.3700,null,1855.3700
2636,1918,1855.3700,null,1855.3700
11607,336,1855.3700,null,1855.3700
12469,718,1855.3700,null,1855.3700
1113,565,2036.2600,181.5200,1854.7400
5544,1829,3503.4800,1649.8300,1853.6500
15803,1330,2294.4300,441.0200,1853.4100
19377,1278,3574.7800,1721.4400,1853.3400
787,1147,3814.8300,1961.7000,1853.1300
16839,1327,1852.9200,null,1852.9200
18747,1283,1852.9200,null,1852.9200
15226,1284,3390.7500,1537.8400,1852.9100
12600,918,3224.6600,1371.8100,1852.8500
11159,856,3597.4400,1744.8500,1852.5900
5190,203,3214.5000,1362.4100,1852.0900
12248,1964,3386.7900,1536.1300,1850.6600
1320,13,2311.0500,460.8600,1850.1900
17651,248,2106.3600,257.7800,1848.5800
15569,222,1848.0500,null,1848.0500
3677,1415,1848.0500,null,1848.0500
11161,401,1848.0500,null,1848.0500
19664,469,1848.0500,null,1848.0500
12959,1312,1848.0500,null,1848.0500
8,490,1848.0500,null,1848.0500
8768,469,1848.0500,null,1848.0500
14336,323,1848.0500,null,1848.0500
18233,875,3201.3800,1355.0200,1846.3600
737,1255,2325.8000,479.4600,1846.3400
13484,1340,2036.1300,189.9100,1846.2200
10631,987,2036.2600,190.9100,1845.3500
10707,1970,2137.3800,293.5800,1843.8000
6278,865,2320.2200,478.0300,1842.1900
15522,1983,2084.7000,242.5900,1842.1100
6614,118,2884.5600,1043.0400,1841.5200
18039,576,2646.7200,805.5100,1841.2100
19263,761,1840.7000,null,1840.7000
665,1265,1840.7000,null,1840.7000
11735,1964,1840.7000,null,1840.7000
8710,987,1840.7000,null,1840.7000
16252,1301,1840.7000,null,1840.7000
11256,1748,2325.8000,485.1600,1840.6400
11744,212,2517.5200,678.5000,1839.0200
12619,118,2325.8000,487.5900,1838.2100
5533,822,1837.1200,null,1837.1200
18520,99,1837.1200,null,1837.1200
2231,76,1837.1200,null,1837.1200
4431,1402,1837.1200,null,1837.1200
12674,1382,3710.7400,1873.7200,1837.0200
9500,997,2602.9800,767.4500,1835.5300
16167,1373,3214.5000,1379.0000,1835.5000
12409,251,1935.0000,100.0300,1834.9700
4288,20,2260.5000,425.5600,1834.9400
11345,401,3686.9000,1852.3200,1834.5800
7818,1531,3165.3200,1331.2400,1834.0800
5441,1669,2000.8500,167.5900,1833.2600
10301,1004,3036.6400,1203.6700,1832.9700
740,1111,3390.7500,1557.8200,1832.9300
6080,118,3191.3200,1358.7400,1832.5800
8009,469,2320.2200,487.7800,1832.4400
16942,307,3081.4000,1249.2700,1832.1300
506,550,3201.3800,1369.4300,1831.9500
8716,1246,2707.1000,875.2500,1831.8500
10002,1347,3510.6000,1679.1500,1831.4500
9026,307,2171.3400,339.9800,1831.3600
7230,755,2896.7600,1065.6200,1831.1400
4740,319,3439.4000,1609.1300,1830.2700
4900,1326,2193.6000,364.3500,1829.2500
2911,1138,2607.8200,779.2600,1828.5600
18797,132,2325.8000,497.3000,1828.5000
11621,1272,3322.3800,1493.8800,1828.5000
8516,877,1935.0000,106.6300,1828.3700
8893,1752,3014.7800,1186.8600,1827.9200
4089,1918,2281.1200,453.5000,1827.6200
2032,1128,1827.2800,null,1827.2800
1276,1712,1827.2800,null,1827.2800
13029,1070,1827.2800,null,1827.2800
18649,253,2284.1000,456.9200,1827.1800
18996,1950,2257.8600,431.1600,1826.7000
19452,162,119.8500,1946.4400,-1826.5900
3885,744,3322.3800,1495.9700,1826.4100
7226,1705,3583.8800,1757.9800,1825.9000
16319,644,3410.5500,1584.7400,1825.8100
4003,1213,3284.6400,1459.1900,1825.4500
1873,1356,3674.2400,1849.3300,1824.9100
5618,1925,3322.3800,1498.8300,1823.5500
8169,854,3016.6500,1193.7400,1822.9100
1946,134,2119.0200,296.1300,1822.8900
2755,181,3477.2200,1654.4700,1822.7500
15009,1852,2387.2000,565.2200,1821.9800
10931,1432,2779.3800,957.5500,1821.8300
12543,1316,3604.5200,1783.3400,1821.1800
16728,1358,3443.0000,1621.8400,1821.1600
16969,115,3562.3000,1741.3300,1820.9700
15078,1835,3059.2400,1238.6600,1820.5800
3205,1647,2779.6000,959.1300,1820.4700
5046,1337,2182.8400,362.4300,1820.4100
17286,502,3059.2400,1239.0900,1820.1500
9692,213,2258.4600,438.4000,1820.0600
13906,1734,1820.0500,null,1820.0500
11741,1194,1820.0500,null,1820.0500
10773,1255,1820.0500,null,1820.0500
9051,867,1820.0500,null,1820.0500
2256,1806,1820.0500,null,1820.0500
3612,387,2669.7000,850.0300,1819.6700
7958,303,2362.0000,542.5800,1819.4200
10166,1935,2143.0000,323.7800,1819.2200
13324,692,2084.7000,265.8500,1818.8500
7823,1570,2036.2600,218.3400,1817.9200
8474,413,2362.0000,544.2900,1817.7100
18623,696,3247.1400,1429.6700,1817.4700
160,1727,3308.4000,1490.9400,1817.4600
17885,587,3503.4800,1686.0900,1817.3900
13511,1703,3016.6500,1200.3000,1816.3500
5897,1188,3371.0000,1554.8900,1816.1100
2803,767,1915.7500,100.6000,1815.1500
12855,1870,3317.4000,1502.8100,1814.5900
10124,942,2000.8500,186.6400,1814.2100
17099,499,2325.8000,511.7500,1814.0500
10074,233,2952.5000,1138.4600,1814.0400
2358,677,1915.7500,102.6600,1813.0900
17782,791,3583.8800,1771.7800,1812.1000
19005,1146,2143.0000,331.0400,1811.9600
6132,200,154.7600,1966.7000,-1811.9400
10838,1980,3604.5200,1792.6400,1811.8800
5845,1725,2171.3400,361.3200,1810.0200
16296,474,1809.9900,null,1809.9900
12056,815,1809.9900,null,1809.9900
184,417,1809.9900,null,1809.9900
5675,1779,1809.9900,null,1809.9900
13810,957,1809.9900,null,1809.9900
2462,1950,1809.9900,null,1809.9900
13930,672,1809.9900,null,1809.9900
13046,872,2517.5200,708.8600,1808.6600
5203,1496,2607.8200,799.4500,1808.3700
339,881,3247.1400,1438.9500,1808.1900
17824,156,119.8500,1927.6000,-1807.7500
3648,143,369.6100,2177.0000,-1807.3900
9623,334,3178.5300,1371.2400,1807.2900
9350,602,3371.0000,1564.6200,1806.3800
1832,1113,2753.4000,947.1300,1806.2700
11853,1099,2851.4000,1045.3100,1806.0900
1859,1490,3201.3800,1396.1800,1805.2000
7426,40,2294.4300,490.2800,1804.1500
18369,1481,3236.5200,1432.7800,1803.7400
3875,456,3604.5200,1801.0100,1803.5100
17304,1054,2607.8200,804.9300,1802.8900
4131,482,3308.4000,1505.7400,1802.6600
7786,1583,1802.2600,null,1802.2600
425,1407,1802.2600,null,1802.2600
3321,718,1802.2600,null,1802.2600
100,625,1802.2600,null,1802.2600
5490,133,1802.2600,null,1802.2600
1996,1162,3165.3200,1363.7700,1801.5500
3268,1490,2896.7600,1095.2900,1801.4700
12548,1034,2257.8600,456.4800,1801.3800
6899,1555,3308.4000,1507.0900,1801.3100
10060,1496,2835.3000,1035.3700,1799.9300
5697,650,3390.7500,1591.2100,1799.5400
16741,1426,3214.5000,1415.3000,1799.2000
19634,676,3317.4000,1518.3200,1799.0800
18670,1629,133.6400,1932.5600,-1798.9200
19496,1822,1798.7200,null,1798.7200
19307,1477,1798.7200,null,1798.7200
2084,1688,2902.5000,1103.8600,1798.6400
7071,1726,3016.6500,1218.8300,1797.8200
866,1016,2879.3700,1081.5700,1797.8000
6005,1613,3439.4000,1641.9000,1797.5000
8004,467,2742.0000,944.7200,1797.2800
13176,545,2099.0700,302.4500,1796.6200
9084,1071,2135.7600,339.4000,1796.3600
13598,461,3146.9000,1350.6900,1796.2100
4504,164,3257.0100,1460.8600,1796.1500
16704,1127,2779.3800,983.4000,1795.9800
7667,1612,2362.0000,566.5200,1795.4800
12216,1203,1795.4500,null,1795.4500
13767,1107,1795.4500,null,1795.4500
3100,552,1795.4500,null,1795.4500
5515,277,1795.4500,null,1795.4500
6617,1609,3308.4000,1515.2200,1793.1800
16036,1760,3474.5000,1681.4500,1793.0500
2653,612,2325.8000,532.8800,1792.9200
11881,623,2607.8200,815.2000,1792.6200
16032,1489,1791.9400,null,1791.9400
15267,181,1791.9400,null,1791.9400
19961,504,1791.9400,null,1791.9400
2196,1999,1791.9400,null,1791.9400
17017,303,1791.9400,null,1791.9400
9351,1232,2579.5500,787.6200,1791.9300
6170,965,2165.6800,374.2400,1791.4400
18582,1725,2582.2500,791.9600,1790.2900
13749,690,2698.0800,907.8300,1790.2500
18588,383,3308.4000,1519.0700,1789.3300
8209,1024,3165.3200,1376.1900,1789.1300
3775,1133,2393.4900,604.5900,1788.9000
8429,1542,3474.5000,1686.4000,1788.1000
16684,748,3165.3200,1377.3300,1787.9900
1395,1455,3529.4400,1741.7400,1787.7000
18764,1316,1787.3900,null,1787.3900
18772,1167,1787.3900,null,1787.3900
2828,422,1787.3900,null,1787.3900
5564,1985,1787.3900,null,1787.3900
284,1122,1787.3900,null,1787.3900
14188,87,1787.3900,null,1787.3900
19529,1725,1919.5800,132.7200,1786.8600
1095,77,2258.4600,471.7500,1786.7100
7035,324,2157.6800,371.3800,1786.3000
16525,665,2952.5000,1166.4000,1786.1000
5403,1178,2165.0400,379.1000,1785.9400
10902,984,3640.1000,1854.6800,1785.4200
16220,758,154.7600,1940.0800,-1785.3200
18745,878,2171.3400,386.2200,1785.1200
17272,1111,3371.0000,1586.8000,1784.2000
7826,922,1784.1900,null,1784.1900
14823,145,1784.1900,null,1784.1900
17396,304,1784.1900,null,1784.1900
17007,436,1784.1900,null,1784.1900
7409,1618,3480.3300,1696.3000,1784.0300
11014,1711,3201.3800,1417.4800,1783.9000
11669,837,3523.2800,1739.5800,1783.7000
14018,8,2646.7200,863.3600,1783.3600
3160,1111,2753.4000,970.6200,1782.7800
1687,1847,2753.4000,970.6400,1782.7600
15412,1999,2182.8400,400.5500,1782.2900
17037,1926,1781.5900,null,1781.5900
1590,1341,1781.5900,null,1781.5900
10669,156,1781.5900,null,1781.5900
5127,1775,1781.5900,null,1781.5900
16771,1466,1781.5900,null,1781.5900
9424,315,1781.5900,null,1781.5900
14970,108,3178.5300,1397.3900,1781.1400
8577,197,2949.5200,1168.5300,1780.9900
8570,1275,2582.2500,801.2600,1780.9900
11643,740,2258.4600,478.0600,1780.4000
4333,627,3036.6400,1256.5000,1780.1400
6578,481,218.9600,1998.1600,-1779.2000
15015,1732,1935.0000,156.5100,1778.4900
12699,1552,3474.5000,1697.1000,1777.4000
8752,309,2849.8400,1073.1000,1776.7400
10179,532,2949.5200,1173.6300,1775.8900
6210,1803,1985.0400,209.4200,1775.6200
674,1672,3191.3200,1415.9400,1775.3800
19933,1778,2808.4800,1033.2100,1775.2700
10113,126,2015.7100,240.5300,1775.1800
10911,1753,3562.3000,1787.2100,1775.0900
2397,1684,2698.0800,924.1100,1773.9700
9495,1026,2378.9200,606.3700,1772.5500
5098,1518,3441.7500,1669.3100,1772.4400
18328,780,2808.4800,1036.7400,1771.7400
6796,1432,2320.2200,548.5900,1771.6300
5002,1224,1771.5000,null,1771.5000
14337,800,1771.5000,null,1771.5000
17425,1522,1771.5000,null,1771.5000
11036,85,1771.5000,null,1771.5000
11967,155,2871.1600,1100.0000,1771.1600
17192,1976,2896.7600,1126.2000,1770.5600
4004,86,3640.1000,1869.6300,1770.4700
14228,1554,2779.3800,1009.8100,1769.5700
4238,194,1909.7600,140.2300,1769.5300
10614,434,3387.6900,1618.3000,1769.3900
19659,50,3604.5200,1836.5400,1767.9800
3213,1208,1923.0400,155.0600,1767.9800
7641,871,2504.5000,736.6000,1767.9000
5741,1803,3308.4000,1540.5300,1767.8700
7463,1781,3640.1000,1872.4100,1767.6900
9451,658,2106.3600,339.1700,1767.1900
15750,386,2257.8600,490.7100,1767.1500
16117,462,2035.8400,268.9000,1766.9400
15931,1204,2871.1600,1104.4800,1766.6800
16674,815,3474.5000,1708.9700,1765.5300
13660,1640,171.6600,1936.6600,-1765.0000
3694,1051,1764.7200,null,1764.7200
1750,407,1764.7200,null,1764.7200
855,732,1764.7200,null,1764.7200
9509,1273,2260.5000,496.4800,1764.0200
5984,540,2257.8600,493.8500,1764.0100
12431,1640,2387.2000,623.2600,1763.9400
16863,390,2582.2500,819.8900,1762.3600
13087,1192,2135.7600,373.6900,1762.0700
3721,1374,2698.0800,936.3700,1761.7100
6030,1581,1761.6400,null,1761.6400
5134,235,1761.6400,null,1761.6400
1061,588,1761.6400,null,1761.6400
8406,1842,1761.6400,null,1761.6400
13006,1950,2165.6800,404.1400,1761.5400
16042,1612,2488.0500,727.3700,1760.6800
4664,679,3562.3000,1801.8600,1760.4400
7223,1157,2257.8600,497.8400,1760.0200
1076,1469,2137.3800,378.0700,1759.3100
19778,51,3317.4000,1558.1000,1759.3000
3035,1910,2607.8200,848.7000,1759.1200
9881,834,2582.2500,823.5000,1758.7500
14697,523,3523.2800,1765.3200,1757.9600
12867,266,3371.0000,1613.4300,1757.5700
14595,1886,3686.9000,1930.6200,1756.2800
15118,64,3604.5200,1848.3000,1756.2200
8053,230,2949.5200,1193.4100,1756.1100
3134,1889,2143.0000,387.1300,1755.8700
7022,1108,2669.7000,914.0800,1755.6200
15718,846,2036.1300,280.7000,1755.4300
19214,1579,2325.8000,570.6600,1755.1400
18800,1342,2387.2000,632.9000,1754.3000
12076,1702,1909.7600,156.5100,1753.2500
4968,562,2284.1000,531.5600,1752.5400
5363,211,3371.0000,1618.7300,1752.2700
9546,1657,1751.7400,null,1751.7400
8045,188,247.0300,1998.5800,-1751.5500
5257,1719,2896.7600,1145.9900,1750.7700
1064,247,2646.7200,896.1700,1750.5500
11706,1860,2528.2500,778.0000,1750.2500
14281,869,2528.2500,778.2600,1749.9900
18282,327,218.9600,1968.9000,-1749.9400
15563,1922,2627.6100,878.7100,1748.9000
8674,1881,2171.3400,422.8400,1748.5000
1614,393,2084.7000,336.4100,1748.2900
19565,1845,2003.6000,255.7400,1747.8600
9867,209,2884.5600,1136.7000,1747.8600
3735,1159,3274.2600,1526.5500,1747.7100
2127,512,2753.4000,1006.3700,1747.0300
3930,649,239.7000,1986.1300,-1746.4300
2686,349,2157.8600,412.1300,1745.7300
3030,113,2779.6000,1033.9700,1745.6300
12425,795,2325.8000,580.2400,1745.5600
8395,1485,3510.6000,1765.0900,1745.5100
13309,469,1915.7500,170.7000,1745.0500
13072,286,2157.6800,412.6500,1745.0300
80,1656,2065.0500,320.1200,1744.9300
19009,370,3574.7800,1830.0700,1744.7100
11665,919,3016.6500,1272.6600,1743.9900
4540,516,2165.0400,421.5900,1743.4500
16217,1010,2157.6800,414.3800,1743.3000
13023,1132,3474.5000,1731.4800,1743.0200
18137,154,3316.6600,1574.0000,1742.6600
1421,752,2393.4900,651.0800,1742.4100
18379,441,3439.4000,1697.7600,1741.6400
2802,785,3016.6500,1275.8600,1740.7900
14864,27,1923.0400,182.6100,1740.4300
19662,1047,2165.0400,425.0300,1740.0100
12189,1830,2165.0400,425.8600,1739.1800
11748,813,1738.6100,null,1738.6100
9810,600,1738.6100,null,1738.6100
10012,1144,3387.6900,1649.2000,1738.4900
14553,538,2378.9200,640.6000,1738.3200
14652,950,1888.1400,150.2500,1737.8900
325,253,239.7000,1977.1400,-1737.4400
16301,13,2902.5000,1165.1500,1737.3500
15682,1064,2582.2500,844.9800,1737.2700
6220,325,2277.0300,539.9500,1737.0800
763,1850,3214.5000,1477.8000,1736.7000
1784,813,3583.8800,1847.7600,1736.1200
5963,1504,2973.6500,1237.5700,1736.0800
2412,597,2949.5200,1213.5100,1736.0100
18773,1513,2896.7600,1161.2300,1735.5300
123,658,3146.9000,1412.1200,1734.7800
15912,607,2257.8600,523.2700,1734.5900
12295,311,3480.3300,1746.9500,1733.3800
14429,1100,2065.0500,332.8100,1732.2400
18279,849,2311.0500,578.9100,1732.1400
7249,1159,2517.5200,785.9000,1731.6200
11061,1131,2579.5500,847.9600,1731.5900
9504,860,2182.8400,452.4000,1730.4400
19513,648,2669.7000,939.2800,1730.4200
5327,1127,1935.0000,204.6100,1730.3900
17539,1866,3410.5500,1681.2900,1729.2600
17764,1321,2182.8400,453.7700,1729.0700
10959,1687,133.6400,1862.6800,-1729.0400
14653,749,2627.6100,898.6700,1728.9400
10524,22,2707.1000,978.8000,1728.3000
11732,221,3597.4400,1869.1500,1728.2900
6339,1074,2871.1600,1142.9100,1728.2500
4141,1179,2119.0200,390.8300,1728.1900
6277,549,2879.3700,1151.4100,1727.9600
5238,1760,2973.6500,1245.8300,1727.8200
10811,871,3510.6000,1782.9200,1727.6800
19673,1169,2182.8400,455.2500,1727.5900
10817,1721,2707.1000,980.0400,1727.0600
2354,935,2378.9200,652.1600,1726.7600
19239,1488,3705.8400,1979.1900,1726.6500
6446,1156,2137.3800,410.7800,1726.6000
8450,1680,2137.3800,410.9700,1726.4100
10311,901,264.5200,1990.8500,-1726.3300
6544,18,154.7600,1880.6900,-1725.9300
11934,1492,2048.8500,323.2300,1725.6200
608,851,2171.3400,446.0700,1725.2700
16646,1190,2528.2500,803.4500,1724.8000
2305,506,2582.2500,857.8900,1724.3600
11200,1429,2157.8600,433.5800,1724.2800
3613,373,3710.7400,1986.7600,1723.9800
13881,479,2135.7600,411.8400,1723.9200
19405,307,2871.1600,1147.6200,1723.5400
5950,1167,2048.8500,325.3600,1723.4900
8246,736,3387.6900,1665.1700,1722.5200
12070,885,3474.5000,1752.5500,1721.9500
12113,41,1721.5000,null,1721.5000
12610,683,1721.5000,null,1721.5000
898,1744,1721.5000,null,1721.5000
17822,1726,1721.5000,null,1721.5000
14345,1585,1721.5000,null,1721.5000
12740,47,1721.5000,null,1721.5000
9999,1540,1721.5000,null,1721.5000
10918,1684,1721.5000,null,1721.5000
14777,595,1721.5000,null,1721.5000
19331,1459,1721.5000,null,1721.5000
1087,60,2036.1300,314.7800,1721.3500
18523,955,2779.3800,1058.6300,1720.7500
16939,1892,1840.7000,119.9600,1720.7400
19041,1079,2268.2400,547.5500,1720.6900
16723,1563,3574.7800,1854.3000,1720.4800
19730,934,2284.1000,563.8300,1720.2700
394,347,2779.6000,1059.4300,1720.1700
3187,281,1719.7000,null,1719.7000
1166,521,1719.7000,null,1719.7000
4565,1620,1719.7000,null,1719.7000
6055,1750,3523.2800,1803.8400,1719.4400
7036,28,1840.7000,122.1200,1718.5800
11589,633,2157.8600,439.4400,1718.4200
13995,529,2143.0000,424.7600,1718.2400
3461,748,3322.3800,1604.1900,1718.1900
16873,1371,2387.2000,669.3900,1717.8100
13817,584,3387.6900,1670.0400,1717.6500
19861,534,185.6900,1903.1300,-1717.4400
7108,1890,2311.0500,593.9500,1717.1000
18554,1766,3284.6400,1568.0900,1716.5500
4244,1451,3597.4400,1881.0100,1716.4300
1958,458,3563.1800,1847.9900,1715.1900
16083,1200,1837.1200,122.0000,1715.1200
2680,1271,1840.7000,125.7200,1714.9800
1757,1201,3165.3200,1450.6700,1714.6500
15119,1872,2949.5200,1234.9400,1714.5800
3318,1548,309.5200,2023.7700,-1714.2500
10405,1685,2543.2200,829.1500,1714.0700
2182,661,171.6600,1885.7100,-1714.0500
17486,1676,1855.3700,142.2400,1713.1300
17617,1655,2288.6200,576.1100,1712.5100
14514,126,1919.5800,207.4200,1712.1600
9644,1255,3165.3200,1453.6300,1711.6900
11225,1034,1710.8400,null,1710.8400
1232,562,1710.8400,null,1710.8400
13935,831,1710.8400,null,1710.8400
13166,742,1860.6400,150.5000,1710.1400
3310,284,1888.1400,178.3500,1709.7900
3405,132,2084.7000,375.2800,1709.4200
11042,909,1840.7000,131.4400,1709.2600
7176,1081,3562.3000,1853.8500,1708.4500
6723,1787,3686.9000,1978.6900,1708.2100
11470,473,2669.7000,961.6100,1708.0900
3357,783,171.6600,1879.4300,-1707.7700
18755,1552,3574.7800,1867.0300,1707.7500
17321,256,2849.8400,1142.2500,1707.5900
18334,1932,2646.7200,939.7200,1707.0000
10020,520,1848.0500,141.1100,1706.9400
4916,1540,3480.3300,1773.5400,1706.7900
16226,1571,2884.5600,1178.0000,1706.5600
16893,1089,2835.3000,1129.1200,1706.1800
16670,20,2808.4800,1103.3400,1705.1400
15254,1341,3674.2400,1969.4700,1704.7700
1955,929,264.5200,1968.9300,-1704.4100
18638,1490,2393.4900,689.0900,1704.4000
14176,1992,2171.3400,467.3700,1703.9700
74,292,2165.6800,462.5500,1703.1300
2143,708,2579.5500,876.4800,1703.0700
19345,1973,3410.5500,1707.5300,1703.0200
17603,148,2543.2200,840.3000,1702.9200
16096,1111,2048.8500,346.1900,1702.6600
2271,1632,2582.2500,880.0700,1702.1800
17523,64,3146.9000,1445.1600,1701.7400
5604,1136,1701.1800,null,1701.1800
18059,110,1701.1800,null,1701.1800
15717,137,1701.1800,null,1701.1800
14762,607,1701.1800,null,1701.1800
19582,457,1701.1800,null,1701.1800
17870,1337,1701.1800,null,1701.1800
16477,635,1701.1800,null,1701.1800
4121,450,1701.1800,null,1701.1800
789,1246,2896.7600,1195.7300,1701.0300
9287,1221,3529.4400,1828.7500,1700.6900
10806,1270,2193.6000,492.9600,1700.6400
4134,1684,2260.5000,560.3600,1700.1400
15815,354,2592.0600,891.9800,1700.0800
3199,1544,1699.8500,null,1699.8500
9907,1301,1699.8500,null,1699.8500
14543,1764,2273.7000,574.4100,1699.2900
1884,562,2257.8600,558.6900,1699.1700
10479,1750,2288.6200,589.5100,1699.1100
2886,1556,2135.7600,436.7300,1699.0300
19926,1856,1923.0400,224.0100,1699.0300
14054,1520,2607.8200,908.8700,1698.9500
16840,647,2378.9200,680.3900,1698.5300
1896,1934,133.6400,1832.0900,-1698.4500
2496,710,2212.1400,514.7300,1697.4100
17528,31,3439.4000,1742.4900,1696.9100
18129,1474,2851.4000,1154.7400,1696.6600
4648,1319,1827.2800,130.7000,1696.5800
8957,102,2048.8500,352.4500,1696.4000
12789,1669,2835.3000,1139.2700,1696.0300
6097,1400,3081.4000,1385.4600,1695.9400
3524,71,3583.8800,1887.9500,1695.9300
17580,1974,2268.2400,572.4000,1695.8400
17750,1169,2378.9200,683.9000,1695.0200
7690,1853,1798.7200,104.0400,1694.6800
5130,105,3036.6400,1342.0100,1694.6300
18065,1496,2582.2500,888.7500,1693.5000
2700,242,3201.3800,1508.8100,1692.5700
984,1968,2106.3600,413.9700,1692.3900
15977,401,264.5200,1956.1600,-1691.6400
418,222,2896.7600,1205.1900,1691.5700
616,1094,2779.6000,1088.3200,1691.2800
3046,99,2157.8600,466.8200,1691.0400
956,416,2387.2000,696.3700,1690.8300
13456,813,2646.7200,955.9300,1690.7900
189,1800,3562.3000,1871.9500,1690.3500
2923,743,282.4700,1972.5200,-1690.0500
7062,1327,2949.5200,1259.7900,1689.7300
17735,663,192.4000,1882.0500,-1689.6500
2197,555,1888.1400,198.8700,1689.2700
13970,1471,2182.8400,493.6300,1689.2100
5477,157,1985.0400,295.8500,1689.1900
11427,1380,3356.8600,1667.8100,1689.0500
16693,440,2835.3000,1146.4800,1688.8200
14300,786,2952.5000,1263.7900,1688.7100
16655,411,2973.6500,1285.1000,1688.5500
17315,1912,133.6400,1822.1600,-1688.5200
9239,901,2277.0300,589.0700,1687.9600
5740,710,3574.7800,1887.2000,1687.5800
16557,1338,3563.1800,1875.7200,1687.4600
9939,1766,3247.1400,1560.4800,1686.6600
14255,49,2592.0600,905.6100,1686.4500
5821,1227,2669.7000,983.7700,1685.9300
4570,301,2582.2500,896.6900,1685.5600
3895,142,1685.5000,null,1685.5000
6326,1564,1685.5000,null,1685.5000
12929,1145,1685.5000,null,1685.5000
14135,234,1685.5000,null,1685.5000
8562,1316,1685.5000,null,1685.5000
12685,271,3904.4700,2219.3100,1685.1600
17481,1104,1909.7600,224.6700,1685.0900
1402,1031,2035.8400,350.8300,1685.0100
1368,1763,2257.8600,573.0500,1684.8100
17447,1523,3583.8800,1899.4800,1684.4000
19023,398,2157.8600,473.7900,1684.0700
8667,1538,2258.4600,575.3900,1683.0700
8555,328,2543.2200,860.3300,1682.8900
369,714,154.7600,1836.8900,-1682.1300
3594,666,2362.0000,679.9700,1682.0300
16004,570,285.5700,1967.4700,-1681.9000
981,613,1820.0500,138.2000,1681.8500
19909,599,1852.9200,171.1600,1681.7600
4864,447,285.5700,1967.3100,-1681.7400
10073,1033,1809.9900,128.7400,1681.2500
877,636,3201.3800,1520.2700,1681.1100
2614,1,2157.8600,477.4700,1680.3900
5278,680,3604.5200,1924.3200,1680.2000
5285,144,154.7600,1834.6000,-1679.8400
3754,1627,3201.3800,1522.0900,1679.2900
10278,1414,285.5700,1964.8400,-1679.2700
7152,1862,3308.4000,1629.3700,1679.0300
9254,1332,2065.0500,386.5800,1678.4700
19727,1591,1678.4300,null,1678.4300
10103,896,1678.4300,null,1678.4300
18843,808,1678.4300,null,1678.4300
15466,1461,1678.4300,null,1678.4300
135,64,1678.4300,null,1678.4300
12633,216,3441.7500,1763.4800,1678.2700
9401,297,2742.0000,1064.2000,1677.8000
15269,320,1909.7600,232.2000,1677.5600
16930,116,214.3900,1891.9100,-1677.5200
9688,531,3247.1400,1569.8300,1677.3100
14178,1862,2413.3200,736.1400,1677.1800
16867,1490,2281.1200,604.3000,1676.8200
6764,481,3316.6600,1640.1600,1676.5000
17244,1057,2393.4900,717.0400,1676.4500
17844,632,2281.1200,604.9000,1676.2200
13983,1685,3322.3800,1646.3300,1676.0500
7660,614,3356.8600,1681.4200,1675.4400
19322,1611,1809.9900,134.7700,1675.2200
11715,399,3284.6400,1609.6900,1674.9500
12004,963,171.6600,1846.3000,-1674.6400
1914,1446,1848.0500,173.6400,1674.4100
17808,896,2871.1600,1197.6100,1673.5500
16299,1690,3640.1000,1966.5800,1673.5200
14484,78,3523.2800,1849.9100,1673.3700
4095,364,2973.6500,1300.2900,1673.3600
5429,804,2889.1000,1216.0900,1673.0100
13466,1653,1827.2800,155.0300,1672.2500
10459,1173,2106.3600,434.2300,1672.1300
16604,1686,2000.8500,329.1800,1671.6700
1903,894,3284.6400,1613.4000,1671.2400
12348,652,2260.5000,589.4400,1671.0600
13816,1230,2808.4800,1137.5700,1670.9100
11291,773,3165.3200,1494.5400,1670.7800
1807,845,2742.0000,1072.6400,1669.3600
12055,1922,3474.5000,1805.5800,1668.9200
16211,1510,3590.9000,1922.0000,1668.9000
2301,1894,2517.5200,848.9800,1668.5400
17408,500,2182.8400,514.4400,1668.4000
11826,1786,2528.2500,860.1000,1668.1500
6380,311,1802.2600,134.2100,1668.0500
338,1629,2698.0800,1030.1300,1667.9500
12972,494,278.6400,1946.3000,-1667.6600
1938,64,2135.7600,468.1400,1667.6200
8987,355,3059.2400,1391.6800,1667.5600
2382,399,2212.1400,544.8500,1667.2900
7119,344,2284.1000,616.9900,1667.1100
19908,556,2753.4000,1086.8200,1666.5800
19134,1817,2889.1000,1222.9100,1666.1900
14296,1686,192.4000,1858.0700,-1665.6700
5389,1780,2779.3800,1113.8000,1665.5800
15097,1923,192.4000,1857.8200,-1665.4200
11728,1592,2779.3800,1114.3500,1665.0300
4996,332,2835.3000,1170.4700,1664.8300
4627,194,3503.4800,1839.1300,1664.3500
17577,1331,1888.1400,224.1300,1664.0100
725,1668,2808.4800,1144.6800,1663.8000
2582,110,3386.7900,1723.7100,1663.0800
12781,911,3562.3000,1899.3600,1662.9400
7275,1718,2320.2200,657.9000,1662.3200
2313,1576,325.3000,1987.0500,-1661.7500
15136,403,1784.1900,122.4900,1661.7000
1443,1480,2325.8000,664.1700,1661.6300
4090,1907,3477.2200,1815.7000,1661.5200
12841,1567,2084.7000,423.4800,1661.2200
7909,1990,1661.1900,null,1661.1900
3494,467,1661.1900,null,1661.1900
6363,1743,1661.1900,null,1661.1900
1533,1041,1661.1900,null,1661.1900
16502,660,1661.1900,null,1661.1900
19927,1483,2742.0000,1080.9200,1661.0800
5004,1493,267.2800,1928.1100,-1660.8300
1468,484,1923.0400,262.3900,1660.6500
7789,381,1915.7500,255.3600,1660.3900
11441,911,2182.8400,523.8900,1658.9500
18405,935,3284.6400,1625.8100,1658.8300
7209,1620,1658.7000,null,1658.7000
6868,486,1658.7000,null,1658.7000
5289,1897,1658.7000,null,1658.7000
7664,1361,1658.3300,null,1658.3300
634,1269,1658.3300,null,1658.3300
19785,488,1658.3300,null,1658.3300
17565,109,1658.3300,null,1658.3300
7505,1350,3165.3200,1507.0000,1658.3200
16457,225,2698.0800,1039.7600,1658.3200
3703,1986,2952.5000,1294.4400,1658.0600
4516,1717,1827.2800,169.6100,1657.6700
8184,1202,2393.4900,736.2100,1657.2800
283,501,3165.3200,1508.6000,1656.7200
14259,197,2165.0400,508.7200,1656.3200
913,1553,2488.0500,832.2500,1655.8000
713,896,185.6900,1841.3200,-1655.6300
8754,1348,1802.2600,146.6300,1655.6300
12494,136,218.9600,1873.6500,-1654.6900
4955,875,2294.4300,640.6000,1653.8300
3159,251,2106.3600,453.0500,1653.3100
12677,697,1802.2600,149.1200,1653.1400
18959,689,343.3200,1996.4100,-1653.0900
772,1260,2851.4000,1198.3700,1653.0300
1767,1992,2528.2500,875.9100,1652.3400
4311,655,2627.6100,975.5500,1652.0600
5635,782,3201.3800,1549.5000,1651.8800
7937,104,2260.5000,609.2900,1651.2100
15496,798,3443.0000,1791.9100,1651.0900
18740,716,3563.1800,1912.4300,1650.7500
2210,1051,3439.4000,1788.9700,1650.4300
815,1839,309.5200,1959.7600,-1650.2400
15294,156,1809.9900,159.9400,1650.0500
18665,1305,2669.7000,1019.7700,1649.9300
7016,1636,3054.3900,1404.7300,1649.6600
11586,144,2084.7000,435.5600,1649.1400
4280,786,3510.6000,1861.5900,1649.0100
18010,992,278.6400,1927.2700,-1648.6300
14448,1918,2884.5600,1236.2300,1648.3300
10999,556,1855.3700,207.0400,1648.3300
15662,1388,2528.2500,880.1900,1648.0600
12975,846,3081.4000,1434.0100,1647.3900
19689,136,3523.2800,1875.9600,1647.3200
10677,440,2504.5000,857.7100,1646.7900
5834,351,2742.0000,1095.2500,1646.7500
7707,1275,3597.4400,1950.8300,1646.6100
2563,320,264.5200,1910.9400,-1646.4200
12908,462,3191.3200,1545.1400,1646.1800
13830,1301,2277.0300,631.0900,1645.9400
8330,1079,577.2000,2223.0400,-1645.8400
6649,1805,2607.8200,962.2400,1645.5800
18403,1876,1645.2000,null,1645.2000
9042,858,1645.2000,null,1645.2000
9267,713,3014.7800,1369.6500,1645.1300
17953,1973,3583.8800,1938.9100,1644.9700
8040,968,3081.4000,1436.9600,1644.4400
7703,1984,2157.6800,513.8000,1643.8800
16246,270,133.6400,1777.4400,-1643.8000
7362,1067,339.9700,1983.6500,-1643.6800
17104,1254,3477.2200,1833.9600,1643.2600
1181,1100,3574.7800,1932.0200,1642.7600
1429,1582,1751.7400,109.0500,1642.6900
8982,922,247.0300,1889.7100,-1642.6800
6171,85,1909.7600,267.2700,1642.4900
12322,1074,1642.3200,null,1642.3200
19793,612,1642.3200,null,1642.3200
9564,1117,1642.3200,null,1642.3200
12318,726,2084.7000,442.8300,1641.8700
10368,1180,2143.0000,501.2200,1641.7800
16264,1845,2000.8500,359.2100,1641.6400
6203,203,3604.5200,1962.9700,1641.5500
5073,63,1795.4500,154.6800,1640.7700
16594,1120,3016.6500,1375.9200,1640.7300
6341,1231,2182.8400,542.2200,1640.6200
17078,902,2851.4000,1210.9900,1640.4100
15427,1200,3036.6400,1396.3700,1640.2700
832,1100,2284.1000,644.2500,1639.8500
2848,384,3322.3800,1682.6200,1639.7600
5254,718,1787.3900,147.7700,1639.6200
1819,1777,2165.0400,525.7400,1639.3000
17848,1033,1923.0400,283.7900,1639.2500
2917,1787,1639.0800,null,1639.0800
19620,110,1639.0800,null,1639.0800
10511,508,1639.0800,null,1639.0800
9178,1883,1639.0800,null,1639.0800
15964,297,1639.0800,null,1639.0800
4256,1493,1639.0800,null,1639.0800
8392,481,1639.0800,null,1639.0800
18425,878,2879.3700,1241.4600,1637.9100
9475,1474,2273.7000,635.9500,1637.7500
2925,538,2171.3400,533.6600,1637.6800
19953,1855,3387.6900,1751.9400,1635.7500
13105,1859,1848.0500,212.3700,1635.6800
14185,1826,3390.7500,1755.3700,1635.3800
17566,1894,359.5500,1994.6800,-1635.1300
5173,1430,2119.0200,484.1900,1634.8300
3372,1278,2119.0200,484.5400,1634.4800
14694,944,1827.2800,193.1900,1634.0900
19251,189,3317.4000,1683.3500,1634.0500
4451,1743,2015.7100,381.8500,1633.8600
5453,663,285.5700,1918.7200,-1633.1500
11840,398,192.4000,1824.9800,-1632.5800
13251,1377,1781.5900,149.2200,1632.3700
4147,1490,267.2800,1898.9300,-1631.6500
6161,407,3590.9000,1959.4200,1631.4800
9023,865,2157.6800,526.2700,1631.4100
17249,1912,2387.2000,755.8100,1631.3900
19706,975,3523.2800,1892.3900,1630.8900
6221,1895,3480.3300,1849.8100,1630.5200
14408,1714,3439.4000,1809.1600,1630.2400
6975,632,3674.2400,2044.1200,1630.1200
3686,139,3178.5300,1548.7200,1629.8100
17214,949,3146.9000,1517.4600,1629.4400
501,691,2015.7100,386.7100,1629.0000
7134,1483,2137.3800,508.5200,1628.8600
16379,1972,2119.0200,490.3000,1628.7200
17653,183,3441.7500,1813.0400,1628.7100
14445,977,2000.8500,372.2700,1628.5800
