item_id,order_id,product_id,quantity,unit_price,discount_percent
I0000001,O000001,P00120,3,11861.61,5
I0000002,O000001,P00096,2,111131.07,40
I0000003,O000002,P00398,5,1619.73,10
I0000004,O000002,P00120,3,11391.5,15
I0000005,O000002,P00073,5,18453.4,50
I0000006,O000003,P00437,2,14990.75,20
I0000007,O000004,P00131,2,71013.62,0
I0000008,O000004,P00343,2,513.21,0
I0000009,O000004,P00171,4,6555.25,5
I0000010,O000005,P00480,4,664.55,30
I0000011,O000005,P00212,3,3345.18,10
I0000012,O929229,P00467,2,1542.31,0
I0000013,O000006,P00197,2,4199.45,30
I0000014,O000007,P00016,1,132670.4,20
I0000015,O000007,P00198,5,4604.05,40
I0000016,O000007,P00085,1,52235.45,5
I0000017,O000008,P00082,2,141777.31,30
I0000018,O000009,P00486,4,12219.9,0
I0000019,O000009,P00169,1,2301.71,70
I0000020,O000009,P00147,2,209785.9,10
I0000021,O000010,P00457,1,1124.77,0
I0000022,O000010,P00197,1,5325.56,50
I0000023,O000011,P00440,3,7046.31,70
I0000024,O000011,P00199,2,3542.07,70
I0000025,O000011,P00337,1,789.21,10
I0000026,O000011,P00474,4,1454.34,40
I0000027,O000011,P00390,5,15717.79,10
I0000028,O000012,P00165,5,7808.69,70
I0000029,O000012,P00096,4,105865.22,15
I0000030,O000012,P00546,2,6399.39,20
I0000031,O000013,P00187,2,6015.91,10
I0000032,O000014,P00409,5,10847.86,50
I0000033,O000014,P00417,-4,21795.08,40
I0000034,O000014,P00096,3,122266.23,0
I0000035,O000014,P00331,-4,1572.94,50
I0000036,O000014,P00209,5,6364.27,50
I0000037,O000015,P00444,4,1702.83,70
I0000038,O000016,P00422,1,41205.22,20
I0000039,O000016,P00111,5,41143.79,30
I0000040,O968228,P00060,4,88907.47,15
I0000041,O000017,P00529,3,5981.94,20
I0000042,O000017,P00140,3,242901.29,50
I0000043,O000017,P00121,2,66185.87,0
I0000044,O000018,P00224,3,5829.75,20
I0000045,O000019,P00129,5,162571.07,15
I0000046,O000019,P00141,1,138535.78,0
I0000047,O000019,P00019,4,191663.76,5
I0000048,O000020,P00505,3,25794.6,20
I0000049,O000020,P00409,2,15940.13,10
I0000050,O000021,P00333,1,1660.26,20
I0000051,O000021,P00155,3,105751.92,5
I0000052,O000022,P00417,4,29868.56,30
I0000053,O000023,P00406,5,38094.02,70
I0000054,O000023,P00036,1,162798.75,40
I0000055,O000023,P00529,1,5783.47,30
I0000056,O000023,P00170,1,7092.0,15
I0000057,O000023,P00018,5,52721.46,70
I0000058,O000024,P00026,1,5959.48,5
I0000059,O000025,P00092,4,191046.82,0
I0000060,O000025,P00222,3,7875.68,10
I0000061,O000025,P00198,5,7310.35,70
I0000062,O000026,P00387,5,8567.07,30
I0000063,O000026,P00078,4,230521.25,40
I0000064,O000026,P00096,1,144536.26,40
I0000065,O000026,P00470,4,2319.13,15
I0000066,O000026,P00202,4,1521.97,10
I0000067,O000027,P00426,2,20151.68,5
I0000068,O000027,P00514,3,10721.52,50
I0000069,O000027,P00470,3,2698.15,0
I0000070,O000027,P00145,4,119479.27,70
I0000071,O000027,P00197,2,3571.89,5
I0000072,O000028,P00329,1,692.94,10
I0000073,O000028,P00505,-3,21853.6,0
I0000074,O000028,P00349,1,1906.86,0
I0000075,O000028,P00118,2,87792.4,70
I0000076,O000029,P00145,2,95151.24,0
I0000077,O000029,P00247,1,6620.23,20
I0000078,O000029,P00193,1,2927.33,0
I0000079,O000029,P00381,2,21863.62,127
I0000080,O000029,P00480,-4,661.17,20
I0000081,O000030,P00268,1,3977.51,10
I0000082,O000030,P00047,5,81971.12,70
I0000083,O000030,P00332,3,2425.84,20
I0000084,O000030,P00082,4,198592.83,20
I0000085,O000031,P00414,3,34354.83,10
I0000086,O000031,P00538,1,962.71,10
I0000087,O000031,P00190,2,6786.74,70
I0000088,O000031,P00197,1,5123.97,40
I0000089,O000031,P00430,4,33414.09,20
I0000090,O000032,P00497,1,2936.48,30
I0000091,O000033,P00381,3,17570.68,70
I0000092,O000033,P00505,4,31225.49,15
I0000093,O000033,P00525,2,10100.98,10
I0000094,O000033,P00486,3,9698.66,20
I0000095,O000034,P00072,3,45253.97,70
I0000096,O000034,P00012,5,118282.69,0
I0000097,O000035,P00512,1,4050.16,15
I0000098,O000036,P00127,5,208951.1,50
I0000099,O000036,P00382,2,31532.8,0
I0000100,O000036,P00497,5,3838.96,10
I0000101,O000037,P00497,2,2385.57,50
I0000102,O000037,P00457,5,949.7,10
I0000103,O000037,P00174,2,598.43,0
I0000104,O000037,P00407,5,26140.82,50
I0000105,O000037,P00533,3,5405.86,50
I0000106,O000038,P00141,3,202098.4,5
I0000107,O000038,P00295,3,385.76,0
I0000108,O000038,P00171,4,6272.98,70
I0000109,O000038,P00065,1,79976.47,40
I0000110,O000038,P00080,2,104088.12,5
I0000111,O000039,P00073,1,13735.06,5
I0000112,O000039,P00497,5,3272.16,10
I0000113,O000039,P00031,4,4526.38,70
I0000114,O000040,P00398,2,1583.82,10
I0000115,O000040,P00450,1,514.85,70
I0000116,O000040,P00080,4,161075.83,40
I0000117,O000040,P00018,-3,54813.23,0
I0000118,O000040,P00409,4,17515.47,5
I0000119,O000041,P00018,2,34105.11,0
I0000120,O000041,P00188,4,628.41,10
I0000121,O000041,P00229,2,2942.66,15
I0000122,O000041,P00225,1,3142.6,20
I0000123,O000042,P00331,3,1396.95,20
I0000124,O000042,P00381,4,22177.1,50
I0000125,O000042,P00111,0,28456.08,10
I0000126,O977315,P00197,3,5344.42,30
I0000127,O000042,P00305,5,1536.48,15
I0000128,O000043,P00331,3,1311.31,40
I0000129,O000043,P00466,4,2179.45,5
I0000130,O000044,P00365,2,1294.26,10
I0000131,O000044,P00410,5,53366.64,50
I0000132,O000044,P00092,2,167499.66,70
I0000133,O000044,P00268,2,3132.8,10
I0000134,O000044,P00343,2,422.84,20
I0000135,O000045,P00251,2,6613.49,30
I0000136,O000045,P00080,3,192189.29,10
I0000137,O000045,P00101,1,174649.69,70
I0000138,O000046,P00036,5,158465.86,50
I0000139,O000046,P00141,3,146283.66,50
I0000140,O000046,P00255,2,1944.16,20
I0000141,O000047,P00070,4,162017.84,15
I0000142,O000047,P00070,3,136613.03,113
I0000143,O000047,P00090,2,23646.08,10
I0000144,O000047,P00202,1,1803.38,50
I0000145,O000047,P00179,4,6868.23,0
I0000146,O000048,P00197,2,4860.68,15
I0000147,O000048,P00092,2,217632.89,0
I0000148,O000048,P00228,3,10878.99,70
I0000149,O000049,P00397,1,32950.11,0
I0000150,O000049,P00224,3,5615.89,15
I0000151,O000050,P00457,1,1004.14,70
I0000152,O000051,P00188,3,768.19,50
I0000153,O000052,P00398,3,1072.85,50
I0000154,O000052,P00281,4,2378.57,40
I0000155,O000053,P00398,3,1159.45,15
I0000156,O000054,P00407,3,36476.77,30
I0000157,O000054,P00390,5,15014.93,5
I0000158,O000054,P00305,2,2220.77,70
I0000159,O000054,P00546,4,5851.44,5
I0000160,O000055,P00018,3,46138.46,30
I0000161,O000055,P00538,1,1111.38,40
I0000162,O000055,P00198,4,5999.2,70
I0000163,O000055,P00440,5,6991.99,5
I0000164,O000055,P00024,2,106102.71,15
I0000165,O000056,P00242,1,912.44,50
I0000166,O000057,P00080,-2,175262.17,40
I0000167,O000057,P00343,4,424.71,40
I0000168,O000057,P00497,4,2947.09,50
I0000169,O000057,P00198,4,8165.84,50
I0000170,O000057,P00198,2,6837.42,40
I0000171,O000058,P00486,1,14819.03,70
I0000172,O000058,P00515,2,26524.79,20
I0000173,O000059,P00457,4,1062.81,10
I0000174,O000059,P00474,5,1028.4,10
I0000175,O000059,P00072,3,54759.49,10
I0000176,O000059,P00129,3,144342.44,30
I0000177,O000059,P00198,5,4641.69,20
I0000178,O000060,P00070,5,205249.38,5
I0000179,O000060,P00190,5,5465.95,30
I0000180,O000060,P00026,4,6039.7,50
I0000181,O000061,P00337,4,878.9,50
I0000182,O000061,P00457,2,1203.3,0
I0000183,O000061,P00473,2,2415.45,15
I0000184,O000061,P00486,1,11954.98,5
I0000185,O000062,P00012,4,163350.02,70
I0000186,O000062,P00212,1,3753.77,70
I0000187,O000062,P00486,1,15076.64,40
I0000188,O000062,P00121,-4,69031.04,0
I0000189,O000063,P00072,5,42250.44,0
I0000190,O000064,P00074,4,125816.0,20
I0000191,O000064,P00365,4,1953.13,0
I0000192,O000065,P00059,5,123868.4,0
I0000193,O000066,P00013,4,185002.82,0
I0000194,O000067,P00080,4,133170.91,15
I0000195,O000067,P00407,3,33879.73,20
I0000196,O000067,P00012,2,98926.22,30
I0000197,O000068,P00220,3,6402.18,40
I0000198,O000068,P00199,4,3803.59,50
I0000199,O000068,P00444,2,2042.88,70
I0000200,O000069,P00065,4,128531.31,15
I0000201,O000069,P00384,2,4713.55,70
I0000202,O000069,P00391,3,13502.83,20
I0000203,O000070,P00525,2,7555.46,5
I0000204,O000071,P00467,5,1309.63,30
I0000205,O000072,P00398,5,1168.7,20
I0000206,O000072,P00389,2,3485.33,10
I0000207,O000072,P00329,0,1055.23,0
I0000208,O000072,P00414,5,48272.89,30
I0000209,O000073,P00012,5,108698.69,50
I0000210,O000073,P00381,5,23694.6,30
I0000211,O000073,P00158,4,95917.25,40
I0000212,O000073,P00409,-4,11549.52,30
I0000213,O000074,P00409,3,18627.18,0
I0000214,O000074,P00411,3,1923.22,10
I0000215,O000075,P00343,4,502.49,50
I0000216,O000075,P00422,2,52927.06,10
I0000217,O000075,P00406,2,50807.78,10
I0000218,O000075,P00193,5,4154.91,70
I0000219,O000076,P00343,4,438.46,40
I0000220,O000076,P00306,3,1020.78,20
I0000221,O000076,P00065,1,94473.51,104
I0000222,O000077,P00070,4,168768.4,15
I0000223,O000077,P00538,5,1553.12,40
I0000224,O000077,P00080,5,168554.33,30
I0000225,O000077,P00171,4,8508.57,10
I0000226,O000078,P00338,5,684.87,5
I0000227,O000078,P00229,5,2457.77,70
I0000228,O000078,P00171,5,6661.76,15
I0000229,O000078,P00437,5,13618.59,50
I0000230,O000078,P00388,2,10983.85,70
I0000231,O000079,P00295,2,328.79,30
I0000232,O000079,P00386,1,17114.8,20
I0000233,O000080,P00393,2,60369.63,10
I0000234,O000080,P00450,1,767.47,20
I0000235,O000081,P00433,4,48796.11,15
I0000236,O000081,P00473,2,2971.63,70
I0000237,O000082,P00512,2,7597.19,0
I0000238,O000082,P00281,4,2889.3,10
I0000239,O000082,P00131,3,69025.28,15
I0000240,O000083,P00072,1,45371.97,0
I0000241,O000083,P00164,4,8676.34,50
I0000242,O000083,P00339,4,1342.01,30
I0000243,O970218,P00170,2,6140.24,70
I0000244,O000083,P00467,1,2126.64,20
I0000245,O000084,P00444,3,1456.48,30
I0000246,O000085,P00409,2,15651.72,10
I0000247,O000085,P00256,-5,536.09,40
I0000248,O000085,P00194,2,2097.57,5
I0000249,O000085,P00047,5,55776.42,15
I0000250,O000085,P00358,3,9776.11,70
I0000251,O000086,P00097,4,78311.52,40
I0000252,O000086,P00387,3,9480.05,0
I0000253,O000086,P00229,4,2433.73,70
I0000254,O000086,P00096,4,143051.7,50
I0000255,O000087,P00229,4,3595.36,5
I0000256,O000088,P00320,5,140.23,15
I0000257,O000088,P00070,3,133430.41,40
I0000258,O000088,P00070,1,117536.93,50
I0000259,O000088,P00262,2,8780.64,5
I0000260,O000088,P00388,0,11892.83,40
I0000261,O000089,P00197,5,3403.92,50
I0000262,O000089,P00171,1,7697.57,40
I0000263,O000090,P00320,5,147.1,0
I0000264,O000090,P00190,5,6833.61,5
I0000265,O000090,P00512,4,2180.3,20
I0000266,O000091,P00467,2,1984.59,40
I0000267,O000091,P00033,3,104245.15,10
I0000268,O000092,P00284,3,2684.63,0
I0000269,O000092,P00171,5,10910.76,15
I0000270,O000092,P00384,3,8345.38,40
I0000271,O000093,P00145,-3,84083.38,10
I0000272,O000094,P00479,1,3006.76,50
I0000273,O000094,P00198,5,6357.17,70
I0000274,O000094,P00019,3,159997.47,15
I0000275,O000094,P00190,1,4674.32,0
I0000276,O000094,P00527,4,8687.29,70
I0000277,O000095,P00036,1,110768.43,15
I0000278,O000095,P00172,3,5866.81,40
I0000279,O000096,P00497,1,3928.68,15
I0000280,O000096,P00225,5,3292.42,0
I0000281,O000096,P00233,5,7096.97,10
I0000282,O000097,P00063,5,1126.32,70
I0000283,O000097,P00407,3,29205.39,30
I0000284,O000098,P00148,5,228993.1,70
I0000285,O000098,P00087,5,22073.56,0
I0000286,O000098,P00332,2,1531.36,0
I0000287,O000098,P00457,4,1051.09,50
I0000288,O000099,P00534,2,3711.69,5
I0000289,O000100,P00415,3,32747.47,5
I0000290,O987914,P00515,1,24697.43,40
I0000291,O000101,P00443,5,2118.77,10
I0000292,O000101,P00466,5,2459.3,10
I0000293,O000101,P00061,2,179912.24,5
I0000294,O000101,P00467,3,1220.68,10
I0000295,O000102,P00213,1,5175.76,0
I0000296,O000102,P00170,1,6784.54,15
I0000297,O000102,P00043,-5,153547.15,50
I0000298,O000102,P00538,2,824.91,30
I0000299,O000103,P00063,4,1056.82,70
I0000300,O000104,P00405,2,24214.54,70
I0000301,O000104,P00390,5,18157.56,0
I0000302,O000104,P00212,4,3797.81,5
I0000303,O000104,P00154,2,80330.28,40
I0000304,O000104,P00473,3,2242.15,0
I0000305,O000105,P00035,1,141008.57,40
I0000306,O000105,P00320,3,163.25,40
I0000307,O000105,P00521,4,9861.28,10
I0000308,O000105,P00145,3,93165.38,15
I0000309,O000105,P00470,4,1995.81,15
I0000310,O000106,P00514,1,12421.37,50
I0000311,O000106,P00514,1,8061.15,15
I0000312,O000106,P00326,4,817.89,10
I0000313,O000106,P00548,4,2790.53,70
I0000314,O000107,P00059,2,159863.25,40
I0000315,O000107,P00467,1,1844.13,20
I0000316,O000107,P00320,3,139.82,0
I0000317,O000107,P00015,1,37290.37,70
I0000318,O000108,P00467,3,2169.92,20
I0000319,O000108,P00152,2,16319.45,10
I0000320,O000108,P00134,5,35868.86,15
I0000321,O000108,P00525,2,11999.13,10
I0000322,O951012,P00010,2,29344.59,30
I0000323,O000110,P00070,4,146843.24,40
I0000324,O000110,P00338,5,966.92,40
I0000325,O000111,P00466,2,2817.13,0
I0000326,O000111,P00384,-2,7568.56,10
I0000327,O000111,P00116,4,225823.06,50
I0000328,O000111,P00121,4,72508.88,20
I0000329,O000111,P00398,1,1124.14,70
I0000330,O000112,P00193,5,3499.29,10
I0000331,O000113,P00172,4,9064.4,30
I0000332,O000113,P00145,5,84924.64,15
I0000333,O000113,P00064,4,217900.89,15
I0000334,O000113,P00393,4,42883.46,20
I0000335,O000113,P00470,2,1966.24,0
I0000336,O000114,P00541,5,3954.62,40
I0000337,O000114,P00331,4,888.74,30
I0000338,O000114,P00122,1,200183.03,40
I0000339,O000114,P00198,1,6384.01,0
I0000340,O000114,P00407,1,40488.35,70
I0000341,O000115,P00209,-5,5334.56,0
I0000342,O000116,P00101,1,117239.41,70
I0000343,O000116,P00320,5,100.02,30
I0000344,O000116,P00417,2,28834.84,30
I0000345,O000116,P00331,1,1092.52,5
I0000346,O000116,P00437,1,12580.51,10
I0000347,O000117,P00405,3,28430.48,40
I0000348,O000117,P00212,4,2988.54,20
I0000349,O000117,P00019,1,241801.54,5
I0000350,O000118,P00020,4,112441.41,15
I0000351,O000119,P00197,1,3454.06,30
I0000352,O000119,P00171,1,11051.71,5
I0000353,O000119,P00381,5,24367.12,20
I0000354,O000119,P00013,3,190655.58,5
I0000355,O000119,P00384,4,4869.33,5
I0000356,O000120,P00072,2,65265.63,15
I0000357,O000120,P00414,2,35987.94,15
I0000358,O000120,P00023,3,46086.96,40
I0000359,O000120,P00012,4,170606.74,10
I0000360,O000120,P00470,3,2690.54,0
I0000361,O000121,P00478,4,1564.95,40
I0000362,O000121,P00365,2,1867.04,70
I0000363,O000121,P00082,3,144314.93,70
I0000364,O000121,P00393,3,43571.65,15
I0000365,O000121,P00338,3,742.76,5
I0000366,O000122,P00178,4,12466.79,50
I0000367,O915379,P00229,3,3291.11,70
I0000368,O000123,P00457,3,734.64,5
I0000369,O000123,P00188,3,653.18,70
I0000370,O000124,P00343,3,529.51,70
I0000371,O000124,P00072,3,57908.63,30
I0000372,O000124,P00320,1,174.21,20
I0000373,O000125,P00047,2,48932.85,40
I0000374,O000125,P00466,4,2657.55,30
I0000375,O000125,P00466,1,2565.62,30
I0000376,O000125,P00070,3,138267.08,10
I0000377,O000126,P00474,1,1579.31,40
I0000378,O000127,P00012,0,165105.93,20
I0000379,O000127,P00448,0,3169.24,40
I0000380,O000127,P00205,1,4492.03,15
I0000381,O000127,P00486,3,13907.03,10
I0000382,O000128,P00533,2,6781.29,20
I0000383,O000129,P00012,2,108673.28,5
I0000384,O000129,P00534,2,3876.66,5
I0000385,O918628,P00079,2,4766.42,10
I0000386,O000130,P00332,2,1816.08,10
I0000387,O000130,P00036,5,85740.45,30
I0000388,O000130,P00202,5,1611.99,40
I0000389,O000131,P00224,3,3269.45,15
I0000390,O000132,P00415,4,20871.53,50
I0000391,O000133,P00121,3,61794.09,0
I0000392,O000133,P00457,1,973.37,15
I0000393,O000133,P00533,1,5915.86,5
I0000394,O000133,P00350,1,516.97,10
I0000395,O000133,P00443,2,2161.15,50
I0000396,O000134,P00198,3,5244.69,20
I0000397,O000134,P00314,4,572.01,50
I0000398,O000134,P00169,1,3411.58,40
I0000399,O000134,P00437,0,11820.92,5
I0000400,O000134,P00065,5,98624.16,10
I0000401,O000135,P00018,2,33296.37,50
I0000402,O000135,P00437,2,16611.62,20
I0000403,O000135,P00053,2,115787.87,20
I0000404,O000136,P00096,3,111981.93,70
I0000405,O000136,P00171,3,8271.64,10
I0000406,O000137,P00305,4,1296.17,50
I0000407,O000137,P00391,5,11473.7,20
I0000408,O000137,P00514,3,7805.05,30
I0000409,O000137,P00477,3,1912.55,15
I0000410,O000137,P00018,-5,57942.97,15
I0000411,O000138,P00329,5,1233.44,40
I0000412,O000138,P00413,2,16968.31,0
I0000413,O000138,P00226,2,5212.36,30
I0000414,O000138,P00127,3,213905.05,0
I0000415,O000138,P00316,3,2478.14,50
I0000416,O000139,P00229,-5,3728.96,50
I0000417,O000139,P00037,1,56230.17,70
I0000418,O000139,P00505,1,19864.42,5
I0000419,O000139,P00466,3,1767.14,40
I0000420,O000140,P00320,5,118.41,10
I0000421,O000140,P00404,2,928.41,20
I0000422,O000140,P00337,-2,894.2,5
I0000423,O000140,P00224,4,4348.78,20
I0000424,O000141,P00390,5,16741.65,50
I0000425,O000141,P00202,2,2004.47,70
I0000426,O000141,P00497,3,3114.86,10
I0000427,O000142,P00437,1,14211.0,50
I0000428,O000142,P00065,2,100628.8,20
I0000429,O000143,P00040,4,178571.21,20
I0000430,O000143,P00108,5,101187.73,10
I0000431,O000144,P00467,4,2306.88,40
I0000432,O000144,P00172,5,6525.53,50
I0000433,O000144,P00466,3,2491.27,40
I0000434,O000144,P00331,5,952.85,70
I0000435,O000144,P00390,5,13829.14,15
I0000436,O000145,P00188,4,606.65,15
I0000437,O000146,P00096,-5,180360.84,5
I0000438,O000146,P00052,4,103185.62,30
I0000439,O000146,P00078,2,201529.43,10
I0000440,O000146,P00026,1,8230.57,0
I0000441,O000146,P00437,-5,17792.42,50
I0000442,O000147,P00408,5,55730.11,5
I0000443,O000147,P00293,2,795.25,30
I0000444,O000148,P00332,1,2210.41,10
I0000445,O000148,P00016,3,216413.59,30
I0000446,O000148,P00338,5,1015.27,50
I0000447,O000148,P00145,5,76519.93,5
I0000448,O000148,P00486,1,14396.24,70
I0000449,O000149,P00149,5,93560.51,5
I0000450,O000150,P00065,3,101153.52,15
I0000451,O000151,P00538,4,1470.59,0
I0000452,O000151,P00065,5,81374.15,70
I0000453,O000151,P00212,1,4799.82,10
I0000454,O000151,P00331,5,1165.62,40
I0000455,O000151,P00212,5,3696.51,0
I0000456,O000152,P00457,2,878.45,0
I0000457,O000152,P00096,5,195285.44,15
I0000458,O000152,P00073,1,13437.23,50
I0000459,O000152,P00497,2,3295.13,5
I0000460,O000152,P00513,3,31497.95,5
I0000461,O000153,P00121,3,73484.59,30
I0000462,O000153,P00288,4,2829.23,10
I0000463,O000153,P00237,4,3702.9,50
I0000464,O966785,P00080,3,185712.04,10
I0000465,O000153,P00202,2,1380.8,10
I0000466,O000154,P00293,1,1325.63,30
I0000467,O000154,P00212,5,2716.93,0
I0000468,O000155,P00497,4,3246.56,70
I0000469,O000155,P00311,1,1377.59,10
I0000470,O000156,P00171,2,9451.54,30
I0000471,O000156,P00224,5,4435.4,5
I0000472,O000156,P00043,2,232553.69,10
I0000473,O000156,P00526,2,443.17,20
I0000474,O000157,P00430,5,57678.59,10
I0000475,O000157,P00414,4,44298.8,5
I0000476,O000158,P00065,3,85811.16,30
I0000477,O000159,P00365,5,1254.94,40
I0000478,O000159,P00332,4,1621.78,5
I0000479,O000159,P00012,3,105541.19,40
I0000480,O000159,P00397,4,28396.42,30
I0000481,O000160,P00390,3,11985.0,30
I0000482,O000160,P00409,1,18210.67,10
I0000483,O000160,P00212,2,3465.08,20
I0000484,O000160,P00317,4,251.89,70
I0000485,O000160,P00035,2,138606.2,50
I0000486,O000161,P00154,5,85281.18,70
I0000487,O000161,P00224,2,3525.95,15
I0000488,O000161,P00016,1,161927.72,5
I0000489,O000161,P00393,5,48810.74,40
I0000490,O000162,P00111,3,47727.8,5
I0000491,O000162,P00121,4,52460.97,0
I0000492,O000162,P00248,3,5227.66,40
I0000493,O000163,P00015,4,38399.59,0
I0000494,O000164,P00470,1,1470.32,70
I0000495,O000164,P00262,4,7527.68,40
I0000496,O000165,P00026,1,7417.19,50
I0000497,O000165,P00332,2,1571.46,20
I0000498,O000166,P00371,0,4620.92,10
I0000499,O000166,P00015,3,61537.47,50
I0000500,O000167,P00480,5,781.07,0
I0000501,O913094,P00228,4,6971.85,70
I0000502,O000168,P00085,-4,62753.64,20
I0000503,O000169,P00145,1,137581.21,0
I0000504,O000169,P00341,2,877.28,40
I0000505,O000169,P00331,1,1227.14,5
I0000506,O000169,P00473,2,3027.67,50
I0000507,O000169,P00078,5,221148.58,70
I0000508,O000170,P00307,3,472.58,50
I0000509,O000170,P00005,3,55881.61,5
I0000510,O000170,P00546,1,6692.26,20
I0000511,O000170,P00188,2,732.28,40
I0000512,O000170,P00372,4,4485.47,0
I0000513,O000171,P00012,3,100308.63,40
I0000514,O000172,P00384,0,4748.69,5
I0000515,O000172,P00523,1,15811.15,50
I0000516,O000172,P00145,3,139089.81,20
I0000517,O000172,P00045,2,37723.64,10
I0000518,O000173,P00141,3,134975.05,15
I0000519,O000173,P00407,4,39054.71,5
I0000520,O000173,P00407,4,39627.03,5
I0000521,O000174,P00202,4,1852.72,40
I0000522,O000174,P00457,4,953.54,15
I0000523,O000174,P00415,3,34401.58,0
I0000524,O000174,P00390,4,11562.34,40
I0000525,O000175,P00497,5,3279.2,5
I0000526,O000176,P00141,2,131915.1,40
I0000527,O000176,P00229,1,2530.14,40
I0000528,O000176,P00467,2,1584.53,15
I0000529,O000176,P00412,1,9583.29,20
I0000530,O000177,P00514,5,8083.65,70
I0000531,O000177,P00538,1,1211.63,50
I0000532,O000177,P00065,4,106731.11,50
I0000533,O000177,P00437,5,15375.17,40
I0000534,O000178,P00351,3,1732.15,5
I0000535,O000179,P00188,4,834.94,30
I0000536,O000180,P00070,2,182668.68,70
I0000537,O000180,P00249,2,6856.51,20
I0000538,O000180,P00121,2,46696.92,5
I0000539,O000181,P00019,-5,132952.75,5
I0000540,O000181,P00281,3,2245.8,40
I0000541,O000181,P00190,1,8048.74,20
I0000542,O000182,P00188,4,739.08,5
I0000543,O000182,P00079,5,7034.64,70
I0000544,O000182,P00198,3,4693.25,50
I0000545,O000182,P00078,1,179786.59,10
I0000546,O000183,P00414,1,35589.77,70
I0000547,O000183,P00046,4,76694.79,70
I0000548,O000183,P00102,1,146337.72,70
I0000549,O000183,P00426,-3,17346.53,0
I0000550,O000184,P00013,1,126576.9,0
I0000551,O000184,P00190,1,6322.3,15
I0000552,O000185,P00143,-3,90581.61,40
I0000553,O000185,P00170,5,5160.74,0
I0000554,O000185,P00229,2,3757.84,10
I0000555,O000185,P00514,2,13277.33,15
I0000556,O000185,P00085,1,58279.14,10
I0000557,O000186,P00127,5,184311.13,50
I0000558,O000187,P00361,3,866.68,30
I0000559,O000187,P00466,2,2774.05,50
I0000560,O000188,P00525,4,8274.3,50
I0000561,O000188,P00025,-3,109081.23,5
I0000562,O000188,P00541,2,3414.23,10
I0000563,O000188,P00268,3,2956.69,10
I0000564,O000188,P00512,2,2582.8,15
I0000565,O000189,P00057,-2,174146.64,15
I0000566,O000189,P00012,-1,131330.03,20
I0000567,O000189,P00529,5,5062.55,50
I0000568,O000189,P00320,4,118.12,70
I0000569,O000190,P00128,5,39120.75,30
I0000570,O000190,P00466,4,2334.34,30
I0000571,O000190,P00247,1,7595.24,0
I0000572,O000190,P00047,4,57967.89,5
I0000573,O000191,P00250,3,1616.67,20
I0000574,O000191,P00341,4,977.34,0
I0000575,O000192,P00546,2,4771.77,5
I0000576,O000192,P00343,3,376.94,20
I0000577,O000192,P00188,2,884.1,30
I0000578,O000193,P00171,1,7809.42,20
I0000579,O000193,P00457,5,1111.21,30
I0000580,O000193,P00065,1,126276.03,0
I0000581,O000194,P00512,5,5640.71,5
I0000582,O000194,P00188,5,482.83,0
I0000583,O000194,P00332,5,1993.28,0
I0000584,O000195,P00497,4,2715.67,70
I0000585,O000195,P00397,3,26749.66,20
I0000586,O000195,P00190,2,5800.21,5
I0000587,O000196,P00527,3,6710.76,50
I0000588,O000196,P00202,5,2412.96,30
I0000589,O000197,P00393,5,53141.67,10
I0000590,O000197,P00407,1,37719.63,20
I0000591,O000197,P00096,5,120981.22,70
I0000592,O000198,P00121,1,43167.47,10
I0000593,O000198,P00427,1,2001.38,10
I0000594,O000198,P00530,3,1334.75,50
I0000595,O000199,P00272,5,4572.18,5
I0000596,O000199,P00190,3,7615.49,0
I0000597,O000199,P00497,4,2317.42,0
I0000598,O000199,P00065,2,125690.33,70
I0000599,O000199,P00005,2,41449.74,10
I0000600,O000200,P00193,2,2669.72,70
I0000601,O000200,P00108,2,157205.11,50
I0000602,O000200,P00096,4,176997.11,15
I0000603,O000200,P00170,5,4793.01,20
I0000604,O000200,P00546,1,7620.1,70
I0000605,O000201,P00497,3,2841.29,50
I0000606,O000201,P00053,1,146772.36,5
I0000607,O000201,P00407,2,23973.78,5
I0000608,O000202,P00505,4,26853.14,20
I0000609,O000202,P00212,4,3672.67,40
I0000610,O000202,P00304,3,505.7,30
I0000611,O000202,P00470,2,2429.73,5
I0000612,O000202,P00550,1,5103.26,0
I0000613,O000203,P00171,1,11359.91,20
I0000614,O000203,P00154,1,92544.13,0
I0000615,O000204,P00466,2,2925.33,15
I0000616,O000204,P00333,2,2207.86,145
I0000617,O000204,P00131,2,85389.96,40
I0000618,O000204,P00407,2,32067.41,50
I0000619,O000205,P00533,1,6922.08,15
I0000620,O000205,P00437,1,11208.5,0
I0000621,O000206,P00320,5,135.14,5
I0000622,O000206,P00118,1,75881.24,30
I0000623,O000206,P00338,3,1112.06,5
I0000624,O000206,P00257,1,723.02,70
I0000625,O000206,P00393,2,34985.76,30
I0000626,O000207,P00102,3,208925.51,30
I0000627,O000207,P00505,5,24614.1,30
I0000628,O000208,P00453,2,1886.17,40
I0000629,O000209,P00127,1,148715.39,50
I0000630,O000209,P00450,1,630.2,50
I0000631,O000209,P00080,3,188863.88,50
I0000632,O000209,P00153,1,80555.42,50
I0000633,O000210,P00496,5,1931.01,141
I0000634,O000210,P00322,3,568.52,15
I0000635,O000210,P00072,5,47968.69,15
I0000636,O000210,P00388,3,8564.11,15
I0000637,O000211,P00307,1,615.73,0
I0000638,O000212,P00070,1,151076.01,70
I0000639,O000212,P00341,1,967.96,70
I0000640,O000213,P00026,2,6575.89,0
I0000641,O000213,P00063,2,1573.42,50
I0000642,O000214,P00289,3,1947.66,40
I0000643,O000214,P00065,5,81551.74,70
I0000644,O000214,P00012,4,115665.97,20
I0000645,O000214,P00154,1,103396.32,0
I0000646,O000215,P00512,1,3280.71,5
I0000647,O000215,P00450,-4,443.46,5
I0000648,O000215,P00190,2,5294.1,20
I0000649,O000215,P00127,4,177990.99,5
I0000650,O000215,P00177,3,7592.08,70
I0000651,O000216,P00212,3,4966.85,20
I0000652,O000216,P00482,2,1015.14,40
I0000653,O000216,P00305,2,1515.43,5
I0000654,O000216,P00224,5,5405.42,15
I0000655,O000216,P00170,4,5151.81,15
I0000656,O000217,P00197,4,4769.89,20
I0000657,O000217,P00417,4,17692.54,5
I0000658,O000217,P00170,2,4868.56,20
I0000659,O000217,P00026,5,6216.21,50
I0000660,O000218,P00457,2,1012.91,15
I0000661,O000218,P00514,3,9728.48,20
I0000662,O000219,P00514,4,12048.22,5
I0000663,O000219,P00131,3,86990.44,50
I0000664,O000220,P00331,5,1245.7,10
I0000665,O000220,P00407,4,27526.16,50
I0000666,O000220,P00224,2,3495.37,20
I0000667,O000220,P00145,2,112909.67,10
I0000668,O000220,P00512,4,3037.27,50
I0000669,O000221,P00422,1,56186.54,20
I0000670,O000221,P00393,1,36021.28,30
I0000671,O000221,P00414,3,30476.11,10
I0000672,O000221,P00281,5,2044.36,10
I0000673,O000221,P00096,2,141966.89,10
I0000674,O000222,P00529,2,8290.4,70
I0000675,O000222,P00437,2,13974.09,50
I0000676,O000222,P00306,3,1705.1,0
I0000677,O000222,P00273,3,8869.97,0
I0000678,O000222,P00338,5,751.16,30
I0000679,O000223,P00141,4,195392.45,40
I0000680,O000223,P00422,1,41401.09,30
I0000681,O000223,P00063,3,1233.32,20
I0000682,O000223,P00170,4,7206.83,70
I0000683,O000224,P00466,4,2223.88,20
I0000684,O000224,P00389,2,3638.73,5
I0000685,O000224,P00121,0,80682.18,20
I0000686,O000224,P00520,1,22941.1,0
I0000687,O000224,P00509,1,2528.29,10
I0000688,O000225,P00085,3,57043.45,40
I0000689,O000226,P00496,1,2232.84,70
I0000690,O000226,P00331,1,1251.29,15
I0000691,O000226,P00365,2,1617.29,70
I0000692,O000226,P00141,4,122734.94,50
I0000693,O000226,P00320,1,118.41,5
I0000694,O000227,P00082,4,149314.44,20
I0000695,O000227,P00031,3,3756.31,30
I0000696,O000227,P00037,3,62355.45,5
I0000697,O000228,P00384,5,7230.75,10
I0000698,O000229,P00481,1,1007.1,10
I0000699,O000229,P00322,5,823.14,15
I0000700,O000229,P00466,2,2530.65,10
I0000701,O000229,P00527,1,7376.02,50
I0000702,O000229,P00212,4,3192.79,0
I0000703,O000230,P00497,3,2749.14,70
I0000704,O000230,P00096,5,151474.08,20
I0000705,O000230,P00118,4,105039.71,0
I0000706,O000230,P00281,1,2532.02,5
I0000707,O000230,P00018,2,37591.6,70
I0000708,O000231,P00387,1,7136.77,20
I0000709,O000231,P00526,3,397.31,30
I0000710,O000232,P00013,4,151422.12,20
I0000711,O000232,P00213,2,6300.97,10
I0000712,O000233,P00474,4,1151.86,70
I0000713,O000233,P00338,2,940.96,0
I0000714,O000233,P00538,3,1383.63,15
I0000715,O000233,P00457,3,1073.8,20
I0000716,O000234,P00463,4,2382.4,0
I0000717,O000234,P00484,4,703.5,0
I0000718,O000235,P00018,-5,39358.34,70
I0000719,O000235,P00170,3,6366.52,30
I0000720,O000235,P00320,1,176.51,10
I0000721,O000235,P00080,2,160679.94,10
I0000722,O000236,P00467,1,1786.21,20
I0000723,O000237,P00197,1,4225.62,50
I0000724,O000237,P00170,1,7378.4,10
I0000725,O000237,P00003,5,128154.38,20
I0000726,O000237,P00080,5,127910.97,70
I0000727,O000238,P00066,5,57438.45,5
I0000728,O000238,P00316,2,2547.91,50
I0000729,O000239,P00428,5,9744.09,20
I0000730,O000239,P00129,3,134396.76,70
I0000731,O000239,P00248,3,7938.28,40
I0000732,O000239,P00209,1,5127.71,50
I0000733,O000239,P00087,3,30725.75,30
I0000734,O000240,P00422,1,49784.23,40
I0000735,O000240,P00381,5,19673.84,0
I0000736,O000240,P00141,5,121078.4,10
I0000737,O000240,P00072,3,45174.8,70
I0000738,O000240,P00479,2,1786.77,30
I0000739,O000241,P00026,4,5466.38,50
I0000740,O000242,P00331,1,1506.76,70
I0000741,O000242,P00250,3,1711.69,40
I0000742,O000242,P00466,3,2996.29,5
I0000743,O000242,P00178,2,10222.5,50
I0000744,O000243,P00018,4,36299.43,40
I0000745,O000244,P00343,1,367.41,50
I0000746,O000244,P00262,-3,6771.35,15
I0000747,O000244,P00224,2,5681.54,50
I0000748,O000245,P00070,3,203072.8,70
I0000749,O964851,P00415,-4,22778.17,0
I0000750,O000246,P00538,4,858.0,70
I0000751,O000247,P00140,5,211543.19,70
I0000752,O000247,P00437,3,15990.72,70
I0000753,O000248,P00070,1,124154.6,20
I0000754,O000248,P00415,3,23536.27,30
I0000755,O000248,P00121,3,49770.91,70
I0000756,O000248,P00057,1,144461.86,30
I0000757,O000249,P00466,2,2218.91,10
I0000758,O000249,P00457,5,968.44,30
I0000759,O000249,P00422,4,52813.83,40
I0000760,O000250,P00145,1,126107.43,40
I0000761,O000250,P00408,4,30511.51,5
I0000762,O000250,P00410,4,51174.65,5
I0000763,O000250,P00063,2,1041.65,40
I0000764,O000250,P00078,2,241533.24,5
I0000765,O000251,P00523,1,15564.6,15
I0000766,O000251,P00407,2,30715.18,40
I0000767,O000252,P00212,1,4253.64,5
I0000768,O000253,P00171,3,8878.23,40
I0000769,O000254,P00121,1,69983.47,70
I0000770,O000254,P00198,2,6285.61,5
I0000771,O000254,P00020,4,110179.38,50
I0000772,O000254,P00229,5,2471.34,15
I0000773,O000254,P00538,3,1360.56,15
I0000774,O000255,P00012,3,183917.27,15
I0000775,O000255,P00224,5,6040.11,0
I0000776,O000255,P00177,5,8457.84,0
I0000777,O000256,P00529,1,4989.96,30
I0000778,O000256,P00412,2,12121.8,0
I0000779,O000256,P00466,2,2834.31,5
I0000780,O000257,P00380,5,38428.01,30
I0000781,O000257,P00198,5,6918.46,40
I0000782,O000258,P00172,1,9525.44,10
I0000783,O000258,P00011,2,95872.99,15
I0000784,O000258,P00197,5,5271.46,50
I0000785,O000258,P00172,3,5796.93,70
I0000786,O000258,P00145,1,106403.08,10
I0000787,O000259,P00466,3,1671.03,5
I0000788,O000260,P00529,4,4942.9,15
I0000789,O000260,P00026,4,7037.27,15
I0000790,O000260,P00314,5,471.71,0
I0000791,O000261,P00129,1,211119.23,40
I0000792,O000261,P00169,5,2052.91,40
I0000793,O000262,P00224,5,4039.84,30
I0000794,O000262,P00338,1,656.47,15
I0000795,O000262,P00407,5,26271.05,5
I0000796,O000262,P00467,2,2023.31,5
I0000797,O000262,P00311,4,1735.43,50
I0000798,O000263,P00108,5,110138.73,10
I0000799,O000263,P00171,1,9290.45,20
I0000800,O000263,P00527,-3,8656.35,50
I0000801,O000264,P00381,3,25603.08,30
I0000802,O000264,P00121,2,60933.32,70
I0000803,O000264,P00140,4,151070.47,70
I0000804,O000265,P00474,4,1321.66,5
I0000805,O000265,P00140,4,144370.26,30
I0000806,O000265,P00065,5,126243.29,70
I0000807,O000266,P00338,2,643.5,10
I0000808,O000266,P00080,2,187102.67,15
I0000809,O000267,P00201,2,2355.43,20
I0000810,O000267,P00121,4,57187.71,70
I0000811,O000267,P00010,1,45378.42,30
I0000812,O000267,P00398,2,1531.49,70
I0000813,O000268,P00377,2,12812.15,10
I0000814,O000268,P00338,4,968.41,40
I0000815,O000269,P00338,1,736.46,5
I0000816,O000269,P00188,4,825.02,0
I0000817,O000269,P00194,1,1552.88,15
I0000818,O000269,P00315,3,1637.42,5
I0000819,O000270,P00026,2,7247.23,50
I0000820,O000270,P00206,2,583.88,0
I0000821,O000271,P00412,4,15300.45,15
I0000822,O000271,P00343,-1,413.67,10
I0000823,O000271,P00388,4,12235.49,5
I0000824,O000271,P00466,3,2374.26,15
I0000825,O000271,P00473,4,1968.79,0
I0000826,O000272,P00053,2,128956.22,70
I0000827,O000272,P00497,4,2565.25,0
I0000828,O000272,P00155,1,121403.28,40
I0000829,O000272,P00393,3,52706.23,70
I0000830,O000273,P00062,3,79317.57,0
I0000831,O000273,P00450,4,621.34,70
I0000832,O000273,P00332,4,2382.93,50
I0000833,O000273,P00200,1,6871.57,15
I0000834,O000274,P00343,3,395.03,15
I0000835,O000274,P00131,5,74958.91,10
I0000836,O000274,P00140,5,216108.56,5
I0000837,O000275,P00355,2,2062.39,15
I0000838,O000275,P00466,2,1903.92,50
I0000839,O000275,P00065,5,118118.86,30
I0000840,O000275,P00466,1,1757.53,70
I0000841,O000275,P00120,3,8264.79,15
I0000842,O000276,P00365,5,1279.91,50
I0000843,O000276,P00154,1,97572.9,0
I0000844,O000276,P00026,1,5442.34,40
I0000845,O000276,P00012,2,158434.41,10
I0000846,O000276,P00181,1,359.29,10
I0000847,O000277,P00466,2,3028.51,30
I0000848,O000278,P00384,3,6865.13,30
I0000849,O000278,P00121,4,56557.58,15
I0000850,O000278,P00390,4,11314.59,15
I0000851,O000278,P00393,4,45598.45,10
I0000852,O000278,P00473,4,2338.98,15
I0000853,O000279,P00121,4,60871.99,5
I0000854,O000279,P00475,5,1601.25,70
I0000855,O000279,P00289,2,1484.0,50
I0000856,O000279,P00505,4,17649.28,10
I0000857,O000279,P00409,5,13376.67,5
I0000858,O000280,P00332,4,2065.42,5
I0000859,O000280,P00031,4,3095.51,30
I0000860,O000280,P00080,5,131638.65,10
I0000861,O000280,P00347,0,808.14,70
I0000862,O000281,P00317,3,208.91,5
I0000863,O000281,P00397,5,41558.54,70
I0000864,O000281,P00198,4,6183.57,30
I0000865,O000282,P00190,3,5847.71,40
I0000866,O000283,P00467,4,2030.71,70
I0000867,O000283,P00360,5,229.12,20
I0000868,O000284,P00475,4,1420.02,70
I0000869,O000285,P00354,1,1617.41,40
I0000870,O000285,P00036,5,115466.36,40
I0000871,O000286,P00407,1,33098.82,5
I0000872,O000286,P00065,3,141810.62,40
I0000873,O000286,P00474,1,1181.76,10
I0000874,O000286,P00188,2,763.83,40
I0000875,O000287,P00080,2,116903.32,50
I0000876,O987656,P00390,3,10805.68,20
I0000877,O000287,P00533,4,7506.47,50
I0000878,O000287,P00007,5,51252.22,20
I0000879,O000287,P00409,1,17985.58,70
I0000880,O000288,P00533,1,6396.35,0
I0000881,O000288,P00190,5,6747.24,20
I0000882,O000288,P00428,3,13040.91,5
I0000883,O000289,P00320,3,105.37,40
I0000884,O000289,P00121,2,73879.07,70
I0000885,O000289,P00040,5,181004.3,50
I0000886,O000290,P00297,2,53.19,50
I0000887,O000290,P00133,4,204456.32,70
I0000888,O000291,P00026,5,8084.56,70
I0000889,O000291,P00247,2,5633.95,30
I0000890,O000292,P00229,3,2428.22,40
I0000891,O000292,P00497,4,3397.07,5
I0000892,O000292,P00415,5,26842.98,70
I0000893,O000293,P00164,3,8882.98,10
I0000894,O000293,P00254,5,9213.83,5
I0000895,O000293,P00289,1,1997.63,30
I0000896,O000293,P00398,4,1308.67,30
I0000897,O000293,P00414,1,34733.33,0
I0000898,O000294,P00333,4,1638.2,20
I0000899,O000294,P00354,5,2042.85,40
I0000900,O000294,P00289,5,1633.23,70
I0000901,O000295,P00082,3,162036.97,15
I0000902,O000295,P00534,2,6562.57,30
I0000903,O000296,P00457,3,1134.87,0
I0000904,O000297,P00063,2,1040.09,5
I0000905,O000298,P00178,1,12361.24,40
I0000906,O000298,P00226,5,6139.51,148
I0000907,O000299,P00511,2,3697.47,30
I0000908,O000300,P00422,3,35575.07,20
I0000909,O000300,P00398,5,1188.96,50
I0000910,O000300,P00108,-2,112187.62,30
I0000911,O000300,P00026,1,6780.46,30
I0000912,O000300,P00538,3,1414.34,15
I0000913,O000301,P00311,1,1386.92,0
I0000914,O000301,P00320,1,174.97,40
I0000915,O000302,P00422,4,50587.16,30
I0000916,O000302,P00473,3,2953.12,5
I0000917,O000302,P00063,4,1069.59,0
I0000918,O000303,P00078,-3,221285.7,20
I0000919,O000303,P00188,4,721.24,15
I0000920,O000303,P00121,2,51917.19,20
I0000921,O000303,P00388,3,7528.94,40
I0000922,O000304,P00281,2,2470.68,10
I0000923,O000304,P00388,4,10491.48,0
I0000924,O000304,P00338,0,1145.51,15
I0000925,O000305,P00393,5,61987.79,40
I0000926,O000305,P00331,1,1482.03,70
I0000927,O000306,P00096,2,177896.01,5
I0000928,O000306,P00090,2,37191.44,30
I0000929,O000307,P00533,3,6284.12,40
I0000930,O000308,P00538,1,1451.42,30
I0000931,O000308,P00526,0,346.92,15
I0000932,O000308,P00063,2,1191.97,15
I0000933,O000308,P00450,3,779.54,50
I0000934,O000308,P00437,4,18945.62,15
I0000935,O000309,P00470,4,1871.6,50
I0000936,O000310,P00190,3,6127.69,10
I0000937,O000310,P00529,1,5039.59,15
I0000938,O000310,P00381,3,20792.79,50
I0000939,O000311,P00295,5,497.37,20
I0000940,O000311,P00096,4,153725.16,50
I0000941,O000311,P00011,4,78308.49,40
I0000942,O000311,P00550,4,4763.27,40
I0000943,O000311,P00078,2,143878.82,5
I0000944,O000312,P00025,5,154224.23,30
I0000945,O000312,P00473,-1,3097.28,40
I0000946,O000312,P00390,3,10302.86,40
I0000947,O000312,P00073,3,19742.16,70
I0000948,O000312,P00082,1,191380.35,70
I0000949,O000313,P00199,4,3568.46,30
I0000950,O984406,P00390,3,17279.82,10
I0000951,O000313,P00224,3,5223.16,50
I0000952,O000313,P00530,3,1395.31,5
I0000953,O000314,P00538,3,952.55,40
I0000954,O000314,P00415,3,20172.41,30
I0000955,O000314,P00249,3,7025.91,105
I0000956,O936072,P00065,5,143299.37,10
I0000957,O000315,P00530,4,1393.47,30
I0000958,O000315,P00047,4,77031.31,0
I0000959,O000316,P00404,5,800.67,0
I0000960,O000316,P00171,5,10293.33,5
I0000961,O000317,P00096,4,160478.19,5
I0000962,O000317,P00530,3,1104.5,70
I0000963,O000317,P00145,5,95112.57,15
I0000964,O000317,P00422,4,33931.16,0
I0000965,O000317,P00197,4,5078.81,10
I0000966,O000318,P00122,5,147904.53,20
I0000967,O000319,P00082,5,169314.07,70
I0000968,O000319,P00421,5,25406.52,30
I0000969,O000320,P00257,2,545.01,15
I0000970,O000320,P00047,4,80196.06,50
I0000971,O000320,P00080,5,183242.49,0
I0000972,O000320,P00474,4,1524.91,40
I0000973,O000321,P00199,1,3468.38,30
I0000974,O000321,P00514,4,12576.11,0
I0000975,O000321,P00281,2,2676.7,15
I0000976,O000321,P00117,3,109129.08,10
I0000977,O000322,P00422,1,40171.53,0
I0000978,O000323,P00475,4,1586.06,50
I0000979,O000323,P00473,1,1958.75,5
I0000980,O000323,P00467,2,1739.17,40
I0000981,O000323,P00473,1,2071.35,20
I0000982,O000323,P00112,5,190160.67,50
I0000983,O000324,P00197,2,3061.14,0
I0000984,O000324,P00082,5,196967.02,5
I0000985,O000324,P00202,1,2079.71,0
I0000986,O000324,P00018,4,44753.86,10
I0000987,O000324,P00281,-1,2580.08,15
I0000988,O000325,P00480,4,946.49,20
I0000989,O000325,P00415,-5,21675.9,20
I0000990,O000325,P00212,4,3544.76,15
I0000991,O000325,P00541,5,5220.77,5
I0000992,O000325,P00381,4,17228.29,70
I0000993,O000326,P00388,2,12301.06,20
I0000994,O000327,P00170,4,8079.17,40
I0000995,O000327,P00076,2,187500.5,15
I0000996,O000328,P00393,1,55104.85,40
I0000997,O000328,P00092,3,234619.11,15
I0000998,O000328,P00082,5,118198.73,5
I0000999,O000328,P00439,1,55290.47,5
I0001000,O000328,P00541,4,4073.73,70
I0001001,O000329,P00430,4,37010.46,50
I0001002,O000330,P00127,5,170630.16,40
I0001003,O000330,P00096,3,192844.55,20
I0001004,O000330,P00320,3,131.34,30
I0001005,O000330,P00414,5,47414.52,50
I0001006,O000330,P00173,1,415.62,50
I0001007,O000331,P00466,4,1766.58,5
I0001008,O000331,P00533,4,6061.79,20
I0001009,O000332,P00127,3,217088.95,10
I0001010,O000332,P00546,5,4420.42,15
I0001011,O000332,P00332,1,1549.59,5
I0001012,O000332,P00213,1,5884.43,50
I0001013,O000333,P00332,4,2054.78,40
I0001014,O000333,P00121,4,52917.02,70
I0001015,O000333,P00450,4,617.35,15
I0001016,O000334,P00222,2,10645.18,40
I0001017,O000334,P00314,5,651.09,30
I0001018,O000334,P00070,3,180110.51,5
I0001019,O000335,P00453,5,2213.49,10
I0001020,O000335,P00331,2,966.03,30
I0001021,O000336,P00533,5,5851.37,30
I0001022,O000336,P00255,1,2643.78,5
I0001023,O000336,P00518,1,10854.73,5
I0001024,O000337,P00352,-5,316.3,20
I0001025,O000337,P00171,3,10200.46,146
I0001026,O000337,P00497,3,2992.48,70
I0001027,O000338,P00529,2,4913.61,5
I0001028,O000338,P00102,5,175764.77,5
I0001029,O917525,P00415,-1,26415.4,15
I0001030,O000339,P00012,5,105815.68,70
I0001031,O000340,P00197,2,5534.82,10
I0001032,O000340,P00078,5,213797.23,70
I0001033,O000341,P00224,4,3861.88,0
I0001034,O000341,P00343,-4,402.66,0
I0001035,O000341,P00080,3,139607.23,30
I0001036,O000341,P00185,2,6291.54,5
I0001037,O000342,P00538,1,1151.69,5
I0001038,O000342,P00080,4,186405.97,10
I0001039,O000343,P00353,3,473.96,30
I0001040,O000343,P00474,2,1543.56,10
I0001041,O000343,P00381,5,15150.84,40
I0001042,O000343,P00005,4,74510.67,15
I0001043,O000344,P00078,2,225982.99,10
I0001044,O000345,P00082,5,167646.08,30
I0001045,O000345,P00111,2,30738.61,15
I0001046,O000345,P00438,2,21404.08,5
I0001047,O000345,P00012,2,129178.87,30
I0001048,O000345,P00171,4,6362.56,15
I0001049,O000346,P00063,1,1277.06,15
I0001050,O000346,P00495,1,6315.0,0
I0001051,O000346,P00404,3,929.67,15
I0001052,O000347,P00201,1,3356.0,10
I0001053,O000347,P00229,4,2888.88,70
I0001054,O000347,P00202,3,1778.33,5
I0001055,O000347,P00338,2,734.56,70
I0001056,O000348,P00453,3,1945.96,15
I0001057,O000348,P00331,3,1105.76,50
I0001058,O000348,P00202,4,1740.81,0
I0001059,O000348,P00020,4,122221.92,40
I0001060,O000349,P00170,1,7235.27,5
I0001061,O000349,P00262,5,6353.85,40
I0001062,O000350,P00020,2,97105.47,50
I0001063,O000350,P00187,2,4949.42,20
I0001064,O000351,P00200,4,4978.52,5
I0001065,O000352,P00409,4,10649.24,20
I0001066,O000352,P00257,5,638.4,30
I0001067,O000352,P00145,5,138108.15,5
I0001068,O000353,P00072,3,61482.53,40
I0001069,O000354,P00414,-3,34747.95,70
I0001070,O000354,P00118,2,123068.6,70
I0001071,O000354,P00489,5,26679.48,10
I0001072,O000354,P00040,5,166344.43,15
I0001073,O000355,P00414,1,40311.59,50
I0001074,O000356,P00188,4,871.77,0
I0001075,O000356,P00523,3,11137.69,30
I0001076,O000356,P00145,3,87643.88,40
I0001077,O000356,P00170,1,7868.76,40
I0001078,O000356,P00063,-4,1378.86,50
I0001079,O000357,P00197,3,3217.12,50
I0001080,O000357,P00127,5,135867.7,30
I0001081,O000358,P00415,2,26249.56,20
I0001082,O000358,P00320,2,181.86,10
I0001083,O000358,P00080,3,181300.31,40
I0001084,O000358,P00437,4,18923.53,70
I0001085,O000358,P00190,5,6972.51,15
I0001086,O000359,P00338,1,962.78,20
I0001087,O000359,P00381,4,21840.36,40
I0001088,O000359,P00497,4,2789.35,15
I0001089,O000359,P00181,4,441.99,10
I0001090,O000359,P00331,4,1333.2,10
I0001091,O000360,P00254,1,12839.1,30
I0001092,O000360,P00384,5,5206.4,5
I0001093,O000360,P00164,5,6388.78,70
I0001094,O000360,P00145,3,134221.59,40
I0001095,O000360,P00078,1,230233.81,50
I0001096,O000361,P00078,5,208326.48,10
I0001097,O000362,P00250,4,1742.25,50
I0001098,O000362,P00486,1,9904.24,10
I0001099,O000362,P00127,5,161325.42,20
I0001100,O000362,P00188,4,678.36,5
I0001101,O000362,P00390,2,15662.39,70
I0001102,O000363,P00407,5,24332.51,15
I0001103,O000363,P00188,1,675.27,117
I0001104,O995409,P00533,3,4859.95,50
I0001105,O000363,P00526,1,396.45,30
I0001106,O000363,P00054,4,149891.16,30
I0001107,O000364,P00072,1,73475.93,10
I0001108,O000364,P00072,1,54435.97,20
I0001109,O000364,P00415,5,24913.08,10
I0001110,O000365,P00414,5,27461.96,20
I0001111,O000365,P00033,5,87330.44,5
I0001112,O000366,P00127,5,173870.25,50
I0001113,O000366,P00190,5,6762.47,10
I0001114,O000366,P00546,2,6796.84,30
I0001115,O000367,P00141,3,145283.24,70
I0001116,O000368,P00141,5,161291.45,70
I0001117,O000369,P00437,2,15234.11,5
I0001118,O000369,P00417,3,29091.25,40
I0001119,O000369,P00193,4,2662.37,20
I0001120,O000369,P00079,3,4930.78,40
I0001121,O000370,P00381,0,16138.46,10
I0001122,O000370,P00407,5,38873.59,30
I0001123,O000371,P00437,2,14115.57,70
I0001124,O000371,P00314,2,561.78,70
I0001125,O000371,P00470,3,2293.03,138
I0001126,O000371,P00135,5,48465.3,5
I0001127,O000371,P00463,5,2500.96,40
I0001128,O000372,P00018,4,53920.47,40
I0001129,O000372,P00474,4,947.92,50
I0001130,O000372,P00470,2,1842.52,10
I0001131,O000373,P00190,4,7670.95,5
I0001132,O000373,P00474,4,1070.25,5
I0001133,O000373,P00200,4,8079.86,20
I0001134,O000373,P00331,4,1190.7,5
I0001135,O000374,P00486,5,16450.42,10
I0001136,O000375,P00467,3,1755.5,10
I0001137,O000375,P00155,2,136096.81,70
I0001138,O000375,P00065,1,138673.24,70
I0001139,O000375,P00171,5,8797.91,10
I0001140,O000376,P00096,3,193662.92,30
I0001141,O000376,P00384,2,8098.05,30
I0001142,O000377,P00409,1,12176.16,0
I0001143,O000377,P00102,4,208404.61,20
I0001144,O000377,P00406,1,38029.91,70
I0001145,O000377,P00497,2,2890.64,50
I0001146,O000378,P00488,1,20872.89,0
I0001147,O000379,P00538,5,1286.47,70
I0001148,O000379,P00121,2,47564.14,0
I0001149,O000379,P00012,5,116742.2,10
I0001150,O000379,P00026,3,6660.05,15
I0001151,O000380,P00078,3,171465.7,30
I0001152,O000380,P00141,3,140736.13,40
I0001153,O000380,P00341,4,938.61,117
I0001154,O000380,P00026,5,8610.37,0
I0001155,O000381,P00063,5,1261.32,15
I0001156,O000381,P00037,1,58955.66,30
I0001157,O000381,P00127,2,183147.53,30
I0001158,O000381,P00023,-3,67368.48,20
I0001159,O000381,P00079,5,7284.93,30
I0001160,O000382,P00538,2,841.37,5
I0001161,O000383,P00414,3,43619.86,30
I0001162,O000383,P00188,3,894.75,15
I0001163,O000384,P00422,3,37519.75,70
I0001164,O000385,P00112,4,186912.74,5
I0001165,O000385,P00512,4,4707.49,20
I0001166,O000386,P00470,2,1574.16,5
I0001167,O000386,P00047,5,87857.59,50
I0001168,O000386,P00466,2,2980.17,15
I0001169,O000387,P00012,2,169755.59,15
I0001170,O000387,P00390,5,16009.18,50
I0001171,O000387,P00254,3,12444.87,15
I0001172,O000387,P00005,2,50161.61,5
I0001173,O000388,P00485,1,492.58,5
I0001174,O000388,P00047,2,79322.45,5
I0001175,O000388,P00407,5,33672.15,30
I0001176,O000389,P00426,3,22475.62,10
I0001177,O000389,P00316,5,1700.3,70
I0001178,O000389,P00096,5,189302.21,40
I0001179,O000389,P00035,5,171613.83,30
I0001180,O000390,P00466,5,2811.85,10
I0001181,O000390,P00170,1,5702.42,10
I0001182,O000390,P00145,5,91590.94,20
I0001183,O000390,P00194,1,1647.6,20
I0001184,O000391,P00470,4,1900.59,15
I0001185,O000391,P00390,1,12527.49,20
I0001186,O000391,P00475,2,1247.1,50
I0001187,O000391,P00082,3,149996.11,70
I0001188,O000392,P00497,4,3268.42,0
I0001189,O000392,P00440,5,6331.73,50
I0001190,O000392,P00343,5,488.28,70
I0001191,O000393,P00127,3,164094.93,30
I0001192,O000393,P00398,4,1379.28,50
I0001193,O000393,P00065,2,132730.73,0
I0001194,O000393,P00415,5,22885.64,10
I0001195,O000394,P00170,1,5529.83,70
I0001196,O000394,P00477,2,2357.84,20
I0001197,O000394,P00229,3,2974.39,50
I0001198,O000395,P00390,5,9611.2,70
I0001199,O000395,P00393,3,47190.9,50
I0001200,O000395,P00406,1,31547.57,50
I0001201,O000395,P00424,3,38406.84,5
I0001202,O000396,P00281,3,1709.38,50
I0001203,O000396,P00065,1,143473.51,40
I0001204,O000396,P00035,1,149707.31,30
I0001205,O000396,P00065,5,99277.22,15
I0001206,O000397,P00512,4,7032.05,20
I0001207,O000397,P00486,1,17086.67,5
I0001208,O000397,P00155,-1,143562.76,0
I0001209,O000397,P00533,3,5895.28,15
I0001210,O000398,P00229,5,3706.15,15
I0001211,O000398,P00341,2,860.88,10
I0001212,O000399,P00331,4,1471.24,15
I0001213,O000399,P00538,5,829.89,5
I0001214,O000400,P00118,1,120075.94,30
I0001215,O000400,P00331,3,1472.26,30
I0001216,O000401,P00441,1,2272.68,5
I0001217,O000401,P00097,2,84083.37,15
I0001218,O000402,P00197,2,4128.95,70
I0001219,O000403,P00072,3,45915.21,15
I0001220,O000403,P00527,4,7198.91,30
I0001221,O000404,P00018,5,37459.3,5
I0001222,O000404,P00384,2,6174.16,40
I0001223,O000404,P00381,1,19600.0,70
I0001224,O000405,P00024,3,94514.56,70
I0001225,O000405,P00486,0,16563.44,40
I0001226,O000406,P00486,2,16674.12,40
I0001227,O000406,P00202,2,2415.28,20
I0001228,O000407,P00398,3,1310.87,40
I0001229,O000407,P00407,4,27436.11,5
I0001230,O000407,P00018,-5,41466.16,15
I0001231,O000407,P00407,1,24202.5,0
I0001232,O000408,P00181,4,441.59,15
I0001233,O000408,P00453,4,2030.94,15
I0001234,O000408,P00145,4,96162.61,40
I0001235,O000408,P00188,5,757.55,70
I0001236,O000408,P00194,5,2573.66,20
I0001237,O000409,P00034,2,16171.11,10
I0001238,O000409,P00393,4,33169.09,40
I0001239,O000409,P00047,5,56701.17,15
I0001240,O000409,P00541,2,5643.3,0
I0001241,O000410,P00085,3,51181.03,50
I0001242,O000410,P00338,4,679.89,15
I0001243,O000410,P00164,3,8212.77,15
I0001244,O000410,P00538,2,1316.86,50
I0001245,O000411,P00193,0,3769.99,50
I0001246,O000412,P00202,3,1344.67,50
I0001247,O000413,P00470,5,1570.5,50
I0001248,O000413,P00097,5,76503.09,40
I0001249,O000414,P00092,5,152579.23,40
I0001250,O000414,P00281,2,2647.0,20
I0001251,O000414,P00414,2,43658.26,20
I0001252,O000414,P00476,3,2496.88,70
I0001253,O000415,P00257,5,512.0,70
I0001254,O000416,P00197,4,3823.28,70
I0001255,O000416,P00121,5,60632.64,70
I0001256,O000416,P00131,1,66817.07,0
I0001257,O000416,P00127,4,168318.89,70
I0001258,O000417,P00206,5,462.67,10
I0001259,O000417,P00078,3,132212.83,0
I0001260,O000418,P00141,5,116940.89,5
I0001261,O000418,P00392,2,19198.82,5
I0001262,O000418,P00440,3,4823.85,5
I0001263,O000418,P00409,1,13883.23,20
I0001264,O000418,P00360,4,381.2,30
I0001265,O000419,P00415,2,27390.06,50
I0001266,O000419,P00229,2,2506.92,40
I0001267,O000419,P00538,3,1462.2,20
I0001268,O000419,P00183,5,6825.67,50
I0001269,O000420,P00007,2,35022.93,30
I0001270,O000420,P00040,2,203039.69,40
I0001271,O000421,P00523,1,12541.85,50
I0001272,O000421,P00026,1,5673.0,10
I0001273,O000421,P00222,1,7288.56,50
I0001274,O000421,P00421,5,33037.93,40
I0001275,O000422,P00496,5,2194.55,10
I0001276,O000422,P00190,2,5705.3,0
I0001277,O000422,P00477,1,1521.88,10
I0001278,O000422,P00364,4,1591.22,40
I0001279,O000422,P00343,5,299.18,40
I0001280,O000423,P00470,4,2017.04,70
I0001281,O000424,P00072,2,59583.7,10
I0001282,O000424,P00229,3,2873.92,15
I0001283,O000424,P00430,1,39431.1,15
I0001284,O000425,P00538,1,1552.98,10
I0001285,O000426,P00486,5,13164.48,50
I0001286,O000426,P00415,2,27116.54,50
I0001287,O000426,P00005,2,75115.45,70
I0001288,O000426,P00120,3,10594.4,40
I0001289,O000426,P00381,4,25540.26,40
I0001290,O000427,P00546,3,4271.41,15
I0001291,O000427,P00338,4,979.94,10
I0001292,O000427,P00471,5,2413.91,10
I0001293,O000427,P00190,1,8233.16,10
I0001294,O000428,P00517,5,26149.58,40
I0001295,O000428,P00131,5,101551.77,5
I0001296,O000428,P00226,5,4755.46,30
I0001297,O000428,P00415,1,28285.81,70
I0001298,O000428,P00111,4,31096.87,15
I0001299,O000429,P00212,2,3161.98,5
I0001300,O000430,P00546,3,4664.93,40
I0001301,O000431,P00018,1,32529.97,20
I0001302,O000431,P00067,3,62795.53,0
I0001303,O000431,P00212,2,2992.62,20
I0001304,O000431,P00229,2,2100.98,15
I0001305,O000432,P00338,3,702.37,10
I0001306,O000432,P00131,4,79603.33,40
I0001307,O000432,P00082,4,131185.84,15
I0001308,O000433,P00320,3,131.11,50
I0001309,O000433,P00479,4,2771.12,30
I0001310,O000434,P00317,3,201.57,5
I0001311,O000434,P00390,2,17678.62,20
I0001312,O000435,P00533,1,7028.4,20
I0001313,O000435,P00042,4,24975.11,70
I0001314,O000435,P00513,2,20278.21,70
I0001315,O000435,P00047,4,71507.75,10
I0001316,O000436,P00332,5,1900.0,30
I0001317,O000436,P00079,5,4058.05,50
I0001318,O000436,P00535,2,7032.29,10
I0001319,O000436,P00467,2,1835.5,50
I0001320,O000437,P00454,5,180.08,30
I0001321,O000437,P00524,-2,22706.41,30
I0001322,O000437,P00209,4,5382.35,70
I0001323,O000437,P00123,3,33901.24,70
I0001324,O000437,P00331,5,1372.06,30
I0001325,O000438,P00091,5,138674.52,70
I0001326,O000438,P00165,4,7854.38,70
I0001327,O000438,P00480,-2,716.07,50
I0001328,O000438,P00466,5,2897.58,50
I0001329,O000438,P00070,4,115039.59,40
I0001330,O000439,P00121,5,48309.38,5
I0001331,O000439,P00170,2,6603.68,20
I0001332,O000440,P00198,2,6284.0,20
I0001333,O000440,P00381,5,16475.98,70
I0001334,O000441,P00300,1,535.43,30
I0001335,O000442,P00459,5,419.32,20
I0001336,O000442,P00398,1,1570.0,20
I0001337,O000442,P00043,1,221177.19,5
I0001338,O000442,P00263,5,6612.36,5
I0001339,O000442,P00367,4,106.05,5
I0001340,O000443,P00141,3,140844.28,70
I0001341,O000443,P00412,2,12776.65,50
I0001342,O000443,P00467,1,1617.05,50
I0001343,O000443,P00304,3,525.59,50
I0001344,O000444,P00206,1,610.99,15
I0001345,O000444,P00388,2,11812.3,50
I0001346,O000444,P00414,3,46377.92,50
I0001347,O000444,P00474,1,951.64,20
I0001348,O000445,P00341,5,922.58,15
I0001349,O000446,P00281,3,2218.96,20
I0001350,O000447,P00457,3,790.24,40
I0001351,O000447,P00438,5,21542.22,50
I0001352,O000447,P00274,2,8077.83,20
I0001353,O000447,P00226,5,5102.26,30
I0001354,O000447,P00338,4,1160.23,70
I0001355,O000448,P00398,2,1116.72,5
I0001356,O000448,P00393,4,36731.53,40
I0001357,O000448,P00254,1,7474.05,0
I0001358,O000448,P00331,4,1101.68,70
I0001359,O000449,P00545,3,2974.47,10
I0001360,O000449,P00013,3,143510.51,5
I0001361,O000450,P00536,1,596.01,70
I0001362,O000450,P00012,5,150790.7,70
I0001363,O000450,P00534,2,5758.14,30
I0001364,O000450,P00341,5,622.7,70
I0001365,O000451,P00538,3,1134.02,20
I0001366,O000451,P00398,3,911.0,15
I0001367,O000452,P00497,1,2348.54,20
I0001368,O000452,P00145,2,82270.24,10
I0001369,O000453,P00457,2,1081.09,70
I0001370,O000453,P00457,2,1240.94,10
I0001371,O000453,P00053,4,169334.19,15
I0001372,O000453,P00012,0,137262.19,40
I0001373,O000454,P00393,2,40278.88,15
I0001374,O000454,P00523,4,15470.35,15
I0001375,O000454,P00021,1,154096.17,15
I0001376,O000454,P00393,4,36826.31,5
I0001377,O000455,P00198,3,5759.25,0
I0001378,O000455,P00131,5,98460.34,30
I0001379,O000456,P00343,2,406.89,20
I0001380,O000456,P00533,4,6550.76,15
I0001381,O000457,P00381,1,21508.36,5
I0001382,O000457,P00224,4,5390.63,10
I0001383,O000458,P00422,4,50427.95,40
I0001384,O000458,P00047,3,66641.2,40
I0001385,O000459,P00517,4,23035.56,70
I0001386,O000459,P00057,5,181520.94,129
I0001387,O000459,P00381,2,17551.38,40
I0001388,O000459,P00082,2,216861.84,50
I0001389,O000459,P00065,2,89906.04,50
I0001390,O000460,P00343,2,329.82,70
I0001391,O000461,P00523,1,13469.32,40
I0001392,O000462,P00388,3,8442.05,30
I0001393,O000462,P00463,4,2517.11,30
I0001394,O000462,P00047,4,51959.29,20
I0001395,O000463,P00465,1,2029.44,20
I0001396,O000463,P00127,5,189155.58,30
I0001397,O000464,P00249,1,6722.29,40
I0001398,O000464,P00198,5,6062.22,5
I0001399,O000464,P00426,2,13349.77,50
I0001400,O000464,P00207,2,7734.68,30
I0001401,O000465,P00337,3,664.45,70
I0001402,O000466,P00212,2,2794.09,20
I0001403,O000466,P00090,5,35439.02,20
I0001404,O000467,P00063,5,1500.44,70
I0001405,O000467,P00082,1,189741.1,70
I0001406,O000467,P00243,1,2134.23,50
I0001407,O000467,P00072,5,56161.86,70
I0001408,O000467,P00407,4,27082.65,30
I0001409,O000468,P00178,4,10998.8,30
I0001410,O000468,P00281,5,2798.3,20
I0001411,O000468,P00437,3,18721.76,0
I0001412,O000468,P00398,5,1596.59,15
I0001413,O000468,P00063,3,1704.02,10
I0001414,O000469,P00495,5,8112.67,40
I0001415,O000469,P00212,4,3520.18,50
I0001416,O000470,P00012,1,151193.73,20
I0001417,O000470,P00226,1,6131.67,50
I0001418,O000470,P00354,2,1251.1,70
I0001419,O000471,P00171,3,10488.94,40
I0001420,O000471,P00463,5,2436.93,0
I0001421,O000471,P00384,1,5944.67,150
I0001422,O000472,P00127,3,123047.45,15
I0001423,O000472,P00499,2,16971.69,30
I0001424,O000472,P00145,2,141225.95,5
I0001425,O000472,P00226,4,5892.64,70
I0001426,O000473,P00343,2,369.07,5
I0001427,O000474,P00314,4,482.4,15
I0001428,O000474,P00171,3,6768.71,10
I0001429,O000474,P00131,5,121484.56,70
I0001430,O000474,P00397,2,30944.55,70
I0001431,O000475,P00188,5,875.08,50
I0001432,O000476,P00512,3,6277.19,30
I0001433,O000476,P00171,2,10045.55,20
I0001434,O000476,P00398,3,1087.09,15
I0001435,O000477,P00141,4,140938.36,40
I0001436,O000477,P00193,5,3733.59,70
I0001437,O000477,P00085,3,65848.03,30
I0001438,O000477,P00252,3,3225.32,5
I0001439,O000477,P00457,0,844.35,15
I0001440,O000478,P00475,5,1161.34,30
I0001441,O000478,P00129,5,158400.11,0
I0001442,O000478,P00541,4,5252.71,20
I0001443,O000478,P00188,4,516.85,0
I0001444,O000479,P00120,3,10885.4,20
I0001445,O000479,P00281,3,1835.76,5
I0001446,O000479,P00512,1,6669.83,50
I0001447,O000480,P00070,3,167491.6,10
I0001448,O000480,P00477,3,1474.96,50
I0001449,O000481,P00014,4,65890.68,0
I0001450,O000481,P00384,5,7940.93,30
I0001451,O000481,P00409,1,11714.82,40
I0001452,O000481,P00390,5,17750.16,10
I0001453,O000481,P00415,1,29747.92,5
I0001454,O000482,P00450,5,467.29,5
I0001455,O000482,P00417,0,28137.02,0
I0001456,O000482,P00331,1,1031.65,15
I0001457,O000483,P00470,5,2443.3,70
I0001458,O000483,P00073,5,18698.57,50
I0001459,O000483,P00447,1,594.32,15
I0001460,O000483,P00131,3,65306.09,5
I0001461,O000483,P00338,5,930.42,20
I0001462,O000484,P00457,1,1150.36,70
I0001463,O000484,P00465,-4,1302.9,0
I0001464,O000484,P00193,1,4450.71,10
I0001465,O000484,P00474,1,1747.2,20
I0001466,O000485,P00070,2,155541.35,50
I0001467,O000485,P00073,3,23911.08,10
I0001468,O000485,P00393,5,56873.22,50
I0001469,O000486,P00070,4,139834.43,30
I0001470,O000486,P00193,5,2837.64,5
I0001471,O000486,P00202,3,2442.94,5
I0001472,O000486,P00025,4,168390.1,30
I0001473,O000487,P00381,5,20955.59,70
I0001474,O000487,P00547,2,5636.31,40
I0001475,O000487,P00546,1,6175.57,30
I0001476,O000487,P00409,1,11790.86,30
I0001477,O000488,P00198,5,6538.94,0
I0001478,O000488,P00248,1,6572.82,0
I0001479,O000488,P00493,2,34123.73,30
I0001480,O000488,P00016,5,235426.36,50
I0001481,O000488,P00486,1,13419.61,10
I0001482,O000489,P00198,3,7208.07,10
I0001483,O000489,P00470,4,2263.77,0
I0001484,O000489,P00088,4,30155.65,20
I0001485,O000490,P00533,2,4885.7,5
I0001486,O000491,P00534,4,5726.31,50
I0001487,O000492,P00538,1,1128.55,0
I0001488,O000492,P00398,3,1644.94,20
I0001489,O000493,P00127,4,149220.37,70
I0001490,O000494,P00012,2,145779.24,15
I0001491,O000494,P00127,2,178279.64,70
I0001492,O000494,P00131,5,112617.0,15
I0001493,O000495,P00332,3,2421.37,70
I0001494,O000495,P00072,4,42749.24,40
I0001495,O000495,P00018,4,46699.42,15
I0001496,O000496,P00007,4,36042.89,15
I0001497,O000496,P00485,5,432.47,70
I0001498,O000496,P00046,3,83472.34,40
I0001499,O000496,P00414,1,50333.79,40
I0001500,O000496,P00202,5,2132.92,15
I0001501,O000497,P00064,1,251098.48,10
I0001502,O000497,P00077,4,40184.08,20
I0001503,O000497,P00374,5,31949.45,30
I0001504,O000497,P00427,4,2425.59,15
I0001505,O000498,P00543,3,642.55,30
I0001506,O000498,P00381,5,17361.93,50
I0001507,O000498,P00188,3,573.18,0
I0001508,O000498,P00118,3,103981.18,5
I0001509,O000498,P00390,2,13328.61,40
I0001510,O000499,P00388,1,11621.63,70
I0001511,O000500,P00190,-1,7735.66,5
I0001512,O000500,P00407,2,27811.61,5
I0001513,O000500,P00070,4,145930.02,5
I0001514,O000500,P00365,5,1685.39,50
I0001515,O000500,P00422,1,55370.56,15
I0001516,O000501,P00397,4,28478.44,70
I0001517,O000501,P00072,3,60224.23,0
I0001518,O000501,P00398,5,1527.73,30
I0001519,O000501,P00422,5,47611.71,50
I0001520,O000501,P00331,3,1384.92,15
I0001521,O000502,P00409,5,10621.72,30
I0001522,O000502,P00025,2,183587.51,70
I0001523,O000502,P00070,3,196578.21,0
I0001524,O000502,P00401,3,19271.95,50
I0001525,O000503,P00188,1,487.76,20
I0001526,O000503,P00012,4,112458.09,0
I0001527,O000504,P00437,5,10699.57,10
I0001528,O000504,P00305,2,1366.95,5
I0001529,O000505,P00079,3,4152.26,0
I0001530,O000505,P00381,4,19039.52,70
I0001531,O000505,P00212,3,4433.32,20
I0001532,O000505,P00145,1,144007.51,0
I0001533,O000505,P00546,5,7300.29,20
I0001534,O000506,P00063,1,1265.61,70
I0001535,O000506,P00281,5,2802.33,20
I0001536,O000506,P00141,3,119449.13,0
I0001537,O000506,P00422,2,50971.08,50
I0001538,O000507,P00066,4,43350.07,0
I0001539,O000507,P00281,5,2209.58,40
I0001540,O000508,P00035,1,126347.77,40
I0001541,O000508,P00388,4,7621.55,50
I0001542,O000509,P00250,5,1503.5,70
I0001543,O000509,P00194,3,2545.48,30
I0001544,O000509,P00332,4,1891.82,30
I0001545,O000510,P00206,4,484.99,70
I0001546,O000510,P00213,5,7374.86,40
I0001547,O000510,P00338,5,790.48,50
I0001548,O000511,P00197,5,3145.77,0
I0001549,O000511,P00388,3,9881.77,70
I0001550,O000511,P00033,5,83861.25,5
I0001551,O000511,P00031,5,3380.39,40
I0001552,O000511,P00082,5,162765.57,15
I0001553,O000512,P00095,4,31796.15,50
I0001554,O000512,P00384,2,7544.11,5
I0001555,O000512,P00073,5,13517.3,30
I0001556,O000512,P00047,5,61205.47,15
I0001557,O000513,P00133,-3,154608.81,5
I0001558,O000513,P00273,3,11087.32,15
I0001559,O000513,P00026,4,8151.8,70
I0001560,O000513,P00367,-4,78.2,20
I0001561,O000514,P00467,4,1700.88,0
I0001562,O000514,P00381,4,25900.63,50
I0001563,O000514,P00047,2,71117.4,70
I0001564,O000515,P00409,4,13847.63,40
I0001565,O000515,P00320,3,143.63,5
I0001566,O000515,P00097,2,71791.68,70
I0001567,O000515,P00525,3,12337.25,10
I0001568,O000516,P00546,2,6818.28,15
I0001569,O000516,P00224,5,3762.25,40
I0001570,O000516,P00065,3,118703.05,20
I0001571,O000517,P00414,3,45558.76,40
I0001572,O000517,P00338,3,1157.76,70
I0001573,O000517,P00530,5,1298.81,30
I0001574,O000517,P00121,2,59940.84,40
I0001575,O000517,P00409,1,12703.58,30
I0001576,O000518,P00078,2,165869.89,0
I0001577,O000518,P00078,4,213758.4,50
I0001578,O000518,P00202,4,1927.54,15
I0001579,O000518,P00404,4,1041.75,0
I0001580,O000518,P00190,4,7422.72,10
I0001581,O000519,P00377,2,13884.34,40
I0001582,O000519,P00409,2,14525.03,40
I0001583,O000519,P00036,1,122592.56,0
I0001584,O000519,P00097,4,97191.22,40
I0001585,O000519,P00422,-3,47418.21,5
I0001586,O000520,P00381,4,19937.46,10
I0001587,O000520,P00439,-5,55227.68,50
I0001588,O000520,P00305,2,1778.1,20
I0001589,O000521,P00033,1,87595.69,50
I0001590,O000521,P00467,3,1372.95,20
I0001591,O000522,P00546,5,6663.36,50
I0001592,O000522,P00497,5,2503.6,0
I0001593,O000522,P00443,4,2486.49,0
I0001594,O000522,P00390,2,10041.53,10
I0001595,O000522,P00466,1,2937.43,30
I0001596,O000523,P00212,4,4964.78,5
I0001597,O000523,P00080,2,184401.11,70
I0001598,O000523,P00512,1,5404.75,0
I0001599,O000524,P00082,2,141700.39,30
I0001600,O000524,P00169,2,2767.84,5
I0001601,O000524,P00512,3,955.9,70
I0001602,O000525,P00384,1,5540.36,40
I0001603,O000525,P00070,3,178030.21,10
I0001604,O000525,P00190,5,5104.9,5
I0001605,O000525,P00165,1,8582.96,50
I0001606,O000525,P00404,2,831.24,30
I0001607,O000526,P00018,1,45337.17,70
I0001608,O000526,P00467,5,1887.45,15
I0001609,O000526,P00229,5,3244.45,50
I0001610,O000526,P00012,5,104019.69,15
I0001611,O000526,P00197,1,5302.56,70
I0001612,O000527,P00398,1,1214.05,20
I0001613,O000527,P00343,5,461.72,15
I0001614,O000527,P00384,4,5833.55,10
I0001615,O000528,P00398,5,1116.65,50
I0001616,O000528,P00398,4,1683.67,15
I0001617,O000528,P00014,3,98529.65,70
I0001618,O000528,P00127,4,152132.4,30
I0001619,O000528,P00078,5,214519.87,10
I0001620,O000529,P00126,1,113213.72,70
I0001621,O000529,P00155,5,119957.21,40
I0001622,O000529,P00367,2,90.23,15
I0001623,O000529,P00141,5,119986.22,50
I0001624,O000529,P00013,5,167563.52,10
I0001625,O000530,P00306,3,1309.93,10
I0001626,O000530,P00026,4,4896.4,40
I0001627,O000530,P00193,3,4321.55,50
I0001628,O000530,P00198,-3,6519.68,10
I0001629,O000530,P00482,1,1590.14,40
I0001630,O000531,P00065,3,84880.55,15
I0001631,O000531,P00150,3,160430.36,0
I0001632,O912687,P00486,3,9438.81,5
I0001633,O000531,P00115,5,139637.53,5
I0001634,O000531,P00437,3,14205.78,30
I0001635,O000532,P00045,5,32518.38,40
I0001636,O000532,P00080,2,147856.92,40
I0001637,O000532,P00533,1,6995.89,5
I0001638,O000532,P00198,5,7554.51,50
I0001639,O000532,P00407,3,24104.4,70
I0001640,O000533,P00209,5,6742.96,30
I0001641,O000533,P00415,-2,33016.65,40
I0001642,O000533,P00490,3,716.06,10
I0001643,O000533,P00407,-5,35184.55,30
I0001644,O000534,P00088,2,31721.11,70
I0001645,O000534,P00170,4,8456.69,50
I0001646,O000535,P00398,0,1316.01,70
I0001647,O000535,P00418,2,45608.28,30
I0001648,O000535,P00045,4,38162.59,0
I0001649,O000536,P00481,1,1030.03,20
I0001650,O000536,P00377,1,19065.49,30
I0001651,O000537,P00228,3,8234.55,70
I0001652,O000538,P00079,1,4898.77,15
I0001653,O000538,P00121,4,67863.87,50
I0001654,O000538,P00111,4,47559.67,50
I0001655,O000538,P00120,2,8824.27,30
I0001656,O000539,P00527,1,6040.3,15
I0001657,O000540,P00443,1,1739.58,30
I0001658,O000540,P00073,2,22716.58,15
I0001659,O000540,P00057,1,109346.88,40
I0001660,O000541,P00102,1,199441.15,40
I0001661,O000541,P00427,2,2085.01,15
I0001662,O000541,P00178,5,8738.01,30
I0001663,O000541,P00314,1,505.08,40
I0001664,O000542,P00209,1,9393.31,0
I0001665,O000542,P00470,1,1597.65,10
I0001666,O000542,P00226,1,6112.53,10
I0001667,O000543,P00459,2,441.36,20
I0001668,O000543,P00407,3,34042.08,40
I0001669,O000543,P00343,2,329.97,5
I0001670,O000544,P00229,-4,2849.64,15
I0001671,O000544,P00171,3,7997.33,30
I0001672,O000545,P00224,1,4820.1,105
I0001673,O000546,P00444,5,2138.03,70
I0001674,O000546,P00065,5,93715.04,5
I0001675,O000546,P00065,4,140057.88,0
I0001676,O000547,P00511,2,3110.66,10
I0001677,O000548,P00467,4,2057.38,70
I0001678,O000548,P00224,2,3490.46,10
I0001679,O000548,P00172,3,6350.0,0
I0001680,O000548,P00320,2,122.99,5
I0001681,O000549,P00375,5,46457.33,5
I0001682,O000549,P00063,5,1235.12,15
I0001683,O000549,P00519,4,21929.29,50
I0001684,O000549,P00443,3,2627.5,10
I0001685,O000550,P00388,4,12357.42,20
I0001686,O000551,P00533,2,7075.56,40
I0001687,O000551,P00422,4,64200.07,70
I0001688,O969619,P00320,2,95.47,0
I0001689,O000552,P00331,2,1112.07,10
I0001690,O000553,P00063,2,1062.0,10
I0001691,O000553,P00031,5,3922.54,50
I0001692,O000553,P00386,4,20379.98,0
I0001693,O000553,P00332,1,1340.76,5
I0001694,O000553,P00486,1,15709.13,70
I0001695,O000554,P00413,5,15733.77,20
I0001696,O000554,P00090,1,22870.87,30
I0001697,O000554,P00018,3,40190.09,15
I0001698,O000554,P00467,5,2062.82,20
I0001699,O000554,P00165,1,9144.2,50
I0001700,O000555,P00273,2,8598.66,30
I0001701,O000555,P00477,0,1922.41,20
I0001702,O000555,P00206,1,495.2,40
I0001703,O000555,P00421,5,35650.78,10
I0001704,O000555,P00407,1,40425.52,50
I0001705,O000556,P00121,4,69840.66,20
I0001706,O000556,P00414,2,39030.38,15
I0001707,O000557,P00080,2,114343.7,10
I0001708,O000557,P00149,1,95968.96,0
I0001709,O000558,P00480,2,817.1,0
I0001710,O000558,P00011,2,95039.16,0
I0001711,O000558,P00477,3,2190.55,70
I0001712,O000558,P00154,5,90143.5,15
I0001713,O000558,P00131,3,120340.31,15
I0001714,O000559,P00338,-3,616.62,30
I0001715,O000559,P00538,5,1310.92,0
I0001716,O000559,P00047,3,88936.27,70
I0001717,O000559,P00422,1,55101.33,10
I0001718,O000560,P00033,4,87551.64,0
I0001719,O000560,P00242,3,564.84,50
I0001720,O000560,P00121,1,80967.45,20
I0001721,O000561,P00202,3,1705.65,10
I0001722,O000561,P00254,2,8774.23,50
I0001723,O000562,P00172,5,7569.62,40
I0001724,O000562,P00384,2,4990.97,10
I0001725,O000562,P00080,3,113043.6,40
I0001726,O000563,P00343,3,437.06,5
I0001727,O000563,P00474,3,1276.75,0
I0001728,O000563,P00120,3,8150.27,30
I0001729,O000563,P00390,2,13335.73,5
I0001730,O000563,P00367,1,89.38,15
I0001731,O000564,P00377,2,14033.58,15
I0001732,O000564,P00229,4,2826.39,15
I0001733,O000564,P00193,5,3909.72,0
I0001734,O000564,P00546,5,4392.78,70
I0001735,O000564,P00394,4,374.6,30
I0001736,O000565,P00043,5,206080.43,70
I0001737,O000565,P00047,5,63949.8,15
I0001738,O000566,P00470,2,2720.62,15
I0001739,O000566,P00338,3,1097.16,10
I0001740,O000566,P00209,4,6628.53,15
I0001741,O000566,P00467,4,2240.58,40
I0001742,O000567,P00073,1,20708.45,15
I0001743,O000567,P00444,2,1301.68,5
I0001744,O000567,P00121,-1,68106.64,30
I0001745,O000567,P00409,3,13113.14,5
I0001746,O000568,P00281,4,2030.32,0
I0001747,O000568,P00113,3,117042.8,0
I0001748,O000568,P00084,2,107189.67,10
I0001749,O000569,P00393,2,62563.49,30
I0001750,O000570,P00058,4,37289.12,20
I0001751,O000570,P00026,2,5332.61,50
I0001752,O000570,P00090,5,25705.0,50
I0001753,O000570,P00546,5,5691.03,5
I0001754,O000571,P00527,3,6264.76,5
I0001755,O000571,P00388,4,6810.44,5
I0001756,O000571,P00209,3,9603.76,40
I0001757,O000572,P00441,2,2298.15,70
I0001758,O000572,P00145,1,104160.92,70
I0001759,O000573,P00063,2,1731.46,20
I0001760,O000573,P00047,2,57890.3,5
I0001761,O000573,P00127,3,193910.81,30
I0001762,O000573,P00053,5,148317.79,15
I0001763,O000573,P00121,3,45338.99,20
I0001764,O000574,P00529,3,6869.52,0
I0001765,O000574,P00317,5,182.33,30
I0001766,O000574,P00467,2,1318.24,20
I0001767,O000574,P00438,3,17188.1,50
I0001768,O000574,P00470,1,1596.04,10
I0001769,O000575,P00398,4,894.46,15
I0001770,O000575,P00413,3,15823.21,30
I0001771,O000576,P00519,3,23119.12,50
I0001772,O000577,P00459,5,330.77,10
I0001773,O000578,P00121,3,46766.86,15
I0001774,O000578,P00040,2,116683.49,5
I0001775,O000578,P00063,5,1626.31,70
I0001776,O000578,P00224,3,4432.88,70
I0001777,O000579,P00188,1,540.15,30
I0001778,O000579,P00065,1,97925.88,5
I0001779,O000579,P00341,5,1172.12,0
I0001780,O000580,P00082,1,119390.87,15
I0001781,O000580,P00473,3,2634.82,70
I0001782,O000580,P00206,1,532.24,5
I0001783,O000580,P00090,1,32121.73,20
I0001784,O000580,P00193,4,3468.71,70
I0001785,O000581,P00398,4,1411.3,0
I0001786,O000581,P00127,2,141889.21,40
I0001787,O000581,P00131,4,101209.41,70
I0001788,O000581,P00179,3,5368.25,20
I0001789,O000581,P00063,4,1536.29,5
I0001790,O000582,P00513,1,33400.53,20
I0001791,O000582,P00262,5,6137.56,0
I0001792,O000582,P00426,2,18185.6,15
I0001793,O000582,P00320,3,104.61,30
I0001794,O000582,P00393,2,53351.21,40
I0001795,O000583,P00512,4,8483.26,15
I0001796,O000583,P00082,4,184021.22,10
I0001797,O000584,P00140,5,134699.08,40
I0001798,O000584,P00463,3,2278.67,50
I0001799,O000584,P00496,1,2352.53,40
I0001800,O000585,P00088,2,25771.81,0
I0001801,O000586,P00025,1,184123.65,30
I0001802,O000586,P00193,5,3769.03,10
I0001803,O000586,P00193,5,3912.16,50
I0001804,O000586,P00463,5,2236.95,50
I0001805,O000586,P00381,2,25148.84,70
I0001806,O000587,P00026,5,6036.27,50
I0001807,O000587,P00281,2,2062.97,70
I0001808,O000587,P00166,4,4467.93,40
I0001809,O000587,P00026,3,5429.4,70
I0001810,O000588,P00270,1,7460.66,40
I0001811,O000589,P00047,4,89399.21,0
I0001812,O000589,P00467,2,1420.56,0
I0001813,O000589,P00051,3,127919.28,20
I0001814,O000589,P00131,4,75216.84,15
I0001815,O000590,P00466,4,1847.44,30
I0001816,O000590,P00170,2,8794.83,10
I0001817,O000590,P00193,-2,2978.35,30
I0001818,O000591,P00320,1,171.61,0
I0001819,O000591,P00127,2,196950.66,70
I0001820,O000591,P00466,1,2235.14,10
I0001821,O000591,P00384,3,5789.49,15
I0001822,O000592,P00434,4,20968.27,50
I0001823,O000592,P00140,5,140310.1,20
I0001824,O000592,P00131,5,88187.65,124
I0001825,O000592,P00407,4,27821.93,10
I0001826,O000592,P00203,2,5198.79,15
I0001827,O000593,P00008,1,17589.78,40
I0001828,O000593,P00131,1,100143.78,50
I0001829,O000594,P00486,3,11223.46,40
I0001830,O000594,P00108,3,92730.55,0
I0001831,O000594,P00197,5,5120.5,20
I0001832,O000594,P00244,5,11866.72,30
I0001833,O000594,P00224,4,4073.09,20
I0001834,O000595,P00213,5,5733.47,50
I0001835,O000595,P00431,1,44450.01,10
I0001836,O000595,P00012,4,146990.13,10
I0001837,O000596,P00281,2,2411.1,20
I0001838,O000596,P00512,3,9045.55,5
I0001839,O000597,P00320,3,159.35,0
I0001840,O000597,P00417,5,23560.53,0
I0001841,O000597,P00078,5,172479.25,50
I0001842,O000597,P00070,3,117271.61,20
I0001843,O000597,P00474,4,1526.7,0
I0001844,O000598,P00470,2,2112.66,15
I0001845,O000598,P00538,5,908.76,40
I0001846,O000599,P00164,4,10124.24,40
I0001847,O000599,P00047,2,56507.66,0
I0001848,O000599,P00388,5,12035.35,30
I0001849,O000599,P00523,3,17583.45,5
I0001850,O000599,P00131,3,118144.03,15
I0001851,O000600,P00313,2,847.15,40
I0001852,O000600,P00247,3,4745.11,0
I0001853,O000600,P00474,4,1612.55,40
I0001854,O000601,P00262,2,8408.31,70
I0001855,O000601,P00247,3,7762.59,70
I0001856,O000601,P00497,2,3907.71,40
I0001857,O000602,P00343,4,451.24,70
I0001858,O000602,P00082,4,225183.8,30
I0001859,O000602,P00475,4,1787.67,40
I0001860,O000602,P00018,5,37623.31,0
I0001861,O000603,P00534,2,6209.97,20
I0001862,O000604,P00212,3,4844.06,10
I0001863,O000604,P00047,5,87851.39,5
I0001864,O000604,P00198,1,8210.13,70
I0001865,O000604,P00078,5,232423.78,5
I0001866,O000604,P00036,5,116034.14,30
I0001867,O000605,P00031,4,3972.45,20
I0001868,O000605,P00171,1,11141.23,50
I0001869,O000605,P00070,5,158879.87,0
I0001870,O000606,P00012,5,162531.37,70
I0001871,O000606,P00388,3,8106.89,40
I0001872,O000606,P00512,5,779.45,50
I0001873,O000607,P00145,3,135529.02,0
I0001874,O000607,P00026,1,5112.51,20
I0001875,O000607,P00471,1,2212.86,50
I0001876,O000607,P00018,4,50734.3,0
I0001877,O000607,P00222,2,6714.68,0
I0001878,O000608,P00541,5,4249.39,15
I0001879,O000609,P00538,3,953.86,30
I0001880,O000609,P00393,1,47734.85,0
I0001881,O000609,P00406,4,49831.14,20
I0001882,O000609,P00131,5,83310.18,10
I0001883,O000610,P00121,4,65127.14,0
I0001884,O000610,P00541,1,3413.87,20
I0001885,O000610,P00193,-5,4190.02,70
I0001886,O000611,P00198,3,6340.17,10
I0001887,O000612,P00310,4,1646.08,70
I0001888,O000612,P00082,2,199576.17,50
I0001889,O000612,P00231,3,8070.01,50
I0001890,O000612,P00193,1,3912.88,20
I0001891,O000612,P00514,4,12215.9,30
I0001892,O000613,P00445,3,1107.24,40
I0001893,O000613,P00515,1,15989.76,20
I0001894,O000613,P00331,5,1079.63,30
I0001895,O000614,P00190,1,7728.07,0
I0001896,O000614,P00023,-2,76345.82,50
I0001897,O000615,P00018,3,46260.23,10
I0001898,O000615,P00043,1,170620.47,20
I0001899,O000616,P00320,4,155.42,20
I0001900,O000616,P00177,3,9196.46,10
I0001901,O000616,P00171,5,7349.77,20
I0001902,O000616,P00224,5,3391.02,0
I0001903,O000617,P00202,1,2316.22,20
I0001904,O000618,P00546,4,6032.24,50
I0001905,O000618,P00254,1,9663.26,0
I0001906,O000618,P00341,3,922.31,70
I0001907,O000618,P00332,3,1990.31,20
I0001908,O000619,P00057,3,150296.8,10
I0001909,O000620,P00177,2,8847.82,30
I0001910,O000620,P00190,1,5768.7,30
I0001911,O000620,P00197,5,3725.06,70
I0001912,O000620,P00381,1,23053.52,5
I0001913,O000621,P00470,5,1896.16,30
I0001914,O000621,P00171,2,9867.18,20
I0001915,O000621,P00024,5,125018.93,20
I0001916,O000621,P00141,1,186370.32,0
I0001917,O000621,P00355,5,1373.79,10
I0001918,O000622,P00497,5,3559.21,20
I0001919,O000623,P00341,2,944.44,20
I0001920,O000624,P00072,5,75786.84,70
I0001921,O000624,P00463,3,2163.77,10
I0001922,O000624,P00082,1,130368.41,50
I0001923,O000624,P00407,2,35623.85,50
I0001924,O000625,P00318,1,1662.52,10
I0001925,O000625,P00546,4,4276.18,0
I0001926,O000626,P00343,1,551.95,0
I0001927,O000626,P00505,4,23886.26,70
I0001928,O000626,P00065,3,125570.67,40
I0001929,O000626,P00013,4,173271.27,5
I0001930,O000627,P00331,3,1256.33,30
I0001931,O000628,P00120,5,12248.15,40
I0001932,O000628,P00225,-1,5293.7,10
I0001933,O000628,P00242,3,753.43,10
I0001934,O000629,P00497,3,2547.07,20
I0001935,O000629,P00171,5,6586.67,20
I0001936,O000629,P00550,4,5796.86,40
I0001937,O000629,P00018,5,49930.56,15
I0001938,O000629,P00078,5,180178.49,50
I0001939,O000630,P00450,4,458.18,10
I0001940,O000630,P00512,4,4251.04,15
I0001941,O000631,P00415,1,23053.52,70
I0001942,O000631,P00171,-1,9521.71,70
I0001943,O000631,P00486,5,11895.41,0
I0001944,O000632,P00538,5,893.33,15
I0001945,O000632,P00470,2,1736.39,5
I0001946,O000632,P00198,2,5083.38,20
I0001947,O000633,P00329,3,972.0,15
I0001948,O000633,P00512,4,5252.15,20
I0001949,O000633,P00097,3,128506.31,5
I0001950,O000633,P00326,3,615.72,15
I0001951,O000633,P00512,3,5276.63,0
I0001952,O000634,P00182,2,8522.46,40
I0001953,O000635,P00072,3,56526.06,70
I0001954,O000636,P00338,2,929.48,15
I0001955,O000636,P00087,5,32934.96,5
I0001956,O000637,P00393,1,38652.04,0
I0001957,O000637,P00026,2,7824.93,5
I0001958,O000638,P00065,4,132455.17,5
I0001959,O000638,P00080,3,101975.02,40
I0001960,O000639,P00229,2,2747.35,0
I0001961,O931905,P00047,1,77647.67,30
I0001962,O000639,P00444,1,2283.96,30
I0001963,O000639,P00281,3,2985.12,5
I0001964,O000639,P00212,3,4534.95,15
I0001965,O000640,P00070,3,138580.52,70
I0001966,O917019,P00512,1,6856.58,5
I0001967,O000640,P00027,4,76319.28,5
I0001968,O000641,P00101,3,129122.7,20
I0001969,O000641,P00171,5,6346.04,15
I0001970,O000642,P00512,1,2427.08,10
I0001971,O000642,P00170,2,6376.88,0
I0001972,O000642,P00276,4,10735.86,125
I0001973,O000643,P00150,3,118017.29,10
I0001974,O000643,P00085,2,53795.07,15
I0001975,O000644,P00388,4,8721.55,70
I0001976,O000644,P00193,5,3528.36,70
I0001977,O000644,P00391,3,10498.5,134
I0001978,O000644,P00013,5,175959.99,15
I0001979,O000644,P00096,4,179198.73,70
I0001980,O000645,P00026,3,6580.82,50
I0001981,O000645,P00145,4,117395.45,30
I0001982,O000645,P00384,3,4498.55,50
I0001983,O000645,P00486,5,17014.07,70
I0001984,O000646,P00065,3,108089.29,40
I0001985,O000646,P00409,5,11586.25,10
I0001986,O000646,P00072,3,58076.96,70
I0001987,O000646,P00438,5,18753.53,0
I0001988,O000646,P00367,4,76.69,5
I0001989,O000647,P00365,1,1645.83,20
I0001990,O000647,P00248,4,7326.93,5
I0001991,O000647,P00249,2,5118.23,0
I0001992,O000647,P00393,0,57597.0,50
I0001993,O000647,P00204,1,9752.06,30
I0001994,O000648,P00198,1,4977.61,0
I0001995,O000648,P00390,4,16639.71,20
I0001996,O000649,P00398,2,1413.54,10
I0001997,O000649,P00127,3,119819.21,10
I0001998,O000649,P00331,1,1106.29,5
I0001999,O000649,P00497,3,2960.79,40
I0002000,O000650,P00473,5,1937.04,30
I0002001,O000650,P00237,4,3410.79,20
I0002002,O000650,P00141,4,151881.19,5
I0002003,O000651,P00393,3,48941.66,70
I0002004,O000651,P00415,4,19790.06,0
I0002005,O000651,P00414,4,42831.49,101
I0002006,O000651,P00145,4,98111.81,50
I0002007,O000652,P00070,2,108731.13,0
I0002008,O000652,P00251,4,7891.03,5
I0002009,O000652,P00473,2,1820.84,20
I0002010,O000652,P00398,2,1240.23,117
I0002011,O000652,P00127,3,159643.1,70
I0002012,O000653,P00281,1,2078.52,50
I0002013,O000653,P00021,4,146893.56,20
I0002014,O000653,P00441,4,2107.69,15
I0002015,O000653,P00467,4,1977.78,20
I0002016,O000653,P00546,3,7353.84,50
I0002017,O000654,P00514,1,9740.97,0
I0002018,O000654,P00080,3,166655.66,30
I0002019,O000654,P00389,1,2730.62,20
I0002020,O000654,P00544,4,3612.77,5
I0002021,O000654,P00063,3,1147.84,0
I0002022,O000655,P00229,1,2476.35,15
I0002023,O000655,P00158,2,119299.62,50
I0002024,O000655,P00063,2,1797.89,30
I0002025,O000655,P00046,5,88269.63,20
I0002026,O000656,P00457,5,803.75,15
I0002027,O000656,P00441,1,1847.36,30
I0002028,O000657,P00512,2,2744.95,0
I0002029,O000657,P00097,3,85277.73,20
I0002030,O000657,P00063,5,1542.03,30
I0002031,O000657,P00320,1,104.43,20
I0002032,O000657,P00390,4,13325.05,15
I0002033,O000658,P00063,3,1528.63,50
I0002034,O000659,P00343,4,417.93,10
I0002035,O000660,P00517,1,30892.54,15
I0002036,O000660,P00169,3,1869.11,5
I0002037,O000660,P00197,3,3455.89,5
I0002038,O000660,P00204,1,7426.96,15
I0002039,O000660,P00145,3,85561.06,40
I0002040,O000661,P00314,1,392.1,40
I0002041,O000661,P00468,4,2533.8,50
I0002042,O000661,P00224,0,4753.84,70
I0002043,O000661,P00063,2,1362.35,0
I0002044,O000662,P00073,5,20284.01,0
I0002045,O000663,P00474,4,1011.23,30
I0002046,O000664,P00377,3,11607.88,0
I0002047,O000664,P00095,5,33683.05,15
I0002048,O000665,P00082,3,189442.53,10
I0002049,O000665,P00550,4,6409.59,30
I0002050,O000665,P00082,1,120294.47,15
I0002051,O000665,P00331,4,1475.07,15
I0002052,O000666,P00415,2,37151.93,0
I0002053,O000667,P00393,2,59364.41,40
I0002054,O000667,P00497,5,3702.88,20
I0002055,O000667,P00078,4,236705.07,40
I0002056,O000668,P00063,4,1614.76,20
I0002057,O000668,P00466,5,1973.39,20
I0002058,O000668,P00209,4,9475.89,70
I0002059,O000669,P00426,4,15617.58,40
I0002060,O000669,P00311,1,1905.21,15
I0002061,O000670,P00082,3,122722.06,20
I0002062,O000670,P00466,5,2570.97,20
I0002063,O000670,P00164,3,9210.54,50
I0002064,O000670,P00065,3,113252.53,30
I0002065,O000671,P00388,1,7446.28,50
I0002066,O000671,P00181,1,359.05,20
I0002067,O000672,P00332,2,2186.17,50
I0002068,O000672,P00332,1,1933.97,30
I0002069,O000672,P00194,2,1895.21,50
I0002070,O000672,P00170,5,9045.24,15
I0002071,O000672,P00384,3,8196.8,10
I0002072,O000673,P00197,1,3185.87,15
I0002073,O000674,P00381,4,18504.22,20
I0002074,O000674,P00486,5,11910.55,15
I0002075,O000674,P00025,5,172137.01,50
I0002076,O000675,P00080,4,129286.0,20
I0002077,O000675,P00141,3,180201.16,70
I0002078,O000675,P00249,4,5368.54,0
I0002079,O000675,P00470,4,2004.47,15
I0002080,O000675,P00466,2,2493.68,0
I0002081,O000676,P00171,2,10767.53,70
I0002082,O000676,P00332,-2,1881.18,5
I0002083,O000676,P00188,3,715.19,15
I0002084,O000677,P00072,5,77696.04,70
I0002085,O000678,P00046,1,65947.36,0
I0002086,O000678,P00065,3,107970.04,0
I0002087,O000678,P00262,2,9207.4,50
I0002088,O000678,P00415,5,27579.61,10
I0002089,O000679,P00199,4,4511.63,30
I0002090,O000680,P00424,2,51099.99,10
I0002091,O000680,P00525,4,8065.23,50
I0002092,O000680,P00072,5,65934.78,0
I0002093,O000681,P00091,5,220409.06,30
I0002094,O000682,P00486,-4,13620.36,40
I0002095,O000682,P00533,3,6905.13,30
I0002096,O000683,P00546,1,5091.79,30
I0002097,O000683,P00026,3,7894.81,70
I0002098,O000684,P00156,2,88153.3,50
I0002099,O000684,P00384,5,5574.6,0
I0002100,O000684,P00385,4,20461.05,15
I0002101,O000684,P00278,5,4019.42,40
I0002102,O000685,P00026,3,7809.76,70
I0002103,O000685,P00018,-4,43467.13,15
I0002104,O000685,P00023,4,51083.0,10
I0002105,O000685,P00037,2,54178.78,15
I0002106,O000685,P00082,5,127084.66,70
I0002107,O000686,P00212,3,2919.62,40
I0002108,O000686,P00145,4,93243.48,0
I0002109,O000686,P00354,1,1343.88,20
I0002110,O000687,P00197,3,4076.97,10
I0002111,O000687,P00473,3,1835.31,50
I0002112,O000687,P00115,4,96346.73,131
I0002113,O000687,P00466,4,2050.4,40
I0002114,O000688,P00127,5,141363.56,50
I0002115,O000688,P00486,5,12311.55,0
I0002116,O000689,P00453,5,1270.75,0
I0002117,O000689,P00356,3,126.95,70
I0002118,O000689,P00187,3,4487.53,30
I0002119,O000690,P00023,-5,47090.57,30
I0002120,O000690,P00500,4,10609.81,50
I0002121,O000691,P00437,4,19542.85,5
I0002122,O000691,P00381,2,17003.37,70
I0002123,O000692,P00541,2,4604.82,20
I0002124,O000692,P00384,1,5921.24,20
I0002125,O000693,P00538,4,1090.84,10
I0002126,O000694,P00398,4,1218.7,20
I0002127,O000694,P00170,5,8488.25,70
I0002128,O000694,P00444,1,1871.43,20
I0002129,O000694,P00096,3,110846.13,70
I0002130,O000694,P00154,5,82169.58,10
I0002131,O000695,P00131,3,78119.17,50
I0002132,O000695,P00546,1,5932.2,15
I0002133,O000695,P00201,1,2941.36,50
I0002134,O000695,P00212,4,3757.86,70
I0002135,O000696,P00474,1,1576.59,20
I0002136,O000696,P00533,0,4950.23,40
I0002137,O000697,P00486,2,11615.3,0
I0002138,O000697,P00457,1,1025.16,0
I0002139,O000697,P00070,5,113737.31,10
I0002140,O000697,P00242,5,811.34,40
I0002141,O000697,P00165,5,5998.96,5
I0002142,O000698,P00131,5,108119.7,30
I0002143,O000698,P00415,2,35032.3,70
I0002144,O000698,P00516,1,2947.61,10
I0002145,O000699,P00190,5,8111.8,15
I0002146,O000699,P00474,5,1362.64,50
I0002147,O000699,P00247,2,6573.53,30
I0002148,O000699,P00538,-5,1403.85,70
I0002149,O000700,P00026,1,8381.26,70
I0002150,O000701,P00120,5,7578.25,15
I0002151,O000701,P00020,3,129453.14,50
I0002152,O000701,P00409,5,13382.25,0
I0002153,O000701,P00467,2,2245.78,10
I0002154,O000702,P00242,4,626.79,50
I0002155,O000702,P00043,2,205109.66,5
I0002156,O000702,P00467,1,1991.87,20
I0002157,O000702,P00063,5,1214.72,5
I0002158,O000702,P00140,5,165985.46,30
I0002159,O000703,P00526,4,274.22,0
I0002160,O000703,P00407,5,31991.82,40
I0002161,O000703,P00127,4,130821.46,15
I0002162,O000703,P00523,2,17065.2,30
I0002163,O000704,P00384,2,7229.24,20
I0002164,O000704,P00145,4,141851.91,30
I0002165,O000704,P00354,1,1548.67,0
I0002166,O000704,P00407,1,23197.57,40
I0002167,O000705,P00079,2,5531.81,20
I0002168,O000705,P00415,5,33399.48,40
I0002169,O000705,P00188,5,478.22,50
I0002170,O000706,P00224,2,3836.2,15
I0002171,O000706,P00080,1,136455.21,50
I0002172,O000706,P00474,1,1599.09,126
I0002173,O000707,P00320,2,111.19,5
I0002174,O000707,P00311,2,1226.41,30
I0002175,O000708,P00332,1,2224.87,30
I0002176,O000708,P00507,3,25567.06,50
I0002177,O000708,P00065,4,90313.21,50
I0002178,O000708,P00281,2,1989.7,30
I0002179,O000709,P00329,3,1122.44,20
I0002180,O000709,P00070,4,201106.86,40
I0002181,O000710,P00012,5,161039.01,30
I0002182,O000710,P00444,1,1538.15,0
I0002183,O000711,P00415,2,29987.66,70
I0002184,O000711,P00466,5,2658.01,20
I0002185,O000711,P00466,3,2087.0,5
I0002186,O000711,P00197,4,4393.85,70
I0002187,O000712,P00047,-5,64308.01,30
I0002188,O000712,P00199,2,3409.35,10
I0002189,O000712,P00338,1,636.71,40
I0002190,O000713,P00202,1,2039.5,40
I0002191,O000714,P00171,2,7339.93,145
I0002192,O000714,P00398,3,1295.14,10
I0002193,O000715,P00225,1,5334.64,30
I0002194,O000715,P00248,3,4925.17,5
I0002195,O000715,P00092,5,138503.04,50
I0002196,O000715,P00530,1,822.08,5
I0002197,O000716,P00111,5,35744.82,70
I0002198,O000716,P00384,5,6897.08,70
I0002199,O000716,P00193,2,2499.9,20
I0002200,O000716,P00148,4,226727.2,5
I0002201,O000717,P00198,3,5891.16,15
I0002202,O000718,P00166,3,3612.98,70
I0002203,O000718,P00212,2,3731.49,40
I0002204,O000718,P00410,4,45844.86,20
I0002205,O000719,P00305,4,1586.23,15
I0002206,O000720,P00131,4,121316.68,50
I0002207,O000720,P00229,2,3106.16,50
I0002208,O000720,P00333,4,1442.0,50
I0002209,O000720,P00193,1,2923.2,15
I0002210,O000720,P00470,-1,1484.14,10
I0002211,O000721,P00164,-2,6763.21,70
I0002212,O000722,P00047,4,86098.26,15
I0002213,O000722,P00533,3,4271.08,10
I0002214,O000722,P00190,4,5422.02,20
I0002215,O000723,P00047,5,88820.43,5
I0002216,O000723,P00486,3,12166.56,0
I0002217,O000723,P00026,3,5270.21,30
I0002218,O000723,P00170,2,6688.83,0
I0002219,O000724,P00012,-2,124717.11,0
I0002220,O000724,P00473,5,2519.32,10
I0002221,O000724,P00415,2,26098.45,30
I0002222,O000724,P00082,5,140441.08,10
I0002223,O000725,P00188,1,866.73,0
I0002224,O000726,P00387,5,5605.2,0
I0002225,O000726,P00332,2,1322.36,70
I0002226,O000726,P00440,3,6610.59,10
I0002227,O000727,P00486,5,13155.05,10
I0002228,O000727,P00102,1,215415.53,50
I0002229,O000728,P00065,5,104043.45,50
I0002230,O000728,P00338,1,962.57,50
I0002231,O000728,P00474,2,1514.26,50
I0002232,O000728,P00074,1,104427.9,10
I0002233,O000729,P00193,5,4159.08,0
I0002234,O000729,P00155,4,169327.21,70
I0002235,O000729,P00530,1,1253.97,15
I0002236,O000729,P00072,5,70213.16,15
I0002237,O000729,P00072,2,48693.71,30
I0002238,O000730,P00047,1,52464.99,5
I0002239,O000730,P00048,3,92049.37,40
I0002240,O916318,P00443,5,2054.29,10
I0002241,O000730,P00415,1,28019.69,15
I0002242,O000731,P00410,2,34108.85,10
I0002243,O000731,P00343,-3,318.59,70
I0002244,O000732,P00065,4,139636.42,10
I0002245,O000732,P00338,3,723.56,40
I0002246,O000732,P00026,4,6414.2,70
I0002247,O000732,P00129,1,112109.16,30
I0002248,O000733,P00072,5,68795.8,20
I0002249,O000733,P00090,4,37265.08,0
I0002250,O000734,P00096,1,104400.12,15
I0002251,O000734,P00129,2,163513.81,50
I0002252,O000735,P00229,3,2418.77,40
I0002253,O000735,P00457,3,1289.92,20
I0002254,O000735,P00368,1,1399.54,0
I0002255,O000735,P00332,1,2056.39,15
I0002256,O000736,P00407,5,24273.01,40
I0002257,O000736,P00190,5,6360.67,50
I0002258,O000736,P00065,1,110926.66,20
I0002259,O000736,P00063,1,1784.84,15
I0002260,O000736,P00475,2,1874.03,15
I0002261,O000737,P00072,5,72267.51,123
I0002262,O000737,P00473,4,2356.47,5
I0002263,O000737,P00194,5,1556.63,120
I0002264,O000737,P00072,2,56432.45,40
I0002265,O000738,P00193,4,2381.16,20
I0002266,O000738,P00126,3,97321.18,15
I0002267,O963955,P00212,5,3418.53,50
I0002268,O000740,P00398,-3,1633.38,70
I0002269,O000740,P00012,3,168410.65,5
I0002270,O000741,P00188,1,541.12,10
I0002271,O000741,P00281,1,2593.49,0
I0002272,O000741,P00397,-4,29301.28,10
I0002273,O000742,P00190,5,8476.22,15
I0002274,O000742,P00381,5,24976.35,50
I0002275,O000742,P00404,3,765.48,10
I0002276,O000742,P00414,3,37863.73,20
I0002277,O000743,P00411,4,1638.04,40
I0002278,O000743,P00140,4,184136.06,50
I0002279,O000743,P00343,2,341.07,70
I0002280,O000744,P00178,2,7606.14,5
I0002281,O000744,P00343,1,445.87,40
I0002282,O000744,P00171,4,7050.46,5
I0002283,O000744,P00412,2,8590.8,15
I0002284,O000744,P00078,1,175180.92,30
I0002285,O000745,P00088,2,23596.27,30
I0002286,O000745,P00098,5,59866.38,15
I0002287,O000746,P00467,2,1378.62,20
I0002288,O000746,P00121,1,44583.88,15
I0002289,O000747,P00474,0,1438.15,10
I0002290,O000747,P00018,5,31701.64,15
I0002291,O000748,P00063,4,1736.58,10
I0002292,O000748,P00181,2,236.97,5
I0002293,O000749,P00080,5,161368.62,20
I0002294,O000749,P00422,1,38113.55,50
I0002295,O000749,P00096,5,177034.98,40
I0002296,O000749,P00413,3,15762.49,5
I0002297,O000750,P00433,4,52860.68,5
I0002298,O000750,P00538,4,1439.46,10
I0002299,O000751,P00096,3,172383.78,5
I0002300,O000752,P00538,5,965.47,50
I0002301,O000752,P00127,4,148554.07,50
I0002302,O000753,P00012,3,107935.93,20
I0002303,O000754,P00127,3,125792.6,20
I0002304,O000754,P00474,1,1286.38,15
I0002305,O000755,P00415,4,22929.6,0
I0002306,O000755,P00470,3,1471.35,0
I0002307,O000756,P00447,4,429.11,30
I0002308,O000757,P00322,5,698.58,50
I0002309,O000757,P00111,4,30222.42,5
I0002310,O000757,P00121,5,67681.02,30
I0002311,O000757,P00414,4,30610.87,50
I0002312,O000758,P00410,3,42395.16,20
I0002313,O000758,P00065,4,144103.67,5
I0002314,O000758,P00019,1,180319.06,70
I0002315,O000759,P00032,2,178992.93,15
I0002316,O000759,P00131,5,67890.21,0
I0002317,O000759,P00343,4,331.45,30
I0002318,O000759,P00523,1,13007.08,0
I0002319,O000760,P00212,2,4846.3,30
I0002320,O000761,P00441,2,2681.77,10
I0002321,O000761,P00202,4,2362.0,30
I0002322,O000761,P00441,1,2081.15,15
I0002323,O000761,P00187,4,4814.08,70
I0002324,O000762,P00387,5,7213.33,40
I0002325,O000762,P00072,4,62800.14,5
I0002326,O000762,P00381,5,18182.27,10
I0002327,O000763,P00018,5,34009.91,50
I0002328,O000763,P00496,2,2063.58,10
I0002329,O000763,P00450,3,465.75,20
I0002330,O000763,P00193,4,3565.96,40
I0002331,O000764,P00437,4,11617.01,40
I0002332,O000764,P00165,2,9168.38,15
I0002333,O000765,P00193,1,3709.28,70
I0002334,O000766,P00197,2,3411.56,15
I0002335,O000767,P00224,1,4767.74,40
I0002336,O000767,P00422,2,44477.66,139
I0002337,O000768,P00080,4,151532.15,70
I0002338,O000768,P00032,5,186630.1,50
I0002339,O000769,P00025,2,107296.16,5
I0002340,O000770,P00332,5,1677.64,15
I0002341,O000771,P00338,3,630.03,30
I0002342,O000771,P00121,0,54855.62,20
I0002343,O000771,P00212,4,2911.96,0
I0002344,O000771,P00536,3,927.37,10
I0002345,O000772,P00229,4,3277.56,20
I0002346,O000772,P00090,2,34926.65,70
I0002347,O000772,P00289,1,1277.15,30
I0002348,O000772,P00538,4,1214.68,5
I0002349,O000772,P00121,4,72445.65,20
I0002350,O000773,P00131,5,105619.69,0
I0002351,O000773,P00486,3,9772.63,30
I0002352,O000773,P00026,4,4970.79,20
I0002353,O000774,P00504,5,26153.26,5
I0002354,O000774,P00170,1,6182.14,15
I0002355,O000775,P00063,3,1503.96,40
I0002356,O000775,P00090,3,25185.11,20
I0002357,O000775,P00170,1,7971.35,10
I0002358,O000775,P00268,5,2409.1,0
I0002359,O000775,P00233,1,7111.64,120
I0002360,O000776,P00131,5,86650.14,30
I0002361,O000776,P00407,1,32246.93,5
I0002362,O000776,P00407,4,37587.99,70
I0002363,O000776,P00188,1,605.58,10
I0002364,O000777,P00194,5,1741.88,50
I0002365,O000778,P00415,5,20012.65,40
I0002366,O000778,P00474,1,1760.76,15
I0002367,O000778,P00250,4,1152.56,0
I0002368,O000778,P00118,3,86070.44,70
I0002369,O000779,P00513,2,33541.21,10
I0002370,O000779,P00457,3,1161.47,50
I0002371,O000779,P00467,-4,2159.87,10
I0002372,O000780,P00170,4,6462.04,30
I0002373,O000780,P00012,2,105521.16,10
I0002374,O000780,P00466,3,2902.27,40
I0002375,O000780,P00012,3,175351.83,15
I0002376,O000781,P00412,4,13245.21,0
I0002377,O000781,P00338,2,727.39,5
I0002378,O000781,P00197,2,3755.59,50
I0002379,O000781,P00332,1,1449.76,10
I0002380,O000782,P00530,5,960.36,0
I0002381,O000782,P00381,1,22529.01,40
I0002382,O000782,P00390,5,13715.7,40
I0002383,O000783,P00397,5,36154.08,50
I0002384,O000783,P00281,4,1586.11,30
I0002385,O000784,P00193,4,2722.55,40
I0002386,O924532,P00229,1,2494.82,5
I0002387,O000784,P00338,1,708.48,5
I0002388,O000785,P00212,4,3178.11,10
I0002389,O000785,P00457,3,791.95,5
I0002390,O000785,P00043,2,191433.8,0
I0002391,O000785,P00082,2,140650.65,50
I0002392,O000785,P00422,2,49513.83,70
I0002393,O000786,P00472,3,1391.58,5
I0002394,O000786,P00457,-5,1229.73,15
I0002395,O000786,P00331,1,880.44,15
I0002396,O000787,P00073,5,21647.26,50
I0002397,O000787,P00393,2,57389.83,40
I0002398,O000787,P00025,3,168939.35,15
I0002399,O000788,P00018,3,43383.75,70
I0002400,O000789,P00063,1,1408.35,15
I0002401,O000789,P00072,4,54359.34,30
I0002402,O000789,P00538,5,1094.56,15
I0002403,O000789,P00474,1,1410.36,50
I0002404,O000789,P00470,5,1663.51,15
I0002405,O000790,P00025,5,159659.39,0
I0002406,O000790,P00120,1,13324.15,15
I0002407,O000791,P00140,2,132944.51,10
I0002408,O000791,P00181,5,330.19,20
I0002409,O000791,P00229,2,2241.97,30
I0002410,O000791,P00343,5,403.81,20
I0002411,O000792,P00320,5,158.9,70
I0002412,O000792,P00533,3,4872.64,20
I0002413,O000792,P00522,5,27048.87,70
I0002414,O000792,P00080,1,153643.23,30
I0002415,O000792,P00229,4,3369.07,5
I0002416,O000793,P00012,3,164849.0,10
I0002417,O000793,P00018,4,57814.11,20
I0002418,O000793,P00410,5,36689.25,15
I0002419,O000794,P00544,3,3464.36,5
I0002420,O000794,P00035,5,146333.42,50
I0002421,O000795,P00538,4,1458.75,20
I0002422,O000795,P00390,3,14347.21,5
I0002423,O000796,P00145,4,138796.68,15
I0002424,O000796,P00193,5,3126.67,20
I0002425,O000796,P00497,1,3613.79,50
I0002426,O000797,P00047,4,79927.5,10
I0002427,O000797,P00112,2,196826.7,30
I0002428,O000797,P00538,3,1503.3,70
I0002429,O000798,P00194,3,2259.99,50
I0002430,O000799,P00338,4,993.85,70
I0002431,O000799,P00407,4,25928.0,50
I0002432,O000799,P00198,3,5391.57,70
I0002433,O000799,P00080,5,168578.77,0
I0002434,O000799,P00209,2,9515.22,30
I0002435,O000800,P00311,3,1798.66,40
I0002436,O000801,P00188,2,760.13,5
I0002437,O000801,P00332,1,2307.49,30
I0002438,O000801,P00407,5,35888.94,15
I0002439,O000801,P00538,4,820.79,20
I0002440,O000802,P00422,4,33861.2,10
I0002441,O000802,P00250,1,1168.79,10
I0002442,O000802,P00018,5,36535.31,20
I0002443,O000802,P00247,4,6277.41,50
I0002444,O000803,P00190,1,8236.36,10
I0002445,O000803,P00127,1,180564.62,70
I0002446,O000803,P00012,3,133166.96,15
I0002447,O000803,P00229,2,2444.44,50
I0002448,O000804,P00171,2,10928.1,5
I0002449,O000804,P00526,2,312.13,70
I0002450,O000804,P00140,5,193931.18,70
I0002451,O997995,P00305,5,2233.96,15
I0002452,O000804,P00057,4,143390.23,40
I0002453,O000805,P00148,5,139794.51,20
I0002454,O000805,P00497,3,3833.98,50
I0002455,O000805,P00203,3,4550.95,20
I0002456,O000806,P00026,3,5073.78,0
I0002457,O000807,P00012,3,101730.48,40
I0002458,O000807,P00018,3,40870.25,30
I0002459,O000807,P00202,1,1880.11,40
I0002460,O000807,P00198,5,6727.16,40
I0002461,O000807,P00389,3,3865.52,40
I0002462,O000808,P00072,2,56804.14,0
I0002463,O000808,P00070,1,170720.47,0
I0002464,O000808,P00429,4,12705.32,5
I0002465,O000808,P00247,1,8474.28,50
I0002466,O000809,P00012,4,102094.89,30
I0002467,O000810,P00393,2,57597.33,10
I0002468,O000810,P00458,3,1769.89,50
I0002469,O000810,P00470,1,2087.77,5
I0002470,O983781,P00023,3,46914.32,30
I0002471,O000811,P00388,3,10827.61,15
I0002472,O000811,P00145,2,116563.29,0
I0002473,O000812,P00530,2,1441.6,40
I0002474,O000813,P00527,3,6691.9,50
I0002475,O000813,P00171,1,6483.44,30
I0002476,O000813,P00426,5,17337.23,15
I0002477,O000814,P00024,1,105916.16,70
I0002478,O000815,P00384,4,4615.25,30
I0002479,O000815,P00389,5,3433.75,5
I0002480,O000815,P00443,3,1838.05,40
I0002481,O000815,P00008,2,27755.59,50
I0002482,O000815,P00513,3,22071.01,20
I0002483,O000816,P00190,1,4813.69,10
I0002484,O000816,P00377,3,19572.48,10
I0002485,O000816,P00176,1,7612.72,5
I0002486,O000816,P00533,4,7074.84,50
I0002487,O000817,P00430,3,43883.22,5
I0002488,O000817,P00427,1,2048.41,10
I0002489,O000817,P00204,5,11509.82,10
I0002490,O000817,P00546,3,7652.89,70
I0002491,O000818,P00121,4,81660.03,0
I0002492,O000818,P00015,1,55018.06,5
I0002493,O000818,P00145,1,107757.4,15
I0002494,O000819,P00072,2,62252.35,20
I0002495,O000819,P00020,4,123751.25,30
I0002496,O000819,P00441,3,1576.37,50
I0002497,O000819,P00528,5,4426.34,10
I0002498,O000819,P00320,1,180.98,15
I0002499,O000820,P00121,3,65446.75,70
I0002500,O000820,P00079,2,4601.53,30
I0002501,O000820,P00424,4,31401.24,149
I0002502,O000820,P00393,1,46744.76,15
I0002503,O000821,P00054,3,94226.9,50
I0002504,O000821,P00197,3,5100.05,70
I0002505,O000821,P00393,0,45120.82,30
I0002506,O000821,P00070,3,165181.61,0
I0002507,O000821,P00190,1,5367.92,70
I0002508,O000822,P00228,1,7066.57,5
I0002509,O000822,P00065,2,126283.95,20
I0002510,O000822,P00463,4,2146.73,30
I0002511,O000822,P00466,5,1754.76,30
I0002512,O000822,P00546,-5,4251.28,70
I0002513,O000823,P00466,5,3076.49,50
I0002514,O000823,P00523,5,17843.38,5
I0002515,O000823,P00384,3,6177.25,5
I0002516,O000824,P00171,1,11347.23,10
I0002517,O000824,P00427,2,3502.03,70
I0002518,O000825,P00190,5,5183.08,30
I0002519,O000825,P00415,3,19999.33,15
I0002520,O000826,P00012,2,174313.33,5
I0002521,O000826,P00145,1,109486.46,30
I0002522,O000826,P00040,4,154990.08,15
I0002523,O000826,P00497,2,2858.32,15
I0002524,O000826,P00474,3,947.11,15
I0002525,O000827,P00046,1,91479.61,5
I0002526,O000828,P00444,1,2131.36,20
I0002527,O000828,P00450,1,553.94,30
I0002528,O000828,P00141,1,119875.47,50
I0002529,O000828,P00343,3,443.92,50
I0002530,O000829,P00467,3,1357.65,30
I0002531,O000829,P00273,5,10185.56,70
I0002532,O000829,P00212,4,4339.73,70
I0002533,O000829,P00409,4,13105.9,40
I0002534,O000829,P00170,2,7899.9,50
I0002535,O000830,P00046,4,78687.77,40
I0002536,O000830,P00033,1,74698.4,30
I0002537,O000830,P00437,1,15213.55,10
I0002538,O000830,P00096,3,103118.14,20
I0002539,O000831,P00188,5,520.57,15
I0002540,O000831,P00381,4,18688.85,50
I0002541,O000832,P00249,4,4636.84,0
I0002542,O000832,P00097,1,97663.68,15
I0002543,O000832,P00538,2,1310.13,40
I0002544,O000832,P00530,2,1314.51,50
I0002545,O000832,P00393,5,36201.73,0
I0002546,O000833,P00091,4,199055.16,10
I0002547,O000833,P00473,1,2290.03,0
I0002548,O000833,P00441,0,2810.0,40
I0002549,O000833,P00415,3,25919.56,40
I0002550,O000833,P00229,1,2475.75,15
I0002551,O000834,P00398,2,1454.27,40
I0002552,O000834,P00154,2,95110.59,70
I0002553,O000834,P00314,3,673.06,30
I0002554,O000834,P00512,1,6054.2,5
I0002555,O000834,P00470,3,1885.97,15
I0002556,O000835,P00398,5,1467.07,0
I0002557,O000835,P00538,4,1001.52,20
I0002558,O000835,P00277,2,3659.14,40
I0002559,O000836,P00233,4,7312.47,20
I0002560,O000836,P00202,3,2306.12,20
I0002561,O000836,P00096,2,171470.39,0
I0002562,O000836,P00338,1,839.81,10
I0002563,O000836,P00393,1,33941.7,70
I0002564,O000837,P00117,2,102784.47,15
I0002565,O000837,P00096,4,115874.64,30
I0002566,O000837,P00486,4,11037.0,30
I0002567,O000837,P00085,4,57765.06,70
I0002568,O000838,P00414,5,50790.66,30
I0002569,O000838,P00121,5,77143.59,70
I0002570,O000838,P00202,5,2310.63,50
I0002571,O000839,P00273,4,8139.81,20
I0002572,O000839,P00458,1,1237.05,5
I0002573,O000839,P00391,5,16551.5,40
I0002574,O000840,P00188,5,651.13,20
I0002575,O000840,P00037,1,47603.26,5
I0002576,O000841,P00412,3,11307.86,50
I0002577,O000841,P00070,4,125920.66,15
I0002578,O000841,P00331,1,1198.01,50
I0002579,O000841,P00037,1,53845.07,30
I0002580,O000842,P00470,3,2434.82,5
I0002581,O000842,P00486,2,16384.27,20
I0002582,O000842,P00384,4,5951.93,10
I0002583,O000843,P00127,5,173923.42,10
I0002584,O000844,P00338,2,674.87,70
I0002585,O000844,P00473,3,2019.46,50
I0002586,O000844,P00338,2,663.35,40
I0002587,O000845,P00491,1,12394.54,20
I0002588,O000845,P00193,2,4446.3,0
I0002589,O000845,P00212,3,3214.6,5
I0002590,O000845,P00381,1,24498.49,30
I0002591,O000845,P00457,4,928.41,5
I0002592,O000846,P00188,5,890.09,40
I0002593,O000847,P00457,1,1345.62,20
I0002594,O000848,P00409,5,14031.08,50
I0002595,O000848,P00224,3,3857.63,10
I0002596,O000849,P00096,3,192834.82,10
I0002597,O000850,P00409,2,15754.18,70
I0002598,O000850,P00127,1,165289.77,40
I0002599,O000850,P00079,2,7266.7,0
I0002600,O000851,P00140,3,164503.4,10
I0002601,O000851,P00072,3,62303.66,5
I0002602,O000851,P00145,2,104435.05,50
I0002603,O000851,P00073,3,18152.91,70
I0002604,O000851,P00070,5,174526.69,20
I0002605,O000852,P00131,4,95375.54,0
I0002606,O000852,P00467,1,1577.65,0
I0002607,O000853,P00197,1,3730.94,40
I0002608,O000853,P00466,5,2266.03,20
I0002609,O000853,P00080,2,128358.94,40
I0002610,O000853,P00466,2,2577.95,5
I0002611,O000854,P00381,3,14400.79,10
I0002612,O000854,P00025,1,131742.44,20
I0002613,O000855,P00078,2,184357.9,5
I0002614,O000856,P00078,4,228145.22,70
I0002615,O000856,P00467,3,1650.14,50
I0002616,O000857,P00041,4,29079.2,50
I0002617,O000857,P00026,-4,5173.74,145
I0002618,O000858,P00398,4,1153.78,70
I0002619,O000858,P00065,2,99849.96,15
I0002620,O000859,P00197,2,3106.41,0
I0002621,O000860,P00470,4,2248.84,15
I0002622,O000860,P00390,2,9952.48,5
I0002623,O000861,P00063,5,998.11,40
I0002624,O000861,P00415,-1,32041.25,15
I0002625,O000861,P00145,1,92485.56,50
I0002626,O000861,P00390,5,16125.94,15
I0002627,O000861,P00127,5,138082.39,5
I0002628,O000862,P00190,4,7459.7,10
I0002629,O000862,P00167,4,8551.31,10
I0002630,O000862,P00486,5,14327.37,5
I0002631,O000863,P00212,5,3570.95,50
I0002632,O000863,P00083,4,85149.86,20
I0002633,O000863,P00437,1,11788.84,50
I0002634,O000863,P00097,2,87639.44,40
I0002635,O000864,P00154,3,67876.24,15
I0002636,O000865,P00492,1,23426.42,15
I0002637,O000865,P00547,1,6312.66,70
I0002638,O000865,P00533,4,4385.62,40
I0002639,O000865,P00065,3,106211.66,20
I0002640,O000866,P00458,2,1056.98,15
I0002641,O000866,P00141,5,111857.07,20
I0002642,O000866,P00525,2,12339.92,70
I0002643,O000866,P00104,3,56093.38,40
I0002644,O000867,P00441,1,2469.02,20
I0002645,O000868,P00417,5,18186.36,10
I0002646,O000868,P00068,3,8342.74,30
I0002647,O000868,P00519,0,16474.96,0
I0002648,O000869,P00381,5,14720.44,30
I0002649,O000870,P00415,2,27270.71,70
I0002650,O000870,P00063,4,1215.33,0
I0002651,O000870,P00517,5,24047.1,5
I0002652,O000870,P00533,1,5705.55,30
I0002653,O000870,P00523,5,16676.02,0
I0002654,O000871,P00316,3,1383.52,15
I0002655,O000871,P00127,2,169823.55,70
I0002656,O000871,P00486,-3,9423.69,70
I0002657,O000871,P00036,4,127306.54,70
I0002658,O000872,P00198,5,7314.22,70
I0002659,O000872,P00229,5,3092.09,106
I0002660,O000873,P00332,5,2136.08,50
I0002661,O000873,P00320,5,161.67,70
I0002662,O000874,P00249,2,4754.69,70
I0002663,O000874,P00123,2,37099.71,70
I0002664,O000874,P00096,4,168655.88,20
I0002665,O000875,P00228,4,7880.24,15
I0002666,O000875,P00505,1,31139.14,15
I0002667,O000875,P00514,-3,13543.23,50
I0002668,O000875,P00538,5,1230.7,70
I0002669,O000876,P00512,3,10176.54,5
I0002670,O000877,P00036,1,128310.72,5
I0002671,O000877,P00170,4,5226.34,15
I0002672,O956955,P00140,4,181265.86,40
I0002673,O000877,P00538,2,1424.57,50
I0002674,O000878,P00305,4,1417.24,30
I0002675,O000878,P00080,3,188745.17,20
I0002676,O000878,P00409,2,13157.53,5
I0002677,O000878,P00390,5,14958.12,20
I0002678,O000879,P00381,2,16913.47,70
I0002679,O000879,P00450,1,596.02,0
I0002680,O000879,P00409,3,12419.03,70
I0002681,O000879,P00193,3,3798.85,0
I0002682,O000880,P00198,2,8310.43,10
I0002683,O000880,P00512,5,5662.74,10
I0002684,O000880,P00407,4,33994.47,20
I0002685,O000880,P00026,2,7452.83,70
I0002686,O000881,P00213,3,5664.85,20
I0002687,O000882,P00065,4,104850.86,15
I0002688,O000882,P00320,5,128.79,70
I0002689,O000883,P00168,-2,3423.44,15
I0002690,O000883,P00526,4,438.64,50
I0002691,O000883,P00512,2,6210.02,0
I0002692,O000883,P00063,5,1176.35,50
I0002693,O000884,P00466,5,1646.39,10
I0002694,O000884,P00047,5,48716.66,30
I0002695,O000884,P00533,1,7242.3,5
I0002696,O000884,P00533,1,6072.82,5
I0002697,O000884,P00096,5,105413.83,20
I0002698,O000885,P00108,4,139090.37,70
I0002699,O000885,P00338,2,846.4,15
I0002700,O000885,P00088,4,31454.09,40
I0002701,O000886,P00063,4,1007.22,10
I0002702,O000886,P00102,1,174711.14,30
I0002703,O000886,P00546,3,7812.95,70
I0002704,O000887,P00047,5,65845.59,0
I0002705,O000887,P00177,2,8616.13,15
I0002706,O000887,P00121,-5,62689.61,40
I0002707,O000887,P00406,3,53612.71,70
I0002708,O000887,P00141,5,180541.47,5
I0002709,O000888,P00432,5,12282.54,50
I0002710,O000888,P00193,3,4220.98,40
I0002711,O000888,P00316,3,2067.53,30
I0002712,O000888,P00365,2,1939.24,50
I0002713,O000888,P00145,1,99195.04,30
I0002714,O000889,P00047,3,71215.5,15
I0002715,O000889,P00094,3,149656.17,50
I0002716,O000890,P00170,2,7576.82,70
I0002717,O000890,P00236,2,2958.58,30
I0002718,O000890,P00202,5,1511.18,5
I0002719,O000891,P00343,2,503.06,10
I0002720,O000892,P00426,5,21229.86,5
I0002721,O000892,P00512,5,7446.65,30
I0002722,O000893,P00216,1,8039.61,15
I0002723,O000893,P00165,5,6093.98,50
I0002724,O000893,P00546,2,5193.94,20
I0002725,O000893,P00222,5,11377.91,40
I0002726,O000893,P00247,-5,8092.58,0
I0002727,O000894,P00096,5,175210.68,70
I0002728,O000894,P00497,3,3696.68,10
I0002729,O000895,P00202,3,1284.83,30
I0002730,O000895,P00188,-3,792.37,50
I0002731,O000895,P00081,3,36400.77,40
I0002732,O958916,P00131,1,94956.3,50
I0002733,O000896,P00497,4,2500.71,0
I0002734,O000897,P00037,2,59413.03,5
I0002735,O000897,P00473,3,2500.66,40
I0002736,O000897,P00123,2,23523.69,15
I0002737,O000898,P00082,5,126495.57,40
I0002738,O000898,P00097,1,113064.67,20
I0002739,O000898,P00538,2,1034.64,50
I0002740,O000898,P00228,3,6880.54,5
I0002741,O000898,P00384,4,5416.79,40
I0002742,O000899,P00171,1,8222.24,70
I0002743,O000899,P00131,4,117177.13,20
I0002744,O000899,P00202,3,1358.21,15
I0002745,O000900,P00437,4,18857.42,20
I0002746,O000901,P00413,5,21601.13,70
I0002747,O000901,P00442,4,1873.19,5
I0002748,O000901,P00229,3,2964.21,10
I0002749,O000902,P00228,1,10294.82,50
I0002750,O000902,P00198,3,4808.69,20
I0002751,O000902,P00043,3,194289.63,15
I0002752,O000902,P00248,4,5138.38,40
I0002753,O000903,P00013,1,144044.09,40
I0002754,O000903,P00519,4,27788.0,10
I0002755,O000903,P00112,3,218831.6,40
I0002756,O000903,P00416,2,935.3,70
I0002757,O000904,P00197,4,3467.77,20
I0002758,O000904,P00343,5,350.31,20
I0002759,O000904,P00170,5,5183.88,0
I0002760,O000905,P00471,4,2131.62,5
I0002761,O000905,P00161,2,11534.74,15
I0002762,O000905,P00268,-1,2769.91,20
I0002763,O000905,P00367,1,105.16,15
I0002764,O000905,P00209,-1,7151.02,0
I0002765,O000906,P00198,1,5109.71,40
I0002766,O000906,P00187,4,4599.0,30
I0002767,O000906,P00409,2,17573.36,5
I0002768,O000906,P00343,1,298.09,40
I0002769,O000907,P00123,5,36661.54,15
I0002770,O000907,P00387,3,8711.36,40
I0002771,O000907,P00338,-3,1014.82,50
I0002772,O000907,P00533,5,6733.29,50
I0002773,O000908,P00524,1,28822.45,30
I0002774,O000908,P00121,1,65663.38,40
I0002775,O000908,P00121,3,57179.87,10
I0002776,O000908,P00318,2,1724.72,10
I0002777,O000908,P00237,3,4492.12,70
I0002778,O000909,P00141,4,183944.42,15
I0002779,O000909,P00473,4,2316.99,5
I0002780,O000910,P00430,3,51670.54,15
I0002781,O000910,P00188,2,563.31,15
I0002782,O000910,P00024,1,84643.97,30
I0002783,O000910,P00155,2,173726.31,40
I0002784,O000911,P00236,2,3526.22,70
I0002785,O000911,P00467,1,1906.32,143
I0002786,O000911,P00254,2,9763.82,30
I0002787,O000911,P00233,2,6025.03,5
I0002788,O000912,P00497,1,2477.96,20
I0002789,O000912,P00381,-1,20435.59,40
I0002790,O000912,P00072,2,65911.8,0
I0002791,O000912,P00317,5,220.55,50
I0002792,O000913,P00085,-4,77904.18,70
I0002793,O000913,P00409,2,14101.94,30
I0002794,O000914,P00148,5,134409.53,20
I0002795,O000915,P00505,3,27609.52,50
I0002796,O000915,P00072,-1,66281.22,0
I0002797,O000915,P00082,3,127108.96,5
I0002798,O000915,P00005,3,64591.22,0
I0002799,O000915,P00108,4,97722.96,70
I0002800,O000916,P00332,3,1817.33,0
I0002801,O000916,P00043,4,171743.06,10
I0002802,O000916,P00546,4,7538.59,40
I0002803,O000916,P00341,3,909.57,20
I0002804,O000916,P00091,1,212210.35,40
I0002805,O000917,P00072,3,43450.13,15
I0002806,O000917,P00457,5,1060.91,50
I0002807,O000917,P00546,5,6136.06,10
I0002808,O000917,P00171,4,9210.2,15
I0002809,O962541,P00078,4,209552.26,5
I0002810,O000918,P00072,1,45954.46,15
I0002811,O000919,P00080,1,108992.56,5
I0002812,O000919,P00080,1,150662.67,0
I0002813,O000919,P00473,5,2605.81,0
I0002814,O000920,P00019,1,135961.68,30
I0002815,O000920,P00390,4,10626.8,15
I0002816,O000920,P00398,-5,1001.27,10
I0002817,O000920,P00388,1,11161.61,0
I0002818,O000920,P00046,3,51532.06,15
I0002819,O000921,P00426,2,13128.2,20
I0002820,O000921,P00097,5,119109.88,15
I0002821,O000921,P00212,1,2891.75,40
I0002822,O000921,P00422,5,44547.1,5
I0002823,O000921,P00092,2,166928.18,50
I0002824,O000922,P00165,5,6771.05,50
I0002825,O000922,P00201,5,2891.04,40
I0002826,O000922,P00229,4,2212.14,50
I0002827,O000923,P00533,4,5398.85,70
I0002828,O000923,P00198,-5,4599.24,10
I0002829,O000923,P00457,1,1046.4,10
I0002830,O000923,P00212,5,3025.86,5
I0002831,O000924,P00463,3,1744.21,10
I0002832,O000925,P00473,3,3204.16,20
I0002833,O000925,P00367,5,73.64,70
I0002834,O000925,P00108,3,149881.59,5
I0002835,O000926,P00229,4,3511.25,70
I0002836,O000926,P00332,1,2047.23,10
I0002837,O000926,P00085,1,53714.37,0
I0002838,O000927,P00397,3,41179.09,10
I0002839,O000927,P00538,5,1308.15,50
I0002840,O000927,P00381,2,25164.63,30
I0002841,O000927,P00187,5,4008.92,0
I0002842,O000928,P00415,1,32740.61,50
I0002843,O000929,P00096,-4,145205.54,20
I0002844,O000929,P00398,5,1470.86,20
I0002845,O000929,P00080,1,131608.89,10
I0002846,O000930,P00070,2,118095.16,10
I0002847,O000931,P00354,1,1278.55,30
I0002848,O000931,P00331,5,1011.6,40
I0002849,O930340,P00212,1,4755.6,10
I0002850,O000931,P00197,1,4716.39,30
I0002851,O000932,P00127,4,153406.75,20
I0002852,O000932,P00141,-3,176815.67,70
I0002853,O000932,P00331,1,1061.68,50
I0002854,O000933,P00447,4,677.7,20
I0002855,O000933,P00444,1,1534.51,20
I0002856,O000933,P00388,4,9888.7,20
I0002857,O000934,P00393,1,61673.64,30
I0002858,O000935,P00546,5,6698.64,10
I0002859,O000935,P00473,4,3165.84,20
I0002860,O000935,P00202,3,1371.77,20
I0002861,O000935,P00190,4,7814.63,20
I0002862,O000936,P00407,2,28560.29,0
I0002863,O000936,P00193,2,3637.06,5
I0002864,O000937,P00281,5,2640.33,70
I0002865,O000937,P00121,4,49751.03,5
I0002866,O000937,P00224,2,4474.95,15
I0002867,O000938,P00486,4,9247.52,50
I0002868,O000938,P00533,1,6944.09,10
I0002869,O000938,P00388,2,7470.9,10
I0002870,O000938,P00200,4,7061.84,5
I0002871,O000939,P00474,2,1111.95,10
I0002872,O000940,P00072,2,61479.84,40
I0002873,O000940,P00111,5,48279.0,20
I0002874,O000941,P00331,1,992.54,0
I0002875,O000941,P00414,3,50376.99,70
I0002876,O000941,P00450,4,523.61,70
I0002877,O000941,P00121,5,78345.87,15
I0002878,O000942,P00127,3,129966.18,30
I0002879,O000942,P00024,3,83185.76,70
I0002880,O000942,P00092,1,187088.84,10
I0002881,O000942,P00414,5,36470.07,40
I0002882,O000943,P00212,3,4951.17,50
I0002883,O000943,P00381,3,18643.4,70
I0002884,O000943,P00467,5,1301.01,70
I0002885,O000944,P00409,2,10775.45,15
I0002886,O000944,P00422,3,36435.01,20
I0002887,O000945,P00428,3,10054.07,20
I0002888,O000945,P00197,1,4911.79,40
I0002889,O000945,P00080,1,136837.21,20
I0002890,O000945,P00457,2,982.4,30
I0002891,O000945,P00415,2,22883.09,30
I0002892,O000946,P00489,3,29836.98,20
I0002893,O000946,P00031,4,2552.7,0
I0002894,O000946,P00070,2,167315.44,50
I0002895,O000946,P00082,1,121025.86,30
I0002896,O000946,P00443,5,2570.84,70
I0002897,O000947,P00473,4,2845.12,0
I0002898,O000947,P00422,1,39640.14,0
I0002899,O000947,P00070,2,205257.69,50
I0002900,O000948,P00141,2,161285.47,5
I0002901,O000948,P00268,3,2877.93,15
I0002902,O000948,P00415,3,23974.16,10
I0002903,O000948,P00171,4,11337.41,5
I0002904,O000948,P00328,2,263.73,50
I0002905,O000949,P00533,4,6200.15,40
I0002906,O000949,P00082,4,142383.91,0
I0002907,O000949,P00012,2,182524.99,0
I0002908,O000950,P00428,1,10850.67,20
I0002909,O000950,P00533,1,6549.1,10
I0002910,O000950,P00047,4,82806.64,50
I0002911,O000950,P00343,5,357.36,70
I0002912,O000950,P00177,1,9024.14,30
I0002913,O000951,P00422,4,57249.18,30
I0002914,O000951,P00224,5,4025.6,5
I0002915,O000951,P00065,5,91011.65,30
I0002916,O000952,P00548,4,3671.93,0
I0002917,O000953,P00019,1,156720.49,15
I0002918,O000954,P00208,3,9156.56,30
I0002919,O000954,P00197,2,4278.22,40
I0002920,O000954,P00082,1,199788.33,15
I0002921,O000954,P00428,1,12931.74,30
I0002922,O000955,P00090,4,22035.17,15
I0002923,O000956,P00222,1,10752.28,0
I0002924,O000956,P00072,2,64140.13,0
I0002925,O000957,P00031,1,3172.59,15
I0002926,O000957,P00148,5,144032.94,50
I0002927,O000957,P00015,2,47184.39,5
I0002928,O000957,P00391,1,13050.93,0
I0002929,O000957,P00466,1,2250.56,20
I0002930,O000958,P00237,4,4823.34,70
I0002931,O000959,P00512,3,8836.45,40
I0002932,O000960,P00213,4,4683.31,0
I0002933,O000960,P00198,2,6498.55,5
I0002934,O000960,P00203,3,4663.21,30
I0002935,O000961,P00096,4,148746.24,5
I0002936,O000961,P00398,5,1625.56,10
I0002937,O000962,P00141,5,189687.03,10
I0002938,O000963,P00127,1,140260.56,15
I0002939,O000963,P00441,1,1990.56,70
I0002940,O000963,P00529,2,5092.57,40
I0002941,O000963,P00085,4,52779.69,20
I0002942,O000963,P00538,2,1522.91,20
I0002943,O000964,P00141,3,197604.84,15
I0002944,O000964,P00533,1,4593.63,0
I0002945,O000964,P00407,4,30380.0,0
I0002946,O000965,P00078,5,221590.19,40
I0002947,O000965,P00281,2,2761.51,15
I0002948,O000966,P00082,4,211601.38,15
I0002949,O000966,P00026,1,6219.29,5
I0002950,O000966,P00306,3,1742.39,50
I0002951,O000967,P00169,4,3390.2,30
I0002952,O000967,P00350,1,467.94,5
I0002953,O000967,P00338,3,847.17,0
I0002954,O000968,P00193,4,2736.45,70
I0002955,O000968,P00527,5,9777.59,5
I0002956,O000968,P00398,4,1175.67,50
I0002957,O000968,P00082,4,175666.09,20
I0002958,O000969,P00415,5,34379.36,10
I0002959,O000969,P00012,1,115882.05,0
I0002960,O000970,P00197,5,3053.29,20
I0002961,O000970,P00212,3,2976.16,70
I0002962,O000970,P00202,1,1495.94,30
I0002963,O000970,P00497,5,3470.68,5
I0002964,O000970,P00229,4,3737.17,70
I0002965,O000971,P00393,3,34415.41,40
I0002966,O000971,P00026,5,5231.91,50
I0002967,O000971,P00512,3,4957.58,118
I0002968,O000971,P00273,1,7222.97,20
I0002969,O000971,P00486,3,13536.32,0
I0002970,O000972,P00141,4,141670.6,5
I0002971,O000972,P00546,5,5346.35,20
I0002972,O000972,P00546,2,5831.89,10
I0002973,O000973,P00320,5,114.13,30
I0002974,O000973,P00053,2,142271.47,0
I0002975,O000973,P00389,4,2463.11,5
I0002976,O000973,P00541,2,4347.7,70
I0002977,O000974,P00409,3,18249.2,30
I0002978,O000974,P00121,4,49825.4,40
I0002979,O000974,P00414,3,29951.62,15
I0002980,O000974,P00229,2,2701.99,40
I0002981,O000975,P00131,1,89501.17,10
I0002982,O000975,P00096,3,116197.78,40
I0002983,O000975,P00127,-5,161106.57,50
I0002984,O000976,P00546,2,6043.56,20
I0002985,O000976,P00188,5,709.6,5
I0002986,O000976,P00475,5,1994.03,20
I0002987,O000977,P00012,1,116568.93,10
I0002988,O000977,P00035,1,163870.34,10
I0002989,O000977,P00042,5,42148.66,10
I0002990,O000978,P00212,5,4141.71,30
I0002991,O000978,P00063,2,958.91,70
I0002992,O000978,P00096,1,109227.44,0
I0002993,O000978,P00364,2,1188.14,20
I0002994,O000978,P00047,3,49338.34,40
I0002995,O000979,P00496,4,2318.73,0
I0002996,O000980,P00479,3,1747.98,70
I0002997,O000980,P00096,2,154638.41,70
I0002998,O000981,P00377,5,15842.12,20
I0002999,O000981,P00541,4,3406.18,40
I0003000,O000981,P00108,-5,124082.85,15
I0003001,O000982,P00096,-3,136118.15,70
I0003002,O000982,P00065,4,138885.04,50
I0003003,O000983,P00467,4,2178.2,5
I0003004,O000983,P00145,5,117357.68,5
I0003005,O000983,P00331,2,863.51,15
I0003006,O000983,P00082,2,203020.95,40
I0003007,O000984,P00470,2,1733.09,50
I0003008,O000984,P00127,3,164805.04,10
I0003009,O000985,P00457,3,1043.07,30
I0003010,O000985,P00486,4,15297.73,40
I0003011,O000985,P00534,5,4669.23,70
I0003012,O000985,P00031,3,4357.81,0
I0003013,O000986,P00486,4,15504.76,20
I0003014,O000987,P00522,2,29125.41,5
I0003015,O000987,P00018,5,47605.11,15
I0003016,O000987,P00470,2,1945.77,40
I0003017,O000987,P00247,3,7443.23,20
I0003018,O000988,P00512,5,1574.84,70
I0003019,O000988,P00393,-4,58747.05,20
I0003020,O000988,P00188,3,667.01,30
I0003021,O000989,P00140,4,151164.9,30
I0003022,O000989,P00388,4,6808.92,30
I0003023,O000989,P00281,5,2421.96,20
I0003024,O000989,P00170,1,6539.88,5
I0003025,O000990,P00012,4,121890.2,20
I0003026,O000990,P00411,4,1600.05,70
I0003027,O000991,P00320,5,118.41,40
I0003028,O000992,P00148,3,174298.33,5
I0003029,O000992,P00268,2,3370.52,50
I0003030,O000992,P00073,1,21709.89,5
I0003031,O000993,P00541,2,5431.21,20
I0003032,O000993,P00177,3,7839.51,30
I0003033,O000993,P00213,1,4164.33,15
I0003034,O000994,P00415,3,29066.93,10
I0003035,O000994,P00193,5,3406.92,10
I0003036,O000995,P00486,3,15965.89,10
I0003037,O000995,P00202,3,1824.54,5
I0003038,O000996,P00268,1,2359.98,0
I0003039,O000996,P00415,1,26184.64,40
I0003040,O000996,P00200,5,6915.9,0
I0003041,O000997,P00475,4,1826.6,5
I0003042,O000998,P00165,4,7070.69,5
I0003043,O000999,P00537,5,3989.63,15
I0003044,O000999,P00198,5,5483.98,10
I0003045,O000999,P00193,1,3906.75,30
I0003046,O000999,P00477,5,2381.51,5
I0003047,O000999,P00140,5,219077.4,20
I0003048,O001000,P00181,5,313.59,70
I0003049,O001001,P00398,5,939.42,10
I0003050,O001001,P00164,2,9015.88,20
I0003051,O001001,P00012,1,163443.76,30
I0003052,O001002,P00525,3,8488.72,5
I0003053,O001002,P00082,4,163336.21,15
I0003054,O001002,P00078,5,227020.38,5
I0003055,O001003,P00414,5,32340.49,70
I0003056,O001003,P00047,3,51761.18,10
I0003057,O001003,P00198,4,6158.72,40
I0003058,O001003,P00026,4,7302.3,70
I0003059,O902348,P00202,1,1465.88,30
I0003060,O001004,P00519,-5,26308.13,10
I0003061,O001004,P00546,1,8013.94,20
I0003062,O001004,P00012,2,111179.47,40
I0003063,O001004,P00224,1,3716.12,50
I0003064,O001004,P00480,1,871.66,30
I0003065,O001005,P00436,1,14507.45,20
I0003066,O001005,P00084,5,107512.22,5
I0003067,O001005,P00538,5,959.73,70
I0003068,O001005,P00091,5,188433.26,5
I0003069,O001005,P00276,1,8133.82,50
I0003070,O001006,P00407,5,26151.91,10
I0003071,O001007,P00065,4,81026.07,70
I0003072,O001008,P00237,4,4219.55,70
I0003073,O001009,P00486,1,9898.95,70
I0003074,O001009,P00108,5,138389.56,70
I0003075,O001010,P00388,3,9138.09,5
I0003076,O001010,P00127,2,224331.1,0
I0003077,O001010,P00065,3,84290.36,30
I0003078,O001011,P00331,3,1521.47,5
I0003079,O001012,P00224,5,5684.45,0
I0003080,O001012,P00065,2,135629.93,50
I0003081,O001012,P00129,3,159203.92,15
I0003082,O001013,P00026,1,8145.04,30
I0003083,O001013,P00332,4,1797.58,70
I0003084,O001013,P00112,0,146059.76,40
I0003085,O001013,P00325,4,1567.53,5
I0003086,O001014,P00254,0,8565.91,40
I0003087,O001014,P00063,4,1419.56,70
I0003088,O001015,P00546,2,6536.15,40
I0003089,O001015,P00457,4,922.18,30
I0003090,O001015,P00397,3,23503.81,30
I0003091,O001015,P00413,2,26359.96,15
I0003092,O001016,P00063,5,1529.04,15
I0003093,O001016,P00199,2,3714.16,40
I0003094,O001016,P00140,4,149758.14,30
I0003095,O927631,P00407,2,25868.59,5
I0003096,O001017,P00457,2,1298.38,5
I0003097,O001017,P00393,1,48945.9,15
I0003098,O001017,P00047,1,68621.78,30
I0003099,O001018,P00530,2,1152.81,0
I0003100,O001018,P00070,2,117931.35,70
I0003101,O001018,P00012,4,151605.79,50
I0003102,O001018,P00350,-4,334.25,40
I0003103,O001019,P00409,3,10394.37,20
I0003104,O001020,P00082,3,208403.86,40
I0003105,O001020,P00193,2,2792.72,40
I0003106,O001021,P00127,5,218568.99,0
I0003107,O001021,P00209,2,7132.67,70
I0003108,O001022,P00127,0,174037.9,40
I0003109,O001022,P00165,4,8447.78,70
I0003110,O001022,P00470,4,2135.31,5
I0003111,O001022,P00018,4,34016.26,30
I0003112,O001023,P00422,4,63164.2,20
I0003113,O001023,P00332,5,2459.53,20
I0003114,O001024,P00145,5,80084.83,0
I0003115,O001024,P00031,2,2932.04,5
I0003116,O001024,P00512,3,443.22,5
I0003117,O001024,P00097,1,95911.42,5
I0003118,O001025,P00332,4,2002.89,10
I0003119,O001025,P00544,3,2618.24,30
I0003120,O001025,P00414,4,38586.48,15
I0003121,O001026,P00527,5,5860.79,70
I0003122,O001026,P00414,1,48674.91,15
I0003123,O001026,P00127,2,217686.43,15
I0003124,O001026,P00062,-1,138817.0,5
I0003125,O001026,P00139,2,205628.45,70
I0003126,O001027,P00546,2,4521.09,20
I0003127,O001028,P00020,2,155310.93,30
I0003128,O001028,P00120,5,10104.84,0
I0003129,O001029,P00102,4,202125.96,70
I0003130,O001029,P00072,4,76945.92,40
I0003131,O001029,P00343,1,338.61,5
I0003132,O001029,P00057,4,192535.21,0
I0003133,O001030,P00097,2,94536.37,5
I0003134,O001030,P00496,3,2634.92,70
I0003135,O001030,P00037,4,61246.41,15
I0003136,O001031,P00026,2,8514.2,50
I0003137,O001031,P00415,3,20515.25,10
I0003138,O001032,P00307,5,405.16,30
I0003139,O001033,P00441,5,2050.0,50
I0003140,O001033,P00384,2,5530.78,30
I0003141,O001033,P00453,5,2053.52,70
I0003142,O001033,P00120,4,11320.26,40
I0003143,O001034,P00422,1,62310.21,0
I0003144,O001035,P00225,4,5600.12,20
I0003145,O001035,P00202,4,2373.12,0
I0003146,O001035,P00402,4,962.2,30
I0003147,O001035,P00053,2,101371.85,20
I0003148,O001036,P00187,2,5236.38,20
I0003149,O001036,P00497,5,2630.27,5
I0003150,O001036,P00533,5,6255.24,0
I0003151,O001036,P00538,1,1331.48,0
I0003152,O001037,P00070,5,187948.85,5
I0003153,O001037,P00080,3,170528.97,20
I0003154,O001037,P00160,5,43049.65,5
I0003155,O001038,P00171,2,11158.49,15
I0003156,O001038,P00384,1,6524.3,10
I0003157,O001039,P00225,1,2997.41,5
I0003158,O001039,P00409,3,17804.0,40
I0003159,O001040,P00409,3,15422.28,30
I0003160,O001041,P00546,3,6584.87,50
I0003161,O001041,P00012,4,118589.09,40
I0003162,O001041,P00013,2,142874.54,10
I0003163,O001042,P00509,4,3773.72,0
I0003164,O001043,P00457,2,1319.05,10
I0003165,O001044,P00474,4,1468.99,15
I0003166,O001044,P00393,4,39190.56,15
I0003167,O001044,P00198,1,6509.88,20
I0003168,O001044,P00026,5,6809.21,70
I0003169,O001045,P00019,4,199825.6,30
I0003170,O001045,P00384,5,8228.99,0
I0003171,O001046,P00343,2,565.67,30
I0003172,O001046,P00171,2,9574.27,30
I0003173,O001046,P00372,4,4612.14,0
I0003174,O001047,P00121,5,71160.07,20
I0003175,O001047,P00070,2,190002.64,20
I0003176,O001048,P00191,4,5648.31,10
I0003177,O001048,P00118,5,108492.35,0
I0003178,O001049,P00486,5,14796.28,5
I0003179,O001049,P00084,5,131953.68,0
I0003180,O001049,P00523,5,12754.9,10
I0003181,O001050,P00354,5,1349.11,30
I0003182,O001051,P00407,1,24669.74,30
I0003183,O001051,P00155,0,127460.62,70
I0003184,O001052,P00070,4,124018.35,10
I0003185,O001052,P00078,4,222054.25,50
I0003186,O001052,P00409,4,9904.58,50
I0003187,O001053,P00388,1,10502.17,70
I0003188,O001053,P00486,3,12601.51,20
I0003189,O001053,P00529,3,7583.29,5
I0003190,O001053,P00212,1,2769.86,30
I0003191,O001054,P00299,4,57.79,40
I0003192,O001054,P00422,1,60744.84,30
I0003193,O001054,P00480,5,666.25,10
I0003194,O001054,P00121,2,76265.26,30
I0003195,O001054,P00108,4,92730.71,0
I0003196,O001055,P00188,4,657.33,0
I0003197,O001056,P00486,2,14165.93,40
I0003198,O001056,P00414,1,46946.91,0
I0003199,O001056,P00190,5,5402.31,5
I0003200,O001057,P00430,1,38909.17,110
I0003201,O001057,P00538,3,1160.76,70
I0003202,O001058,P00040,2,179388.76,0
I0003203,O001058,P00475,3,1601.85,30
I0003204,O001058,P00018,3,47665.9,0
I0003205,O001058,P00247,3,5995.75,0
I0003206,O001058,P00527,1,9621.04,10
I0003207,O001059,P00381,1,21731.79,10
I0003208,O001060,P00165,2,6468.32,70
I0003209,O001060,P00078,2,172618.03,0
I0003210,O001060,P00393,5,52456.44,20
I0003211,O001060,P00190,2,5885.76,15
I0003212,O001061,P00512,3,3972.07,40
I0003213,O001061,P00170,4,5375.19,20
I0003214,O001061,P00131,1,104151.48,30
I0003215,O001061,P00012,4,157541.12,0
I0003216,O001061,P00171,2,9938.99,70
I0003217,O001062,P00141,4,133221.53,40
I0003218,O001062,P00036,1,111911.27,15
I0003219,O001062,P00171,1,6864.05,10
I0003220,O001062,P00428,4,16658.43,10
I0003221,O001063,P00311,3,2067.94,70
I0003222,O001063,P00005,2,57986.78,30
I0003223,O001063,P00090,0,34811.06,10
I0003224,O001063,P00407,4,25897.87,10
I0003225,O001063,P00320,3,180.68,70
I0003226,O001064,P00095,2,30434.89,70
I0003227,O001064,P00188,4,777.15,15
I0003228,O001064,P00332,3,1921.2,10
I0003229,O001065,P00202,1,2231.74,20
I0003230,O001066,P00229,5,3453.26,5
I0003231,O001067,P00412,3,13952.41,5
I0003232,O001067,P00390,4,15704.19,0
I0003233,O001068,P00428,5,11453.99,15
I0003234,O001069,P00414,2,41060.45,50
I0003235,O001070,P00232,2,9520.16,40
I0003236,O001070,P00171,1,7632.36,10
I0003237,O001070,P00534,1,3856.68,20
I0003238,O001070,P00213,2,7161.44,40
I0003239,O001070,P00384,4,6173.58,20
I0003240,O001071,P00127,1,207613.43,70
I0003241,O001071,P00473,4,1858.33,15
I0003242,O001071,P00393,2,33937.36,30
I0003243,O001072,P00072,2,42335.57,50
I0003244,O001072,P00194,1,1468.48,40
I0003245,O001072,P00229,2,3203.35,70
I0003246,O001073,P00229,5,2997.63,20
I0003247,O001074,P00467,0,1256.91,70
I0003248,O001074,P00198,2,7246.76,10
I0003249,O001075,P00320,3,141.31,0
I0003250,O001076,P00170,2,7952.94,20
I0003251,O001076,P00112,4,150458.1,15
I0003252,O001076,P00046,3,80838.01,20
I0003253,O001076,P00473,5,2790.01,10
I0003254,O001077,P00466,3,2776.06,20
I0003255,O001078,P00348,4,1832.78,5
I0003256,O001078,P00012,3,125758.86,70
I0003257,O001079,P00479,2,3135.03,70
I0003258,O001080,P00037,4,64758.98,10
I0003259,O001080,P00037,1,67491.62,40
I0003260,O001080,P00193,5,3989.27,20
I0003261,O001080,P00262,2,5217.92,5
I0003262,O001081,P00343,5,506.38,40
I0003263,O001081,P00281,4,2799.55,30
I0003264,O001081,P00047,1,79861.07,15
I0003265,O001081,P00331,2,1551.72,10
I0003266,O001081,P00145,2,86786.66,0
I0003267,O001082,P00171,5,8562.16,70
I0003268,O001082,P00026,4,5008.63,20
I0003269,O001082,P00394,4,410.85,30
I0003270,O928789,P00198,4,6591.91,10
I0003271,O001084,P00121,2,49903.18,10
I0003272,O001084,P00072,5,70193.03,0
I0003273,O001085,P00085,-4,76731.42,30
I0003274,O001086,P00467,1,1722.23,70
I0003275,O001086,P00346,4,1472.82,30
I0003276,O001086,P00393,3,39293.34,125
I0003277,O001086,P00304,2,517.11,5
I0003278,O001087,P00037,2,43938.57,70
I0003279,O001087,P00080,2,115819.74,0
I0003280,O001087,P00390,2,10831.59,20
I0003281,O001087,P00546,1,7074.99,0
I0003282,O001088,P00063,4,1536.08,0
I0003283,O001088,P00198,1,6110.95,5
I0003284,O001089,P00065,2,121137.23,40
I0003285,O001089,P00078,2,153560.79,0
I0003286,O001089,P00295,5,498.33,70
I0003287,O001089,P00332,2,2045.57,70
I0003288,O001089,P00451,5,1308.87,20
I0003289,O001090,P00155,3,93281.17,70
I0003290,O001091,P00414,1,45560.32,40
I0003291,O001091,P00520,4,17677.89,30
I0003292,O001091,P00320,5,95.52,10
I0003293,O001092,P00407,4,28800.09,5
I0003294,O001093,P00415,2,30545.97,0
I0003295,O001094,P00212,5,2705.24,40
I0003296,O001094,P00091,2,158654.78,40
I0003297,O001094,P00474,4,1456.99,30
I0003298,O001094,P00148,3,220263.67,20
I0003299,O001095,P00384,4,6242.68,70
I0003300,O001095,P00063,1,1050.71,5
I0003301,O001095,P00127,3,216223.75,70
I0003302,O001096,P00457,4,949.92,15
I0003303,O001096,P00409,3,11597.93,15
I0003304,O001096,P00224,1,4791.1,15
I0003305,O001096,P00020,2,168807.38,70
I0003306,O001096,P00212,5,3943.23,15
I0003307,O001097,P00428,4,10565.93,10
I0003308,O001097,P00092,5,152401.54,10
I0003309,O001098,P00284,2,2876.82,40
I0003310,O001098,P00141,4,168698.73,15
I0003311,O001099,P00212,3,3160.75,10
I0003312,O001099,P00101,4,170977.85,70
I0003313,O001100,P00213,2,7144.72,40
I0003314,O001101,P00020,3,149136.65,30
I0003315,O001101,P00320,1,109.66,5
I0003316,O001101,P00541,2,5958.13,70
I0003317,O001102,P00224,4,5720.12,30
I0003318,O001102,P00384,4,7856.33,10
I0003319,O001102,P00546,3,6463.2,15
I0003320,O001102,P00320,1,135.43,50
I0003321,O001102,P00171,3,11251.55,10
I0003322,O001103,P00170,3,6081.38,70
I0003323,O001103,P00413,2,17369.29,5
I0003324,O001104,P00398,5,1446.18,20
I0003325,O001104,P00070,5,148778.01,20
I0003326,O001105,P00281,1,2190.77,40
I0003327,O001106,P00188,0,840.09,40
I0003328,O001107,P00229,4,2454.56,70
I0003329,O001107,P00459,1,419.69,30
I0003330,O001108,P00496,1,1861.91,30
I0003331,O001108,P00281,3,2976.68,70
I0003332,O001108,P00390,1,14521.91,10
I0003333,O001109,P00409,1,16522.4,15
I0003334,O001109,P00065,4,111733.56,10
I0003335,O001109,P00070,5,199727.11,40
I0003336,O001109,P00096,5,182462.29,30
I0003337,O001109,P00062,3,96426.2,50
I0003338,O001110,P00127,1,130618.04,0
I0003339,O001110,P00441,2,2802.25,5
I0003340,O001110,P00331,1,959.77,15
I0003341,O001110,P00281,1,1911.91,40
I0003342,O001111,P00080,3,132155.54,40
I0003343,O001111,P00525,2,11006.87,5
I0003344,O001112,P00072,2,51417.75,0
I0003345,O001112,P00530,5,1003.9,70
I0003346,O001112,P00254,2,9789.4,5
I0003347,O001112,P00496,3,2119.63,20
I0003348,O001112,P00512,3,202.57,20
I0003349,O001113,P00183,2,9070.91,5
I0003350,O001113,P00171,4,10919.02,5
I0003351,O001113,P00193,-2,2785.39,70
I0003352,O001113,P00023,1,69335.09,30
I0003353,O001114,P00320,5,110.44,15
I0003354,O001114,P00546,1,6091.8,30
I0003355,O001114,P00414,4,40651.8,50
I0003356,O001114,P00437,-5,10996.85,15
I0003357,O001114,P00398,4,1256.9,10
I0003358,O001115,P00228,2,8488.31,5
I0003359,O001115,P00437,4,19812.87,5
I0003360,O001115,P00474,5,1298.64,10
I0003361,O001115,P00131,4,121724.05,20
I0003362,O001115,P00035,2,124665.81,15
I0003363,O001116,P00343,3,399.9,5
I0003364,O001116,P00068,2,6576.69,15
I0003365,O001116,P00190,3,8767.96,40
I0003366,O001117,P00254,3,9579.51,15
I0003367,O001117,P00121,4,50528.37,15
I0003368,O001117,P00012,4,118642.56,103
I0003369,O001117,P00438,5,15177.87,50
I0003370,O001117,P00393,4,55389.03,0
I0003371,O001118,P00437,5,14584.34,5
I0003372,O001118,P00538,4,1019.37,30
I0003373,O001118,P00398,5,1258.27,15
I0003374,O001118,P00213,2,6800.88,40
I0003375,O001118,P00412,1,12651.0,146
I0003376,O001119,P00212,5,3624.81,50
I0003377,O001119,P00493,0,22233.66,15
I0003378,O001119,P00281,5,2589.38,15
I0003379,O001119,P00480,3,717.96,15
I0003380,O001120,P00224,4,3716.68,20
I0003381,O001120,P00407,4,31109.36,30
I0003382,O001120,P00486,2,9483.26,15
I0003383,O001120,P00203,1,5644.91,20
I0003384,O001121,P00452,2,1505.74,10
I0003385,O001121,P00104,5,61443.66,0
I0003386,O001121,P00486,2,13155.98,70
I0003387,O001122,P00197,4,5676.06,50
I0003388,O001122,P00512,3,5214.32,0
I0003389,O001122,P00381,-5,15666.83,20
I0003390,O001123,P00442,5,2747.4,40
I0003391,O001123,P00037,4,70299.5,10
I0003392,O001124,P00072,3,63033.13,40
I0003393,O001124,P00047,5,77441.87,0
I0003394,O001124,P00145,1,143462.24,10
I0003395,O001124,P00091,1,171272.58,10
I0003396,O001125,P00070,5,134151.82,40
I0003397,O001125,P00082,1,214929.26,70
I0003398,O001126,P00131,-2,111583.84,70
I0003399,O001126,P00203,3,5381.16,15
I0003400,O001126,P00337,2,507.18,30
I0003401,O001126,P00025,3,137148.23,70
I0003402,O001127,P00390,2,14682.49,50
I0003403,O001127,P00063,2,1633.9,70
I0003404,O001127,P00171,2,8684.87,30
I0003405,O001127,P00426,1,14118.95,20
I0003406,O001127,P00338,1,770.53,5
I0003407,O001128,P00381,1,16697.6,40
I0003408,O001128,P00202,5,1632.05,0
I0003409,O001129,P00177,2,8924.22,30
I0003410,O001129,P00474,5,1184.46,20
I0003411,O001129,P00072,5,61653.83,20
I0003412,O001129,P00303,5,690.85,5
I0003413,O001130,P00281,2,2294.59,50
I0003414,O001131,P00331,4,1252.17,30
I0003415,O001132,P00202,3,1846.22,0
I0003416,O001132,P00486,4,10050.71,20
I0003417,O001132,P00072,3,68028.14,15
I0003418,O001132,P00466,4,2959.18,70
I0003419,O001132,P00005,1,60208.34,40
I0003420,O001133,P00224,3,3734.98,5
I0003421,O001133,P00046,2,82865.77,0
I0003422,O001133,P00343,1,438.31,70
I0003423,O001133,P00065,2,122525.8,15
I0003424,O001134,P00421,0,38102.27,40
I0003425,O001134,P00121,3,45263.59,117
I0003426,O001134,P00127,3,199273.71,20
I0003427,O001134,P00268,1,2500.27,30
I0003428,O001134,P00320,3,123.94,70
I0003429,O001135,P00513,5,22608.47,30
I0003430,O001135,P00096,5,143206.32,30
I0003431,O001136,P00407,5,21636.99,40
I0003432,O001137,P00473,1,2602.49,70
I0003433,O001137,P00082,4,181476.34,30
I0003434,O001137,P00007,2,57583.9,5
I0003435,O001137,P00193,4,3053.02,10
I0003436,O001137,P00415,2,33484.59,20
I0003437,O001138,P00388,3,6682.96,30
I0003438,O001139,P00131,4,65865.86,20
I0003439,O001139,P00188,2,480.81,20
I0003440,O001139,P00242,1,889.17,0
I0003441,O001139,P00120,3,9115.21,20
I0003442,O001139,P00179,1,8618.09,70
I0003443,O001140,P00457,3,1045.96,0
I0003444,O001140,P00377,5,15657.17,0
I0003445,O001140,P00188,3,621.58,50
I0003446,O001141,P00078,3,217278.32,15
I0003447,O001141,P00203,4,3914.93,20
I0003448,O001141,P00131,2,90627.07,15
I0003449,O001142,P00190,1,6093.8,15
I0003450,O001142,P00357,2,957.08,30
I0003451,O001143,P00046,1,74811.15,20
I0003452,O001144,P00331,3,1284.5,50
I0003453,O001144,P00533,3,5153.16,50
I0003454,O001144,P00026,5,5415.84,70
I0003455,O001144,P00047,5,91209.06,50
I0003456,O001144,P00343,5,459.06,5
I0003457,O001145,P00541,2,4793.42,70
I0003458,O001145,P00111,4,30466.13,0
I0003459,O001145,P00475,5,1875.89,20
I0003460,O001145,P00194,5,1816.0,0
I0003461,O001146,P00110,4,17138.95,30
I0003462,O001147,P00443,3,2107.08,0
I0003463,O001148,P00481,5,718.71,20
I0003464,O001149,P00200,1,5833.84,5
I0003465,O001149,P00439,5,41030.81,5
I0003466,O001150,P00224,2,4161.44,30
I0003467,O001150,P00388,4,10698.79,50
I0003468,O001150,P00512,3,4446.28,5
I0003469,O001151,P00229,2,2967.12,5
I0003470,O001151,P00140,3,196937.78,15
I0003471,O001151,P00024,3,139890.34,50
I0003472,O001151,P00036,2,109150.23,15
I0003473,O001151,P00305,5,1564.5,40
I0003474,O001152,P00016,3,137672.62,143
I0003475,O001152,P00188,2,769.14,20
I0003476,O001152,P00178,3,7543.55,5
I0003477,O001152,P00533,5,6994.95,30
I0003478,O001152,P00434,2,19347.47,10
I0003479,O001153,P00381,-2,18021.42,30
I0003480,O001153,P00338,3,920.02,15
I0003481,O001153,P00161,3,6463.09,30
I0003482,O001153,P00281,2,1752.65,30
I0003483,O001154,P00407,4,24014.32,5
I0003484,O001154,P00065,3,131161.48,0
I0003485,O001154,P00018,1,52108.26,30
I0003486,O001154,P00527,3,5869.27,15
I0003487,O001154,P00497,2,3901.11,15
I0003488,O001155,P00141,2,153826.95,70
I0003489,O001155,P00013,3,152854.58,50
I0003490,O001155,P00102,2,175753.68,10
I0003491,O001155,P00428,5,14481.72,50
I0003492,O001155,P00012,5,175593.29,40
I0003493,O001156,P00410,4,44921.55,5
I0003494,O001156,P00343,5,492.55,40
I0003495,O001156,P00496,5,2120.36,50
I0003496,O001156,P00170,4,4897.25,30
I0003497,O001157,P00384,2,7335.75,15
I0003498,O001157,P00101,2,176173.95,40
I0003499,O001158,P00305,1,1226.74,0
I0003500,O001158,P00497,0,3190.02,70
I0003501,O001158,P00546,4,7446.97,20
I0003502,O001158,P00441,3,1728.64,70
I0003503,O001159,P00388,4,10126.05,5
I0003504,O001159,P00440,3,6605.78,5
I0003505,O001159,P00212,4,3362.99,40
I0003506,O001159,P00466,2,2054.76,10
I0003507,O001159,P00481,-5,987.93,15
I0003508,O001160,P00171,2,10506.32,0
I0003509,O001160,P00242,3,860.79,15
I0003510,O001160,P00407,1,36849.02,15
I0003511,O001160,P00006,5,42782.1,5
I0003512,O001160,P00467,2,1353.11,0
I0003513,O001161,P00546,5,7026.38,10
I0003514,O001161,P00113,4,96569.02,30
I0003515,O001162,P00530,3,1461.24,10
I0003516,O001162,P00533,4,5286.84,15
I0003517,O001162,P00102,4,158088.98,10
I0003518,O001162,P00388,5,7544.89,15
I0003519,O001162,P00106,3,83110.42,0
I0003520,O001163,P00512,1,5388.85,10
I0003521,O001163,P00171,3,7478.87,50
I0003522,O001164,P00407,1,24515.49,40
I0003523,O001164,P00170,1,5278.88,15
I0003524,O001164,P00212,3,3257.18,50
I0003525,O001165,P00501,5,34432.65,10
I0003526,O001165,P00023,5,66143.19,20
I0003527,O001165,P00080,1,189116.57,0
I0003528,O001165,P00390,3,17657.4,40
I0003529,O001166,P00120,3,10001.29,70
I0003530,O001166,P00085,4,54995.57,20
I0003531,O001166,P00188,-3,773.34,5
I0003532,O001167,P00390,2,17481.25,138
I0003533,O001168,P00229,5,2462.7,70
I0003534,O001168,P00503,4,19005.94,50
I0003535,O001168,P00437,1,14643.07,70
I0003536,O001168,P00057,4,118599.45,40
I0003537,O001169,P00457,4,1227.83,20
I0003538,O001169,P00519,2,22914.53,30
I0003539,O001169,P00212,5,2998.11,70
I0003540,O001169,P00018,2,53445.99,40
I0003541,O001170,P00281,5,1630.36,70
I0003542,O001171,P00415,-3,32776.01,0
I0003543,O001172,P00016,5,184727.68,10
I0003544,O001172,P00360,3,239.3,70
I0003545,O001172,P00533,4,7323.43,20
I0003546,O001173,P00249,3,5794.34,20
I0003547,O001173,P00474,4,1053.09,30
I0003548,O001173,P00145,4,101550.47,70
I0003549,O001173,P00249,2,6563.3,50
I0003550,O001174,P00320,5,114.83,0
I0003551,O001174,P00188,2,543.15,30
I0003552,O001174,P00188,4,730.85,15
I0003553,O001174,P00070,1,115908.67,30
I0003554,O001174,P00381,1,25837.74,0
I0003555,O001175,P00197,3,5328.83,50
I0003556,O001175,P00320,5,151.95,40
I0003557,O001175,P00427,2,2683.32,10
I0003558,O001175,P00063,1,1382.87,40
I0003559,O001175,P00415,1,35720.16,5
I0003560,O001176,P00388,2,10465.9,10
I0003561,O001176,P00013,-5,222733.65,0
I0003562,O001177,P00450,1,655.16,10
I0003563,O001177,P00121,3,46695.91,15
I0003564,O001178,P00165,3,9341.84,15
I0003565,O001178,P00386,3,20784.38,15
I0003566,O001178,P00515,1,25597.39,30
I0003567,O001178,P00127,2,125013.93,0
I0003568,O001178,P00474,4,1764.19,0
I0003569,O001179,P00333,5,1510.24,15
I0003570,O001179,P00013,5,220910.98,30
I0003571,O001179,P00467,3,2218.81,15
I0003572,O001180,P00063,3,1337.52,10
I0003573,O001180,P00542,4,3616.99,70
I0003574,O001180,P00065,2,134270.87,40
I0003575,O001181,P00521,2,14469.35,15
I0003576,O001181,P00043,3,129030.68,15
I0003577,O001182,P00141,5,165648.86,10
I0003578,O001183,P00538,3,822.55,10
I0003579,O001183,P00443,1,1743.95,40
I0003580,O001183,P00332,4,1342.48,10
I0003581,O001183,P00496,2,2033.97,10
I0003582,O001183,P00080,4,173029.68,0
I0003583,O001184,P00422,3,60704.45,40
I0003584,O001185,P00497,-4,2877.47,40
I0003585,O001185,P00212,2,4474.22,5
I0003586,O001185,P00149,4,108804.5,30
I0003587,O001185,P00386,5,17219.45,0
I0003588,O001186,P00338,4,1166.77,10
I0003589,O001187,P00198,4,8223.09,50
I0003590,O001188,P00213,1,6374.09,20
I0003591,O001188,P00188,3,489.4,5
I0003592,O001188,P00018,1,37025.48,5
I0003593,O001188,P00193,1,4119.05,10
I0003594,O001188,P00262,2,8755.5,40
I0003595,O001189,P00486,3,10857.81,50
I0003596,O001189,P00354,3,1975.56,70
I0003597,O001189,P00289,2,1366.55,5
I0003598,O001190,P00327,3,1433.76,15
I0003599,O001191,P00047,2,50217.59,30
I0003600,O001191,P00343,5,421.17,30
I0003601,O001191,P00546,3,5677.77,40
I0003602,O001191,P00170,2,5829.82,10
I0003603,O001191,P00164,-3,7538.35,0
I0003604,O001192,P00170,3,6481.2,70
I0003605,O001192,P00320,4,107.04,5
I0003606,O001192,P00143,3,81745.82,70
I0003607,O001192,P00026,4,5206.47,40
I0003608,O001193,P00343,3,555.36,50
I0003609,O001193,P00393,4,52231.12,10
I0003610,O001193,P00190,1,8041.17,20
I0003611,O001193,P00198,5,7757.94,0
I0003612,O001194,P00422,1,48171.33,70
I0003613,O001194,P00072,3,58283.75,5
I0003614,O001194,P00198,4,5047.81,15
I0003615,O001195,P00225,1,4474.94,15
I0003616,O001195,P00467,1,1888.04,5
I0003617,O001196,P00190,5,5578.36,50
I0003618,O001197,P00546,2,7108.17,5
I0003619,O001197,P00046,2,64806.71,20
I0003620,O001197,P00160,2,48547.99,10
I0003621,O001197,P00534,1,6474.11,0
I0003622,O001197,P00090,5,29695.79,50
I0003623,O001198,P00067,1,67975.47,30
I0003624,O001199,P00190,5,7896.93,10
I0003625,O001199,P00407,2,40660.4,0
I0003626,O001199,P00390,3,10224.38,40
I0003627,O001200,P00065,3,112739.85,30
I0003628,O001200,P00078,4,133427.75,20
I0003629,O001200,P00031,4,3700.57,20
I0003630,O001200,P00463,1,2696.06,50
I0003631,O001201,P00005,0,58065.9,30
I0003632,O001201,P00381,2,24316.73,0
I0003633,O001201,P00544,2,4538.38,50
I0003634,O001201,P00018,1,55574.87,40
I0003635,O001202,P00033,4,70625.36,10
I0003636,O001202,P00440,5,7472.35,10
I0003637,O001203,P00193,4,4451.69,50
I0003638,O001203,P00018,4,51267.12,0
I0003639,O001204,P00088,1,40544.67,15
I0003640,O001204,P00140,2,191457.5,15
I0003641,O001205,P00237,-2,5365.48,0
I0003642,O001205,P00332,3,2418.45,40
I0003643,O001205,P00152,5,18763.01,50
I0003644,O001205,P00338,5,777.12,70
I0003645,O001205,P00250,2,1081.46,15
I0003646,O001206,P00187,4,4541.53,10
I0003647,O001207,P00473,4,1805.75,50
I0003648,O001207,P00164,3,7222.93,40
I0003649,O001208,P00546,3,6126.59,5
I0003650,O001208,P00197,5,3360.07,15
I0003651,O001209,P00082,4,143294.22,20
I0003652,O001209,P00497,5,2762.23,40
I0003653,O001209,P00018,3,35486.75,15
I0003654,O001209,P00317,1,237.39,0
I0003655,O001209,P00363,4,1064.4,10
I0003656,O001210,P00281,2,2286.51,0
I0003657,O001210,P00197,1,4178.99,50
I0003658,O001210,P00301,5,1391.14,20
I0003659,O001210,P00229,2,3069.23,50
I0003660,O001210,P00463,2,1689.8,0
I0003661,O001211,P00539,4,8059.23,20
I0003662,O001212,P00254,3,10654.59,15
I0003663,O001212,P00335,5,176.7,50
I0003664,O001212,P00404,4,612.57,20
I0003665,O001213,P00072,2,59252.48,50
I0003666,O001213,P00025,1,177491.56,20
I0003667,O001214,P00533,-4,5340.3,70
I0003668,O001214,P00407,3,37868.81,40
I0003669,O001214,P00170,5,6815.61,15
I0003670,O001214,P00268,5,3148.88,5
I0003671,O001215,P00320,3,179.83,50
I0003672,O001215,P00388,5,10879.62,30
I0003673,O001215,P00082,3,176067.35,30
I0003674,O001215,P00519,2,29421.84,40
I0003675,O001216,P00224,5,3402.87,15
I0003676,O001216,P00012,1,123368.16,20
I0003677,O001216,P00155,3,141058.36,0
I0003678,O001216,P00145,2,83208.51,5
I0003679,O920596,P00388,4,12073.15,0
I0003680,O001217,P00047,4,55162.08,15
I0003681,O001217,P00492,3,20729.4,5
I0003682,O001217,P00486,4,11736.38,30
I0003683,O001217,P00063,3,1299.71,20
I0003684,O001218,P00194,1,2566.73,70
I0003685,O001218,P00414,5,38441.44,15
I0003686,O001218,P00440,1,6134.38,30
I0003687,O001218,P00127,5,213286.59,70
I0003688,O001218,P00078,1,164778.05,10
I0003689,O001219,P00393,5,54245.14,10
I0003690,O001219,P00415,4,31770.85,70
I0003691,O001219,P00080,3,125978.21,20
I0003692,O001219,P00171,5,7657.94,5
I0003693,O001219,P00474,5,1152.11,30
I0003694,O001220,P00533,5,4464.24,40
I0003695,O001220,P00197,5,3339.93,50
I0003696,O001220,P00546,5,7964.39,10
I0003697,O001221,P00331,5,1037.25,50
I0003698,O001221,P00194,3,1380.88,10
I0003699,O001221,P00398,3,1624.92,70
I0003700,O001221,P00390,4,14468.87,10
I0003701,O001222,P00012,1,110951.66,30
I0003702,O001222,P00171,4,6082.11,5
I0003703,O001222,P00381,5,19883.71,10
I0003704,O001222,P00091,4,126911.82,70
I0003705,O001222,P00393,1,62032.92,15
I0003706,O001223,P00407,4,22949.56,15
I0003707,O001223,P00513,2,22439.3,20
I0003708,O001224,P00514,4,13733.33,0
I0003709,O001224,P00393,3,42169.9,0
I0003710,O001224,P00244,5,10104.77,15
I0003711,O001224,P00331,3,1247.09,15
I0003712,O001225,P00169,3,2926.23,10
I0003713,O001225,P00118,5,100053.37,5
I0003714,O001225,P00226,5,4012.86,70
I0003715,O001225,P00080,2,161791.96,40
I0003716,O001226,P00538,3,1281.86,15
I0003717,O001227,P00063,1,1375.24,70
I0003718,O001227,P00277,4,2589.11,50
I0003719,O001227,P00012,2,163469.6,0
I0003720,O001227,P00170,5,6352.01,30
I0003721,O001228,P00047,5,89659.74,5
I0003722,O001229,P00363,1,789.19,30
I0003723,O001229,P00314,5,573.12,5
I0003724,O001229,P00320,3,143.84,5
I0003725,O001230,P00437,2,13198.53,0
I0003726,O001230,P00036,3,93403.06,10
I0003727,O001230,P00170,1,5351.96,5
I0003728,O001231,P00497,2,3518.58,50
I0003729,O001231,P00295,5,353.12,5
I0003730,O001231,P00131,2,94010.68,5
I0003731,O001231,P00320,5,181.07,70
I0003732,O001232,P00047,4,73471.92,5
I0003733,O001232,P00538,3,1178.79,15
I0003734,O001232,P00407,5,39114.37,30
I0003735,O001232,P00007,3,47060.58,50
I0003736,O001233,P00503,1,21136.9,70
I0003737,O001233,P00497,3,2387.39,50
I0003738,O001233,P00070,5,161141.88,15
I0003739,O001233,P00381,5,14762.68,5
I0003740,O001233,P00430,1,46448.73,10
I0003741,O001234,P00457,3,751.13,10
I0003742,O001234,P00534,2,4833.6,15
I0003743,O001234,P00072,5,64322.69,40
I0003744,O001235,P00108,3,144209.22,70
I0003745,O001236,P00203,4,4356.55,0
I0003746,O001236,P00390,4,11722.33,15
I0003747,O001236,P00534,4,5239.29,10
I0003748,O001236,P00398,4,1319.85,40
I0003749,O001236,P00304,4,516.61,20
I0003750,O001237,P00295,4,470.45,40
I0003751,O001237,P00070,2,107825.08,70
I0003752,O001238,P00188,5,773.0,0
I0003753,O001239,P00412,5,14094.15,40
I0003754,O001239,P00237,3,5254.18,5
I0003755,O001239,P00533,2,5604.99,10
I0003756,O001239,P00080,1,127122.77,20
I0003757,O001240,P00335,5,142.08,30
I0003758,O001240,P00331,4,1261.58,30
I0003759,O001240,P00422,-2,58486.76,70
I0003760,O983596,P00393,1,44079.03,40
I0003761,O001241,P00422,5,38256.04,40
I0003762,O001241,P00430,1,33246.92,20
I0003763,O001241,P00145,4,121711.19,70
I0003764,O001242,P00457,1,755.0,0
I0003765,O001242,P00211,3,6353.0,30
I0003766,O001242,P00474,3,1405.18,10
I0003767,O001243,P00127,1,201753.27,15
I0003768,O001243,P00090,1,37857.07,0
I0003769,O001244,P00165,3,8666.11,70
I0003770,O001245,P00533,5,6400.11,50
I0003771,O001245,P00065,3,147405.43,50
I0003772,O001245,P00281,3,2210.96,5
I0003773,O001246,P00171,3,6424.57,15
I0003774,O001246,P00078,5,181518.13,10
I0003775,O001246,P00474,4,946.29,70
I0003776,O001247,P00026,5,5281.16,20
I0003777,O001248,P00546,2,6266.01,10
I0003778,O001248,P00121,2,74009.28,50
I0003779,O001248,P00043,2,161878.17,70
I0003780,O001248,P00197,5,3133.82,30
I0003781,O001249,P00338,3,1147.48,0
I0003782,O001249,P00273,1,6752.94,20
I0003783,O001250,P00455,5,992.37,70
I0003784,O001250,P00224,5,3811.2,40
I0003785,O001250,P00409,1,10534.83,15
I0003786,O001251,P00197,4,4431.46,30
I0003787,O001251,P00430,5,44490.03,0
I0003788,O001251,P00198,3,6388.46,20
I0003789,O001252,P00228,5,6801.02,15
I0003790,O001252,P00090,1,25618.98,10
I0003791,O001253,P00467,1,1891.69,0
I0003792,O001253,P00410,2,48823.13,20
I0003793,O001254,P00544,4,4940.59,70
I0003794,O001254,P00096,2,141686.61,0
I0003795,O001254,P00407,5,24318.75,70
I0003796,O001254,P00078,2,225880.34,30
I0003797,O001255,P00224,4,3400.66,5
I0003798,O001255,P00346,5,1043.46,5
I0003799,O001256,P00406,2,41288.69,30
I0003800,O001256,P00415,4,36986.05,15
I0003801,O001257,P00057,4,138337.46,10
I0003802,O001257,P00131,5,109021.69,50
I0003803,O001258,P00031,4,3161.5,15
I0003804,O001258,P00305,1,1914.34,70
I0003805,O001259,P00533,1,6077.69,40
I0003806,O001259,P00311,0,1836.56,10
I0003807,O001259,P00444,1,1842.35,70
I0003808,O001260,P00440,2,5702.17,10
I0003809,O001260,P00477,4,2087.53,50
I0003810,O001261,P00188,4,494.09,20
I0003811,O001261,P00065,3,124401.31,20
I0003812,O001261,P00198,1,5481.95,0
I0003813,O001262,P00473,2,3209.61,30
I0003814,O001262,P00498,2,568.21,15
I0003815,O001263,P00117,3,69059.6,50
I0003816,O001263,P00096,1,156960.55,20
I0003817,O001263,P00063,5,1359.67,40
I0003818,O001263,P00486,1,14766.28,5
I0003819,O001263,P00197,3,3110.7,5
I0003820,O001264,P00250,2,1422.82,0
I0003821,O001264,P00047,2,69656.75,0
I0003822,O001265,P00467,2,2009.8,20
I0003823,O001265,P00422,1,34205.09,70
I0003824,O001265,P00320,-4,101.54,40
I0003825,O001265,P00127,3,156815.51,15
I0003826,O001266,P00181,1,241.68,40
I0003827,O001266,P00410,4,42418.44,30
I0003828,O001266,P00225,4,3996.29,0
I0003829,O001266,P00046,3,71577.12,30
I0003830,O001266,P00209,5,9104.71,10
I0003831,O001267,P00524,2,25247.55,20
I0003832,O001267,P00430,3,32994.93,30
I0003833,O001267,P00188,-3,900.75,0
I0003834,O001268,P00314,-1,435.51,20
I0003835,O001268,P00407,1,24339.92,40
I0003836,O001269,P00082,2,195036.9,10
I0003837,O001270,P00332,5,1440.27,15
I0003838,O001271,P00467,5,2084.97,10
I0003839,O001271,P00170,1,7021.91,50
I0003840,O001272,P00140,4,147520.16,5
I0003841,O001273,P00065,4,105465.27,5
I0003842,O001273,P00188,5,814.5,30
I0003843,O001274,P00467,4,1690.26,40
I0003844,O001275,P00170,2,5938.78,0
I0003845,O001276,P00497,5,3030.56,0
I0003846,O001276,P00509,2,4130.15,50
I0003847,O001276,P00460,2,349.68,40
I0003848,O001277,P00046,5,63359.45,30
I0003849,O001277,P00311,1,2097.4,70
I0003850,O001278,P00262,2,6545.91,10
I0003851,O001278,P00096,5,130919.84,40
I0003852,O001278,P00481,4,878.24,15
I0003853,O001278,P00009,3,207428.38,40
I0003854,O001278,P00224,2,4601.91,20
I0003855,O001279,P00212,5,2857.14,40
I0003856,O001279,P00026,1,7694.79,30
I0003857,O001279,P00072,5,58903.71,20
I0003858,O001280,P00141,3,142349.54,5
I0003859,O001280,P00177,-1,5571.05,40
I0003860,O001280,P00249,1,4400.16,15
I0003861,O001280,P00135,1,63055.83,20
I0003862,O001280,P00096,4,140435.72,20
I0003863,O001281,P00538,1,1233.18,5
I0003864,O001282,P00477,4,1809.28,20
I0003865,O001283,P00063,3,1384.9,30
I0003866,O001284,P00225,4,4381.37,5
I0003867,O977979,P00171,2,8226.95,10
I0003868,O001284,P00070,4,116458.7,15
I0003869,O001284,P00393,3,50388.16,50
I0003870,O001285,P00070,3,150787.07,40
I0003871,O001285,P00332,3,1694.09,5
I0003872,O001285,P00538,4,1559.3,30
I0003873,O001285,P00013,5,202391.7,0
I0003874,O001286,P00088,5,28159.49,0
I0003875,O001286,P00190,5,7950.23,30
I0003876,O001286,P00090,3,35585.6,0
I0003877,O001287,P00512,4,6961.66,114
I0003878,O001287,P00170,4,7584.63,10
I0003879,O001287,P00190,2,7452.88,0
I0003880,O001287,P00198,4,5390.02,30
I0003881,O001287,P00470,1,1685.09,5
I0003882,O001288,P00463,1,1603.46,30
I0003883,O001288,P00131,5,95461.13,5
I0003884,O001288,P00512,2,3040.26,0
I0003885,O001289,P00533,4,6729.74,50
I0003886,O001289,P00337,3,620.8,140
I0003887,O001289,P00012,-3,145743.45,50
I0003888,O001290,P00533,2,5216.71,70
I0003889,O001290,P00497,3,2295.51,15
I0003890,O001290,P00512,5,7601.85,40
I0003891,O001290,P00466,1,1747.83,50
I0003892,O001290,P00085,2,55503.56,20
I0003893,O001291,P00154,5,86417.47,10
I0003894,O001291,P00121,5,77224.29,15
I0003895,O001292,P00047,2,57596.72,10
I0003896,O001292,P00178,5,10170.64,30
I0003897,O001292,P00170,2,6483.07,30
I0003898,O001293,P00165,4,8650.94,70
I0003899,O001294,P00426,1,22067.4,5
I0003900,O001294,P00127,5,183485.53,40
I0003901,O001294,P00111,1,36199.57,0
I0003902,O001294,P00038,5,176790.71,50
I0003903,O001294,P00249,5,5906.31,70
I0003904,O001295,P00141,5,186033.79,0
I0003905,O001295,P00397,3,30727.26,0
I0003906,O001295,P00145,4,104142.43,5
I0003907,O001295,P00037,1,69285.4,50
I0003908,O001295,P00390,2,14350.47,30
I0003909,O001296,P00331,2,1424.52,40
I0003910,O001296,P00018,1,45622.84,40
I0003911,O001296,P00053,1,127679.02,15
I0003912,O001296,P00437,5,11746.43,50
I0003913,O001296,P00082,2,125641.52,5
I0003914,O001297,P00343,1,395.2,40
I0003915,O001298,P00047,1,70190.36,70
I0003916,O001299,P00170,4,7623.71,20
I0003917,O001299,P00171,4,11356.0,70
I0003918,O001299,P00180,4,572.95,70
I0003919,O001299,P00047,5,74559.6,30
I0003920,O001300,P00202,3,1986.55,10
I0003921,O001300,P00118,5,98492.52,50
I0003922,O001300,P00422,4,39366.54,0
I0003923,O001301,P00031,3,3045.1,30
I0003924,O001302,P00072,2,71592.86,5
I0003925,O001302,P00127,5,150547.59,0
I0003926,O001302,P00409,4,18008.75,10
I0003927,O001303,P00338,1,930.92,10
I0003928,O001304,P00082,2,170517.07,5
I0003929,O001304,P00497,1,2433.6,50
I0003930,O001304,P00407,4,39187.01,50
I0003931,O001304,P00467,3,2027.99,15
I0003932,O001305,P00096,4,192990.09,5
I0003933,O001305,P00426,1,22877.69,15
I0003934,O001305,P00332,1,1700.09,10
I0003935,O001305,P00171,2,10794.0,70
I0003936,O001305,P00220,4,3973.63,70
I0003937,O001306,P00474,2,1417.14,30
I0003938,O001306,P00338,5,756.88,5
I0003939,O001306,P00466,1,2799.74,40
I0003940,O001307,P00332,2,2417.99,40
I0003941,O001308,P00508,3,7569.26,0
I0003942,O001308,P00070,1,122615.05,30
I0003943,O001308,P00108,4,143416.97,10
I0003944,O001309,P00341,4,638.15,15
I0003945,O001309,P00467,2,2050.38,122
I0003946,O001309,P00332,5,1462.49,40
I0003947,O001309,P00332,5,2408.75,30
I0003948,O001309,P00079,3,4989.65,70
I0003949,O001310,P00514,5,10447.38,50
I0003950,O001310,P00237,5,3878.5,0
I0003951,O001310,P00187,1,4294.51,5
I0003952,O001310,P00440,1,6200.07,70
I0003953,O001311,P00229,5,3381.48,70
I0003954,O001311,P00036,1,119136.56,40
I0003955,O001312,P00190,3,5314.3,5
I0003956,O001312,P00390,5,16560.83,15
I0003957,O001312,P00072,2,71116.33,0
I0003958,O001312,P00082,3,183051.03,5
I0003959,O001312,P00019,3,197864.3,70
I0003960,O001313,P00384,3,5763.24,50
I0003961,O001313,P00085,4,58093.26,70
I0003962,O001313,P00172,1,9001.21,5
I0003963,O001313,P00015,4,48553.47,20
I0003964,O001314,P00063,4,1073.84,0
I0003965,O001314,P00172,3,7127.03,40
I0003966,O001315,P00078,3,244307.98,30
I0003967,O001315,P00096,1,105340.25,30
I0003968,O001315,P00393,2,36701.61,40
I0003969,O001315,P00444,1,1631.92,50
I0003970,O001316,P00073,5,16358.56,70
I0003971,O001316,P00473,1,2546.46,15
I0003972,O001316,P00072,4,71209.89,50
I0003973,O001316,P00018,1,47051.21,20
I0003974,O001317,P00457,5,1114.77,50
I0003975,O001317,P00329,2,970.93,70
I0003976,O001317,P00522,3,32807.18,40
I0003977,O001317,P00065,1,130241.46,5
I0003978,O001317,P00229,4,2540.86,30
I0003979,O001318,P00145,2,132969.93,40
I0003980,O001318,P00101,1,121380.71,30
I0003981,O001318,P00121,4,67746.96,30
I0003982,O001318,P00544,3,4122.2,20
I0003983,O001319,P00387,3,9047.12,5
I0003984,O001319,P00483,2,1342.99,40
I0003985,O001320,P00437,1,17139.37,50
I0003986,O001321,P00063,2,1528.43,70
I0003987,O001322,P00229,2,3436.61,30
I0003988,O001322,P00188,2,605.07,0
I0003989,O001322,P00127,1,166223.92,10
I0003990,O001322,P00474,1,1539.64,10
I0003991,O001322,P00388,2,7366.8,50
I0003992,O001323,P00170,3,8421.68,50
I0003993,O001324,P00354,4,1252.7,10
I0003994,O001324,P00181,3,250.43,70
I0003995,O001325,P00496,5,2190.86,70
I0003996,O001325,P00398,3,1449.54,40
I0003997,O001325,P00145,1,99067.21,20
I0003998,O001326,P00513,-4,33871.5,0
I0003999,O001326,P00145,1,118793.85,15
I0004000,O001326,P00415,5,31702.68,10
I0004001,O001327,P00190,3,8164.61,5
I0004002,O001327,P00474,2,1369.71,20
I0004003,O001328,P00069,4,66436.46,0
I0004004,O001328,P00550,1,7216.86,15
I0004005,O001329,P00377,1,14456.2,30
I0004006,O001329,P00131,3,75213.29,15
I0004007,O001330,P00338,3,840.43,5
I0004008,O001331,P00131,0,78843.94,40
I0004009,O001331,P00052,3,132457.44,50
I0004010,O001332,P00082,4,224883.51,5
I0004011,O001332,P00467,5,1623.36,30
I0004012,O001333,P00515,3,22713.98,30
I0004013,O001333,P00040,-2,147645.88,5
I0004014,O001334,P00514,1,12880.7,40
I0004015,O001334,P00414,1,37541.94,0
I0004016,O001335,P00096,4,112726.83,20
I0004017,O001335,P00080,3,174920.3,30
I0004018,O001336,P00437,2,17607.91,5
I0004019,O001336,P00338,3,992.03,50
I0004020,O001336,P00171,2,8930.9,30
I0004021,O001336,P00063,3,1652.2,40
I0004022,O001336,P00072,4,76029.91,15
I0004023,O001337,P00289,1,1851.42,5
I0004024,O001337,P00145,2,132959.99,20
I0004025,O001337,P00063,2,1713.89,50
I0004026,O001338,P00332,5,2093.14,5
I0004027,O001338,P00251,4,7261.74,15
I0004028,O001338,P00530,3,1456.2,15
I0004029,O001338,P00191,4,3763.6,50
I0004030,O001339,P00384,5,6239.81,5
I0004031,O001339,P00233,4,7804.07,0
I0004032,O001339,P00390,-3,13910.14,40
I0004033,O001339,P00381,2,21947.22,10
I0004034,O001339,P00414,3,42308.3,20
I0004035,O001340,P00034,3,12314.67,0
I0004036,O001340,P00188,4,865.22,40
I0004037,O001340,P00170,2,8628.58,50
I0004038,O001340,P00281,1,2562.57,10
I0004039,O001341,P00388,1,10072.76,50
I0004040,O001341,P00393,4,52828.95,20
I0004041,O001341,P00193,4,4470.14,15
I0004042,O001341,P00281,1,1966.15,20
I0004043,O001342,P00015,5,39217.86,40
I0004044,O001343,P00390,2,14854.08,5
I0004045,O001343,P00281,3,2448.75,0
I0004046,O001344,P00486,1,14485.83,0
I0004047,O001344,P00080,4,164851.81,5
I0004048,O001344,P00338,1,1101.18,30
I0004049,O001345,P00202,4,1964.85,0
I0004050,O001345,P00087,5,22439.17,0
I0004051,O001346,P00047,4,79517.75,70
I0004052,O001346,P00065,3,128267.62,15
I0004053,O001346,P00381,4,15597.26,5
I0004054,O001347,P00131,4,91542.37,0
I0004055,O001347,P00073,4,14418.7,70
I0004056,O001347,P00538,5,1214.42,0
I0004057,O001347,P00397,1,31924.22,5
I0004058,O001347,P00098,1,95765.31,0
I0004059,O001348,P00422,4,55096.09,50
I0004060,O001348,P00519,4,27140.88,0
I0004061,O001348,P00486,3,13404.45,40
I0004062,O001348,P00026,3,5781.75,30
I0004063,O001348,P00331,5,1283.54,70
I0004064,O001349,P00018,5,39633.21,10
I0004065,O001349,P00193,1,3095.9,70
I0004066,O001349,P00065,3,140266.94,20
I0004067,O001350,P00202,3,1457.98,50
I0004068,O001350,P00470,1,1478.88,40
I0004069,O001350,P00546,3,5170.6,5
I0004070,O001351,P00209,4,9716.85,10
I0004071,O001351,P00546,3,4969.85,0
I0004072,O001351,P00141,1,203898.88,15
I0004073,O001351,P00407,2,37697.5,20
I0004074,O001352,P00197,1,4985.51,0
I0004075,O001352,P00333,4,1729.72,50
I0004076,O001352,P00412,1,14819.78,104
I0004077,O001352,P00460,-3,300.62,5
I0004078,O001353,P00409,1,14608.46,50
I0004079,O001353,P00474,1,1237.91,20
I0004080,O001354,P00082,-5,206494.39,10
I0004081,O001354,P00170,4,7361.67,0
I0004082,O001354,P00407,3,29179.27,40
I0004083,O001354,P00252,4,2975.13,131
I0004084,O001355,P00332,3,1676.8,40
I0004085,O001355,P00393,3,50871.49,5
I0004086,O001355,P00192,-2,1067.22,70
I0004087,O001356,P00522,3,30851.93,10
I0004088,O001356,P00188,4,545.62,15
I0004089,O001356,P00224,3,5660.91,20
I0004090,O001356,P00415,4,30761.73,40
I0004091,O001357,P00252,4,3011.45,20
I0004092,O001357,P00332,3,1546.69,30
I0004093,O001357,P00341,4,1146.05,50
I0004094,O001357,P00249,5,4103.1,5
I0004095,O001357,P00033,5,93421.64,0
I0004096,O001358,P00172,4,7865.73,10
I0004097,O001358,P00413,1,24095.32,20
I0004098,O001358,P00391,1,14215.67,10
I0004099,O001358,P00170,1,5615.4,5
I0004100,O001359,P00009,3,154296.86,0
I0004101,O001359,P00281,3,2349.65,40
I0004102,O001359,P00078,-2,194835.06,10
I0004103,O001360,P00443,1,1721.65,50
I0004104,O001360,P00026,4,6689.75,10
I0004105,O001360,P00338,2,680.93,70
I0004106,O001360,P00007,2,55475.38,50
I0004107,O001361,P00450,4,468.23,40
I0004108,O001361,P00481,5,947.18,20
I0004109,O001361,P00497,4,2906.34,10
I0004110,O001361,P00187,5,5769.71,0
I0004111,O001362,P00229,2,3460.86,70
I0004112,O001362,P00047,3,58344.46,70
I0004113,O001362,P00085,5,79917.68,10
I0004114,O001362,P00314,2,574.97,50
I0004115,O001363,P00102,1,115970.09,10
I0004116,O001364,P00072,5,51417.37,10
I0004117,O001364,P00053,5,111370.35,15
I0004118,O001364,P00422,3,51253.52,10
I0004119,O001364,P00414,5,45040.27,5
I0004120,O001364,P00295,5,309.75,40
I0004121,O001365,P00019,1,149821.03,40
I0004122,O001365,P00486,4,12010.97,70
I0004123,O001366,P00224,1,3584.12,70
I0004124,O001366,P00035,2,151710.03,5
I0004125,O001366,P00078,1,186017.07,30
I0004126,O001366,P00193,-3,4087.32,70
I0004127,O001367,P00465,1,2190.39,30
I0004128,O001368,P00474,4,1199.12,0
I0004129,O001368,P00072,3,70570.59,10
I0004130,O001368,P00471,5,1485.08,15
I0004131,O001369,P00391,5,12553.37,70
I0004132,O001369,P00090,2,36520.92,40
I0004133,O001369,P00225,3,4076.65,0
I0004134,O992382,P00172,4,5938.72,50
I0004135,O001371,P00020,4,118269.83,30
I0004136,O001371,P00398,5,894.36,50
I0004137,O001371,P00096,2,116496.44,5
I0004138,O001371,P00318,3,1740.91,5
I0004139,O001372,P00546,2,5262.13,70
I0004140,O001372,P00228,4,7343.89,70
I0004141,O001373,P00453,5,2115.44,30
I0004142,O001373,P00097,1,116181.89,5
I0004143,O001373,P00332,1,2057.43,30
I0004144,O001373,P00120,3,11500.61,10
I0004145,O001374,P00525,4,10093.78,10
I0004146,O001375,P00065,3,101492.41,10
I0004147,O001375,P00526,2,446.48,0
I0004148,O001375,P00515,1,23442.58,50
I0004149,O001376,P00518,5,11139.11,0
I0004150,O001376,P00414,4,29330.18,20
I0004151,O001377,P00386,3,25282.3,20
I0004152,O001378,P00197,1,5172.87,70
I0004153,O001378,P00188,2,798.65,10
I0004154,O001379,P00513,2,20614.74,20
I0004155,O001379,P00090,5,24136.02,50
I0004156,O001379,P00019,1,159528.9,0
I0004157,O001379,P00306,3,1322.82,30
I0004158,O001380,P00486,5,10613.96,70
I0004159,O001380,P00263,2,5786.18,30
I0004160,O001380,P00164,4,6258.45,15
I0004161,O001381,P00486,2,10588.32,15
I0004162,O001381,P00331,5,1104.09,20
I0004163,O001381,P00451,2,1653.06,70
I0004164,O001382,P00224,1,4466.28,0
I0004165,O949942,P00320,2,164.71,70
I0004166,O001382,P00538,3,1426.64,50
I0004167,O001382,P00127,3,135401.48,70
I0004168,O001382,P00393,4,47028.22,40
I0004169,O001383,P00414,2,49802.99,70
I0004170,O001383,P00127,5,191263.22,0
I0004171,O001383,P00332,5,1466.76,20
I0004172,O001383,P00407,3,23299.62,0
I0004173,O001383,P00171,5,8467.6,50
I0004174,O001384,P00404,2,929.16,40
I0004175,O001384,P00054,5,118005.55,10
I0004176,O001384,P00412,3,11475.86,15
I0004177,O001384,P00032,3,159236.29,30
I0004178,O001385,P00427,3,3178.68,0
I0004179,O001385,P00388,5,8950.28,40
I0004180,O001385,P00121,2,72993.87,40
I0004181,O001385,P00332,3,1867.94,70
I0004182,O001385,P00145,5,88222.2,70
I0004183,O001386,P00096,2,163387.61,40
I0004184,O001386,P00012,1,162434.62,70
I0004185,O001387,P00415,5,23418.88,10
I0004186,O001388,P00388,4,7073.25,20
I0004187,O001388,P00069,3,92966.28,50
I0004188,O001388,P00063,3,1682.16,30
I0004189,O001388,P00141,2,163343.87,70
I0004190,O001389,P00415,4,28048.59,117
I0004191,O001389,P00409,1,9990.57,40
I0004192,O001389,P00141,1,139604.79,5
I0004193,O001389,P00415,2,30495.43,20
I0004194,O001389,P00473,4,2936.11,5
I0004195,O001390,P00052,2,120960.45,30
I0004196,O001391,P00467,3,1628.38,5
I0004197,O001391,P00055,5,170585.76,5
I0004198,O001391,P00512,5,4952.72,40
I0004199,O001391,P00065,1,136013.69,0
I0004200,O001392,P00414,4,27715.29,10
I0004201,O001392,P00381,-2,17219.33,10
I0004202,O001392,P00118,1,133391.15,5
I0004203,O001392,P00503,2,20551.48,20
I0004204,O001393,P00467,4,1634.78,10
I0004205,O001393,P00332,1,1319.02,50
I0004206,O001393,P00305,3,1887.74,15
I0004207,O001393,P00149,5,115221.05,0
I0004208,O001394,P00394,5,486.88,70
I0004209,O001394,P00550,0,4643.69,50
I0004210,O001394,P00470,5,2352.99,30
I0004211,O001394,P00102,1,210471.26,10
I0004212,O001394,P00466,5,2378.92,0
I0004213,O001395,P00415,1,26010.96,15
I0004214,O001395,P00012,4,124531.53,5
I0004215,O001396,P00530,2,1252.65,10
I0004216,O001396,P00111,3,45899.25,0
I0004217,O001396,P00437,3,19277.59,40
I0004218,O001396,P00314,1,447.47,50
I0004219,O001397,P00047,4,69367.71,30
I0004220,O001397,P00132,3,70871.51,0
I0004221,O001398,P00281,4,1917.63,30
I0004222,O001398,P00197,4,3100.95,50
I0004223,O001398,P00018,4,54487.71,70
I0004224,O001399,P00530,5,1054.99,40
I0004225,O001399,P00012,4,164455.28,40
I0004226,O001400,P00414,4,38086.08,10
I0004227,O001400,P00497,5,3430.85,5
I0004228,O001400,P00497,3,3556.97,5
I0004229,O001400,P00188,3,673.56,5
I0004230,O913374,P00009,5,167140.35,20
I0004231,O001402,P00546,4,7955.27,50
I0004232,O001403,P00190,3,5334.0,70
I0004233,O001404,P00111,4,46644.24,0
I0004234,O001404,P00496,4,2033.68,20
I0004235,O001405,P00338,1,1066.8,0
I0004236,O001406,P00171,2,6797.51,30
I0004237,O001406,P00120,2,8610.74,0
I0004238,O001406,P00212,4,4833.45,70
I0004239,O001406,P00120,3,13672.17,5
I0004240,O001406,P00437,4,18842.95,70
I0004241,O001407,P00453,3,1735.7,10
I0004242,O917665,P00127,2,224962.66,50
I0004243,O001407,P00497,-1,3902.53,20
I0004244,O001407,P00332,2,1521.31,40
I0004245,O001407,P00140,1,144731.89,30
I0004246,O001408,P00457,2,1204.5,5
I0004247,O001408,P00390,2,11027.59,10
I0004248,O001408,P00224,1,4193.73,15
I0004249,O001409,P00466,1,1687.89,15
I0004250,O001409,P00332,4,1581.88,5
I0004251,O001409,P00078,3,214574.49,15
I0004252,O001409,P00169,4,3381.12,0
I0004253,O001409,P00131,1,72902.99,50
I0004254,O001410,P00187,2,5844.59,20
I0004255,O001411,P00293,1,854.08,20
I0004256,O001412,P00198,3,7732.35,40
I0004257,O001412,P00012,5,154887.95,15
I0004258,O001412,P00474,3,1148.61,10
I0004259,O001413,P00096,-2,125286.62,70
I0004260,O001414,P00193,5,3724.68,40
I0004261,O001414,P00124,2,12459.19,5
I0004262,O001414,P00072,1,68319.72,5
I0004263,O001415,P00063,3,1451.75,20
I0004264,O001415,P00407,5,25058.78,20
I0004265,O001415,P00320,5,144.17,0
I0004266,O949382,P00016,2,202296.74,5
I0004267,O001415,P00381,3,14555.42,40
I0004268,O001416,P00522,5,35613.99,0
I0004269,O001416,P00090,3,32221.77,30
I0004270,O001416,P00331,3,1053.63,70
I0004271,O001416,P00320,1,132.86,30
I0004272,O001417,P00466,2,2099.14,0
I0004273,O001417,P00466,1,1870.66,10
I0004274,O001417,P00224,2,5383.41,50
I0004275,O001417,P00407,4,25149.31,20
I0004276,O001418,P00012,2,130581.08,70
I0004277,O001418,P00382,2,29739.57,10
I0004278,O001418,P00331,4,895.15,5
I0004279,O001418,P00213,5,7532.06,40
I0004280,O001418,P00419,5,8944.91,30
I0004281,O001419,P00225,3,4381.04,15
I0004282,O001419,P00407,1,40356.59,40
I0004283,O001420,P00295,3,450.13,5
I0004284,O001420,P00409,4,13138.92,30
I0004285,O001420,P00281,3,2486.45,10
I0004286,O001420,P00114,1,45376.84,70
I0004287,O001421,P00354,1,1294.9,15
I0004288,O001421,P00123,1,25896.75,5
I0004289,O001421,P00111,1,40499.14,40
I0004290,O001421,P00496,2,2852.27,20
I0004291,O001421,P00181,4,259.78,15
I0004292,O001422,P00338,5,613.2,15
I0004293,O001423,P00171,3,7128.78,40
I0004294,O001423,P00538,3,1083.92,50
I0004295,O001424,P00170,1,5928.64,50
I0004296,O001424,P00169,2,1992.18,20
I0004297,O001424,P00082,2,156119.38,15
I0004298,O001424,P00422,4,54465.01,15
I0004299,O001425,P00482,2,1144.44,0
I0004300,O001425,P00281,1,1773.4,5
I0004301,O001425,P00040,4,127788.96,0
I0004302,O001426,P00338,5,836.32,30
I0004303,O001426,P00410,2,40404.8,10
I0004304,O001426,P00390,1,15832.24,20
I0004305,O001427,P00393,2,60171.5,20
I0004306,O001427,P00343,3,506.49,0
I0004307,O001427,P00414,3,46750.6,30
I0004308,O001427,P00398,5,1565.25,70
I0004309,O001427,P00473,2,3107.08,70
I0004310,O001428,P00190,4,7249.4,0
I0004311,O001428,P00193,1,3085.89,10
I0004312,O001428,P00389,4,3048.52,10
I0004313,O001429,P00443,-4,2749.03,20
I0004314,O001430,P00096,4,153666.82,5
I0004315,O001430,P00082,1,169888.96,10
I0004316,O001430,P00466,4,3078.83,0
I0004317,O001430,P00053,4,118368.84,40
I0004318,O001431,P00188,3,520.6,5
I0004319,O001431,P00385,4,25679.69,30
I0004320,O001431,P00486,5,9775.66,10
I0004321,O001432,P00190,1,6194.04,50
I0004322,O001433,P00323,1,353.1,10
I0004323,O001433,P00121,3,58976.95,5
I0004324,O001433,P00188,3,614.98,70
I0004325,O926379,P00063,2,1191.89,15
I0004326,O001434,P00057,5,112856.53,10
I0004327,O001434,P00391,4,12238.75,30
I0004328,O001435,P00527,1,6554.95,20
I0004329,O001435,P00257,3,710.62,15
I0004330,O001435,P00070,1,199346.88,15
I0004331,O001436,P00121,0,73487.73,30
I0004332,O001436,P00096,5,166413.26,10
I0004333,O001436,P00497,4,2302.05,30
I0004334,O001436,P00457,5,963.59,40
I0004335,O001437,P00141,2,136391.15,10
I0004336,O001438,P00158,3,107794.04,70
I0004337,O001438,P00242,4,595.95,40
I0004338,O001438,P00237,4,4064.79,5
I0004339,O001439,P00407,2,32127.72,50
I0004340,O001439,P00333,2,2540.47,50
I0004341,O001439,P00475,5,1862.46,15
I0004342,O001439,P00381,5,24481.56,10
I0004343,O001440,P00212,3,4367.46,0
I0004344,O001440,P00078,2,153069.25,10
I0004345,O001440,P00414,3,38362.91,0
I0004346,O001441,P00332,1,1739.05,20
I0004347,O001441,P00338,2,726.44,30
I0004348,O001441,P00512,2,1881.66,5
I0004349,O001441,P00409,5,16650.6,30
I0004350,O001442,P00198,4,4432.75,0
I0004351,O001442,P00384,4,7197.0,15
I0004352,O001442,P00495,1,6069.56,15
I0004353,O001442,P00546,4,4972.88,0
I0004354,O001442,P00202,4,2347.64,30
I0004355,O001443,P00409,2,9928.11,15
I0004356,O001443,P00187,1,6412.4,30
I0004357,O001444,P00090,4,33632.8,20
I0004358,O001444,P00127,1,179597.22,40
I0004359,O001444,P00546,5,6328.05,5
I0004360,O001444,P00127,1,157004.14,0
I0004361,O001445,P00202,4,2013.77,70
I0004362,O001445,P00145,1,103450.46,5
I0004363,O001446,P00486,-2,10590.58,40
I0004364,O001446,P00422,1,45115.35,40
I0004365,O001446,P00035,1,114688.79,0
I0004366,O001447,P00202,4,2250.23,10
I0004367,O001447,P00467,4,1294.28,5
I0004368,O001448,P00202,3,2212.72,0
I0004369,O001448,P00477,5,1713.59,5
I0004370,O001448,P00320,5,179.42,15
I0004371,O001448,P00121,2,61588.75,30
I0004372,O001448,P00190,4,6129.13,10
I0004373,O001449,P00516,4,2318.88,30
I0004374,O001449,P00053,2,131968.49,10
I0004375,O001449,P00198,5,4872.01,50
I0004376,O001449,P00422,1,52604.34,70
I0004377,O001450,P00294,4,1571.59,70
I0004378,O001451,P00213,4,4770.88,5
I0004379,O001451,P00007,3,57971.09,70
I0004380,O001452,P00165,3,8805.0,15
I0004381,O001452,P00229,5,1988.9,20
I0004382,O001452,P00311,3,2062.74,20
I0004383,O001452,P00339,1,1075.15,40
I0004384,O001452,P00301,3,1973.87,20
I0004385,O001453,P00127,3,199908.08,20
I0004386,O001453,P00512,2,6470.68,70
I0004387,O001454,P00388,5,11731.11,70
I0004388,O001454,P00486,1,13113.12,15
I0004389,O001455,P00544,3,3207.98,50
I0004390,O001455,P00025,2,118376.08,30
I0004391,O001456,P00304,5,560.96,30
I0004392,O001456,P00407,2,30317.47,40
I0004393,O001456,P00190,3,5112.42,70
I0004394,O001456,P00035,3,149032.87,15
I0004395,O001456,P00018,1,53574.61,5
I0004396,O001457,P00047,1,58437.6,70
I0004397,O001458,P00029,2,126443.67,15
I0004398,O001458,P00070,2,153546.51,50
I0004399,O001458,P00453,3,1310.95,40
I0004400,O001458,P00082,3,207194.66,20
I0004401,O001458,P00249,1,4595.29,5
I0004402,O001459,P00533,3,6036.5,15
I0004403,O001459,P00409,4,11452.22,70
I0004404,O001459,P00467,4,1705.37,20
I0004405,O001459,P00029,5,106367.21,50
I0004406,O001459,P00522,1,30713.29,30
I0004407,O001460,P00415,3,23034.86,50
I0004408,O001460,P00171,1,7895.7,20
I0004409,O001460,P00127,2,127182.99,70
I0004410,O001460,P00466,4,1968.89,30
I0004411,O001460,P00381,3,22081.56,70
I0004412,O001461,P00096,4,109100.88,5
I0004413,O001461,P00467,2,1858.7,0
I0004414,O001461,P00092,3,207901.58,70
I0004415,O989590,P00480,5,941.03,5
I0004416,O001462,P00026,2,7051.53,20
I0004417,O001462,P00377,1,15150.93,50
I0004418,O001462,P00414,5,48504.28,0
I0004419,O001463,P00337,5,656.74,20
I0004420,O001463,P00371,4,4729.66,5
I0004421,O001463,P00205,4,5290.68,10
I0004422,O001463,P00341,3,818.68,10
I0004423,O001464,P00190,3,5322.53,0
I0004424,O001464,P00417,4,18644.14,50
I0004425,O001465,P00063,3,1123.24,5
I0004426,O001465,P00268,-4,3938.45,15
I0004427,O001466,P00190,2,4696.73,5
I0004428,O001466,P00466,5,1893.74,40
I0004429,O001467,P00047,-4,50972.56,10
I0004430,O001467,P00473,1,2693.58,0
I0004431,O001467,P00437,2,11645.81,30
I0004432,O001467,P00178,1,9486.57,30
I0004433,O001467,P00281,1,2933.91,70
I0004434,O001468,P00018,5,37516.84,5
I0004435,O001468,P00046,2,76915.6,20
I0004436,O001468,P00437,5,15172.4,40
I0004437,O001468,P00096,5,126959.08,30
I0004438,O001468,P00281,4,2643.63,15
I0004439,O001469,P00525,4,9125.8,20
I0004440,O001470,P00082,2,173849.19,20
I0004441,O001470,P00012,5,99991.92,50
I0004442,O001471,P00538,1,1251.73,20
I0004443,O934358,P00538,1,1202.11,0
I0004444,O001472,P00404,3,721.72,40
I0004445,O001472,P00229,5,3499.7,15
I0004446,O001473,P00470,2,2205.56,20
I0004447,O001473,P00063,3,1600.02,20
I0004448,O001473,P00047,4,68389.38,20
I0004449,O001473,P00053,1,153733.06,10
I0004450,O001473,P00457,4,1241.44,50
I0004451,O001474,P00470,4,1626.99,70
I0004452,O001475,P00407,1,30099.88,0
I0004453,O001475,P00193,3,2518.97,70
I0004454,O001475,P00462,2,454.35,20
I0004455,O001475,P00065,1,121496.26,70
I0004456,O001475,P00497,4,3567.06,15
I0004457,O001476,P00141,1,131637.98,15
I0004458,O001476,P00473,1,2233.43,50
I0004459,O001476,P00199,5,3066.35,134
I0004460,O001476,P00457,1,1159.5,50
I0004461,O001476,P00377,5,20096.01,70
I0004462,O001477,P00398,1,1148.99,40
I0004463,O001478,P00497,1,2200.65,70
I0004464,O001479,P00390,5,10200.66,40
I0004465,O001479,P00231,3,6577.21,30
I0004466,O001479,P00332,5,1978.01,40
I0004467,O001479,P00192,4,966.55,70
I0004468,O001480,P00171,2,8894.09,50
I0004469,O001480,P00533,4,7025.25,50
I0004470,O001480,P00065,3,136335.58,15
I0004471,O001480,P00212,2,3762.23,70
I0004472,O001481,P00436,4,17199.2,10
I0004473,O001481,P00332,1,1662.89,5
I0004474,O001481,P00212,2,4344.47,20
I0004475,O928678,P00096,3,152982.65,5
I0004476,O001481,P00065,3,115560.09,0
I0004477,O001482,P00281,5,2423.9,10
I0004478,O001482,P00386,5,19305.01,20
I0004479,O001482,P00466,3,1804.59,70
I0004480,O001482,P00486,2,14023.58,30
I0004481,O001482,P00388,2,11376.15,15
I0004482,O001483,P00026,3,5774.0,0
I0004483,O001483,P00013,2,138685.83,15
I0004484,O001483,P00237,1,5198.59,5
I0004485,O913561,P00422,5,52302.52,30
I0004486,O001483,P00170,-1,7538.05,20
I0004487,O001484,P00422,3,59371.42,10
I0004488,O001485,P00481,3,604.83,40
I0004489,O001485,P00202,4,1593.63,10
I0004490,O001485,P00388,1,12062.2,40
I0004491,O001485,P00437,5,17364.77,20
I0004492,O001486,P00381,4,16747.48,5
I0004493,O001486,P00258,4,6908.59,0
I0004494,O001486,P00051,2,148577.11,20
I0004495,O001486,P00358,5,6336.41,50
I0004496,O001487,P00306,1,1182.32,5
I0004497,O001487,P00242,3,685.72,0
I0004498,O001487,P00056,3,132258.44,70
I0004499,O001487,P00026,3,8414.34,15
I0004500,O001488,P00391,2,11829.45,70
I0004501,O001488,P00035,3,106408.23,5
I0004502,O001488,P00164,3,10744.68,0
I0004503,O001489,P00120,3,8818.71,50
I0004504,O001489,P00517,3,20158.43,0
I0004505,O001489,P00112,1,165375.96,70
I0004506,O001489,P00268,2,3390.02,50
I0004507,O001490,P00170,5,6212.85,5
I0004508,O001490,P00522,2,27580.01,50
I0004509,O001490,P00197,2,3057.29,50
I0004510,O001491,P00082,4,144468.12,20
I0004511,O001491,P00332,5,1913.61,30
I0004512,O001491,P00366,2,1120.13,20
I0004513,O001491,P00384,1,6283.35,40
I0004514,O001491,P00213,1,4627.25,5
I0004515,O001492,P00452,5,1259.16,50
I0004516,O001492,P00320,2,152.56,10
I0004517,O001492,P00007,5,60683.08,5
I0004518,O001492,P00040,3,133425.47,40
I0004519,O001492,P00415,2,29712.21,10
I0004520,O001493,P00212,1,4227.65,5
I0004521,O001493,P00466,5,1680.12,40
I0004522,O001494,P00080,3,144795.63,20
I0004523,O001494,P00331,3,1050.98,10
I0004524,O001494,P00190,1,5972.04,70
I0004525,O001494,P00141,2,158442.48,5
I0004526,O001494,P00466,5,2206.05,0
I0004527,O942450,P00467,3,1581.39,0
I0004528,O001496,P00317,5,161.49,20
I0004529,O001496,P00096,3,136134.46,15
I0004530,O001496,P00229,3,2281.01,40
I0004531,O001496,P00063,2,1239.42,70
I0004532,O001496,P00188,1,600.23,50
I0004533,O001497,P00080,4,145122.81,15
I0004534,O001497,P00212,3,4768.32,10
I0004535,O001497,P00224,4,4320.5,50
I0004536,O001497,P00145,1,128125.47,50
I0004537,O001498,P00513,5,19275.28,40
I0004538,O001498,P00063,2,989.53,20
I0004539,O001498,P00533,2,7187.81,20
I0004540,O001499,P00522,2,23070.17,50
I0004541,O001499,P00409,5,15404.08,70
I0004542,O001499,P00507,5,20400.08,20
I0004543,O001500,P00326,4,809.34,0
I0004544,O001500,P00012,1,121445.06,70
I0004545,O001501,P00440,4,6386.67,30
I0004546,O001501,P00513,4,18237.57,70
I0004547,O001502,P00019,4,224897.48,40
I0004548,O001503,P00520,4,22454.81,70
I0004549,O001503,P00390,3,14511.17,10
I0004550,O001503,P00343,1,331.41,20
I0004551,O001504,P00457,5,1154.71,5
I0004552,O001504,P00497,5,2130.26,0
I0004553,O001504,P00077,4,45626.24,40
I0004554,O001505,P00188,3,627.96,70
I0004555,O001505,P00213,2,7385.12,15
I0004556,O001506,P00338,-1,761.81,20
I0004557,O001507,P00405,5,34544.73,10
I0004558,O001507,P00272,3,4385.68,20
I0004559,O001507,P00381,1,16049.36,70
I0004560,O001507,P00080,5,119833.54,50
I0004561,O001507,P00024,2,111057.07,70
I0004562,O001508,P00467,3,1259.61,5
I0004563,O001508,P00257,5,594.86,70
I0004564,O001508,P00338,2,833.38,10
I0004565,O001509,P00145,5,111411.19,40
I0004566,O001509,P00188,5,562.21,10
I0004567,O001509,P00538,4,1029.03,20
I0004568,O001509,P00190,5,7438.25,50
I0004569,O001509,P00331,4,1596.69,70
I0004570,O001510,P00078,3,208432.87,40
I0004571,O001510,P00526,2,453.12,5
I0004572,O001511,P00096,5,183739.81,70
I0004573,O001511,P00466,3,1850.45,0
I0004574,O001511,P00406,2,48190.05,5
I0004575,O001511,P00164,1,8507.25,15
I0004576,O001511,P00222,4,8652.26,10
I0004577,O001512,P00131,3,69040.9,70
I0004578,O001512,P00229,4,3751.62,40
I0004579,O001512,P00470,3,1695.3,5
I0004580,O001513,P00111,3,49280.67,50
I0004581,O001513,P00410,4,54370.12,0
I0004582,O001513,P00065,4,95543.41,15
I0004583,O001514,P00381,5,24335.43,50
I0004584,O001514,P00422,2,35787.58,70
I0004585,O001515,P00463,3,1717.86,50
I0004586,O001515,P00202,2,2047.44,40
I0004587,O001515,P00100,3,247382.64,0
I0004588,O001515,P00391,3,16061.17,5
I0004589,O001516,P00477,4,1783.29,10
I0004590,O001517,P00065,1,100023.39,0
I0004591,O001518,P00320,3,108.33,70
I0004592,O001518,P00415,2,34280.83,40
I0004593,O001519,P00096,1,161067.3,40
I0004594,O001520,P00070,2,138588.01,15
I0004595,O001520,P00194,2,2552.84,5
I0004596,O001520,P00015,3,40451.32,10
I0004597,O001521,P00036,3,92372.41,30
I0004598,O001521,P00206,2,455.44,50
I0004599,O001521,P00365,4,2320.76,40
I0004600,O001521,P00320,1,105.2,20
I0004601,O001521,P00407,1,36563.76,10
I0004602,O001522,P00544,1,4022.38,30
I0004603,O001522,P00390,5,14479.1,30
I0004604,O001523,P00096,4,105596.85,15
I0004605,O001523,P00026,2,8613.19,20
I0004606,O001524,P00440,4,4793.7,10
I0004607,O001524,P00063,3,1211.94,40
I0004608,O001524,P00538,2,1179.37,50
I0004609,O001524,P00063,1,1080.43,0
I0004610,O001524,P00262,2,7242.73,5
I0004611,O001525,P00289,3,1319.82,5
I0004612,O001525,P00012,1,178075.8,0
I0004613,O001525,P00229,3,2423.66,70
I0004614,O001525,P00406,1,30172.36,0
I0004615,O001526,P00193,1,3394.46,20
I0004616,O001527,P00127,4,202040.39,10
I0004617,O001527,P00154,1,81268.41,30
I0004618,O001527,P00121,3,52338.42,5
I0004619,O001528,P00078,2,138772.95,30
I0004620,O001528,P00131,3,119138.59,30
I0004621,O001529,P00290,3,2822.08,50
I0004622,O001529,P00496,5,2741.73,10
I0004623,O001530,P00121,2,70975.0,40
I0004624,O001530,P00155,3,120857.35,0
I0004625,O001530,P00320,3,128.64,70
I0004626,O001531,P00390,3,13528.07,10
I0004627,O001531,P00437,1,10802.36,15
I0004628,O001531,P00388,4,11364.84,15
I0004629,O001531,P00194,3,1374.21,15
I0004630,O001532,P00005,3,59582.04,5
I0004631,O001533,P00337,4,740.49,40
I0004632,O001533,P00141,1,159527.83,40
I0004633,O001533,P00033,4,99020.6,10
I0004634,O001533,P00148,2,192055.05,20
I0004635,O001533,P00131,3,86029.76,50
I0004636,O001534,P00025,2,156528.28,20
I0004637,O001534,P00057,5,147930.14,40
I0004638,O001535,P00135,3,44299.19,30
I0004639,O001535,P00026,5,7013.93,40
I0004640,O001536,P00393,2,56721.34,70
I0004641,O001536,P00497,4,2399.85,50
I0004642,O001536,P00190,3,8293.68,20
I0004643,O001536,P00466,3,2688.33,70
I0004644,O001536,P00242,2,629.62,5
I0004645,O001537,P00527,4,7366.92,20
I0004646,O001537,P00193,4,3754.21,30
I0004647,O001537,P00225,4,4625.62,5
I0004648,O001538,P00012,1,143859.9,5
I0004649,O001538,P00090,4,28687.48,5
I0004650,O001539,P00057,4,110153.23,10
I0004651,O001540,P00306,2,1412.42,70
I0004652,O001540,P00250,3,1219.14,20
I0004653,O001540,P00414,4,27142.44,5
I0004654,O001540,P00480,1,790.05,5
I0004655,O001540,P00422,5,41457.35,70
I0004656,O001541,P00018,2,40692.18,40
I0004657,O001541,P00229,3,3648.33,40
I0004658,O001542,P00065,1,120413.09,50
I0004659,O001542,P00332,4,1535.37,10
I0004660,O001542,P00140,5,241394.03,70
I0004661,O001542,P00388,1,7597.66,0
I0004662,O001542,P00018,3,54561.14,0
I0004663,O001543,P00128,4,44851.64,5
I0004664,O001543,P00497,3,3424.83,20
I0004665,O001543,P00388,2,7363.36,30
I0004666,O975748,P00197,3,3950.48,10
I0004667,O001544,P00354,2,2052.6,10
I0004668,O001544,P00171,2,8491.72,40
I0004669,O001544,P00219,3,8386.36,5
I0004670,O001544,P00492,5,21279.11,50
I0004671,O001545,P00174,4,636.64,70
I0004672,O001545,P00078,1,225633.71,10
I0004673,O001545,P00091,4,144365.06,0
I0004674,O001545,P00080,2,129674.3,15
I0004675,O001546,P00090,3,22626.4,50
I0004676,O001546,P00064,5,190132.65,20
I0004677,O001546,P00320,5,116.26,0
I0004678,O001546,P00070,1,160254.17,15
I0004679,O001546,P00397,2,32322.32,50
I0004680,O001547,P00047,4,82746.56,50
I0004681,O001547,P00187,3,5322.34,20
I0004682,O001547,P00209,5,7315.59,5
I0004683,O001548,P00247,5,4867.86,0
I0004684,O001548,P00320,3,133.26,10
I0004685,O001548,P00466,3,2834.38,40
I0004686,O963793,P00453,5,1777.12,5
I0004687,O001549,P00232,2,11893.31,40
I0004688,O001549,P00546,4,4425.39,15
I0004689,O001549,P00078,5,231114.67,40
I0004690,O001550,P00467,3,2278.52,5
I0004691,O001550,P00123,2,27637.79,30
I0004692,O001550,P00437,5,11424.43,10
I0004693,O001551,P00304,1,423.61,10
I0004694,O001551,P00242,1,560.98,15
I0004695,O001551,P00070,1,114842.03,40
I0004696,O001551,P00409,5,11764.47,0
I0004697,O001551,P00020,1,117960.67,30
I0004698,O001552,P00224,4,5887.39,40
I0004699,O001552,P00457,4,1301.53,0
I0004700,O001552,P00430,1,57664.54,50
I0004701,O001552,P00437,5,12869.33,50
I0004702,O001553,P00047,1,79587.35,5
I0004703,O001553,P00331,2,875.12,15
I0004704,O001553,P00190,4,6043.36,50
I0004705,O001554,P00338,2,995.14,0
I0004706,O001555,P00390,1,10425.44,70
I0004707,O001555,P00047,1,91840.34,70
I0004708,O001555,P00198,5,5455.89,0
I0004709,O001556,P00140,3,216009.21,70
I0004710,O001556,P00197,2,4934.35,0
I0004711,O001557,P00141,4,118130.58,70
I0004712,O001557,P00481,1,624.67,40
I0004713,O001557,P00546,2,5068.34,146
I0004714,O001557,P00111,5,29235.44,5
I0004715,O001558,P00474,5,977.95,0
I0004716,O001558,P00070,1,181174.43,70
I0004717,O001559,P00121,1,50899.77,30
I0004718,O001559,P00414,4,46431.73,15
I0004719,O946826,P00170,2,4989.29,40
I0004720,O001559,P00202,5,2244.31,40
I0004721,O001559,P00141,3,138339.49,20
I0004722,O001560,P00377,1,17879.82,50
I0004723,O001560,P00090,3,34034.23,20
I0004724,O001560,P00291,5,2314.03,0
I0004725,O001561,P00320,5,119.05,40
I0004726,O001561,P00060,2,140418.98,5
I0004727,O001561,P00331,5,929.4,5
I0004728,O001561,P00040,3,169151.67,10
I0004729,O001561,P00410,4,59900.54,70
I0004730,O001562,P00331,4,1609.08,0
I0004731,O001562,P00202,4,1332.22,15
I0004732,O001562,P00470,4,1637.1,40
I0004733,O001563,P00202,2,1741.05,145
I0004734,O001563,P00450,5,450.67,0
I0004735,O001564,P00202,1,2191.37,50
I0004736,O001564,P00384,2,5243.17,20
I0004737,O001564,P00073,3,22532.08,20
I0004738,O001565,P00393,2,47458.97,40
I0004739,O001566,P00338,2,659.44,5
I0004740,O001566,P00407,5,31762.26,0
I0004741,O001566,P00212,-1,4098.05,10
I0004742,O001567,P00096,3,179958.66,40
I0004743,O001568,P00007,5,51388.16,30
I0004744,O001568,P00314,3,447.84,70
I0004745,O001568,P00538,5,1464.53,5
I0004746,O001569,P00094,4,196687.42,70
I0004747,O001569,P00546,-2,7200.99,70
I0004748,O001570,P00202,3,2360.11,15
I0004749,O001570,P00154,3,102137.5,50
I0004750,O001570,P00538,4,1513.43,70
I0004751,O001570,P00475,1,1386.39,5
I0004752,O001570,P00343,4,454.59,0
I0004753,O001571,P00121,2,78986.05,70
I0004754,O001572,P00414,3,28354.67,10
I0004755,O001572,P00096,3,146829.12,20
I0004756,O001572,P00381,4,14201.36,70
I0004757,O001572,P00392,4,18771.75,70
I0004758,O001573,P00343,3,392.13,5
I0004759,O001573,P00398,1,1007.1,30
I0004760,O001573,P00229,4,2349.04,40
I0004761,O001574,P00282,2,7004.98,15
I0004762,O001574,P00198,4,4924.63,15
I0004763,O001574,P00343,1,555.05,15
I0004764,O001574,P00171,5,8695.95,10
I0004765,O001575,P00440,1,6950.47,50
I0004766,O001576,P00131,3,113036.68,20
I0004767,O001577,P00470,4,2525.68,10
I0004768,O001577,P00407,1,22323.13,5
I0004769,O001577,P00428,4,14547.06,10
I0004770,O001578,P00366,2,1233.37,0
I0004771,O001578,P00467,4,2283.05,5
I0004772,O001578,P00523,4,12484.94,50
I0004773,O001578,P00481,4,839.54,50
I0004774,O001579,P00466,4,2972.92,15
I0004775,O001579,P00096,1,163193.99,20
I0004776,O001580,P00332,1,1805.57,109
I0004777,O001580,P00467,5,1911.61,70
I0004778,O001580,P00358,3,6826.59,30
I0004779,O001580,P00316,3,1902.73,30
I0004780,O001580,P00121,3,81960.41,0
I0004781,O001581,P00388,3,6663.28,40
I0004782,O001581,P00078,5,202059.85,5
I0004783,O959489,P00410,5,56949.87,50
I0004784,O001582,P00225,3,3210.33,50
I0004785,O001582,P00063,4,1254.44,20
I0004786,O001582,P00437,2,12717.85,70
I0004787,O001582,P00389,3,2896.51,30
I0004788,O001583,P00497,2,3386.34,20
I0004789,O001583,P00170,4,6165.83,0
I0004790,O001583,P00453,5,2028.74,30
I0004791,O001583,P00457,5,1091.08,30
I0004792,O001584,P00096,5,108406.03,20
I0004793,O001584,P00202,3,2165.95,40
I0004794,O001585,P00398,4,1061.59,0
I0004795,O001585,P00262,4,9297.23,70
I0004796,O001585,P00262,3,8866.45,138
I0004797,O001586,P00164,5,7143.11,5
I0004798,O001586,P00543,3,744.16,20
I0004799,O001586,P00384,5,6034.29,40
I0004800,O001586,P00229,4,2788.62,15
I0004801,O001586,P00415,2,21456.94,50
I0004802,O001587,P00005,-2,51217.79,40
I0004803,O001587,P00415,3,28787.03,40
I0004804,O001587,P00513,1,33141.02,30
I0004805,O001587,P00015,4,56958.77,0
I0004806,O001587,P00384,2,8469.82,0
I0004807,O001588,P00121,3,50666.45,20
I0004808,O001588,P00538,1,1224.8,5
I0004809,O001589,P00137,3,161908.89,10
I0004810,O001589,P00457,4,1348.64,15
I0004811,O001589,P00051,4,196099.74,10
I0004812,O001589,P00457,5,1377.05,70
I0004813,O001589,P00333,3,2296.3,30
I0004814,O001590,P00463,5,2063.35,20
I0004815,O001590,P00393,1,34830.26,70
I0004816,O001590,P00343,5,561.66,40
I0004817,O001591,P00476,0,1700.93,50
I0004818,O001591,P00131,5,69776.8,30
I0004819,O001591,P00229,4,2795.64,10
I0004820,O001591,P00427,-2,2976.31,10
I0004821,O001591,P00311,2,1271.36,10
I0004822,O001592,P00381,4,20287.84,15
I0004823,O001592,P00474,3,1626.44,70
I0004824,O001593,P00409,1,10052.61,5
I0004825,O001593,P00415,5,20420.17,30
I0004826,O001593,P00494,5,4683.51,15
I0004827,O001594,P00171,1,10211.01,5
I0004828,O001594,P00415,5,26898.35,20
I0004829,O001595,P00463,2,2041.75,0
I0004830,O001595,P00546,1,7703.16,50
I0004831,O001595,P00118,2,135434.52,5
I0004832,O001595,P00141,5,125488.76,10
I0004833,O001596,P00317,3,217.17,5
I0004834,O001596,P00047,5,79650.65,30
I0004835,O001597,P00072,2,45602.23,15
I0004836,O001597,P00131,2,79120.95,0
I0004837,O001597,P00016,5,174859.98,10
I0004838,O001597,P00078,1,135104.16,15
I0004839,O001597,P00149,4,105272.97,70
I0004840,O001598,P00289,3,2026.15,5
I0004841,O001598,P00386,2,19495.92,15
I0004842,O001599,P00474,4,1071.17,5
I0004843,O001599,P00172,1,6287.93,5
I0004844,O001600,P00511,5,2847.98,15
I0004845,O001600,P00127,3,198471.49,15
I0004846,O001600,P00407,5,26731.4,15
I0004847,O001600,P00082,0,206129.21,15
I0004848,O001601,P00486,1,16358.55,10
I0004849,O001601,P00546,0,7218.79,40
I0004850,O001602,P00194,3,2108.42,15
I0004851,O001602,P00170,2,6931.5,10
I0004852,O001603,P00026,5,6106.45,5
I0004853,O001603,P00145,3,107004.78,50
I0004854,O001603,P00473,2,2262.85,10
I0004855,O001604,P00188,2,909.33,70
I0004856,O001604,P00331,1,1266.41,50
I0004857,O001604,P00474,4,1554.59,0
I0004858,O001605,P00149,4,107202.12,40
I0004859,O001605,P00545,1,2764.5,10
I0004860,O001605,P00228,2,7818.0,70
I0004861,O001605,P00457,2,1221.58,30
I0004862,O001606,P00080,4,161258.94,144
I0004863,O001607,P00332,5,2357.18,0
I0004864,O001608,P00512,2,1898.73,0
I0004865,O001608,P00533,1,7116.57,20
I0004866,O001609,P00170,5,8589.06,70
I0004867,O001610,P00050,-3,66935.51,5
I0004868,O001610,P00070,4,131645.8,40
I0004869,O001611,P00457,5,843.73,30
I0004870,O001611,P00534,2,3701.33,70
I0004871,O001612,P00519,5,18227.67,70
I0004872,O001613,P00515,3,23365.43,5
I0004873,O001613,P00390,2,17071.68,20
I0004874,O001613,P00228,4,8743.46,10
I0004875,O001614,P00080,1,120599.36,15
I0004876,O001614,P00242,4,719.65,70
I0004877,O001614,P00070,3,111475.53,5
I0004878,O001615,P00183,2,8293.96,40
I0004879,O001615,P00026,4,8460.37,15
I0004880,O001615,P00047,1,74341.1,15
I0004881,O001615,P00426,5,15640.01,10
I0004882,O001615,P00320,2,107.99,70
I0004883,O001616,P00453,5,1858.21,0
I0004884,O001617,P00065,3,126301.27,30
I0004885,O001618,P00072,-4,76910.77,40
I0004886,O001618,P00338,2,1076.14,50
I0004887,O001618,P00422,2,34148.47,5
I0004888,O001619,P00212,4,2957.43,50
I0004889,O001619,P00377,2,19619.51,50
I0004890,O001619,P00047,5,74884.06,50
I0004891,O001619,P00121,2,67448.93,30
I0004892,O001620,P00127,2,212575.17,5
I0004893,O001620,P00065,2,81950.11,30
I0004894,O001620,P00480,4,908.56,15
I0004895,O001621,P00457,3,919.47,104
I0004896,O001621,P00133,1,184427.82,50
I0004897,O001621,P00384,1,7321.84,0
I0004898,O001621,P00306,2,1717.58,0
I0004899,O001621,P00063,2,1202.56,10
I0004900,O001622,P00467,4,1904.43,0
I0004901,O001622,P00409,2,16273.51,0
I0004902,O001623,P00026,4,5839.45,5
I0004903,O001623,P00088,1,36734.49,0
I0004904,O001624,P00065,5,127362.68,15
I0004905,O001624,P00171,4,7233.22,70
I0004906,O001624,P00202,4,1837.76,5
I0004907,O001624,P00533,4,5956.69,10
I0004908,O001624,P00390,1,10962.13,50
I0004909,O001625,P00212,1,4299.36,30
I0004910,O001625,P00477,1,1568.1,50
I0004911,O001625,P00386,5,17175.54,40
I0004912,O001625,P00393,3,52895.66,40
I0004913,O001625,P00131,3,97384.71,15
I0004914,O001626,P00407,2,29303.17,50
I0004915,O001626,P00012,2,143627.24,30
I0004916,O001626,P00409,4,12324.2,5
I0004917,O001626,P00047,3,81998.57,50
I0004918,O001627,P00457,2,878.79,5
I0004919,O001628,P00332,3,2068.62,10
I0004920,O001629,P00407,4,28219.75,0
I0004921,O001629,P00112,4,155740.42,0
I0004922,O001629,P00129,4,196346.5,70
I0004923,O001629,P00338,3,854.91,50
I0004924,O001629,P00065,-3,87838.65,15
I0004925,O001630,P00289,3,1630.72,70
I0004926,O001631,P00096,3,187728.36,50
I0004927,O001631,P00231,4,8648.49,15
I0004928,O001631,P00474,4,1742.11,40
I0004929,O001631,P00145,5,90634.88,10
I0004930,O001631,P00142,-4,71155.56,20
I0004931,O001632,P00387,3,7697.93,5
I0004932,O001632,P00343,0,389.69,30
I0004933,O001632,P00118,5,81707.81,15
I0004934,O001633,P00171,5,10550.62,20
I0004935,O001633,P00121,1,43853.0,15
I0004936,O001633,P00079,1,5327.09,50
I0004937,O001633,P00514,3,13093.85,10
I0004938,O001634,P00470,4,2655.68,15
I0004939,O001634,P00381,3,17134.65,70
I0004940,O001634,P00466,2,2315.61,10
I0004941,O001634,P00141,1,200865.55,30
I0004942,O001634,P00420,4,23955.38,30
I0004943,O001635,P00311,3,1313.53,40
I0004944,O001635,P00389,0,2360.96,0
I0004945,O990148,P00229,3,2788.37,15
I0004946,O001635,P00171,3,10441.69,50
I0004947,O001635,P00254,2,8713.47,5
I0004948,O001636,P00141,3,121799.41,5
I0004949,O001637,P00045,5,34299.9,15
I0004950,O001637,P00393,4,49432.74,40
I0004951,O001637,P00242,2,768.55,30
I0004952,O001637,P00427,2,3432.4,10
I0004953,O001638,P00457,0,825.76,70
I0004954,O001638,P00390,4,15468.0,30
I0004955,O930085,P00012,1,145002.95,30
I0004956,O001639,P00171,5,6425.28,10
I0004957,O001639,P00497,3,2388.75,50
I0004958,O001639,P00197,1,3997.23,5
I0004959,O001639,P00072,3,51835.85,20
I0004960,O001639,P00174,1,728.93,10
I0004961,O001640,P00105,2,110312.53,20
I0004962,O001640,P00047,5,84460.79,30
I0004963,O001640,P00530,3,1235.65,20
I0004964,O001640,P00190,3,6220.54,5
I0004965,O001641,P00198,3,7637.55,122
I0004966,O001642,P00450,1,503.93,0
I0004967,O001642,P00410,4,59085.43,40
I0004968,O001643,P00080,2,189097.51,5
I0004969,O001643,P00550,5,5117.36,30
I0004970,O001643,P00145,5,92556.6,40
I0004971,O001643,P00170,4,8173.58,5
I0004972,O001643,P00194,4,1805.81,50
I0004973,O001644,P00063,4,1304.41,134
I0004974,O001644,P00224,2,3626.04,15
I0004975,O001644,P00533,4,5836.12,30
I0004976,O001645,P00440,2,4495.18,10
I0004977,O001645,P00141,4,189337.95,50
I0004978,O001646,P00133,3,146137.77,40
I0004979,O001646,P00198,2,5213.63,10
I0004980,O001646,P00140,5,183817.94,15
I0004981,O001646,P00332,4,2197.89,50
I0004982,O001646,P00121,2,72460.46,5
I0004983,O001647,P00514,4,7911.99,0
I0004984,O001647,P00470,3,1910.96,15
I0004985,O001647,P00281,3,2895.56,10
I0004986,O001647,P00164,1,10734.52,70
I0004987,O001648,P00015,3,60457.61,40
I0004988,O001649,P00343,3,308.88,20
I0004989,O001649,P00197,2,5088.69,10
I0004990,O001649,P00407,1,23331.56,15
I0004991,O001649,P00314,2,686.5,30
I0004992,O001650,P00331,3,1605.16,0
I0004993,O001650,P00486,4,16332.96,5
I0004994,O001650,P00513,-5,20942.81,5
I0004995,O001650,P00197,5,3765.71,20
I0004996,O001650,P00512,1,8594.73,70
I0004997,O001651,P00198,2,8410.81,50
I0004998,O963853,P00036,2,149109.96,10
I0004999,O001651,P00497,2,3514.51,5
I0005000,O001651,P00495,3,5227.27,40
I0005001,O001651,P00281,2,2909.38,20
I0005002,O001652,P00041,2,32712.44,10
I0005003,O001652,P00386,3,26288.7,5
I0005004,O001652,P00141,5,152690.68,70
I0005005,O001652,P00289,1,1877.55,15
I0005006,O001653,P00019,0,237909.75,20
I0005007,O001654,P00467,-1,1873.04,30
I0005008,O001654,P00455,5,1418.24,5
I0005009,O001655,P00037,4,45581.5,20
I0005010,O001655,P00078,3,142856.16,15
I0005011,O001655,P00170,1,8232.34,20
I0005012,O001655,P00381,1,22156.48,40
I0005013,O001656,P00268,3,3165.28,15
I0005014,O001656,P00197,5,3508.72,50
I0005015,O001656,P00398,2,1623.93,30
I0005016,O001656,P00512,1,5454.83,5
I0005017,O001656,P00092,2,239417.24,30
I0005018,O001657,P00169,2,2977.1,5
I0005019,O001658,P00020,3,120579.58,40
I0005020,O001658,P00437,4,19228.19,10
I0005021,O001658,P00538,2,1173.2,5
I0005022,O001659,P00388,5,6822.3,40
I0005023,O001659,P00222,1,8037.52,20
I0005024,O001660,P00212,1,3739.0,50
I0005025,O001661,P00228,5,6226.63,0
I0005026,O001661,P00154,5,91752.17,30
I0005027,O001662,P00387,1,5577.04,50
I0005028,O001662,P00074,4,99501.74,50
I0005029,O001662,P00148,-4,173637.49,5
I0005030,O001662,P00025,4,100521.19,30
I0005031,O001663,P00036,3,163122.54,30
I0005032,O001664,P00512,1,2005.46,40
I0005033,O001664,P00065,4,100968.63,70
I0005034,O001665,P00112,5,134430.5,5
I0005035,O001665,P00026,3,8243.78,20
I0005036,O001665,P00070,2,198144.36,20
I0005037,O925363,P00053,5,91414.27,70
I0005038,O001667,P00131,2,110189.2,70
I0005039,O001667,P00072,3,75262.45,0
I0005040,O001668,P00428,4,12629.71,5
I0005041,O001669,P00190,1,5973.39,40
I0005042,O001669,P00085,2,62984.65,5
I0005043,O001669,P00541,4,3242.86,10
I0005044,O001669,P00414,4,40297.54,50
I0005045,O001669,P00281,3,2290.38,40
I0005046,O001670,P00083,4,73172.36,30
I0005047,O001671,P00188,4,639.44,30
I0005048,O001671,P00202,4,1556.6,15
I0005049,O001671,P00185,5,5578.63,15
I0005050,O001671,P00270,5,6408.82,40
I0005051,O001671,P00206,3,495.43,0
I0005052,O001672,P00065,2,80642.78,70
I0005053,O001673,P00414,3,46550.33,10
I0005054,O001673,P00001,4,14536.05,5
I0005055,O001673,P00341,1,780.72,10
I0005056,O001673,P00133,4,150912.49,20
I0005057,O001674,P00470,4,1447.02,5
I0005058,O001674,P00023,4,43288.11,10
I0005059,O001674,P00121,1,54447.24,0
I0005060,O001674,P00440,4,7076.74,40
I0005061,O001674,P00024,5,123961.33,30
I0005062,O001675,P00444,1,1496.41,10
I0005063,O001675,P00512,3,6500.98,70
I0005064,O001675,P00047,1,83670.56,30
I0005065,O001675,P00011,2,69017.24,5
I0005066,O001675,P00036,1,137588.56,10
I0005067,O001676,P00381,2,18734.24,50
I0005068,O001676,P00466,5,1947.07,30
I0005069,O001676,P00338,3,808.28,30
I0005070,O001676,P00198,1,5365.26,127
I0005071,O001677,P00398,5,1300.56,30
I0005072,O001677,P00057,2,108358.56,50
I0005073,O001677,P00026,3,7195.52,5
I0005074,O001677,P00333,-4,1926.23,20
I0005075,O001677,P00292,1,1663.08,40
I0005076,O001678,P00422,2,62071.56,30
I0005077,O001679,P00304,3,551.29,30
I0005078,O001679,P00338,4,850.21,15
I0005079,O001680,P00497,4,3272.17,0
I0005080,O001680,P00225,1,3736.25,0
I0005081,O001680,P00065,5,79793.0,10
I0005082,O001680,P00486,1,15957.38,141
I0005083,O001681,P00281,5,1707.12,5
I0005084,O001681,P00047,4,53168.76,0
I0005085,O001681,P00311,5,1925.97,70
I0005086,O001681,P00281,1,2002.44,50
I0005087,O001681,P00007,3,60932.83,10
I0005088,O001682,P00202,4,1577.01,5
I0005089,O001682,P00381,2,22500.98,15
I0005090,O001682,P00181,5,378.94,30
I0005091,O001682,P00247,1,6696.68,20
I0005092,O001682,P00443,5,2178.81,0
I0005093,O001683,P00085,3,85570.72,20
I0005094,O001683,P00096,2,143920.0,70
I0005095,O001684,P00025,2,143429.91,20
I0005096,O001684,P00305,4,2228.03,50
I0005097,O001684,P00096,5,110174.18,70
I0005098,O001685,P00538,5,1532.01,50
I0005099,O001685,P00437,3,16969.64,30
I0005100,O001685,P00515,1,22937.25,0
I0005101,O001685,P00078,1,202923.01,5
I0005102,O001686,P00012,2,102040.65,50
I0005103,O001687,P00538,5,1294.56,40
I0005104,O001688,P00480,2,769.14,5
I0005105,O001688,P00194,4,2281.92,15
I0005106,O001688,P00202,5,1607.45,30
I0005107,O001689,P00149,1,72673.45,0
I0005108,O001690,P00519,5,27041.74,0
I0005109,O001690,P00437,5,14841.4,10
I0005110,O001690,P00331,4,1144.67,20
I0005111,O001691,P00538,4,1313.32,70
I0005112,O001691,P00198,4,4967.92,40
I0005113,O001691,P00088,3,31631.92,15
I0005114,O001692,P00486,2,9343.79,120
I0005115,O001692,P00018,3,33895.99,30
I0005116,O001692,P00331,1,1208.52,0
I0005117,O001693,P00229,2,3588.43,10
I0005118,O001693,P00430,0,46591.97,20
I0005119,O001693,P00078,1,157839.39,70
I0005120,O001693,P00398,3,933.4,0
I0005121,O001694,P00127,3,220397.82,40
I0005122,O001694,P00409,5,17895.9,50
I0005123,O001695,P00497,4,3130.56,10
I0005124,O001695,P00190,3,7262.53,10
I0005125,O001696,P00018,0,56551.19,50
I0005126,O001697,P00457,3,1357.96,10
I0005127,O001697,P00082,1,212699.52,10
I0005128,O001697,P00512,2,4748.55,5
I0005129,O001698,P00320,2,142.95,0
I0005130,O001699,P00218,2,2102.51,40
I0005131,O001699,P00203,2,4601.03,15
I0005132,O001699,P00072,5,51711.49,130
I0005133,O001699,P00082,1,172689.88,70
I0005134,O001699,P00538,2,1181.22,70
I0005135,O001700,P00466,1,2838.79,15
I0005136,O001700,P00053,4,161863.79,30
I0005137,O001700,P00224,4,3497.08,30
I0005138,O001700,P00463,1,1675.09,50
I0005139,O001700,P00091,5,163139.64,40
I0005140,O001701,P00331,0,1549.62,10
I0005141,O001701,P00414,2,47485.49,5
I0005142,O001701,P00170,4,8208.4,5
I0005143,O001701,P00422,2,40466.32,50
I0005144,O001702,P00065,1,92964.62,30
I0005145,O001702,P00063,4,1626.08,5
I0005146,O001702,P00533,3,6931.14,20
I0005147,O001702,P00141,5,132523.01,50
I0005148,O001703,P00022,2,74885.95,20
I0005149,O001703,P00249,4,5179.08,20
I0005150,O001704,P00248,2,7665.12,15
I0005151,O001704,P00145,2,88122.07,5
I0005152,O001705,P00080,4,113259.86,40
I0005153,O001705,P00013,1,183858.65,70
I0005154,O992208,P00393,5,41158.28,0
I0005155,O001706,P00024,4,109921.12,5
I0005156,O001706,P00474,1,1327.87,15
I0005157,O001706,P00115,3,98725.87,20
I0005158,O001707,P00544,3,3771.65,70
I0005159,O001707,P00026,1,7371.73,70
I0005160,O001707,P00417,5,27130.38,5
I0005161,O001707,P00070,3,193356.09,30
I0005162,O001708,P00023,1,77637.52,0
I0005163,O001708,P00063,2,1250.38,5
I0005164,O001708,P00538,0,856.59,30
I0005165,O001709,P00533,4,4690.29,20
I0005166,O001710,P00444,1,1889.44,136
I0005167,O001710,P00090,5,31541.15,30
I0005168,O001710,P00242,1,892.53,5
I0005169,O001711,P00171,4,11162.14,50
I0005170,O001711,P00028,3,155318.35,5
I0005171,O001711,P00306,2,1282.95,70
I0005172,O001711,P00473,1,1819.85,144
I0005173,O001711,P00327,4,1371.27,15
I0005174,O001712,P00398,3,1594.91,10
I0005175,O001712,P00262,4,8013.77,10
I0005176,O001712,P00181,4,390.72,20
I0005177,O001713,P00127,5,177307.8,15
I0005178,O001713,P00390,4,16051.93,15
I0005179,O001713,P00384,1,8336.22,40
I0005180,O001713,P00080,4,156495.98,132
I0005181,O001713,P00306,2,1614.52,70
I0005182,O001714,P00061,4,184814.92,15
I0005183,O001714,P00546,4,4615.94,112
I0005184,O001714,P00019,3,152966.83,20
I0005185,O001715,P00521,3,9108.95,70
I0005186,O001715,P00043,3,166451.91,70
I0005187,O001715,P00206,3,614.06,20
I0005188,O001716,P00188,2,607.96,30
I0005189,O001716,P00407,4,23817.76,70
I0005190,O001717,P00389,4,3397.58,5
I0005191,O001717,P00111,2,42990.54,0
I0005192,O001717,P00082,5,141450.75,70
I0005193,O001718,P00457,2,818.24,30
I0005194,O001719,P00295,1,460.71,20
I0005195,O001719,P00497,2,3721.23,5
I0005196,O001720,P00392,1,24373.61,0
I0005197,O001721,P00193,5,4488.73,30
I0005198,O001721,P00065,4,86069.66,0
I0005199,O001721,P00496,5,2737.53,15
I0005200,O001722,P00109,4,120178.02,10
I0005201,O001722,P00193,1,4308.22,40
I0005202,O001723,P00229,4,2678.87,20
I0005203,O001724,P00078,4,243083.81,40
I0005204,O001724,P00264,4,11377.11,15
I0005205,O966020,P00092,4,177777.7,15
I0005206,O001724,P00474,1,936.37,5
I0005207,O001725,P00343,5,313.32,70
I0005208,O001726,P00059,4,106849.15,40
I0005209,O001726,P00213,3,6747.37,40
I0005210,O001727,P00024,3,137285.48,50
I0005211,O001727,P00388,2,9154.49,20
I0005212,O001727,P00072,4,60124.55,15
I0005213,O001727,P00212,3,4372.65,20
I0005214,O001727,P00020,5,90184.34,5
I0005215,O001728,P00470,4,2665.0,0
I0005216,O001728,P00062,5,102720.88,20
I0005217,O001729,P00131,5,100370.29,50
I0005218,O001729,P00365,5,1433.56,50
I0005219,O001729,P00390,2,16271.11,70
I0005220,O001729,P00281,2,2818.57,30
I0005221,O001730,P00012,2,174803.92,0
I0005222,O001730,P00467,5,1909.49,70
I0005223,O001730,P00113,3,87696.06,30
I0005224,O001731,P00212,1,4573.61,40
I0005225,O001731,P00422,4,54283.08,15
I0005226,O001731,P00072,3,52402.6,20
I0005227,O001732,P00422,3,45869.74,30
I0005228,O001732,P00250,5,1324.26,50
I0005229,O001732,P00473,2,2148.97,0
I0005230,O001732,P00331,0,1301.19,30
I0005231,O001732,P00226,4,5754.36,15
I0005232,O001733,P00338,2,1027.01,30
I0005233,O001733,P00212,3,3284.31,50
I0005234,O001733,P00414,4,43849.32,70
I0005235,O001734,P00202,5,1702.89,10
I0005236,O001734,P00171,-1,6704.51,30
I0005237,O001734,P00306,1,1725.09,50
I0005238,O001734,P00384,0,7754.61,50
I0005239,O001734,P00005,3,63647.91,5
I0005240,O001735,P00171,3,9113.06,15
I0005241,O001735,P00242,1,639.37,5
I0005242,O001735,P00467,4,1861.09,5
I0005243,O001735,P00193,1,4486.06,0
I0005244,O001735,P00224,4,4231.5,30
I0005245,O001736,P00415,5,28413.55,10
I0005246,O001737,P00457,3,921.28,20
I0005247,O001737,P00475,3,1853.35,5
I0005248,O001737,P00190,3,4754.57,40
I0005249,O001738,P00101,5,151670.3,15
I0005250,O001738,P00019,1,233277.44,30
I0005251,O001739,P00398,2,1072.69,40
I0005252,O001739,P00526,3,435.6,5
I0005253,O001740,P00200,5,6258.59,10
I0005254,O001741,P00012,5,173052.05,10
I0005255,O001741,P00475,1,1201.56,40
I0005256,O001742,P00410,2,42611.82,0
I0005257,O001743,P00170,5,8381.47,0
I0005258,O001743,P00040,3,173582.25,30
I0005259,O001743,P00008,-5,20752.35,20
I0005260,O001743,P00065,2,127727.31,10
I0005261,O001743,P00398,5,1458.27,0
I0005262,O001744,P00026,5,6718.12,15
I0005263,O001745,P00533,1,6933.94,70
I0005264,O001745,P00080,1,146053.34,40
I0005265,O001745,P00498,5,834.43,0
I0005266,O001746,P00343,5,466.4,30
I0005267,O001746,P00082,5,157909.09,15
I0005268,O001747,P00467,2,1664.45,70
I0005269,O001747,P00085,5,90313.47,15
I0005270,O001748,P00065,5,90636.14,20
I0005271,O984242,P00407,0,32380.88,20
I0005272,O001748,P00409,2,10545.84,40
I0005273,O001748,P00497,1,3899.84,10
I0005274,O001749,P00415,1,29553.71,0
I0005275,O001749,P00334,2,1074.09,70
I0005276,O001749,P00422,1,61030.52,50
I0005277,O001750,P00193,1,3895.0,10
I0005278,O001750,P00390,3,17539.69,10
I0005279,O001750,P00467,5,1799.36,70
I0005280,O001750,P00381,4,25713.15,15
I0005281,O001750,P00190,3,5301.29,5
I0005282,O001751,P00252,1,3060.58,40
I0005283,O001751,P00474,5,1493.83,15
I0005284,O001752,P00407,1,39834.83,15
I0005285,O001752,P00437,5,13499.73,40
I0005286,O001752,P00422,4,45129.1,5
I0005287,O001753,P00070,3,167870.86,30
I0005288,O001753,P00529,2,7608.01,40
I0005289,O001754,P00466,2,2837.59,20
I0005290,O001755,P00080,4,140729.08,50
I0005291,O001755,P00171,4,9181.17,10
I0005292,O001755,P00033,1,70464.6,50
I0005293,O001755,P00200,4,9022.34,15
I0005294,O001756,P00437,5,13131.53,50
I0005295,O001757,P00073,2,21083.01,40
I0005296,O001757,P00255,1,2590.58,40
I0005297,O001757,P00145,5,90497.32,40
I0005298,O001757,P00430,5,41416.42,40
I0005299,O001758,P00367,2,65.38,10
I0005300,O001758,P00188,2,831.52,70
I0005301,O001758,P00512,1,7835.26,50
I0005302,O001759,P00199,3,3485.65,5
I0005303,O001759,P00390,5,13815.57,5
I0005304,O001759,P00170,-3,6946.72,70
I0005305,O001760,P00170,3,5020.53,70
I0005306,O001760,P00512,5,4791.39,20
I0005307,O001760,P00080,-4,119995.96,50
I0005308,O001761,P00224,5,4998.43,40
I0005309,O001761,P00048,3,115446.61,20
I0005310,O001761,P00199,3,5033.69,40
I0005311,O001762,P00096,4,160719.08,40
I0005312,O001762,P00415,3,20333.31,15
I0005313,O001762,P00331,1,976.75,0
I0005314,O001762,P00381,1,24624.57,5
I0005315,O001762,P00078,4,147799.22,10
I0005316,O001763,P00415,-2,19521.9,0
I0005317,O001763,P00091,5,127374.42,20
I0005318,O001763,P00120,4,7522.82,0
I0005319,O001763,P00407,5,34653.89,0
I0005320,O001763,P00172,5,6924.93,5
I0005321,O001764,P00541,5,4759.14,15
I0005322,O001764,P00527,5,6326.25,5
I0005323,O001764,P00407,1,27117.82,40
I0005324,O001764,P00287,5,1543.49,5
I0005325,O001764,P00470,1,2383.62,40
I0005326,O001765,P00001,2,13645.93,40
I0005327,O001765,P00212,4,4473.77,105
I0005328,O001765,P00388,4,11586.65,40
I0005329,O001766,P00437,5,19624.69,70
I0005330,O001766,P00390,2,12404.33,15
I0005331,O001767,P00472,2,1462.6,15
I0005332,O001767,P00422,4,44644.49,30
I0005333,O001767,P00170,5,5845.09,40
I0005334,O001767,P00134,1,24347.19,70
I0005335,O001768,P00304,3,486.65,50
I0005336,O001768,P00464,3,690.54,50
I0005337,O001769,P00381,5,17240.9,0
I0005338,O001769,P00314,5,425.51,20
I0005339,O001769,P00190,0,6309.42,5
I0005340,O001769,P00197,5,4866.78,10
I0005341,O001770,P00341,2,1113.49,10
I0005342,O001770,P00427,-2,3380.16,40
I0005343,O001771,P00320,4,177.04,20
I0005344,O001771,P00390,1,13342.69,20
I0005345,O001772,P00343,1,333.5,30
I0005346,O001772,P00422,3,56035.79,0
I0005347,O001773,P00550,1,4014.3,0
I0005348,O001773,P00331,2,1439.26,15
I0005349,O001774,P00171,5,6637.9,10
I0005350,O001774,P00193,3,3119.97,50
I0005351,O001774,P00020,2,122457.15,0
I0005352,O001775,P00065,1,132268.85,10
I0005353,O001775,P00070,2,166993.77,30
I0005354,O001775,P00390,0,10737.5,20
I0005355,O001776,P00239,1,8163.63,0
I0005356,O001777,P00514,5,12189.76,50
I0005357,O001777,P00141,1,181799.79,0
I0005358,O001777,P00413,2,26671.77,5
I0005359,O001778,P00546,4,5105.42,15
I0005360,O001778,P00140,2,168703.28,5
I0005361,O001778,P00414,4,46901.59,10
I0005362,O001779,P00381,-3,15431.59,40
I0005363,O001779,P00198,2,5681.47,50
I0005364,O001780,P00141,5,161670.43,40
I0005365,O001780,P00405,5,41840.25,50
I0005366,O001781,P00127,3,212945.24,30
I0005367,O001782,P00526,5,394.8,40
I0005368,O001783,P00530,4,985.75,50
I0005369,O001783,P00341,4,759.7,20
I0005370,O001783,P00497,4,2489.59,0
I0005371,O001783,P00413,1,27522.86,5
I0005372,O001783,P00409,4,16684.5,70
I0005373,O001784,P00391,5,11120.97,0
I0005374,O001784,P00190,2,5905.88,20
I0005375,O001784,P00141,2,137060.41,70
I0005376,O001784,P00012,1,140082.35,30
I0005377,O001785,P00073,1,18761.89,70
I0005378,O001786,P00281,2,2948.11,15
I0005379,O001786,P00190,4,7863.41,20
I0005380,O001787,P00198,2,7032.53,0
I0005381,O001787,P00422,4,45288.13,0
I0005382,O001787,P00197,1,5513.34,70
I0005383,O001787,P00188,5,690.89,50
I0005384,O001787,P00473,1,2288.57,0
I0005385,O001788,P00096,3,130574.67,40
I0005386,O001788,P00188,4,907.64,40
I0005387,O001789,P00533,0,5086.67,70
I0005388,O001789,P00391,1,14785.44,30
I0005389,O001789,P00118,4,137089.52,0
I0005390,O001790,P00538,3,1115.83,20
I0005391,O001790,P00443,2,2365.76,40
I0005392,O001790,P00131,3,107306.07,40
I0005393,O001791,P00145,5,80210.48,20
I0005394,O001791,P00082,5,190045.64,30
I0005395,O001792,P00237,4,4451.16,70
I0005396,O001792,P00409,4,10940.28,20
I0005397,O001792,P00188,3,509.25,0
I0005398,O001792,P00242,5,587.93,50
I0005399,O001793,P00212,4,3638.98,50
I0005400,O001793,P00409,4,16576.22,0
I0005401,O001793,P00229,4,2950.97,5
I0005402,O001793,P00070,3,151234.71,141
I0005403,O001794,P00127,3,191133.58,15
I0005404,O001794,P00140,1,163474.62,40
I0005405,O001794,P00532,2,7052.95,30
I0005406,O001795,P00289,2,2161.9,70
I0005407,O001795,P00198,5,5232.87,40
I0005408,O001795,P00096,2,173856.5,15
I0005409,O001795,P00526,1,344.28,70
I0005410,O001795,P00343,1,421.1,0
I0005411,O001796,P00404,5,627.45,5
I0005412,O001796,P00440,5,6299.53,20
I0005413,O001796,P00171,5,9703.98,70
I0005414,O001796,P00449,5,2139.65,30
I0005415,O001796,P00338,-4,999.77,15
I0005416,O001797,P00339,5,1617.07,0
I0005417,O001797,P00085,3,57335.45,5
I0005418,O001797,P00393,2,47547.19,10
I0005419,O001797,P00215,3,4067.06,20
I0005420,O001797,P00377,1,13635.22,5
I0005421,O001798,P00190,2,8263.93,30
I0005422,O001798,P00497,3,2293.87,70
I0005423,O001798,P00035,3,134571.62,70
I0005424,O001798,P00546,2,7504.43,70
I0005425,O001798,P00229,5,2847.81,5
I0005426,O001799,P00497,5,2462.19,10
I0005427,O001799,P00522,4,22506.61,30
I0005428,O001799,P00080,1,190364.52,70
I0005429,O001799,P00437,2,11460.26,50
I0005430,O001800,P00388,3,7765.01,40
I0005431,O001800,P00437,5,10877.96,40
I0005432,O001800,P00533,4,5403.03,50
I0005433,O001801,P00305,5,1232.18,70
I0005434,O001801,P00458,3,1331.33,50
I0005435,O001801,P00515,1,22276.02,40
I0005436,O001801,P00077,4,58621.66,40
I0005437,O001801,P00497,3,2822.06,15
I0005438,O001802,P00393,4,38096.87,40
I0005439,O001802,P00533,0,4259.56,30
I0005440,O001802,P00474,5,1315.12,10
I0005441,O001803,P00190,3,5893.56,0
I0005442,O987784,P00164,3,9104.18,20
I0005443,O001803,P00427,1,1968.67,70
I0005444,O001803,P00025,2,184522.93,30
I0005445,O001804,P00437,1,19832.7,40
I0005446,O001804,P00228,5,9224.28,70
I0005447,O001804,P00181,5,396.92,70
I0005448,O001804,P00229,4,3630.72,50
I0005449,O001805,P00031,1,2554.41,10
I0005450,O001806,P00197,1,5454.83,40
I0005451,O001806,P00348,4,1678.9,50
I0005452,O001806,P00332,4,1477.29,15
I0005453,O001806,P00320,1,173.56,30
I0005454,O001806,P00393,5,59683.84,50
I0005455,O001807,P00338,2,970.51,40
I0005456,O001807,P00154,1,82555.03,40
I0005457,O001808,P00415,4,35957.19,0
I0005458,O001808,P00072,4,58327.4,0
I0005459,O001808,P00065,3,105693.07,20
I0005460,O001808,P00082,1,174290.66,15
I0005461,O001808,P00320,5,136.51,70
I0005462,O001809,P00198,4,6846.63,0
I0005463,O001810,P00538,5,1341.54,15
I0005464,O001810,P00544,4,3863.54,50
I0005465,O001810,P00348,4,2304.03,70
I0005466,O001810,P00209,5,5369.17,40
I0005467,O001811,P00078,4,200624.41,0
I0005468,O001811,P00514,4,9085.4,20
I0005469,O001811,P00145,2,126318.77,40
I0005470,O001811,P00381,1,25704.07,70
I0005471,O001811,P00393,2,61740.32,40
I0005472,O001812,P00443,3,2223.99,40
I0005473,O001812,P00229,2,2185.22,15
I0005474,O001812,P00332,5,1844.0,20
I0005475,O001813,P00453,4,1920.74,40
I0005476,O001813,P00279,5,5626.73,40
I0005477,O001813,P00188,1,691.59,30
I0005478,O001813,P00233,4,6809.17,15
I0005479,O001814,P00212,3,4991.41,0
I0005480,O001814,P00229,2,2937.61,0
I0005481,O001814,P00470,5,1436.12,10
I0005482,O001814,P00393,2,62631.07,5
I0005483,O001814,P00414,2,39503.8,30
I0005484,O001815,P00341,4,656.54,20
I0005485,O001815,P00316,4,1417.87,70
I0005486,O001815,P00072,3,72247.54,20
I0005487,O001815,P00467,2,2305.99,10
I0005488,O001815,P00065,1,80120.5,70
I0005489,O001816,P00013,3,140484.87,10
I0005490,O001816,P00168,4,3455.69,10
I0005491,O001817,P00438,5,17999.06,40
I0005492,O001817,P00073,4,22762.74,5
I0005493,O001817,P00088,2,38211.36,0
I0005494,O001817,P00289,1,1995.03,5
I0005495,O001818,P00289,1,2120.36,20
I0005496,O001818,P00477,3,2103.94,20
I0005497,O001819,P00459,3,584.79,40
I0005498,O001820,P00090,5,31640.37,70
I0005499,O001820,P00474,-1,1525.19,5
I0005500,O001820,P00497,3,3434.28,10
I0005501,O001820,P00422,4,35545.34,5
I0005502,O001821,P00145,1,93486.09,20
I0005503,O001822,P00407,1,25505.05,15
I0005504,O001822,P00190,2,8110.62,20
I0005505,O001823,P00194,1,2283.83,30
I0005506,O001823,P00203,5,5244.35,10
I0005507,O001823,P00188,1,857.23,30
I0005508,O001823,P00122,2,138622.43,70
I0005509,O001824,P00529,3,8292.53,5
I0005510,O001825,P00497,-3,2590.28,5
I0005511,O001826,P00187,5,5927.16,5
I0005512,O001826,P00096,3,154742.53,0
I0005513,O001827,P00386,3,22342.18,30
I0005514,O001828,P00019,3,131392.55,20
I0005515,O001828,P00229,2,2556.98,70
I0005516,O001829,P00388,4,11978.15,30
I0005517,O001829,P00131,5,111505.23,0
I0005518,O001830,P00365,-2,1580.9,50
I0005519,O001830,P00525,2,10726.24,15
I0005520,O001830,P00320,4,169.93,70
I0005521,O001830,P00224,3,4753.56,5
I0005522,O001831,P00343,1,299.4,10
I0005523,O001832,P00332,3,1968.03,70
I0005524,O001832,P00155,4,114469.1,70
I0005525,O001832,P00470,4,1529.21,40
I0005526,O001832,P00546,1,7644.46,50
I0005527,O001832,P00292,5,2212.73,15
I0005528,O001833,P00197,2,4061.72,0
I0005529,O001833,P00398,-3,1176.04,70
I0005530,O001833,P00208,2,9096.08,5
I0005531,O001834,P00546,2,4437.33,0
I0005532,O001834,P00080,3,161140.76,0
I0005533,O001834,P00026,5,6482.34,0
I0005534,O001834,P00197,1,4357.3,30
I0005535,O001835,P00096,2,148987.0,20
I0005536,O001835,P00188,5,862.56,5
I0005537,O001835,P00527,2,9793.55,70
I0005538,O001835,P00011,5,105088.85,15
I0005539,O001835,P00181,5,405.85,15
I0005540,O001836,P00470,5,1492.24,70
I0005541,O001837,P00146,2,90792.6,138
I0005542,O001837,P00224,1,5609.71,0
I0005543,O001837,P00121,5,75177.57,0
I0005544,O001838,P00073,0,19323.59,5
I0005545,O001838,P00470,5,1777.01,70
I0005546,O001838,P00310,4,1499.98,70
I0005547,O001839,P00171,2,10036.83,20
I0005548,O001839,P00224,1,4598.65,10
I0005549,O001839,P00331,3,945.24,30
I0005550,O001839,P00343,1,351.6,40
I0005551,O001840,P00430,3,48385.38,10
I0005552,O001840,P00390,4,9807.38,20
I0005553,O001840,P00224,2,4872.66,50
I0005554,O001841,P00145,2,115117.94,0
I0005555,O001841,P00170,5,7646.21,0
I0005556,O001842,P00047,4,65696.71,20
I0005557,O934398,P00512,5,3141.53,10
I0005558,O001842,P00145,3,83403.9,20
I0005559,O001843,P00426,3,19279.5,15
I0005560,O001843,P00070,4,191390.19,70
I0005561,O001843,P00544,3,3444.7,50
I0005562,O001843,P00131,1,79386.08,50
I0005563,O001843,P00515,3,15230.33,5
I0005564,O001844,P00281,1,1985.65,50
I0005565,O001844,P00354,3,1520.84,70
I0005566,O001844,P00486,2,13640.64,10
I0005567,O001845,P00202,1,2011.97,20
I0005568,O001845,P00281,1,2898.91,15
I0005569,O001846,P00483,1,2203.3,5
I0005570,O001847,P00417,5,23415.32,50
I0005571,O001847,P00544,2,3608.94,5
I0005572,O001847,P00097,2,126567.06,5
I0005573,O001848,P00228,1,7482.57,15
I0005574,O001848,P00365,1,1857.01,20
I0005575,O001848,P00170,5,5214.98,5
I0005576,O001848,P00206,2,760.32,50
I0005577,O001849,P00361,1,1150.2,5
I0005578,O001849,P00443,5,1572.22,0
I0005579,O001850,P00224,2,3905.74,70
I0005580,O001851,P00384,4,8047.54,15
I0005581,O001851,P00072,4,48564.72,0
I0005582,O001851,P00306,4,1574.73,10
I0005583,O001852,P00247,1,6729.58,20
I0005584,O001852,P00249,2,4803.39,15
I0005585,O001852,P00546,3,4730.54,50
I0005586,O001852,P00198,1,6785.2,40
I0005587,O001853,P00407,3,25108.74,40
I0005588,O001853,P00437,3,18091.27,20
I0005589,O925592,P00541,5,4739.07,70
I0005590,O001853,P00171,5,6603.66,5
I0005591,O001854,P00516,3,2904.14,10
I0005592,O001854,P00127,2,195013.21,20
I0005593,O001854,P00365,3,2319.86,0
I0005594,O001854,P00497,-4,2450.66,5
I0005595,O001855,P00171,3,7745.01,10
I0005596,O001855,P00343,4,457.38,30
I0005597,O001855,P00065,-4,109495.84,0
I0005598,O001855,P00251,5,6815.08,5
I0005599,O001856,P00197,3,4425.78,20
I0005600,O001856,P00523,5,10971.23,30
I0005601,O001856,P00023,4,71020.58,0
I0005602,O001856,P00546,5,7861.08,50
I0005603,O001857,P00197,3,3982.52,10
I0005604,O001857,P00012,2,132304.22,0
I0005605,O001857,P00193,2,2948.76,15
I0005606,O001857,P00407,3,27570.51,20
I0005607,O001857,P00120,4,10697.46,70
I0005608,O001858,P00381,5,20288.43,10
I0005609,O001858,P00070,2,151670.15,0
I0005610,O001858,P00476,1,1584.53,0
I0005611,O001859,P00013,3,126326.47,133
I0005612,O001859,P00145,1,83439.55,0
I0005613,O001859,P00021,1,205048.19,10
I0005614,O001859,P00012,1,175431.15,10
I0005615,O001859,P00393,5,53411.9,15
I0005616,O001860,P00170,4,9067.59,20
I0005617,O001860,P00331,2,1454.15,10
I0005618,O001860,P00005,5,67682.69,40
I0005619,O001860,P00461,1,765.04,70
I0005620,O001860,P00190,-2,7896.79,10
I0005621,O001861,P00190,5,7959.88,30
I0005622,O001861,P00384,5,5255.49,50
I0005623,O001861,P00474,3,1672.94,10
I0005624,O001861,P00016,4,186084.21,70
I0005625,O001861,P00473,5,2172.47,70
I0005626,O001862,P00440,1,5702.45,5
I0005627,O001863,P00407,1,36208.57,50
I0005628,O001863,P00414,1,41074.26,0
I0005629,O001864,P00473,3,1775.17,0
I0005630,O001864,P00474,2,1677.51,10
I0005631,O001865,P00497,5,3708.49,50
I0005632,O001865,P00392,4,22291.22,50
I0005633,O001865,P00364,5,1281.16,5
I0005634,O001865,P00338,5,668.25,10
I0005635,O001865,P00422,1,56264.26,70
I0005636,O001866,P00407,4,30161.19,15
I0005637,O001867,P00320,4,125.29,15
I0005638,O001867,P00088,5,33742.4,0
I0005639,O001867,P00398,1,1209.23,20
I0005640,O001867,P00437,3,11552.39,10
I0005641,O001868,P00414,4,33324.31,50
I0005642,O001868,P00229,5,3705.63,40
I0005643,O001868,P00407,2,26227.31,15
I0005644,O001868,P00233,1,5879.79,0
I0005645,O001868,P00229,3,2520.35,10
I0005646,O001869,P00047,1,63532.2,20
I0005647,O001869,P00388,5,8250.67,10
I0005648,O001869,P00317,1,213.06,20
I0005649,O001869,P00332,4,1523.51,10
I0005650,O903669,P00231,3,9193.37,5
I0005651,O001870,P00229,5,2542.54,50
I0005652,O001871,P00338,4,615.03,20
I0005653,O001871,P00349,3,2088.35,70
I0005654,O001871,P00078,5,243579.72,15
I0005655,O001871,P00475,4,1234.66,20
I0005656,O001872,P00172,2,8646.23,15
I0005657,O001872,P00065,4,84890.29,5
I0005658,O001872,P00474,5,1292.06,15
I0005659,O001872,P00066,3,53509.03,0
I0005660,O001873,P00171,3,10183.38,30
I0005661,O921782,P00281,5,2237.52,5
I0005662,O001874,P00306,2,1727.77,40
I0005663,O001874,P00057,3,172193.49,0
I0005664,O001875,P00197,5,3482.53,50
I0005665,O001875,P00497,4,2874.48,15
I0005666,O001876,P00202,1,2087.62,40
I0005667,O001876,P00533,5,7529.02,50
I0005668,O001876,P00407,2,21864.39,0
I0005669,O001877,P00486,3,9071.11,70
I0005670,O001878,P00020,4,129081.72,40
I0005671,O001878,P00428,3,9727.23,30
I0005672,O001878,P00338,2,1129.76,10
I0005673,O001879,P00384,2,7230.18,40
I0005674,O001879,P00396,4,37732.63,0
I0005675,O001880,P00121,5,43878.12,5
I0005676,O001880,P00053,4,161307.58,0
I0005677,O001880,P00078,4,216264.1,0
I0005678,O001881,P00474,2,1123.17,5
I0005679,O001881,P00228,2,7758.69,50
I0005680,O001881,P00063,2,1275.59,50
I0005681,O001881,P00470,5,1477.86,30
I0005682,O001882,P00486,5,9657.71,5
I0005683,O001882,P00190,5,7014.5,50
I0005684,O001882,P00141,1,140263.2,15
I0005685,O001882,P00197,1,5408.93,10
I0005686,O001882,P00080,5,128903.35,0
I0005687,O001883,P00019,4,159873.62,10
I0005688,O001883,P00422,4,34360.91,50
I0005689,O001883,P00229,5,2789.55,70
I0005690,O001883,P00388,2,11750.78,15
I0005691,O001883,P00486,3,15160.8,0
I0005692,O001884,P00082,1,132867.45,40
I0005693,O001884,P00043,4,180818.83,15
I0005694,O001884,P00467,-4,1441.62,5
I0005695,O001885,P00338,3,941.03,10
I0005696,O001885,P00199,5,4477.93,0
I0005697,O001886,P00467,3,1330.4,10
I0005698,O001886,P00121,3,66271.81,30
I0005699,O001886,P00415,1,27850.57,40
I0005700,O001886,P00474,3,1630.1,10
I0005701,O001886,P00025,2,113654.55,30
I0005702,O001887,P00533,1,4776.63,15
I0005703,O001887,P00486,5,11691.04,15
I0005704,O001887,P00141,1,204299.53,40
I0005705,O001887,P00190,5,5172.83,5
I0005706,O001888,P00450,3,607.68,5
I0005707,O001888,P00317,4,247.21,20
I0005708,O001888,P00546,3,7359.85,70
I0005709,O001889,P00544,1,2724.58,0
I0005710,O001889,P00412,1,8561.47,70
I0005711,O001889,P00273,3,8046.33,20
I0005712,O001890,P00415,3,24927.29,10
I0005713,O001890,P00541,3,3878.46,10
I0005714,O001891,P00096,3,177297.91,5
I0005715,O001891,P00023,3,55087.49,20
I0005716,O001891,P00065,3,99364.39,5
I0005717,O001891,P00202,5,2025.34,50
I0005718,O001891,P00188,4,827.87,40
I0005719,O001892,P00047,3,74907.24,50
I0005720,O001893,P00281,2,2013.47,5
I0005721,O001894,P00281,5,2610.75,15
I0005722,O001894,P00415,2,28308.69,5
I0005723,O001894,P00538,1,1013.93,10
I0005724,O001895,P00390,1,14141.07,50
I0005725,O001895,P00497,4,2303.55,10
I0005726,O001896,P00199,2,3500.58,15
I0005727,O001896,P00281,2,2103.77,40
I0005728,O001896,P00082,5,135319.65,0
I0005729,O001897,P00282,5,9500.73,70
I0005730,O001897,P00426,2,19970.65,30
I0005731,O001897,P00470,2,2314.04,70
I0005732,O001898,P00320,5,143.56,40
I0005733,O001898,P00213,3,7057.1,15
I0005734,O001898,P00467,2,2038.7,15
I0005735,O001898,P00474,2,1339.66,30
I0005736,O001898,P00136,3,80774.91,50
I0005737,O001899,P00145,1,101204.74,20
I0005738,O001900,P00079,-3,4432.57,0
I0005739,O001900,P00407,3,23970.25,5
I0005740,O001900,P00514,4,13754.23,20
I0005741,O001901,P00474,2,1510.53,0
I0005742,O001901,P00018,-3,41459.63,10
I0005743,O001902,P00533,2,6886.57,10
I0005744,O001903,P00165,2,9155.21,15
I0005745,O001903,P00331,3,1459.45,70
I0005746,O001903,P00546,2,5574.69,5
I0005747,O001904,P00197,2,5488.68,15
I0005748,O001905,P00334,2,1204.5,5
I0005749,O001905,P00120,2,10068.23,20
I0005750,O001905,P00435,4,13482.09,50
I0005751,O001906,P00393,2,33007.02,5
I0005752,O001906,P00512,4,1892.66,20
I0005753,O001906,P00127,2,194590.97,30
I0005754,O001906,P00080,4,145269.77,5
I0005755,O001907,P00530,1,1323.26,40
I0005756,O001907,P00444,4,1317.69,30
I0005757,O001908,P00096,1,187764.57,20
I0005758,O001908,P00065,5,121773.07,70
I0005759,O001908,P00478,3,1907.91,40
I0005760,O001908,P00194,1,2494.41,15
I0005761,O001908,P00512,4,4733.12,40
I0005762,O001909,P00474,1,977.62,70
I0005763,O001910,P00437,2,15009.36,20
I0005764,O001911,P00331,3,1254.62,15
I0005765,O001911,P00026,2,5456.75,20
I0005766,O001911,P00057,3,169651.45,10
I0005767,O001912,P00440,2,7505.56,20
I0005768,O001912,P00391,1,15632.48,10
I0005769,O001912,P00127,4,216427.29,0
I0005770,O001913,P00396,4,50002.77,40
I0005771,O001913,P00053,3,127634.15,30
I0005772,O001913,P00203,0,4709.31,70
I0005773,O001914,P00140,2,157758.99,20
I0005774,O001914,P00034,3,20152.33,70
I0005775,O001914,P00078,2,219152.28,20
I0005776,O001915,P00414,1,32999.88,40
I0005777,O001915,P00053,3,113233.81,15
I0005778,O001915,P00026,5,8169.57,20
I0005779,O001916,P00440,1,5216.27,40
I0005780,O001916,P00025,5,97949.37,70
I0005781,O001916,P00512,2,8523.69,70
I0005782,O001917,P00390,3,14350.65,15
I0005783,O001917,P00393,2,50412.64,0
I0005784,O001917,P00533,4,6755.21,40
I0005785,O001917,P00019,2,242043.74,0
I0005786,O001918,P00121,2,67278.73,0
I0005787,O001919,P00522,4,29090.71,50
I0005788,O001919,P00025,2,161885.01,0
I0005789,O001919,P00457,3,846.4,30
I0005790,O001919,P00164,4,5997.62,5
I0005791,O001920,P00381,1,23640.39,70
I0005792,O001920,P00070,3,142423.34,10
I0005793,O001920,P00091,-5,157047.25,50
I0005794,O001920,P00477,5,1422.94,70
I0005795,O001920,P00427,1,2379.1,20
I0005796,O914716,P00467,4,2262.04,70
I0005797,O913641,P00188,1,638.86,40
I0005798,O001921,P00314,5,443.9,5
I0005799,O001921,P00070,4,113658.24,0
I0005800,O001921,P00415,5,28635.58,20
I0005801,O001922,P00046,1,86858.58,30
I0005802,O001922,P00412,4,12302.14,70
I0005803,O001922,P00343,5,566.37,15
I0005804,O001922,P00050,5,54187.44,10
I0005805,O001922,P00497,2,2107.88,70
I0005806,O001923,P00474,3,1095.4,40
I0005807,O001924,P00343,2,543.51,40
I0005808,O001924,P00019,5,159758.81,30
I0005809,O001924,P00012,5,167192.13,40
I0005810,O001924,P00082,2,197332.42,5
I0005811,O001924,P00202,4,2002.69,15
I0005812,O001925,P00065,2,107330.75,15
I0005813,O001925,P00224,1,5915.31,10
I0005814,O001925,P00171,2,6736.92,50
I0005815,O001925,P00450,5,754.06,50
I0005816,O001925,P00040,3,197609.64,0
I0005817,O001926,P00384,4,5467.33,15
I0005818,O001926,P00102,5,129680.55,50
I0005819,O001927,P00512,1,1019.16,20
I0005820,O001927,P00386,5,18041.67,50
I0005821,O001927,P00513,4,20983.1,5
I0005822,O001928,P00467,2,1553.82,30
I0005823,O904048,P00430,5,38461.48,70
I0005824,O001928,P00012,1,108637.0,50
I0005825,O001928,P00096,2,128572.86,10
I0005826,O001928,P00512,4,9403.23,0
I0005827,O001929,P00305,5,1678.52,70
I0005828,O001929,P00281,3,2575.63,50
I0005829,O001929,P00343,4,422.08,50
I0005830,O001929,P00096,-3,129530.84,15
I0005831,O001929,P00131,4,88510.65,10
I0005832,O001930,P00131,4,97184.22,30
I0005833,O001930,P00546,3,7708.88,50
I0005834,O001931,P00148,3,200443.45,15
I0005835,O001931,P00190,1,6160.96,40
I0005836,O001931,P00409,2,16685.17,40
I0005837,O001932,P00523,3,14798.73,70
I0005838,O001932,P00085,1,90391.09,20
I0005839,O001932,P00188,-3,791.04,40
I0005840,O001932,P00343,2,426.53,5
I0005841,O001933,P00181,3,413.55,15
I0005842,O001933,P00085,5,61433.04,30
I0005843,O001933,P00070,3,205589.87,40
I0005844,O001933,P00474,4,1723.04,10
I0005845,O001934,P00065,5,84037.84,30
I0005846,O001934,P00474,4,1251.44,30
I0005847,O001934,P00473,1,3178.61,70
I0005848,O001934,P00332,2,1774.13,30
I0005849,O001935,P00463,5,2794.01,15
I0005850,O001936,P00141,3,115118.92,30
I0005851,O001936,P00127,-4,128403.01,30
I0005852,O001936,P00141,3,186367.44,15
I0005853,O001936,P00012,5,133279.92,30
I0005854,O001936,P00165,2,5496.25,15
I0005855,O001937,P00024,1,141146.22,5
I0005856,O001937,P00523,4,15481.92,15
I0005857,O001937,P00229,1,2899.54,5
I0005858,O001937,P00108,3,153283.05,0
I0005859,O001937,P00193,4,3094.75,70
I0005860,O001938,P00197,5,4199.8,15
I0005861,O001938,P00080,1,156388.42,10
I0005862,O001938,P00078,1,135745.42,30
I0005863,O001938,P00165,5,7418.94,30
I0005864,O001938,P00171,3,8423.23,15
I0005865,O001939,P00127,1,173586.88,0
I0005866,O001939,P00537,3,2760.78,40
I0005867,O001939,P00072,4,54342.29,20
I0005868,O001940,P00401,2,20883.79,10
I0005869,O001940,P00063,2,1644.45,30
I0005870,O001940,P00109,2,103378.11,15
I0005871,O001940,P00203,4,4118.47,10
I0005872,O001941,P00331,4,1084.56,5
I0005873,O001942,P00273,5,7942.81,20
I0005874,O001943,P00190,3,8481.56,0
I0005875,O001943,P00546,1,5052.02,50
I0005876,O001943,P00390,4,11045.72,30
I0005877,O001944,P00243,4,1832.13,15
I0005878,O001945,P00309,2,2124.95,10
I0005879,O001945,P00407,5,39530.49,10
I0005880,O001946,P00398,3,1275.08,5
I0005881,O001946,P00474,5,1160.44,70
I0005882,O001946,P00029,-5,94842.87,70
I0005883,O001946,P00497,5,2431.65,40
I0005884,O001947,P00546,2,6146.61,30
I0005885,O001947,P00224,5,3393.61,50
I0005886,O001948,P00190,5,5031.67,10
I0005887,O001949,P00193,5,2860.19,5
I0005888,O001949,P00314,3,529.14,15
I0005889,O001949,P00198,4,7906.64,5
I0005890,O001949,P00070,2,110503.26,20
I0005891,O001950,P00026,3,6531.26,30
I0005892,O001951,P00426,2,13862.49,10
I0005893,O001951,P00212,-3,3393.42,15
I0005894,O001952,P00131,1,121502.17,0
I0005895,O001952,P00398,1,1031.87,70
I0005896,O001952,P00480,5,720.71,30
I0005897,O001952,P00047,4,86244.9,70
I0005898,O001953,P00141,1,169778.78,40
I0005899,O001953,P00078,5,207734.36,0
I0005900,O001954,P00354,3,1549.81,10
I0005901,O001954,P00463,0,2419.7,40
I0005902,O001954,P00078,3,219315.8,30
I0005903,O001955,P00426,1,15277.74,5
I0005904,O001956,P00127,3,133488.89,0
I0005905,O001956,P00381,4,15172.14,40
I0005906,O001957,P00440,4,6701.47,0
I0005907,O001957,P00407,4,30850.84,40
I0005908,O001957,P00443,3,2351.31,40
I0005909,O001958,P00188,3,899.58,5
I0005910,O001959,P00381,4,18023.26,0
I0005911,O001959,P00453,3,2198.06,0
I0005912,O001960,P00190,3,6116.63,40
I0005913,O001960,P00190,4,4708.92,70
I0005914,O001960,P00338,2,847.65,50
I0005915,O001961,P00391,4,16118.44,20
I0005916,O001962,P00521,4,13585.89,15
I0005917,O001962,P00281,0,1856.02,140
I0005918,O001963,P00065,2,132728.86,5
I0005919,O984404,P00026,1,4666.52,5
I0005920,O001963,P00343,5,457.11,0
I0005921,O001963,P00072,4,57972.3,5
I0005922,O001964,P00224,4,3364.93,50
I0005923,O001964,P00096,5,146222.87,10
I0005924,O001965,P00414,5,40044.56,0
I0005925,O001965,P00473,3,2209.54,0
I0005926,O001965,P00412,4,16100.16,128
I0005927,O001966,P00386,4,14838.0,20
I0005928,O001966,P00127,5,140636.19,15
I0005929,O001967,P00528,3,2606.34,50
I0005930,O001967,P00200,4,9003.69,50
I0005931,O001967,P00415,5,30168.15,5
I0005932,O001967,P00224,5,4991.72,0
I0005933,O001968,P00172,5,7197.42,10
I0005934,O001968,P00331,3,865.24,5
I0005935,O001969,P00437,3,13464.04,50
I0005936,O001969,P00331,3,1043.74,70
I0005937,O001969,P00020,3,130761.05,40
I0005938,O001969,P00512,5,4750.15,70
I0005939,O001969,P00072,2,60443.12,5
I0005940,O001970,P00409,3,17292.04,20
I0005941,O001970,P00127,3,183897.51,30
I0005942,O001970,P00131,-1,65733.03,40
I0005943,O001971,P00352,-1,455.78,40
I0005944,O001971,P00249,3,4959.52,40
I0005945,O001971,P00384,4,5424.28,10
I0005946,O001971,P00287,5,1543.56,5
I0005947,O001972,P00474,1,1414.86,30
I0005948,O001972,P00412,1,12586.28,0
I0005949,O001972,P00450,3,706.43,70
I0005950,O001972,P00497,1,2960.68,5
I0005951,O001972,P00224,2,4752.24,20
I0005952,O001973,P00202,5,2367.63,50
I0005953,O001973,P00072,5,71108.06,5
I0005954,O001973,P00170,1,6314.75,50
I0005955,O001973,P00325,1,1654.52,5
I0005956,O001973,P00132,5,87362.21,10
I0005957,O001974,P00082,3,211493.0,5
I0005958,O001975,P00065,4,88652.55,0
I0005959,O001975,P00108,5,111272.58,10
I0005960,O001975,P00415,5,28578.45,70
I0005961,O001975,P00474,2,1109.22,15
I0005962,O001975,P00529,2,7155.31,10
I0005963,O001976,P00070,5,124700.65,50
I0005964,O001976,P00520,2,22134.88,20
I0005965,O001976,P00112,5,149702.2,20
I0005966,O001976,P00341,1,1045.76,40
I0005967,O001976,P00078,2,204503.69,50
I0005968,O001977,P00407,3,22991.3,20
I0005969,O001977,P00440,2,4743.54,70
I0005970,O001977,P00457,4,874.58,20
I0005971,O001977,P00295,3,363.86,5
I0005972,O001978,P00415,3,28907.87,40
I0005973,O001978,P00546,1,8047.27,0
I0005974,O001978,P00127,3,166289.93,30
I0005975,O001978,P00311,5,1842.46,20
I0005976,O001978,P00120,2,12292.44,10
I0005977,O001979,P00111,4,36659.34,5
I0005978,O001979,P00412,1,11928.93,20
I0005979,O001979,P00414,3,49190.91,30
I0005980,O001979,P00343,1,331.96,50
I0005981,O001979,P00040,4,121725.77,70
I0005982,O001980,P00550,3,6639.51,20
I0005983,O001980,P00281,1,1959.67,20
I0005984,O001980,P00025,1,184965.47,10
I0005985,O001980,P00388,2,7090.5,50
I0005986,O001981,P00398,3,1303.19,20
I0005987,O001982,P00430,3,53032.2,70
I0005988,O001982,P00407,2,32455.97,10
I0005989,O001982,P00520,5,21266.88,50
I0005990,O911769,P00538,2,1525.67,10
I0005991,O001983,P00414,1,46847.76,30
I0005992,O001983,P00171,4,6083.39,10
I0005993,O001984,P00381,2,20305.76,40
I0005994,O001984,P00177,3,6064.65,40
I0005995,O001985,P00254,3,11389.57,30
I0005996,O001985,P00014,4,62029.8,0
I0005997,O001985,P00187,2,5204.89,70
I0005998,O001986,P00063,3,1792.48,50
I0005999,O001986,P00519,4,28762.49,30
I0006000,O001986,P00414,4,46913.27,30
I0006001,O001987,P00397,1,39455.33,15
I0006002,O001987,P00097,4,126865.1,50
I0006003,O001988,P00294,-3,1598.6,70
I0006004,O001989,P00331,1,1483.49,70
I0006005,O001989,P00193,5,3459.01,5
I0006006,O001989,P00514,4,12527.72,20
I0006007,O001990,P00412,4,9910.36,5
I0006008,O001990,P00441,2,2682.65,50
I0006009,O001990,P00149,2,116960.71,50
I0006010,O001991,P00018,1,46557.76,50
I0006011,O001991,P00161,4,10375.4,50
I0006012,O001991,P00473,4,1935.51,0
I0006013,O001991,P00170,1,6007.25,30
I0006014,O001991,P00171,2,7285.49,20
I0006015,O001992,P00200,2,5124.24,70
I0006016,O001992,P00019,3,245158.25,30
I0006017,O001992,P00091,1,188218.33,5
I0006018,O001993,P00131,4,90347.6,110
I0006019,O001993,P00078,1,149445.89,30
I0006020,O001993,P00534,2,5306.27,15
I0006021,O001993,P00541,5,5121.35,5
I0006022,O001994,P00047,2,84561.2,50
I0006023,O001994,P00169,2,2839.72,5
I0006024,O001994,P00063,1,1086.52,40
I0006025,O001994,P00343,5,336.17,15
I0006026,O001995,P00131,2,63972.83,0
I0006027,O001995,P00026,3,7701.91,10
I0006028,O001995,P00013,2,193636.86,15
I0006029,O001995,P00273,2,6148.65,20
I0006030,O001996,P00070,4,176316.58,5
I0006031,O001996,P00531,2,2781.8,5
I0006032,O001996,P00389,4,2262.72,20
I0006033,O001996,P00141,-5,113774.88,10
I0006034,O001997,P00203,3,4778.95,15
I0006035,O939635,P00037,5,66749.02,15
I0006036,O001997,P00242,3,845.28,70
I0006037,O001997,P00305,3,1737.88,30
I0006038,O001998,P00393,4,58543.73,0
I0006039,O001999,P00188,4,672.83,10
I0006040,O001999,P00393,3,35094.86,5
I0006041,O002000,P00329,3,933.41,50
I0006042,O002001,P00453,2,1357.69,15
I0006043,O002001,P00338,5,1158.65,70
I0006044,O002001,P00212,3,2915.81,40
I0006045,O002001,P00072,5,64312.74,0
I0006046,O002001,P00494,4,3431.29,5
I0006047,O002002,P00111,5,36929.88,50
I0006048,O002002,P00008,4,20596.39,15
I0006049,O002002,P00390,4,16097.65,70
I0006050,O002003,P00528,4,3389.36,40
I0006051,O002004,P00026,4,5683.78,5
I0006052,O002004,P00202,4,2449.68,0
I0006053,O002005,P00111,3,31454.03,10
I0006054,O002006,P00470,2,1793.52,40
I0006055,O002006,P00331,1,1608.29,10
I0006056,O002006,P00127,2,139243.8,5
I0006057,O002006,P00198,1,4570.86,0
I0006058,O002007,P00171,4,9824.66,5
I0006059,O002007,P00012,1,101957.14,50
I0006060,O002008,P00529,2,6599.84,40
I0006061,O002008,P00018,3,40484.21,70
I0006062,O002009,P00381,2,15705.01,40
I0006063,O002009,P00404,3,1041.67,40
I0006064,O002009,P00415,3,22820.49,5
I0006065,O002009,P00268,2,2697.06,15
I0006066,O002009,P00397,5,37636.88,5
I0006067,O002010,P00131,4,111382.17,5
I0006068,O002010,P00512,4,7013.35,70
I0006069,O002010,P00224,3,4396.44,50
I0006070,O002010,P00473,3,2815.48,15
I0006071,O002011,P00366,1,1080.21,15
I0006072,O002011,P00102,2,168776.82,10
I0006073,O002011,P00188,4,683.06,70
I0006074,O002011,P00467,3,1419.85,15
I0006075,O002011,P00343,3,515.02,30
I0006076,O002012,P00137,2,186499.35,40
I0006077,O002012,P00127,1,183483.84,20
I0006078,O002012,P00181,5,302.7,15
I0006079,O002012,P00242,1,879.28,30
I0006080,O002012,P00546,3,7889.17,5
I0006081,O002013,P00270,1,8609.22,5
I0006082,O002013,P00407,4,34438.88,0
I0006083,O002013,P00065,2,104195.58,30
I0006084,O002013,P00329,4,1164.01,0
I0006085,O002013,P00190,3,7745.9,70
I0006086,O002014,P00121,2,55521.94,70
I0006087,O002014,P00171,3,9370.06,50
I0006088,O002014,P00097,4,100261.18,40
I0006089,O002014,P00186,1,6559.47,20
I0006090,O002014,P00197,5,3369.73,40
I0006091,O002015,P00190,2,4647.14,5
I0006092,O002016,P00171,5,7509.64,30
I0006093,O002016,P00486,4,10727.51,10
I0006094,O002017,P00386,4,18117.43,50
I0006095,O002017,P00237,3,4333.05,30
I0006096,O002018,P00466,3,1886.41,70
I0006097,O002018,P00384,3,6490.26,30
I0006098,O002018,P00145,4,115241.77,15
I0006099,O002018,P00422,4,35527.47,40
I0006100,O002019,P00474,4,1094.87,15
I0006101,O002019,P00252,3,4395.38,5
I0006102,O002019,P00188,3,696.89,130
I0006103,O002020,P00248,-5,7873.01,40
I0006104,O002020,P00533,2,5664.08,50
I0006105,O002021,P00080,2,150142.04,5
I0006106,O002021,P00198,5,7518.61,10
I0006107,O002021,P00437,4,11322.18,50
I0006108,O002021,P00333,5,1359.68,40
I0006109,O002022,P00096,2,157293.9,0
I0006110,O002023,P00250,5,1416.95,0
I0006111,O002023,P00457,2,844.15,15
I0006112,O002023,P00338,1,1033.56,5
I0006113,O002023,P00281,1,1855.65,40
I0006114,O002024,P00546,4,7505.43,40
I0006115,O002024,P00233,2,9230.96,40
I0006116,O002024,P00398,3,1520.57,40
I0006117,O002024,P00466,3,2078.06,5
I0006118,O002024,P00026,5,7567.1,15
I0006119,O002025,P00043,2,175525.54,15
I0006120,O002025,P00171,4,9113.24,5
I0006121,O002026,P00229,4,2756.78,30
I0006122,O002026,P00119,1,25472.02,20
I0006123,O002026,P00188,1,538.97,70
I0006124,O002026,P00503,4,12069.09,15
I0006125,O002027,P00332,4,1979.32,20
I0006126,O002027,P00053,4,170539.7,5
I0006127,O002027,P00512,2,1319.02,40
I0006128,O002027,P00254,2,6899.04,10
I0006129,O002028,P00428,3,11343.98,20
I0006130,O002028,P00466,1,2102.51,30
I0006131,O002028,P00486,4,13203.28,40
I0006132,O002028,P00338,3,704.85,70
I0006133,O002029,P00422,3,48657.66,70
I0006134,O002029,P00467,3,2234.11,70
I0006135,O002029,P00046,1,52297.73,0
I0006136,O002030,P00018,5,50721.6,50
I0006137,O002030,P00415,4,27123.07,5
I0006138,O002030,P00354,4,1823.2,50
I0006139,O002030,P00373,4,33032.52,10
I0006140,O002031,P00422,3,34164.6,0
I0006141,O002032,P00072,5,67034.49,5
I0006142,O002033,P00391,2,10049.39,50
I0006143,O002033,P00222,5,11489.08,5
I0006144,O002033,P00415,3,29575.04,50
I0006145,O002033,P00080,4,171795.34,15
I0006146,O002033,P00418,2,36010.75,20
I0006147,O002034,P00065,4,110475.55,30
I0006148,O002034,P00170,-3,8387.2,15
I0006149,O002035,P00343,5,405.8,0
I0006150,O002035,P00410,5,36535.55,50
I0006151,O002035,P00422,2,52467.23,20
I0006152,O002035,P00197,2,3909.36,20
I0006153,O002036,P00230,3,4428.22,10
I0006154,O002036,P00310,4,1750.61,10
I0006155,O002036,P00012,2,131859.53,0
I0006156,O002036,P00409,2,16899.88,50
I0006157,O002037,P00140,5,238329.87,50
I0006158,O002037,P00393,3,44235.51,5
I0006159,O002037,P00121,3,56264.21,10
I0006160,O002038,P00336,5,167.83,15
I0006161,O002038,P00538,1,1075.28,70
I0006162,O002039,P00018,-3,49805.51,0
I0006163,O002039,P00233,4,8571.27,20
I0006164,O002040,P00437,1,12005.55,70
I0006165,O002040,P00440,4,7706.15,0
I0006166,O002041,P00248,5,5734.64,30
I0006167,O002041,P00497,0,2365.2,0
I0006168,O002041,P00381,5,25525.32,0
I0006169,O002041,P00501,3,21824.25,70
I0006170,O002041,P00473,4,2135.71,30
I0006171,O002042,P00273,3,9351.11,30
I0006172,O002042,P00463,3,1928.75,20
I0006173,O002043,P00338,4,840.26,40
I0006174,O002043,P00546,2,6776.81,50
I0006175,O002044,P00384,4,5403.39,15
I0006176,O002044,P00072,2,48155.08,10
I0006177,O002045,P00209,4,8246.37,40
I0006178,O002045,P00174,1,536.67,0
I0006179,O002045,P00011,1,85642.33,10
I0006180,O002045,P00131,1,91908.47,5
I0006181,O002046,P00169,4,3373.79,20
I0006182,O002046,P00343,4,481.76,5
I0006183,O002046,P00429,1,21643.91,15
I0006184,O002046,P00072,4,69680.85,70
I0006185,O002046,P00235,4,2846.51,10
I0006186,O002047,P00182,2,6201.57,20
I0006187,O002047,P00053,3,100251.39,50
I0006188,O002047,P00533,1,5697.66,50
I0006189,O002047,P00514,3,11709.29,40
I0006190,O002048,P00473,5,2651.26,15
I0006191,O002049,P00331,5,1015.24,30
I0006192,O002049,P00007,5,35491.41,10
I0006193,O002050,P00224,3,4649.43,10
I0006194,O002050,P00005,2,61841.81,0
I0006195,O002050,P00422,4,35678.29,10
I0006196,O002050,P00332,1,2305.79,50
I0006197,O002051,P00332,4,1293.93,15
I0006198,O002051,P00070,4,201562.04,20
I0006199,O002051,P00414,1,37821.3,30
I0006200,O002052,P00415,2,24711.35,30
I0006201,O002052,P00430,3,35299.15,30
I0006202,O002052,P00332,5,1709.18,10
I0006203,O002052,P00396,4,41833.19,50
I0006204,O002052,P00486,4,11697.71,20
I0006205,O002053,P00262,1,6665.37,20
I0006206,O002053,P00466,2,2950.32,40
I0006207,O002053,P00317,5,163.83,40
I0006208,O002054,P00466,5,2463.17,20
I0006209,O002054,P00475,2,1907.87,15
I0006210,O002055,P00171,5,9214.58,70
I0006211,O002055,P00043,1,192327.34,50
I0006212,O002055,P00455,3,1115.52,70
I0006213,O002055,P00388,5,7941.17,50
I0006214,O002056,P00466,1,1825.05,30
I0006215,O002056,P00080,1,164961.85,40
I0006216,O002056,P00026,4,7365.94,20
I0006217,O002056,P00443,4,1761.77,0
I0006218,O002057,P00480,1,586.69,10
I0006219,O002057,P00026,3,8239.75,20
I0006220,O002057,P00486,4,10982.16,50
I0006221,O002057,P00229,2,2139.54,20
I0006222,O002057,P00282,3,6438.59,15
I0006223,O002058,P00121,3,64564.35,40
I0006224,O002058,P00171,3,8665.97,40
I0006225,O002058,P00001,3,11858.11,50
I0006226,O002058,P00212,5,5004.55,5
I0006227,O002059,P00386,1,26320.99,0
I0006228,O002059,P00384,4,7720.66,5
I0006229,O002059,P00070,2,155189.99,30
I0006230,O002059,P00546,5,5059.17,50
I0006231,O002059,P00497,5,3181.97,50
I0006232,O002060,P00181,3,248.63,20
I0006233,O002060,P00170,4,7630.6,20
I0006234,O002060,P00154,3,103122.56,15
I0006235,O002060,P00541,5,4147.75,15
I0006236,O002061,P00197,5,5038.83,10
I0006237,O002061,P00467,1,1534.86,70
I0006238,O002061,P00497,5,3632.61,40
I0006239,O002061,P00070,2,135171.67,0
I0006240,O002061,P00332,3,1340.59,133
I0006241,O002062,P00249,4,6015.17,5
I0006242,O002063,P00072,5,71514.69,20
I0006243,O002063,P00106,3,87707.26,5
I0006244,O002064,P00038,3,150747.49,50
I0006245,O002064,P00202,5,2166.53,20
I0006246,O002064,P00440,4,4412.04,30
I0006247,O002065,P00193,5,3772.87,5
I0006248,O002065,P00274,3,7095.25,15
I0006249,O002065,P00242,4,539.38,40
I0006250,O002065,P00085,3,84656.23,30
I0006251,O002066,P00007,1,61988.57,70
I0006252,O002066,P00445,5,1595.74,15
I0006253,O002067,P00165,2,7532.81,20
I0006254,O002067,P00522,4,26040.25,20
I0006255,O002067,P00065,5,104339.38,15
I0006256,O002067,P00381,1,21360.6,70
I0006257,O002067,P00415,1,28013.21,30
I0006258,O002068,P00091,1,212850.75,40
I0006259,O002068,P00141,5,149862.1,40
I0006260,O002068,P00538,2,899.76,15
I0006261,O002068,P00305,0,1683.82,70
I0006262,O002068,P00410,4,35472.46,50
I0006263,O002069,P00070,1,175702.56,0
I0006264,O002070,P00096,5,187946.31,0
I0006265,O002071,P00198,-3,6236.06,0
I0006266,O002071,P00450,3,502.91,20
I0006267,O002072,P00015,1,36218.54,50
I0006268,O002072,P00171,1,9254.57,0
I0006269,O002073,P00096,4,173956.56,30
I0006270,O002074,P00422,1,42798.77,15
I0006271,O002075,P00193,2,2817.76,5
I0006272,O002075,P00497,4,3054.17,50
I0006273,O002076,P00033,4,103426.02,20
I0006274,O002076,P00410,4,46118.59,50
I0006275,O002076,P00127,1,157409.83,15
I0006276,O002077,P00212,3,2708.43,30
I0006277,O002077,P00033,5,76321.68,30
I0006278,O002077,P00407,-1,26374.11,5
I0006279,O002077,P00388,1,7259.8,40
I0006280,O002078,P00194,1,1860.7,0
I0006281,O002078,P00338,4,1084.1,15
I0006282,O002078,P00393,1,51648.52,40
I0006283,O002079,P00249,2,6571.32,15
I0006284,O002079,P00391,3,10855.5,70
I0006285,O002079,P00025,4,128383.34,20
I0006286,O002079,P00171,1,6306.02,30
I0006287,O002080,P00202,5,2417.63,5
I0006288,O002080,P00015,3,33243.57,30
I0006289,O002080,P00082,5,201483.46,5
I0006290,O002081,P00187,5,5559.33,10
I0006291,O002081,P00025,-1,180960.22,0
I0006292,O002082,P00121,3,74110.92,50
I0006293,O002082,P00108,1,160554.69,20
I0006294,O002082,P00467,4,1212.83,20
I0006295,O002083,P00178,2,11002.33,30
I0006296,O002083,P00170,5,8824.72,70
I0006297,O002083,P00305,3,1724.83,5
I0006298,O002083,P00470,2,2293.34,15
I0006299,O002083,P00188,4,878.76,20
I0006300,O002084,P00026,1,4774.23,50
I0006301,O002085,P00040,2,125075.75,5
I0006302,O002085,P00414,4,29714.65,20
I0006303,O951257,P00381,4,20482.04,40
I0006304,O002086,P00525,4,10412.9,40
I0006305,O002086,P00470,5,1786.28,15
I0006306,O002087,P00281,4,2575.1,30
I0006307,O002087,P00435,2,10539.39,50
I0006308,O002087,P00170,2,5265.19,15
I0006309,O002087,P00197,4,4343.33,0
I0006310,O002088,P00500,2,12707.88,50
I0006311,O002088,P00484,2,909.3,5
I0006312,O002088,P00054,-3,123402.36,50
I0006313,O002089,P00320,2,142.55,70
I0006314,O002089,P00305,5,1954.7,20
I0006315,O002089,P00193,4,3447.15,70
I0006316,O002089,P00332,4,2434.9,70
I0006317,O002090,P00391,2,13228.49,50
I0006318,O002090,P00384,4,6980.73,5
I0006319,O002091,P00047,5,72229.18,15
I0006320,O002092,P00512,4,3832.49,10
I0006321,O002092,P00101,2,144902.8,20
I0006322,O002092,P00016,4,238859.26,50
I0006323,O002092,P00332,1,2243.78,70
I0006324,O002092,P00486,3,14411.73,10
I0006325,O002093,P00047,3,79856.75,40
I0006326,O002094,P00063,2,1504.11,5
I0006327,O002094,P00470,4,1498.17,40
I0006328,O002095,P00225,4,3060.85,70
I0006329,O002095,P00229,4,2887.13,70
I0006330,O002095,P00473,1,2512.61,50
I0006331,O002095,P00141,2,113469.4,10
I0006332,O002096,P00384,4,6654.43,50
I0006333,O002096,P00538,3,1376.34,10
I0006334,O002096,P00197,4,4783.72,10
I0006335,O002096,P00486,-3,12328.67,15
I0006336,O002096,P00526,1,363.7,20
I0006337,O002097,P00391,4,18185.41,0
I0006338,O002097,P00389,3,3686.75,10
I0006339,O002098,P00229,5,2326.21,40
I0006340,O002099,P00242,5,898.05,70
I0006341,O002099,P00544,4,3165.3,10
I0006342,O002099,P00398,4,960.99,10
I0006343,O002099,P00078,2,168900.62,10
I0006344,O002099,P00409,2,10704.16,40
I0006345,O002100,P00250,1,1441.35,50
I0006346,O002100,P00467,1,1916.43,10
I0006347,O002100,P00415,5,21371.33,50
I0006348,O002101,P00140,1,207533.76,30
I0006349,O002102,P00515,1,23372.31,0
I0006350,O002102,P00127,5,147534.77,0
I0006351,O002102,P00335,2,201.09,5
I0006352,O002103,P00072,-3,61129.64,5
I0006353,O002103,P00533,4,6359.78,5
I0006354,O002103,P00331,4,1395.33,30
I0006355,O002103,P00072,4,68042.08,15
I0006356,O002103,P00012,5,110212.53,30
I0006357,O002104,P00166,5,4558.08,0
I0006358,O002104,P00531,3,2464.01,30
I0006359,O002105,P00193,2,4323.04,0
I0006360,O002106,P00473,4,2657.84,0
I0006361,O002106,P00212,1,4612.06,30
I0006362,O002106,P00422,5,38414.84,50
I0006363,O002106,P00550,4,6120.32,0
I0006364,O002106,P00422,2,43372.49,40
I0006365,O002107,P00145,2,96534.41,20
I0006366,O002107,P00470,0,2397.62,15
I0006367,O002107,P00170,4,6328.16,10
I0006368,O002107,P00386,2,26186.33,30
I0006369,O002108,P00193,2,3068.68,10
I0006370,O002108,P00332,3,2335.74,5
I0006371,O002108,P00474,4,978.18,30
I0006372,O002109,P00145,2,142341.68,10
I0006373,O002109,P00388,2,10216.11,10
I0006374,O002109,P00453,5,2114.44,5
I0006375,O002109,P00473,2,1703.51,0
I0006376,O002109,P00102,4,133131.1,15
I0006377,O002110,P00384,4,7027.08,0
I0006378,O002110,P00486,4,13090.75,70
I0006379,O002110,P00512,5,840.67,50
I0006380,O002110,P00193,4,3435.86,50
I0006381,O002110,P00112,4,195270.48,40
I0006382,O002111,P00422,2,46226.91,10
I0006383,O002112,P00212,3,3561.87,0
I0006384,O002112,P00248,5,6648.28,15
I0006385,O002113,P00022,1,80899.73,5
I0006386,O002113,P00207,4,6352.94,50
I0006387,O002114,P00131,4,68946.41,30
I0006388,O002114,P00188,1,835.29,70
I0006389,O002115,P00091,-4,133830.33,40
I0006390,O002115,P00082,3,129783.04,20
I0006391,O002116,P00131,1,69208.58,30
I0006392,O002117,P00473,3,2171.12,15
I0006393,O002117,P00519,1,25460.49,15
I0006394,O002117,P00457,5,1282.39,15
I0006395,O002117,P00437,3,18486.89,15
I0006396,O002117,P00390,4,10220.92,40
I0006397,O002118,P00078,2,190733.68,0
I0006398,O002118,P00203,5,3745.07,5
I0006399,O002118,P00127,1,205503.67,40
I0006400,O002118,P00211,2,8941.98,0
I0006401,O002118,P00103,2,80542.32,50
I0006402,O002119,P00006,0,35983.96,15
I0006403,O002119,P00437,4,15756.94,15
I0006404,O002119,P00250,3,973.56,40
I0006405,O002119,P00505,2,22125.14,0
I0006406,O002119,P00384,1,6238.43,40
I0006407,O002120,P00473,2,2890.45,30
I0006408,O002120,P00268,5,3800.52,15
I0006409,O002120,P00316,3,1904.88,5
I0006410,O002120,P00065,3,119766.96,5
I0006411,O002120,P00057,4,177381.81,40
I0006412,O002121,P00002,1,44712.71,15
I0006413,O002121,P00131,4,103922.45,5
I0006414,O002121,P00389,5,3409.61,15
I0006415,O002121,P00202,3,2136.5,50
I0006416,O002121,P00538,2,1544.48,5
I0006417,O002122,P00203,5,3577.43,10
I0006418,O002122,P00381,2,18851.53,70
I0006419,O002122,P00414,3,34710.4,5
I0006420,O002122,P00078,4,182558.17,20
I0006421,O002123,P00365,4,2324.18,70
I0006422,O002123,P00291,3,1996.06,0
I0006423,O002123,P00005,1,55289.71,15
I0006424,O002123,P00165,3,7440.69,30
I0006425,O002123,P00257,5,770.24,5
I0006426,O002124,P00131,4,121844.47,126
I0006427,O002124,P00072,5,62772.8,30
I0006428,O002124,P00534,2,6709.4,20
I0006429,O002124,P00078,2,161268.9,50
I0006430,O002124,P00250,3,1621.85,70
I0006431,O002125,P00080,5,176002.76,15
I0006432,O002125,P00450,3,556.22,5
I0006433,O002125,P00171,1,7793.87,30
I0006434,O002125,P00289,3,2063.72,70
I0006435,O002126,P00124,1,9012.9,20
I0006436,O002126,P00381,2,23417.69,15
I0006437,O002127,P00197,4,4024.01,5
I0006438,O002127,P00484,4,828.44,50
I0006439,O002127,P00145,4,81214.59,0
I0006440,O002127,P00221,1,5732.05,30
I0006441,O002128,P00043,3,197138.75,20
I0006442,O002129,P00026,2,8231.28,70
I0006443,O002129,P00422,5,54723.87,50
I0006444,O002130,P00096,3,122814.11,10
I0006445,O002130,P00413,3,18234.25,40
I0006446,O002130,P00096,1,146284.14,15
I0006447,O002130,P00190,1,8588.49,30
I0006448,O002131,P00390,3,10275.18,5
I0006449,O002132,P00354,5,2244.22,5
I0006450,O002132,P00206,5,602.3,5
I0006451,O002133,P00523,4,12978.93,70
I0006452,O002133,P00002,2,38345.17,20
I0006453,O002133,P00320,3,151.24,70
I0006454,O002133,P00422,2,49508.27,10
I0006455,O002133,P00198,4,5414.62,10
I0006456,O002134,P00534,4,3702.52,40
I0006457,O002135,P00390,4,17151.56,15
I0006458,O002135,P00082,4,118650.98,30
I0006459,O002135,P00043,5,234459.38,10
I0006460,O002136,P00065,3,147298.71,70
I0006461,O002136,P00437,2,15722.96,5
I0006462,O002136,P00091,3,135593.87,70
I0006463,O002137,P00290,3,2757.21,0
I0006464,O002138,P00085,3,85801.75,20
I0006465,O002138,P00354,5,2131.85,20
I0006466,O002138,P00197,4,4136.86,30
I0006467,O002138,P00129,5,128253.84,10
I0006468,O002138,P00242,4,798.97,20
I0006469,O002139,P00202,5,2053.88,20
I0006470,O002139,P00010,4,42397.64,0
I0006471,O002139,P00091,5,156661.27,70
I0006472,O002139,P00072,-3,72039.52,40
I0006473,O002139,P00398,3,1139.26,50
I0006474,O002140,P00212,3,4476.89,40
I0006475,O002140,P00331,2,892.41,20
I0006476,O002140,P00514,4,8493.48,30
I0006477,O002140,P00019,2,218246.8,40
I0006478,O002141,P00035,5,105608.14,30
I0006479,O002141,P00023,5,70143.95,40
I0006480,O002141,P00381,5,22531.91,50
I0006481,O002141,P00078,2,133904.86,50
I0006482,O002142,P00320,1,132.98,15
I0006483,O002142,P00512,5,5893.42,20
I0006484,O002142,P00332,1,1808.43,15
I0006485,O002142,P00398,1,977.08,30
I0006486,O002142,P00398,2,1304.6,5
I0006487,O002143,P00398,2,1346.39,20
I0006488,O002144,P00212,5,4912.0,0
I0006489,O002144,P00393,-1,57496.65,15
I0006490,O002145,P00343,2,323.18,30
I0006491,O002146,P00169,3,2329.67,15
I0006492,O002146,P00188,3,791.6,40
I0006493,O002146,P00018,5,31444.41,5
I0006494,O002146,P00154,4,89236.47,50
I0006495,O002146,P00474,-3,1279.51,70
I0006496,O002147,P00040,-2,175244.98,10
I0006497,O002147,P00332,2,1733.6,50
I0006498,O002148,P00131,2,91148.28,30
I0006499,O002148,P00012,5,164197.91,30
I0006500,O002148,P00381,2,25066.15,5
I0006501,O002148,P00526,3,325.6,5
I0006502,O002149,P00193,5,3094.28,5
I0006503,O002149,P00430,5,32881.77,70
I0006504,O002149,P00005,4,72227.62,30
I0006505,O002149,P00474,4,1552.67,50
I0006506,O002149,P00139,2,199287.19,30
I0006507,O002150,P00229,3,2232.66,15
I0006508,O002150,P00381,4,22568.44,10
I0006509,O002150,P00102,3,149981.01,0
I0006510,O002150,P00337,4,732.49,20
I0006511,O002150,P00190,3,8318.2,50
I0006512,O002151,P00308,5,424.84,50
I0006513,O002151,P00080,2,179436.16,10
I0006514,O002151,P00237,3,3315.01,30
I0006515,O002152,P00546,1,5836.79,50
I0006516,O002152,P00078,3,158579.11,10
I0006517,O002152,P00441,3,2401.67,30
I0006518,O002153,P00007,1,45835.03,5
I0006519,O002153,P00012,4,182693.55,40
I0006520,O002153,P00431,2,37072.24,15
I0006521,O002153,P00497,5,2182.04,10
I0006522,O002154,P00229,5,3686.89,70
I0006523,O002154,P00127,4,141432.89,15
I0006524,O002154,P00457,0,1367.54,50
I0006525,O002155,P00145,2,105696.58,70
I0006526,O002156,P00080,3,188052.86,15
I0006527,O002156,P00036,3,135148.35,30
I0006528,O002157,P00398,4,1231.2,0
I0006529,O002157,P00463,-5,2418.4,20
I0006530,O002157,P00063,4,1074.8,10
I0006531,O002158,P00229,4,2547.6,40
I0006532,O002158,P00397,1,31154.03,20
I0006533,O002159,P00415,3,27995.46,15
I0006534,O002159,P00338,2,969.27,40
I0006535,O002159,P00229,5,2853.89,5
I0006536,O002160,P00541,2,3781.08,0
I0006537,O002160,P00354,2,2046.43,20
I0006538,O002160,P00078,2,151683.27,20
I0006539,O002160,P00474,3,929.19,30
I0006540,O002161,P00070,1,190558.63,10
I0006541,O002161,P00005,5,58684.47,5
I0006542,O002161,P00415,4,24935.66,20
I0006543,O002161,P00121,2,78041.9,70
I0006544,O002161,P00242,5,640.67,20
I0006545,O002162,P00387,2,6818.25,50
I0006546,O002162,P00097,2,96651.19,30
I0006547,O002163,P00546,3,7022.66,30
I0006548,O002164,P00464,3,784.01,30
I0006549,O002165,P00546,2,5415.59,40
I0006550,O002165,P00338,2,967.54,0
I0006551,O002165,P00525,1,12358.95,50
I0006552,O002165,P00381,1,21652.47,20
I0006553,O002165,P00127,4,198208.54,40
I0006554,O002166,P00019,3,160114.29,10
I0006555,O002166,P00197,1,4553.2,20
I0006556,O002167,P00332,4,1609.97,0
I0006557,O002167,P00047,4,67360.56,40
I0006558,O002168,P00512,1,2547.65,5
I0006559,O002168,P00378,3,7528.8,0
I0006560,O002168,P00450,1,735.73,30
I0006561,O002168,P00410,4,61614.56,30
I0006562,O002169,P00141,1,118564.3,0
I0006563,O002170,P00404,4,900.37,50
I0006564,O002170,P00149,3,69763.13,30
I0006565,O002170,P00414,2,36126.33,30
I0006566,O002170,P00073,1,14993.74,20
I0006567,O002170,P00470,3,2386.7,70
I0006568,O002171,P00112,1,180990.05,0
I0006569,O002172,P00018,3,45564.25,0
I0006570,O002172,P00527,4,6348.72,0
I0006571,O002173,P00497,1,3184.16,40
I0006572,O002174,P00311,5,1769.41,10
I0006573,O002174,P00233,4,6107.75,5
I0006574,O002174,P00121,5,69921.17,10
I0006575,O002175,P00376,4,37656.08,20
I0006576,O002175,P00320,4,101.87,70
I0006577,O002175,P00111,2,45751.69,15
I0006578,O002175,P00026,1,7163.49,40
I0006579,O002176,P00171,4,11070.82,40
I0006580,O002176,P00026,2,6252.45,70
I0006581,O002176,P00415,1,22606.99,15
I0006582,O002177,P00437,5,14552.34,20
I0006583,O002177,P00333,5,1637.66,20
I0006584,O002177,P00343,1,511.53,0
I0006585,O002177,P00541,3,4947.0,50
I0006586,O002177,P00426,-5,20227.14,30
I0006587,O002178,P00079,3,6830.96,15
I0006588,O002179,P00414,5,41162.59,40
I0006589,O002179,P00437,2,13943.4,20
I0006590,O002179,P00338,2,1045.37,40
I0006591,O002180,P00018,1,32502.86,20
I0006592,O002180,P00065,4,97718.73,15
I0006593,O002180,P00415,5,21612.99,30
I0006594,O002181,P00224,2,3644.27,70
I0006595,O002181,P00188,1,768.76,15
I0006596,O002181,P00024,3,129950.23,50
I0006597,O002182,P00320,3,181.43,40
I0006598,O002182,P00026,3,6710.54,143
I0006599,O002182,P00120,1,9099.02,50
I0006600,O002183,P00198,-5,7302.95,15
I0006601,O002183,P00096,4,179804.74,50
I0006602,O002183,P00184,2,10723.41,40
I0006603,O002184,P00026,2,4997.68,20
I0006604,O002184,P00467,3,1301.19,15
I0006605,O002185,P00226,4,5983.49,40
I0006606,O002185,P00047,1,89277.45,5
I0006607,O002185,P00111,1,47043.94,105
I0006608,O002185,P00412,2,11684.22,0
I0006609,O002185,P00343,2,393.43,15
I0006610,O002186,P00546,3,4956.99,0
I0006611,O002186,P00513,-4,30590.64,40
I0006612,O002186,P00012,2,152151.31,10
I0006613,O002186,P00437,-4,11932.47,40
I0006614,O002186,P00338,5,1033.15,10
I0006615,O002187,P00072,4,48972.77,30
I0006616,O002187,P00039,1,15368.18,70
I0006617,O002187,P00406,3,34368.74,0
I0006618,O002187,P00203,3,5775.72,30
I0006619,O002188,P00544,3,4474.2,40
I0006620,O002188,P00414,4,28577.37,15
I0006621,O002188,P00529,5,7974.72,20
I0006622,O002188,P00229,2,2502.31,40
I0006623,O002189,P00486,3,13525.85,50
I0006624,O002189,P00410,5,38854.19,50
I0006625,O002190,P00536,3,639.1,40
I0006626,O002190,P00135,1,64714.65,15
I0006627,O002190,P00005,5,75855.75,15
I0006628,O002190,P00457,4,1321.59,0
I0006629,O002190,P00026,5,4558.23,40
I0006630,O002191,P00096,4,113683.58,10
I0006631,O002191,P00332,1,1896.99,20
I0006632,O002191,P00544,1,3663.81,10
I0006633,O002191,P00070,4,194836.08,5
I0006634,O002192,P00065,4,109964.68,40
I0006635,O002192,P00533,2,4441.09,20
I0006636,O002192,P00526,5,366.52,70
I0006637,O002192,P00127,5,201430.24,70
I0006638,O002193,P00242,1,731.68,40
I0006639,O002194,P00428,1,15697.7,0
I0006640,O002194,P00512,3,6575.64,70
I0006641,O002194,P00033,2,98464.88,5
I0006642,O002194,P00180,4,789.63,0
I0006643,O002195,P00422,5,36733.01,0
I0006644,O002195,P00398,4,1507.92,15
I0006645,O002196,P00295,3,354.8,0
I0006646,O002197,P00398,5,912.76,0
I0006647,O002197,P00228,4,6975.9,40
I0006648,O002197,P00083,5,88845.97,5
I0006649,O002197,P00515,2,17999.12,50
I0006650,O002197,P00142,5,62355.36,70
I0006651,O002198,P00512,2,2820.07,15
I0006652,O002198,P00402,5,783.44,20
I0006653,O002198,P00414,1,28043.61,40
I0006654,O002198,P00170,2,5865.37,40
I0006655,O002198,P00047,2,75724.25,20
I0006656,O002199,P00467,4,1737.75,30
I0006657,O002199,P00337,2,804.76,10
I0006658,O002199,P00003,5,117984.69,5
I0006659,O002199,P00019,5,241881.17,20
I0006660,O002199,P00063,2,1710.78,20
I0006661,O002200,P00046,3,59247.15,20
I0006662,O002200,P00047,1,69191.96,15
I0006663,O002200,P00427,3,2917.16,10
I0006664,O002201,P00526,4,260.79,0
I0006665,O002201,P00127,1,212835.18,50
I0006666,O002201,P00079,5,5716.97,15
I0006667,O002201,P00467,1,2246.36,10
I0006668,O002201,P00365,2,2302.48,5
I0006669,O002202,P00018,0,40268.66,40
I0006670,O002202,P00541,4,3726.33,5
I0006671,O002202,P00393,1,35197.1,70
I0006672,O002203,P00544,5,3466.95,15
I0006673,O002203,P00024,2,81623.47,40
I0006674,O002204,P00384,3,5717.99,30
I0006675,O002205,P00053,4,98341.08,50
I0006676,O002205,P00441,4,1549.79,15
I0006677,O002205,P00121,5,56833.04,30
I0006678,O002205,P00121,5,79913.32,30
I0006679,O002205,P00273,2,10476.09,30
I0006680,O002206,P00085,2,70520.21,30
I0006681,O002206,P00526,5,278.23,20
I0006682,O002207,P00497,1,2894.76,5
I0006683,O002207,P00197,3,3760.63,70
I0006684,O909115,P00032,2,199201.92,0
I0006685,O002208,P00415,2,28222.55,20
I0006686,O002208,P00407,5,34689.41,5
I0006687,O002208,P00145,4,137816.81,70
I0006688,O002208,P00320,5,96.39,10
I0006689,O002209,P00229,1,2725.43,40
I0006690,O002209,P00181,3,328.8,5
I0006691,O002209,P00116,2,221753.27,5
I0006692,O002209,P00304,4,442.39,15
I0006693,O002210,P00322,1,702.16,30
I0006694,O002210,P00443,2,1743.26,20
I0006695,O002210,P00444,2,1570.64,40
I0006696,O002211,P00047,4,55008.53,30
I0006697,O002211,P00197,4,5612.1,10
I0006698,O002212,P00116,5,142657.59,30
I0006699,O002212,P00422,4,33756.77,10
I0006700,O002212,P00526,4,271.12,0
I0006701,O002212,P00474,5,1567.55,0
I0006702,O002212,P00489,5,28541.51,10
I0006703,O002213,P00334,1,991.66,50
I0006704,O002213,P00533,4,5559.38,5
I0006705,O002213,P00393,5,48175.45,0
I0006706,O002213,P00466,5,2982.07,20
I0006707,O002213,P00131,3,98037.98,15
I0006708,O002214,P00474,1,1360.05,40
I0006709,O905111,P00070,1,146486.47,30
I0006710,O002214,P00512,3,7868.44,50
I0006711,O002214,P00053,3,167794.77,0
I0006712,O002215,P00013,1,133153.39,0
I0006713,O002215,P00145,3,85462.49,5
I0006714,O002215,P00096,1,155520.97,70
I0006715,O002215,P00247,0,4893.33,0
I0006716,O002216,P00467,2,2155.58,50
I0006717,O002216,P00072,5,41405.71,5
I0006718,O002217,P00393,4,59794.39,10
I0006719,O002217,P00229,1,3640.88,15
I0006720,O002217,P00412,4,15419.95,10
I0006721,O002218,P00498,5,511.94,30
I0006722,O002218,P00016,4,142234.15,70
I0006723,O002218,P00122,5,199867.36,5
I0006724,O961645,P00170,2,5429.74,30
I0006725,O002219,P00073,5,17465.33,70
I0006726,O002219,P00131,4,72010.75,40
I0006727,O002220,P00097,2,114564.2,70
I0006728,O002221,P00112,5,180802.24,20
I0006729,O002222,P00198,5,8311.34,0
I0006730,O002222,P00427,3,2341.85,15
I0006731,O002222,P00437,1,13804.66,20
I0006732,O002222,P00047,2,66341.47,70
I0006733,O002223,P00462,3,463.76,0
I0006734,O002224,P00398,5,1113.22,10
I0006735,O002224,P00217,5,4474.18,50
I0006736,O002224,P00199,2,2888.13,5
I0006737,O002225,P00474,5,1678.08,70
I0006738,O002225,P00533,1,6914.24,0
I0006739,O002226,P00085,5,84919.71,30
I0006740,O002226,P00546,5,7893.85,50
I0006741,O002226,P00121,1,58051.37,50
I0006742,O002227,P00082,2,196006.92,5
I0006743,O002228,P00018,2,50853.65,30
I0006744,O002228,P00409,2,14244.68,5
I0006745,O002228,P00170,2,5244.84,20
I0006746,O002229,P00019,4,137677.02,30
I0006747,O002229,P00407,3,36335.99,0
I0006748,O002230,P00262,4,7096.01,40
I0006749,O002230,P00096,1,193255.51,15
I0006750,O002230,P00229,4,2181.29,30
I0006751,O002230,P00262,3,6968.15,5
I0006752,O002231,P00197,4,5097.74,30
I0006753,O002231,P00293,4,1163.19,50
I0006754,O002231,P00463,4,1583.79,20
I0006755,O002232,P00407,5,39985.34,30
I0006756,O002232,P00343,1,409.02,5
I0006757,O002232,P00224,-3,4665.2,30
I0006758,O002232,P00440,3,4951.45,0
I0006759,O002232,P00190,4,8176.28,20
I0006760,O002233,P00101,2,183389.37,40
I0006761,O002233,P00202,3,2383.29,15
I0006762,O002233,P00437,3,19177.88,50
I0006763,O002233,P00338,2,1002.68,5
I0006764,O002233,P00526,3,293.72,15
I0006765,O002234,P00070,5,157843.62,0
I0006766,O002234,P00082,3,127589.85,50
I0006767,O002235,P00108,2,150475.91,10
I0006768,O002235,P00065,4,114823.72,50
I0006769,O002236,P00412,4,13762.11,70
I0006770,O002237,P00437,2,10930.23,30
I0006771,O002237,P00198,1,8255.24,20
I0006772,O002237,P00187,2,5151.4,0
I0006773,O002237,P00190,2,5750.17,0
I0006774,O002237,P00443,3,2118.16,10
I0006775,O002238,P00209,3,6683.97,30
I0006776,O002238,P00028,1,211325.75,149
I0006777,O002239,P00381,2,21854.53,5
I0006778,O002239,P00475,2,1330.15,40
I0006779,O002239,P00384,4,8320.49,70
I0006780,O002240,P00018,5,41906.45,15
I0006781,O002240,P00430,4,52038.46,0
I0006782,O002241,P00007,5,53895.73,30
I0006783,O002241,P00417,4,23614.25,5
I0006784,O002241,P00470,3,2560.93,15
I0006785,O002241,P00339,3,1421.68,10
I0006786,O002242,P00268,0,3106.97,70
I0006787,O002242,P00486,2,11729.41,15
I0006788,O002242,P00248,4,5534.79,20
I0006789,O002242,P00013,3,207694.61,10
I0006790,O002242,P00512,4,6488.37,40
I0006791,O002243,P00025,-4,104439.19,30
I0006792,O002243,P00463,2,2237.09,0
I0006793,O002243,P00090,5,30041.49,20
I0006794,O002243,P00092,3,199798.79,30
I0006795,O002243,P00337,2,874.59,40
I0006796,O002244,P00012,2,164202.63,10
I0006797,O002245,P00320,2,127.97,70
I0006798,O002245,P00141,5,201136.76,15
I0006799,O002246,P00546,2,6706.38,10
I0006800,O002246,P00188,5,567.79,40
I0006801,O002246,P00193,-5,3883.93,70
I0006802,O002247,P00226,1,3764.67,40
I0006803,O002247,P00393,1,39668.66,30
I0006804,O002247,P00072,3,67209.52,5
I0006805,O002247,P00331,5,1444.2,0
I0006806,O002247,P00169,2,2228.06,5
I0006807,O002248,P00253,5,721.95,0
I0006808,O002248,P00070,4,178753.88,40
I0006809,O002248,P00184,4,10778.01,40
I0006810,O002249,P00343,1,422.56,20
I0006811,O002249,P00320,4,182.03,5
I0006812,O002249,P00457,2,1204.72,20
I0006813,O002249,P00082,5,153888.31,70
I0006814,O002249,P00393,1,35734.01,20
I0006815,O002250,P00026,5,7196.06,40
I0006816,O002250,P00101,4,143989.55,50
I0006817,O002250,P00131,4,70971.51,50
I0006818,O002251,P00546,2,7180.09,30
I0006819,O002251,P00229,5,3348.36,20
I0006820,O002252,P00131,3,93835.31,15
I0006821,O002252,P00390,1,16851.96,10
I0006822,O002252,P00440,3,7394.15,15
I0006823,O002253,P00193,2,4141.67,10
I0006824,O002253,P00181,3,284.7,20
I0006825,O002254,P00412,4,14639.36,0
I0006826,O002255,P00298,3,1114.17,40
I0006827,O002255,P00530,3,981.84,10
I0006828,O002255,P00486,1,9437.82,15
I0006829,O002256,P00443,1,1599.22,40
I0006830,O002256,P00063,5,1018.1,10
I0006831,O002256,P00407,1,30495.8,50
I0006832,O002256,P00070,5,199782.52,10
I0006833,O002257,P00486,1,9851.82,70
I0006834,O002257,P00080,4,172317.41,70
I0006835,O002257,P00233,3,7748.81,15
I0006836,O002257,P00546,1,5682.88,20
I0006837,O002257,P00157,2,48101.53,30
I0006838,O002258,P00398,3,1695.78,40
I0006839,O002258,P00065,4,146441.4,15
I0006840,O002259,P00121,2,53987.72,10
I0006841,O002259,P00112,1,141554.57,0
I0006842,O002260,P00063,3,1041.78,15
I0006843,O002260,P00065,5,84029.97,0
I0006844,O002260,P00145,-1,110895.63,10
I0006845,O002260,P00198,1,6673.58,0
I0006846,O002261,P00519,3,28933.42,50
I0006847,O002261,P00145,5,137791.2,5
I0006848,O002261,P00486,5,9604.74,15
I0006849,O002261,P00388,4,9842.55,10
I0006850,O002262,P00164,1,10477.16,70
I0006851,O002262,P00036,4,104771.95,40
I0006852,O002262,P00387,3,9551.93,111
I0006853,O002262,P00414,2,29670.0,15
I0006854,O002263,P00197,2,4914.28,30
I0006855,O002263,P00096,3,159111.22,50
I0006856,O002263,P00018,2,43527.51,10
I0006857,O002263,P00414,1,28201.22,0
I0006858,O002264,P00229,4,3228.99,10
I0006859,O002265,P00063,2,1355.04,20
I0006860,O002265,P00188,5,598.38,20
I0006861,O002265,P00426,1,24190.6,5
I0006862,O002265,P00233,5,8374.27,15
I0006863,O002265,P00497,4,3462.37,70
I0006864,O002266,P00317,3,261.6,40
I0006865,O002266,P00331,1,1004.48,70
I0006866,O002266,P00388,4,8821.34,20
I0006867,O002266,P00393,2,61932.88,20
I0006868,O002267,P00525,5,8847.11,20
I0006869,O002268,P00082,3,166946.81,0
I0006870,O002268,P00467,4,1324.83,15
I0006871,O002268,P00031,1,4106.45,40
I0006872,O002268,P00437,-2,16751.12,40
I0006873,O002269,P00470,5,1776.22,5
I0006874,O002269,P00141,1,148010.54,30
I0006875,O002269,P00224,1,4086.44,20
I0006876,O002269,P00058,1,48134.45,15
I0006877,O002269,P00034,3,14606.57,40
I0006878,O002270,P00381,3,25533.73,30
I0006879,O002270,P00438,2,20700.68,50
I0006880,O002270,P00457,3,1280.33,40
I0006881,O002270,P00437,2,19125.83,0
I0006882,O002271,P00331,2,1287.79,15
I0006883,O002271,P00197,1,4486.7,10
I0006884,O002271,P00474,5,1065.0,50
I0006885,O002271,P00127,4,175595.1,20
I0006886,O002272,P00078,1,229158.55,10
I0006887,O002272,P00164,5,7643.29,40
I0006888,O002272,P00250,-3,1684.92,0
I0006889,O002272,P00465,5,2210.2,0
I0006890,O002272,P00466,4,1728.99,0
I0006891,O002273,P00247,1,4757.26,70
I0006892,O002274,P00320,3,140.97,5
I0006893,O002274,P00332,1,2101.9,50
I0006894,O002274,P00096,1,158702.6,50
I0006895,O002275,P00190,5,6142.22,15
I0006896,O002276,P00466,5,1873.88,50
I0006897,O002277,P00381,4,17594.37,5
I0006898,O002277,P00096,1,186410.35,109
I0006899,O002277,P00029,2,93866.55,122
I0006900,O002277,P00233,3,4848.66,40
I0006901,O002278,P00224,1,3584.8,20
I0006902,O002278,P00206,1,831.94,30
I0006903,O002278,P00212,1,2681.95,10
I0006904,O002278,P00384,5,6973.24,30
I0006905,O002278,P00249,2,4796.56,15
I0006906,O002279,P00145,3,141162.6,5
I0006907,O002280,P00492,5,19830.11,50
I0006908,O002280,P00078,3,209928.5,30
I0006909,O002280,P00262,3,6310.89,30
I0006910,O002280,P00096,3,130015.51,30
I0006911,O002281,P00415,3,22026.34,50
I0006912,O002281,P00381,1,14334.59,20
I0006913,O002282,P00331,1,1545.74,15
I0006914,O002282,P00035,3,104059.82,50
I0006915,O002282,P00121,1,65991.0,0
I0006916,O002282,P00127,3,216980.61,0
I0006917,O002282,P00127,3,224175.23,50
I0006918,O002283,P00133,2,181314.04,40
I0006919,O002283,P00486,1,15178.08,10
I0006920,O002283,P00200,1,5754.2,70
I0006921,O002283,P00320,3,114.24,15
I0006922,O002284,P00367,3,112.04,20
I0006923,O002284,P00530,2,1510.36,5
I0006924,O002284,P00072,3,61247.44,30
I0006925,O002284,P00078,3,139351.24,10
I0006926,O002285,P00437,4,19361.2,15
I0006927,O002285,P00188,5,657.05,15
I0006928,O002285,P00443,1,2550.2,10
I0006929,O002285,P00522,4,39946.02,10
I0006930,O002285,P00408,1,51709.87,20
I0006931,O002286,P00193,1,3772.43,5
I0006932,O963629,P00078,5,161969.31,20
I0006933,O002287,P00193,1,4040.4,0
I0006934,O002287,P00207,2,11270.46,0
I0006935,O002287,P00332,1,1700.96,10
I0006936,O002288,P00304,1,334.28,50
I0006937,O002289,P00016,4,212936.75,0
I0006938,O002290,P00470,2,1887.37,50
I0006939,O002291,P00426,2,13550.78,0
I0006940,O002292,P00385,5,26322.5,10
I0006941,O002292,P00197,4,4861.62,20
I0006942,O950082,P00237,1,3283.31,30
I0006943,O002293,P00121,1,80075.94,20
I0006944,O002293,P00193,2,4483.76,15
I0006945,O002293,P00422,5,50423.43,0
I0006946,O002293,P00247,5,7582.63,70
I0006947,O002294,P00533,4,7111.75,50
I0006948,O002294,P00158,4,91490.67,10
I0006949,O002295,P00398,1,1386.83,5
I0006950,O002295,P00202,5,2097.18,0
I0006951,O002295,P00145,5,109807.23,70
I0006952,O002296,P00281,5,2935.35,10
I0006953,O002297,P00035,3,146858.45,70
I0006954,O002297,P00047,2,92226.56,15
I0006955,O002297,P00025,3,112749.39,15
I0006956,O002297,P00538,3,1536.98,5
I0006957,O002298,P00209,3,8130.73,0
I0006958,O002298,P00097,-5,117248.93,70
I0006959,O002299,P00473,3,1848.44,10
I0006960,O002299,P00381,2,14917.71,70
I0006961,O002300,P00473,5,2772.57,0
I0006962,O002300,P00080,3,129251.67,50
I0006963,O002300,P00410,4,54690.57,70
I0006964,O002301,P00108,3,134415.21,30
I0006965,O002302,P00170,3,6803.26,70
I0006966,O002302,P00141,3,159976.4,50
I0006967,O002302,P00096,5,163946.38,10
I0006968,O002303,P00088,2,31296.5,20
I0006969,O002303,P00486,2,14589.7,20
I0006970,O002303,P00121,3,72690.72,30
I0006971,O002303,P00070,2,190499.79,70
I0006972,O002303,P00541,2,4883.08,30
I0006973,O002304,P00127,4,166611.87,5
I0006974,O002304,P00190,3,8746.8,10
I0006975,O002305,P00415,5,24857.29,40
I0006976,O002306,P00332,5,2347.38,0
I0006977,O002306,P00063,3,1219.24,15
I0006978,O002307,P00121,2,62589.64,30
I0006979,O002307,P00481,2,926.67,20
I0006980,O002307,P00047,4,72109.46,0
I0006981,O002307,P00467,4,2156.18,20
I0006982,O002307,P00289,1,2120.18,15
I0006983,O002308,P00131,0,86397.17,10
I0006984,O002308,P00106,2,70497.88,20
I0006985,O002309,P00466,1,2797.71,70
I0006986,O002309,P00190,1,8575.41,15
I0006987,O002310,P00475,2,1926.51,70
I0006988,O002310,P00170,3,5283.52,10
I0006989,O002310,P00202,1,2173.86,30
I0006990,O002310,P00525,3,10323.69,70
I0006991,O002310,P00180,1,807.14,15
I0006992,O002311,P00486,1,10253.15,70
I0006993,O002311,P00197,4,3836.78,30
I0006994,O002312,P00388,3,6553.9,30
I0006995,O002313,P00024,4,110249.51,50
I0006996,O002313,P00281,1,2973.81,15
I0006997,O002313,P00331,2,1363.83,70
I0006998,O002313,P00526,4,265.66,30
I0006999,O002314,P00025,5,122207.91,40
I0007000,O002314,P00082,4,166527.7,15
I0007001,O002314,P00026,3,8586.19,10
I0007002,O002315,P00320,5,148.68,70
I0007003,O002315,P00550,4,6796.86,70
I0007004,O002315,P00091,3,201014.12,40
I0007005,O002315,P00440,1,5573.25,20
I0007006,O002315,P00206,2,610.34,15
I0007007,O002316,P00546,3,6694.06,20
I0007008,O002317,P00073,3,21627.29,40
I0007009,O002317,P00096,4,138026.37,0
I0007010,O002317,P00172,5,7928.57,5
I0007011,O002318,P00145,4,138792.12,15
I0007012,O002318,P00078,3,227285.34,70
I0007013,O002318,P00393,3,45532.56,15
I0007014,O002318,P00445,1,1580.51,5
I0007015,O002319,P00203,5,4737.77,0
I0007016,O002319,P00063,1,1245.65,40
I0007017,O002319,P00427,5,3179.26,15
I0007018,O002319,P00188,5,808.54,40
I0007019,O002320,P00016,2,217931.4,30
I0007020,O002321,P00127,2,181624.75,50
I0007021,O002321,P00047,3,80414.0,70
I0007022,O002322,P00082,3,140007.02,40
I0007023,O923280,P00278,-5,4322.73,15
I0007024,O002322,P00070,-5,158984.25,10
I0007025,O002322,P00196,5,6679.27,40
I0007026,O002323,P00005,4,57664.05,15
I0007027,O002323,P00398,4,1650.51,103
I0007028,O002323,P00047,1,55348.97,15
I0007029,O002324,P00090,3,33807.46,20
I0007030,O002324,P00323,5,409.65,0
I0007031,O002324,P00332,5,2155.68,50
I0007032,O002324,P00344,4,1825.39,30
I0007033,O002325,P00228,3,8020.08,20
I0007034,O002325,P00097,4,121417.24,10
I0007035,O002326,P00197,2,3914.64,5
I0007036,O002326,P00012,2,183499.66,40
I0007037,O002326,P00320,3,142.05,20
I0007038,O002327,P00111,3,44820.6,0
I0007039,O002327,P00415,3,32518.42,15
I0007040,O002327,P00197,1,3998.29,5
I0007041,O002328,P00550,3,5204.87,10
I0007042,O002328,P00351,5,1424.42,40
I0007043,O002328,P00091,3,131345.46,10
I0007044,O002328,P00421,1,22248.6,40
I0007045,O002329,P00474,2,1137.88,50
I0007046,O002329,P00053,5,119996.17,50
I0007047,O002329,P00533,3,5545.41,50
I0007048,O002329,P00141,5,150286.9,50
I0007049,O002330,P00331,4,995.5,0
I0007050,O002330,P00512,5,6361.47,50
I0007051,O002330,P00097,5,126174.62,0
I0007052,O002330,P00546,1,4374.44,40
I0007053,O002331,P00407,5,27109.36,10
I0007054,O002331,P00202,2,1747.81,70
I0007055,O002332,P00121,1,61023.36,20
I0007056,O002333,P00145,3,139683.54,50
I0007057,O002333,P00141,4,205332.71,70
I0007058,O002333,P00387,3,9190.54,10
I0007059,O002333,P00063,3,1778.9,70
I0007060,O002334,P00397,5,26817.24,70
I0007061,O002334,P00121,-3,78647.28,5
I0007062,O002335,P00121,2,43949.36,15
I0007063,O002335,P00248,2,4328.64,15
I0007064,O002335,P00361,5,780.54,20
I0007065,O002336,P00063,1,1608.69,50
I0007066,O002336,P00003,5,161971.57,0
I0007067,O002336,P00381,4,18680.26,20
I0007068,O002337,P00120,3,9404.87,10
I0007069,O002337,P00127,1,220028.46,10
I0007070,O002337,P00157,3,50164.78,0
I0007071,O002337,P00415,5,36382.67,20
I0007072,O002338,P00149,2,118473.25,50
I0007073,O002338,P00377,3,12282.35,0
I0007074,O002338,P00187,3,3881.78,70
I0007075,O002339,P00407,4,32964.83,20
I0007076,O002339,P00251,5,8507.09,50
I0007077,O002339,P00259,2,1634.15,15
I0007078,O002339,P00131,3,106945.86,5
I0007079,O002340,P00018,1,47810.06,70
I0007080,O002340,P00406,2,50507.8,10
I0007081,O002340,P00426,4,23891.07,0
I0007082,O002340,P00037,-3,47044.47,10
I0007083,O002341,P00190,5,4888.08,143
I0007084,O002341,P00233,1,6384.98,70
I0007085,O002341,P00470,1,2705.21,15
I0007086,O002341,P00415,3,23865.53,70
I0007087,O002341,P00437,1,16394.64,0
I0007088,O002342,P00169,4,1916.71,10
I0007089,O002342,P00224,5,3216.68,0
I0007090,O002342,P00437,3,13822.69,40
I0007091,O002342,P00391,4,17882.02,10
I0007092,O002343,P00063,3,1771.53,30
I0007093,O002343,P00198,1,4956.14,5
I0007094,O002344,P00519,5,18928.59,30
I0007095,O002344,P00422,2,53246.98,20
I0007096,O002344,P00333,2,1969.87,15
I0007097,O002344,P00414,3,32474.18,20
I0007098,O002344,P00320,2,135.58,10
I0007099,O002345,P00390,4,16034.46,20
I0007100,O002345,P00020,3,141108.25,50
I0007101,O002346,P00194,2,2450.9,40
I0007102,O002347,P00267,4,3918.92,10
I0007103,O002348,P00519,4,23195.47,70
I0007104,O002349,P00196,5,8386.04,5
I0007105,O002349,P00313,2,783.3,0
I0007106,O002349,P00070,1,121508.92,10
I0007107,O002350,P00033,3,76115.18,40
I0007108,O002351,P00470,5,2691.93,10
I0007109,O002351,P00384,3,4476.17,40
I0007110,O002352,P00477,4,1595.9,15
I0007111,O002352,P00018,4,53307.08,40
I0007112,O002353,P00065,5,100028.1,30
I0007113,O002353,P00133,5,197252.2,40
I0007114,O002353,P00127,2,218343.23,30
I0007115,O002354,P00414,4,32819.29,10
I0007116,O002354,P00171,2,9003.8,0
I0007117,O002354,P00072,2,67718.92,50
I0007118,O002354,P00197,2,5403.92,10
I0007119,O002354,P00474,3,1401.21,10
I0007120,O002355,P00384,3,5698.88,30
I0007121,O002356,P00229,3,3124.96,10
I0007122,O002356,P00215,-3,4031.09,30
I0007123,O002356,P00384,4,6828.49,5
I0007124,O002356,P00063,2,1739.43,40
I0007125,O002357,P00188,1,527.79,50
I0007126,O002357,P00470,4,2621.78,0
I0007127,O002358,P00486,2,12028.32,20
I0007128,O002358,P00377,2,10871.08,70
I0007129,O002358,P00332,-2,2208.6,0
I0007130,O002359,P00441,4,1585.27,10
I0007131,O002359,P00018,3,38866.98,0
I0007132,O002359,P00373,5,32392.75,70
I0007133,O002359,P00546,3,6918.68,0
I0007134,O002359,P00473,4,2766.63,30
I0007135,O002360,P00141,4,177016.64,30
I0007136,O002360,P00212,5,3224.76,70
I0007137,O002360,P00197,1,3636.17,30
I0007138,O002360,P00512,4,3170.54,50
I0007139,O002361,P00441,5,1912.47,50
I0007140,O002362,P00033,2,84258.85,15
I0007141,O002362,P00102,5,194089.24,50
I0007142,O002362,P00474,-2,1104.54,20
I0007143,O002363,P00480,1,646.39,15
I0007144,O002363,P00477,1,1908.95,10
I0007145,O002364,P00024,1,104171.41,15
I0007146,O002364,P00198,1,7692.23,10
I0007147,O002364,P00190,1,6066.9,10
I0007148,O002365,P00209,-4,7790.93,0
I0007149,O002365,P00415,3,29998.63,50
I0007150,O002366,P00281,1,2432.31,0
I0007151,O002367,P00390,3,11561.47,50
I0007152,O002367,P00202,5,2051.72,5
I0007153,O002367,P00131,4,107391.76,119
I0007154,O002367,P00121,5,51934.19,50
I0007155,O002368,P00428,1,13539.38,5
I0007156,O002368,P00407,4,32486.08,50
I0007157,O002369,P00090,1,21880.18,50
I0007158,O002369,P00197,4,3909.64,40
I0007159,O002369,P00072,4,56372.21,20
I0007160,O002369,P00188,3,722.24,40
I0007161,O002370,P00163,2,4495.48,40
I0007162,O002371,P00526,5,409.24,15
I0007163,O002371,P00120,5,9687.14,40
I0007164,O002372,P00398,1,1073.88,50
I0007165,O002372,P00065,4,96533.37,15
I0007166,O002372,P00241,2,1998.32,70
I0007167,O002372,P00409,3,17367.69,70
I0007168,O002372,P00542,5,3752.36,15
I0007169,O002373,P00202,4,1769.13,10
I0007170,O002373,P00426,5,14099.31,50
I0007171,O002373,P00533,4,4746.55,15
I0007172,O002373,P00341,4,984.8,10
I0007173,O002374,P00331,4,1442.84,15
I0007174,O002374,P00251,5,9247.84,20
I0007175,O002374,P00544,1,2623.0,5
I0007176,O002374,P00409,5,17838.75,50
I0007177,O002375,P00473,1,1694.78,0
I0007178,O002375,P00415,5,26336.85,70
I0007179,O002376,P00410,1,46808.12,30
I0007180,O002376,P00170,3,5048.28,40
I0007181,O002376,P00190,3,6624.83,70
I0007182,O002376,P00281,2,2931.81,10
I0007183,O002376,P00382,-2,42270.86,40
I0007184,O002377,P00187,5,6594.53,15
I0007185,O002377,P00409,2,13710.49,30
I0007186,O002377,P00169,1,3010.88,40
I0007187,O002377,P00381,4,15153.58,15
I0007188,O002378,P00127,-2,136912.04,10
I0007189,O002378,P00212,5,4159.85,20
I0007190,O002379,P00497,3,2917.13,30
I0007191,O002379,P00488,3,22877.76,10
I0007192,O002380,P00170,5,7866.82,20
I0007193,O002380,P00105,2,89127.62,70
I0007194,O002380,P00538,2,1346.21,10
I0007195,O002381,P00295,3,262.4,0
I0007196,O002382,P00063,4,1257.28,30
I0007197,O002382,P00131,1,78345.6,15
I0007198,O002382,P00065,3,126660.34,5
I0007199,O002382,P00224,3,3708.8,20
I0007200,O002383,P00338,3,1016.61,70
I0007201,O002383,P00391,4,12140.7,40
I0007202,O002383,P00522,1,24672.18,30
I0007203,O002384,P00473,5,1941.12,30
I0007204,O002384,P00213,3,4191.09,5
I0007205,O002385,P00281,0,2422.56,40
I0007206,O002385,P00047,3,75827.92,30
I0007207,O002385,P00463,1,2157.36,40
I0007208,O002386,P00474,5,1654.01,15
I0007209,O002387,P00194,2,2494.87,5
I0007210,O002388,P00512,2,4902.68,30
I0007211,O002388,P00407,2,40478.43,50
I0007212,O002388,P00466,3,2392.87,20
I0007213,O002388,P00145,5,116450.64,15
I0007214,O002388,P00354,2,1342.95,10
I0007215,O002389,P00026,1,7449.62,30
I0007216,O002389,P00341,4,615.84,0
I0007217,O002389,P00026,4,5116.87,0
I0007218,O002389,P00012,2,177169.15,5
I0007219,O002389,P00178,4,10131.72,30
I0007220,O002390,P00018,3,52428.27,70
I0007221,O002390,P00407,4,36152.69,70
I0007222,O002390,P00070,3,167574.07,70
I0007223,O002391,P00497,2,3648.73,50
I0007224,O002392,P00473,2,3231.44,0
I0007225,O002393,P00149,3,62835.67,10
I0007226,O002393,P00047,3,84837.53,40
I0007227,O002393,P00304,2,330.26,50
I0007228,O002393,P00043,3,162631.88,70
I0007229,O002394,P00088,5,27305.31,30
I0007230,O002394,P00169,1,2191.9,5
I0007231,O002394,P00141,2,151219.58,40
I0007232,O002394,P00457,5,897.89,20
I0007233,O002395,P00437,3,10704.01,15
I0007234,O002395,P00464,3,795.37,5
I0007235,O928325,P00178,1,11961.41,50
I0007236,O953520,P00198,4,5498.19,40
I0007237,O002396,P00198,3,5828.42,70
I0007238,O002396,P00096,1,178161.59,0
I0007239,O002396,P00512,4,2459.78,10
I0007240,O002396,P00270,4,5723.89,5
I0007241,O002397,P00096,1,176406.32,40
I0007242,O002397,P00407,2,28875.34,30
I0007243,O002397,P00390,2,13226.21,70
I0007244,O002398,P00080,1,119901.69,70
I0007245,O002398,P00186,4,8165.18,70
I0007246,O002399,P00127,1,200896.27,50
I0007247,O002400,P00140,4,227987.47,70
I0007248,O002400,P00082,3,204275.63,5
I0007249,O002401,P00448,4,2043.53,20
I0007250,O002401,P00343,2,507.91,0
I0007251,O002401,P00035,5,131996.41,20
I0007252,O002402,P00496,3,2172.47,30
I0007253,O002402,P00470,4,1476.26,0
I0007254,O002402,P00407,2,33408.68,30
I0007255,O002402,P00046,1,68280.91,70
I0007256,O002402,P00165,1,7841.63,5
I0007257,O002403,P00533,4,5158.31,15
I0007258,O002403,P00425,5,20279.5,5
I0007259,O002404,P00338,5,858.72,5
I0007260,O002404,P00079,1,5025.84,20
I0007261,O002404,P00072,3,48051.71,70
I0007262,O002404,P00466,3,2606.29,10
I0007263,O002405,P00512,2,6138.25,10
I0007264,O002406,P00338,-5,726.95,50
I0007265,O002406,P00414,5,29643.74,0
I0007266,O002406,P00521,3,10739.5,0
I0007267,O002406,P00026,-1,5017.57,20
I0007268,O002406,P00088,4,40305.86,50
I0007269,O002407,P00057,4,121748.16,15
I0007270,O002407,P00127,5,167767.94,30
I0007271,O002408,P00377,4,13855.36,40
I0007272,O002408,P00390,5,10491.25,50
I0007273,O002408,P00415,4,24656.41,0
I0007274,O002408,P00414,2,48876.28,40
I0007275,O002408,P00012,4,147322.03,15
I0007276,O002409,P00526,5,387.36,40
I0007277,O002409,P00458,4,1871.98,5
I0007278,O002409,P00538,5,1132.44,20
I0007279,O002409,P00127,5,194681.3,30
I0007280,O002409,P00080,4,171066.83,50
I0007281,O002410,P00013,3,219432.48,30
I0007282,O002410,P00422,5,52719.89,5
I0007283,O002410,P00512,4,1581.35,5
I0007284,O002410,P00020,1,116544.07,10
I0007285,O002410,P00144,3,197209.26,20
I0007286,O002411,P00519,5,22547.14,10
I0007287,O002412,P00199,2,3525.61,30
I0007288,O002412,P00374,4,38346.04,15
I0007289,O002412,P00398,3,1178.3,70
I0007290,O002412,P00112,4,144308.06,0
I0007291,O002413,P00026,3,8069.9,50
I0007292,O002414,P00070,1,168933.22,70
I0007293,O002414,P00473,5,2821.25,20
I0007294,O002415,P00321,-1,148.61,30
I0007295,O002415,P00046,2,84697.01,70
I0007296,O002416,P00198,4,6138.13,0
I0007297,O002416,P00486,-4,12813.5,30
I0007298,O002416,P00512,1,2456.7,10
I0007299,O002416,P00512,2,9977.74,70
I0007300,O002416,P00015,2,44121.1,20
I0007301,O002417,P00474,5,1197.34,20
I0007302,O002417,P00190,4,6976.23,20
I0007303,O002417,P00388,1,7683.8,15
I0007304,O002417,P00332,3,2010.1,10
I0007305,O002417,P00224,4,5476.09,50
I0007306,O002418,P00012,4,116385.31,10
I0007307,O002418,P00148,2,237485.62,50
I0007308,O002418,P00070,4,177860.84,40
I0007309,O002418,P00444,3,1638.51,10
I0007310,O002419,P00367,5,84.47,70
I0007311,O002420,P00422,2,62559.66,0
I0007312,O002421,P00120,1,12517.18,10
I0007313,O002421,P00254,3,11270.34,5
I0007314,O002421,P00116,2,239431.07,20
I0007315,O002422,P00165,2,9494.47,5
I0007316,O002422,P00314,5,562.84,50
I0007317,O002422,P00037,1,41545.06,70
I0007318,O002422,P00112,3,221229.26,40
I0007319,O002423,P00444,5,1952.87,0
I0007320,O002423,P00381,4,24836.24,15
I0007321,O002424,P00170,3,4949.04,30
I0007322,O002424,P00018,3,49804.09,0
I0007323,O002424,P00248,2,4298.34,5
I0007324,O002424,P00415,4,19700.2,5
I0007325,O002424,P00546,4,5383.39,50
I0007326,O002425,P00343,2,401.89,50
I0007327,O002425,P00381,2,17922.88,0
I0007328,O002426,P00317,3,214.35,50
I0007329,O002427,P00202,0,1338.39,50
I0007330,O002427,P00492,2,15314.75,20
I0007331,O002427,P00470,3,2331.61,70
I0007332,O002427,P00384,4,6297.34,20
I0007333,O002427,P00200,4,7055.13,50
I0007334,O002428,P00470,1,1564.31,50
I0007335,O002428,P00012,5,126296.07,20
I0007336,O002428,P00193,2,3637.59,10
I0007337,O002428,P00018,4,47593.04,15
I0007338,O002429,P00390,2,14270.73,20
I0007339,O002430,P00522,2,36201.27,50
I0007340,O002430,P00367,4,114.17,30
I0007341,O002430,P00470,0,2412.99,30
I0007342,O002431,P00320,1,181.96,15
I0007343,O002432,P00289,1,2258.8,20
I0007344,O002433,P00512,4,4774.71,30
I0007345,O002433,P00193,5,3032.22,30
I0007346,O002433,P00047,4,80295.2,20
I0007347,O002433,P00013,2,159587.57,20
I0007348,O002433,P00193,1,4161.89,40
I0007349,O002434,P00367,2,80.58,70
I0007350,O002434,P00415,4,19805.77,50
I0007351,O002434,P00121,1,69658.48,0
I0007352,O002434,P00078,4,229345.37,30
I0007353,O002434,P00047,3,69663.51,30
I0007354,O002435,P00082,5,189226.01,70
I0007355,O002435,P00072,2,46072.14,30
I0007356,O002435,P00222,1,6782.79,70
I0007357,O002435,P00529,3,8192.64,40
I0007358,O002436,P00005,2,50286.87,15
I0007359,O002436,P00470,5,1784.77,30
I0007360,O002437,P00320,3,177.77,20
I0007361,O002437,P00412,3,11524.38,10
I0007362,O002437,P00281,5,2257.52,10
I0007363,O002437,P00486,3,13014.75,70
I0007364,O002437,P00049,2,75663.88,40
I0007365,O002438,P00466,5,2915.46,30
I0007366,O002438,P00224,3,4774.68,70
I0007367,O002439,P00486,2,14814.83,40
I0007368,O002439,P00415,0,25413.27,70
I0007369,O002439,P00190,4,8679.7,30
I0007370,O002440,P00407,1,37539.13,50
I0007371,O002441,P00202,1,1327.23,30
I0007372,O002441,P00092,4,232734.63,10
I0007373,O002441,P00036,4,112675.82,40
I0007374,O002441,P00026,2,5356.16,70
I0007375,O002442,P00529,1,6549.86,20
I0007376,O002442,P00072,4,56396.09,20
I0007377,O002443,P00338,1,935.02,0
I0007378,O002443,P00440,1,7355.32,5
I0007379,O002444,P00486,2,14022.45,10
I0007380,O002444,P00170,5,8506.06,20
I0007381,O002444,P00546,1,5955.3,20
I0007382,O002445,P00007,4,36582.99,40
I0007383,O002445,P00422,3,52343.0,30
I0007384,O002445,P00053,3,116881.15,15
I0007385,O002446,P00228,1,9064.04,20
I0007386,O002446,P00414,1,33704.4,20
I0007387,O002446,P00365,2,1502.5,70
I0007388,O002446,P00121,4,78779.26,10
I0007389,O002447,P00036,3,155632.23,15
I0007390,O002447,P00181,1,272.38,30
I0007391,O002447,P00497,5,3423.63,15
I0007392,O002447,P00393,5,51212.03,10
I0007393,O002448,P00409,1,10177.0,20
I0007394,O002448,P00016,2,203976.42,50
I0007395,O002449,P00466,3,2337.73,50
I0007396,O002449,P00422,1,42626.21,20
I0007397,O002449,P00096,4,160293.2,0
I0007398,O002449,P00033,5,90777.84,5
I0007399,O002449,P00053,1,146416.0,50
I0007400,O002450,P00026,5,5274.09,70
I0007401,O002450,P00229,5,3488.98,0
I0007402,O002450,P00016,2,232056.34,40
I0007403,O002451,P00428,3,12425.65,30
I0007404,O002452,P00212,5,3502.7,0
I0007405,O002452,P00239,4,6962.48,40
I0007406,O002452,P00426,1,19007.19,10
I0007407,O002452,P00021,4,220451.12,5
I0007408,O002452,P00546,1,5969.97,30
I0007409,O002453,P00272,1,3728.04,5
I0007410,O002453,P00297,3,73.46,15
I0007411,O002453,P00512,2,7476.19,5
I0007412,O002454,P00477,4,1672.76,40
I0007413,O002454,P00037,5,39081.68,0
I0007414,O002454,P00457,4,772.87,10
I0007415,O002454,P00037,2,44543.63,70
I0007416,O002455,P00390,4,12436.74,5
I0007417,O002455,P00188,3,722.78,70
I0007418,O002455,P00096,1,162099.78,5
I0007419,O002455,P00453,3,1850.75,0
I0007420,O002455,P00197,2,3606.48,50
I0007421,O979846,P00213,1,5291.11,15
I0007422,O002456,P00257,2,464.52,20
I0007423,O002456,P00381,3,20105.37,20
I0007424,O002456,P00422,5,36902.54,70
I0007425,O002456,P00092,4,212398.5,70
I0007426,O002457,P00407,5,27877.03,40
I0007427,O002458,P00197,3,4904.69,30
I0007428,O002458,P00012,5,100544.78,5
I0007429,O002459,P00154,1,60428.16,0
I0007430,O002459,P00203,2,5123.89,50
I0007431,O002459,P00010,5,42407.52,15
I0007432,O002460,P00164,5,9598.89,5
I0007433,O002460,P00145,4,93017.12,20
I0007434,O002460,P00212,1,3190.18,5
I0007435,O002460,P00407,3,25885.58,70
I0007436,O002460,P00349,1,1436.02,40
I0007437,O002461,P00477,4,2362.16,50
I0007438,O002461,P00467,1,1408.2,40
I0007439,O002462,P00341,1,1062.3,0
I0007440,O002462,P00470,1,1931.87,70
I0007441,O002463,P00127,3,136260.82,5
I0007442,O002463,P00534,4,5325.6,5
I0007443,O002463,P00080,1,104080.62,70
I0007444,O002463,P00131,4,68740.56,15
I0007445,O002464,P00338,1,891.28,10
I0007446,O002465,P00538,1,1001.73,50
I0007447,O002465,P00063,5,1574.67,20
I0007448,O002465,P00533,1,6642.62,5
I0007449,O002465,P00012,1,134106.43,15
I0007450,O002465,P00496,2,1744.46,40
I0007451,O002466,P00467,1,1469.16,150
I0007452,O002466,P00202,1,1543.6,10
I0007453,O002467,P00457,5,908.36,20
I0007454,O002468,P00343,5,517.63,50
I0007455,O002468,P00212,4,4380.06,0
I0007456,O002468,P00190,5,7065.76,20
I0007457,O002468,P00343,3,363.7,10
I0007458,O002468,P00333,5,2341.89,40
I0007459,O002469,P00224,2,4337.5,0
I0007460,O002469,P00325,4,1872.02,30
I0007461,O002469,P00365,4,2164.31,30
I0007462,O986318,P00133,3,154801.73,20
I0007463,O002469,P00354,2,1560.63,40
I0007464,O002470,P00415,3,27365.31,10
I0007465,O002470,P00161,5,8707.72,30
I0007466,O002470,P00131,1,99497.49,0
I0007467,O002470,P00187,5,3958.02,30
I0007468,O002470,P00332,3,2454.48,10
I0007469,O002471,P00026,4,6483.52,70
I0007470,O002471,P00284,5,3616.59,10
I0007471,O002471,P00526,5,451.02,40
I0007472,O002471,P00387,1,9185.8,50
I0007473,O002472,P00012,2,109740.04,5
I0007474,O002472,P00441,1,2642.75,0
I0007475,O002472,P00190,4,6290.76,30
I0007476,O002472,P00170,5,8966.81,15
I0007477,O002473,P00331,3,1144.85,30
I0007478,O002474,P00384,4,5887.71,15
I0007479,O002474,P00525,2,9931.63,50
I0007480,O981200,P00466,5,2959.01,10
I0007481,O002474,P00466,-4,2463.71,10
I0007482,O002474,P00474,3,1492.4,5
I0007483,O002475,P00145,3,101055.93,5
I0007484,O002475,P00474,4,1323.29,20
I0007485,O002475,P00136,3,65321.59,5
I0007486,O002475,P00016,1,158940.47,20
I0007487,O002476,P00391,4,9985.31,40
I0007488,O002477,P00012,-3,103102.02,30
I0007489,O002477,P00467,3,1473.75,40
I0007490,O002477,P00533,2,6982.88,40
I0007491,O002477,P00473,5,2506.08,70
I0007492,O002478,P00390,2,13597.17,20
I0007493,O002479,P00072,4,69324.82,10
I0007494,O002479,P00440,5,7656.47,70
I0007495,O002479,P00188,-3,726.97,30
I0007496,O002480,P00170,2,6977.06,50
I0007497,O002480,P00233,5,8110.89,40
I0007498,O002480,P00533,3,5282.92,50
I0007499,O002481,P00018,4,53927.92,70
I0007500,O002481,P00305,3,1784.31,70
I0007501,O002481,P00013,2,128460.92,40
I0007502,O002481,P00523,4,13207.45,20
I0007503,O002481,P00497,2,3722.91,50
I0007504,O002482,P00445,4,887.29,10
I0007505,O002482,P00141,3,142548.75,15
I0007506,O002482,P00025,5,105638.13,30
I0007507,O002482,P00197,1,5178.54,5
I0007508,O002483,P00365,2,1741.29,10
I0007509,O002483,P00140,1,217657.32,30
I0007510,O002484,P00001,5,16585.13,50
I0007511,O002485,P00367,2,77.85,40
I0007512,O002486,P00065,4,122123.06,20
I0007513,O002486,P00072,5,47561.91,50
I0007514,O002486,P00170,2,6870.26,5
I0007515,O002486,P00321,3,119.96,10
I0007516,O002487,P00072,1,73671.92,40
I0007517,O002488,P00035,0,149197.0,70
I0007518,O002488,P00457,5,756.47,30
I0007519,O002488,P00018,1,33983.6,40
I0007520,O002488,P00533,1,4083.58,70
I0007521,O002488,P00409,2,12181.66,10
I0007522,O002489,P00546,3,5163.37,50
I0007523,O002489,P00188,2,542.02,40
I0007524,O002489,P00273,3,9716.4,10
I0007525,O002489,P00467,4,1842.01,10
I0007526,O002489,P00457,3,951.59,70
I0007527,O002490,P00467,5,2075.04,70
I0007528,O002490,P00127,1,160899.49,50
I0007529,O002490,P00474,5,1081.03,0
I0007530,O002491,P00141,3,117819.33,20
I0007531,O002491,P00409,4,11237.63,50
I0007532,O002492,P00512,3,2214.48,5
I0007533,O002492,P00082,1,186532.99,20
I0007534,O002492,P00195,1,4396.49,40
I0007535,O002492,P00337,4,565.84,40
I0007536,O002493,P00073,0,16169.35,70
I0007537,O002493,P00343,1,392.86,5
I0007538,O002493,P00289,2,2289.95,15
I0007539,O002493,P00523,2,10738.7,10
I0007540,O002494,P00515,0,17729.07,20
I0007541,O002494,P00070,5,166568.94,70
I0007542,O002494,P00080,2,139013.8,40
I0007543,O002494,P00344,5,1552.01,15
I0007544,O002495,P00524,1,24037.47,20
I0007545,O002495,P00344,3,1447.09,40
I0007546,O002495,P00026,5,5269.44,40
I0007547,O002496,P00430,1,45321.44,50
I0007548,O002496,P00437,1,13704.93,5
I0007549,O002496,P00410,2,57176.22,20
I0007550,O002497,P00413,1,19308.96,0
I0007551,O002497,P00033,1,84851.96,5
I0007552,O002498,P00013,4,165431.55,150
I0007553,O002498,P00145,2,116525.44,70
I0007554,O002499,P00477,1,2216.68,70
I0007555,O002499,P00133,3,180810.21,40
I0007556,O002499,P00457,3,1228.27,30
I0007557,O002499,P00203,2,5692.11,0
I0007558,O002500,P00289,2,2311.3,40
I0007559,O002500,P00341,1,683.49,40
I0007560,O002501,P00171,5,9033.15,30
I0007561,O002501,P00384,4,6368.54,0
I0007562,O002502,P00412,2,9854.07,0
I0007563,O002502,P00415,5,36598.03,20
I0007564,O002502,P00445,3,1486.33,30
I0007565,O002502,P00046,5,57046.94,50
I0007566,O002502,P00111,2,28164.75,50
I0007567,O002503,P00343,2,415.81,15
I0007568,O002503,P00508,5,7639.8,30
I0007569,O002503,P00170,5,8572.25,50
I0007570,O002504,P00417,3,20043.16,0
I0007571,O002504,P00149,2,95102.46,10
I0007572,O002504,P00194,2,1986.1,0
I0007573,O002504,P00012,2,144542.92,15
I0007574,O002504,P00406,4,42708.24,30
I0007575,O002505,P00534,5,3620.54,50
I0007576,O002505,P00470,2,2098.7,70
I0007577,O002505,P00281,3,2274.05,0
I0007578,O002506,P00121,2,46589.04,30
I0007579,O002506,P00188,5,642.82,10
I0007580,O002506,P00467,4,1662.31,0
I0007581,O002506,P00393,5,37840.34,70
I0007582,O002507,P00069,5,84783.84,70
I0007583,O002507,P00388,4,7030.86,10
I0007584,O002507,P00359,1,817.07,50
I0007585,O002507,P00289,4,1480.9,40
I0007586,O002508,P00254,1,10055.09,10
I0007587,O002508,P00466,3,2592.39,20
I0007588,O002508,P00354,5,1944.57,15
I0007589,O002509,P00057,3,102385.23,50
I0007590,O002509,P00105,1,80350.93,40
I0007591,O002509,P00474,5,1736.43,5
I0007592,O002510,P00544,5,4270.55,5
I0007593,O002510,P00390,5,15669.96,40
I0007594,O002510,P00202,1,1374.23,10
I0007595,O002511,P00404,1,613.08,50
I0007596,O002511,P00410,1,58397.36,30
I0007597,O002511,P00229,5,2643.98,5
I0007598,O002511,P00437,4,19903.07,30
I0007599,O002511,P00473,1,2256.49,5
I0007600,O002512,P00224,5,3427.91,15
I0007601,O002513,P00145,4,81314.49,70
I0007602,O002514,P00414,1,32573.08,5
I0007603,O002515,P00102,4,132029.97,20
I0007604,O002515,P00538,3,905.92,0
I0007605,O002515,P00224,2,4490.53,50
I0007606,O002515,P00388,0,6601.04,0
I0007607,O002515,P00031,5,4390.94,15
I0007608,O002516,P00005,3,68701.27,5
I0007609,O002517,P00338,2,1131.16,5
I0007610,O002517,P00225,1,5276.35,10
I0007611,O002517,P00131,3,72342.45,15
I0007612,O002517,P00417,4,17829.55,70
I0007613,O002517,P00109,2,116591.86,40
I0007614,O002518,P00407,3,23148.35,20
I0007615,O002518,P00386,1,20705.63,40
I0007616,O002518,P00065,2,124424.22,50
I0007617,O002518,P00171,1,9381.19,30
I0007618,O002519,P00225,3,4947.46,0
I0007619,O002520,P00474,5,1696.84,40
I0007620,O002520,P00111,2,27042.78,5
I0007621,O002520,P00229,2,3684.0,50
I0007622,O002521,P00070,2,204073.05,20
I0007623,O002522,P00193,1,3710.94,20
I0007624,O002522,P00486,3,15250.86,5
I0007625,O002522,P00467,4,1868.88,30
I0007626,O002522,P00163,1,4917.29,70
I0007627,O002522,P00385,2,23256.52,30
I0007628,O002523,P00434,4,14551.43,0
I0007629,O002523,P00393,5,58235.96,70
I0007630,O002523,P00538,5,1394.67,5
I0007631,O002523,P00437,2,12934.81,0
I0007632,O002523,P00457,5,1263.81,0
I0007633,O002524,P00470,2,1429.85,50
I0007634,O002524,P00070,4,189026.63,20
I0007635,O002524,P00240,1,7226.92,70
I0007636,O002525,P00025,1,119346.37,20
I0007637,O002525,P00407,4,38550.48,50
I0007638,O002526,P00437,2,10423.98,5
I0007639,O002526,P00148,2,220659.04,10
I0007640,O002526,P00481,4,635.36,30
I0007641,O002526,P00477,4,2197.67,10
I0007642,O002527,P00171,2,6962.17,15
I0007643,O002527,P00407,3,33082.48,70
I0007644,O002527,P00197,4,3035.82,5
I0007645,O002527,P00400,2,22409.36,70
I0007646,O002528,P00473,5,2650.9,70
I0007647,O002528,P00497,4,3506.05,10
I0007648,O002528,P00121,1,69125.63,15
I0007649,O002529,P00281,3,2297.87,30
I0007650,O002529,P00473,3,2504.16,40
I0007651,O002530,P00473,3,2058.19,0
I0007652,O002530,P00320,0,138.69,20
I0007653,O002530,P00393,3,46374.3,40
I0007654,O002531,P00381,5,16338.77,40
I0007655,O002531,P00178,1,7160.44,15
I0007656,O002531,P00218,3,2187.82,10
I0007657,O002532,P00304,4,373.42,0
I0007658,O002532,P00546,3,7931.67,50
I0007659,O002532,P00046,3,50589.43,70
I0007660,O002533,P00129,5,126629.65,15
I0007661,O002533,P00120,1,10589.77,0
I0007662,O002534,P00426,5,19177.74,10
I0007663,O002534,P00016,1,253155.28,0
I0007664,O002534,P00118,2,110000.6,0
I0007665,O002535,P00237,1,3814.71,50
I0007666,O002535,P00145,1,104837.4,40
I0007667,O002535,P00440,4,6512.28,70
I0007668,O002536,P00332,5,2229.35,20
I0007669,O002536,P00202,1,2093.3,10
I0007670,O002537,P00422,1,64062.53,10
I0007671,O002537,P00538,5,1362.95,15
I0007672,O002537,P00530,3,1539.75,5
I0007673,O002538,P00538,5,1507.39,0
I0007674,O002538,P00474,4,996.1,0
I0007675,O002538,P00281,5,2016.29,0
I0007676,O002538,P00304,5,360.44,138
I0007677,O002539,P00224,2,3197.5,50
I0007678,O002539,P00338,-5,1050.31,30
I0007679,O002539,P00530,1,1276.71,40
I0007680,O002540,P00541,4,5416.73,10
I0007681,O002540,P00398,1,1010.51,20
I0007682,O002540,P00178,1,7483.82,0
I0007683,O002541,P00145,2,128143.9,0
I0007684,O002542,P00209,1,7289.53,20
I0007685,O002543,P00314,1,609.81,40
I0007686,O002543,P00437,3,14281.17,0
I0007687,O002544,P00118,2,75343.45,70
I0007688,O002544,P00043,5,160476.8,40
I0007689,O002544,P00512,2,2258.61,50
I0007690,O002544,P00213,5,7613.14,40
I0007691,O002545,P00550,5,5503.78,40
I0007692,O002545,P00145,2,114421.34,0
I0007693,O002545,P00338,2,930.79,50
I0007694,O002545,P00197,4,5328.07,50
I0007695,O002545,P00209,1,8456.91,50
I0007696,O002546,P00426,2,22159.47,20
I0007697,O002547,P00035,2,152853.61,5
I0007698,O002547,P00018,2,55869.14,0
I0007699,O002547,P00076,5,129274.28,0
I0007700,O002547,P00197,1,4411.11,30
I0007701,O002547,P00486,2,11047.75,10
I0007702,O002548,P00117,2,105281.99,40
I0007703,O002548,P00313,3,923.1,40
I0007704,O002549,P00311,2,1923.92,0
I0007705,O002549,P00031,3,3361.04,50
I0007706,O002550,P00338,3,1092.96,30
I0007707,O002550,P00079,2,6256.56,30
I0007708,O002551,P00224,4,4621.97,50
I0007709,O002551,P00473,1,1837.3,10
I0007710,O002551,P00198,2,7342.08,50
I0007711,O002551,P00281,2,1586.38,70
I0007712,O002551,P00171,-2,9051.59,5
I0007713,O002552,P00224,5,5467.85,10
I0007714,O002552,P00189,2,9532.38,15
I0007715,O002552,P00102,5,205954.47,5
I0007716,O002552,P00388,3,6985.76,10
I0007717,O002552,P00025,5,160460.58,70
I0007718,O002553,P00486,3,13787.14,5
I0007719,O002553,P00188,2,572.84,10
I0007720,O002553,P00281,3,2707.59,50
I0007721,O002553,P00142,5,54872.54,15
I0007722,O002554,P00145,3,124549.56,30
I0007723,O002554,P00317,1,146.94,40
I0007724,O002554,P00012,4,167296.9,20
I0007725,O002555,P00422,4,48833.26,5
I0007726,O956813,P00120,-2,9646.24,15
I0007727,O002556,P00250,5,1665.07,40
I0007728,O002556,P00457,1,1115.46,40
I0007729,O002557,P00096,2,119703.52,10
I0007730,O002558,P00473,4,3058.14,30
I0007731,O002558,P00116,5,221608.48,10
I0007732,O002558,P00381,1,18468.36,15
I0007733,O002559,P00224,2,3208.36,0
I0007734,O002559,P00545,1,1969.51,5
I0007735,O002559,P00305,1,1898.77,30
I0007736,O002559,P00155,1,98643.31,70
I0007737,O002559,P00018,4,51440.21,15
I0007738,O002560,P00068,1,10648.53,10
I0007739,O992037,P00063,1,1233.0,20
I0007740,O002560,P00009,1,158482.21,0
I0007741,O002561,P00316,1,2142.24,10
I0007742,O002561,P00141,1,184628.54,30
I0007743,O002561,P00273,4,7725.32,50
I0007744,O002562,P00343,5,467.99,20
I0007745,O002562,P00410,-3,64312.91,5
I0007746,O002562,P00541,2,5096.26,40
I0007747,O002562,P00384,4,6413.38,40
I0007748,O002563,P00080,4,177279.66,0
I0007749,O002563,P00171,1,6793.31,0
I0007750,O906148,P00257,2,455.12,0
I0007751,O002564,P00475,4,1571.07,15
I0007752,O002565,P00465,2,1251.54,40
I0007753,O002565,P00197,3,4446.72,10
I0007754,O002565,P00194,2,2092.91,30
I0007755,O002565,P00141,5,195405.76,15
I0007756,O002566,P00429,4,20369.63,30
I0007757,O002566,P00129,5,125083.15,30
I0007758,O002566,P00170,3,5529.16,70
I0007759,O002566,P00332,5,1878.59,5
I0007760,O002566,P00065,4,119627.3,0
I0007761,O002567,P00380,1,33925.47,50
I0007762,O002567,P00391,1,14980.09,30
I0007763,O002568,P00212,5,4778.29,10
I0007764,O002568,P00072,3,59389.03,20
I0007765,O002568,P00145,4,98319.1,30
I0007766,O002568,P00005,5,41275.45,5
I0007767,O002569,P00063,3,1621.18,15
I0007768,O002569,P00188,-4,513.81,50
I0007769,O002569,P00467,4,1235.21,40
I0007770,O002569,P00131,4,74152.26,10
I0007771,O002569,P00467,3,1391.68,15
I0007772,O002570,P00415,5,29394.96,30
I0007773,O002570,P00116,5,224815.96,40
I0007774,O002570,P00381,1,25773.21,50
I0007775,O002570,P00170,3,7511.52,30
I0007776,O002571,P00417,4,21897.15,0
I0007777,O954810,P00497,2,2529.78,0
I0007778,O002572,P00190,5,5733.54,5
I0007779,O002573,P00257,4,641.98,40
I0007780,O002573,P00020,2,134539.95,0
I0007781,O002574,P00546,4,6439.03,10
I0007782,O002574,P00407,4,33208.89,70
I0007783,O002574,P00467,3,1540.85,0
I0007784,O002574,P00473,5,2656.84,10
I0007785,O002575,P00170,5,6004.27,20
I0007786,O002576,P00384,2,8306.83,70
I0007787,O002576,P00080,2,149461.78,0
I0007788,O002576,P00325,2,2058.17,15
I0007789,O002577,P00393,2,61270.77,30
I0007790,O002577,P00332,2,1830.06,15
I0007791,O002577,P00178,2,12463.45,10
I0007792,O002578,P00108,3,111174.06,30
I0007793,O002578,P00332,-3,2350.8,20
I0007794,O002578,P00026,2,5937.56,50
I0007795,O002578,P00320,4,165.36,0
I0007796,O002578,P00188,3,821.14,10
I0007797,O002579,P00320,4,175.61,20
I0007798,O002579,P00145,2,79454.37,5
I0007799,O002579,P00254,5,11214.89,30
I0007800,O002580,P00257,3,452.05,10
I0007801,O002580,P00091,2,130548.63,30
I0007802,O002580,P00354,4,1767.36,70
I0007803,O002581,P00118,4,126187.63,40
I0007804,O002581,P00474,5,946.24,50
I0007805,O002581,P00298,1,851.93,30
I0007806,O002581,P00065,5,114396.09,20
I0007807,O002582,P00145,3,85849.8,30
I0007808,O002582,P00358,1,3265.05,10
I0007809,O002582,P00194,4,2271.83,40
I0007810,O002583,P00457,5,974.35,10
I0007811,O002584,P00467,1,1997.82,15
I0007812,O002584,P00201,4,2651.87,50
I0007813,O002584,P00229,5,2005.86,30
I0007814,O002585,P00225,2,3901.97,15
I0007815,O002585,P00190,4,7495.29,5
I0007816,O002586,P00016,2,174746.94,0
I0007817,O002586,P00019,3,205950.84,10
I0007818,O002587,P00466,5,2377.61,50
I0007819,O002587,P00165,3,5832.52,70
I0007820,O002587,P00484,5,831.9,30
I0007821,O002587,P00171,4,8439.13,5
I0007822,O002588,P00171,2,10112.43,50
I0007823,O002588,P00533,4,5574.4,50
I0007824,O002589,P00128,5,31424.81,40
I0007825,O002589,P00514,5,11031.02,20
I0007826,O002589,P00477,1,2153.62,30
I0007827,O002590,P00177,5,8820.2,0
I0007828,O002590,P00367,5,78.76,40
I0007829,O002591,P00228,1,10236.58,70
I0007830,O002591,P00422,3,64285.21,50
I0007831,O002591,P00254,1,11904.14,50
I0007832,O002592,P00519,2,21314.21,15
I0007833,O002592,P00409,3,10283.25,15
I0007834,O002592,P00171,2,6935.82,40
I0007835,O002592,P00016,2,226532.03,10
I0007836,O002593,P00018,5,42473.5,30
I0007837,O002593,P00065,3,106844.61,10
I0007838,O002593,P00390,2,9574.57,30
I0007839,O002593,P00196,2,6674.02,30
I0007840,O002594,P00212,2,4217.07,5
I0007841,O002594,P00202,1,2037.55,5
I0007842,O002594,P00511,5,3891.19,70
I0007843,O002594,P00082,4,185279.89,40
I0007844,O002594,P00497,5,3024.47,10
I0007845,O002595,P00018,4,57989.68,15
I0007846,O002595,P00233,1,7974.59,70
I0007847,O002596,P00546,1,6757.49,30
I0007848,O002597,P00457,4,777.77,70
I0007849,O002598,P00387,5,6711.71,50
I0007850,O002598,P00082,1,170781.66,10
I0007851,O002598,P00188,3,510.49,40
I0007852,O002599,P00343,2,458.87,50
I0007853,O002599,P00409,1,17497.78,50
I0007854,O002599,P00189,4,11043.17,40
I0007855,O002599,P00470,4,1512.09,10
I0007856,O002599,P00437,2,13797.17,0
I0007857,O002600,P00538,5,1212.16,50
I0007858,O002600,P00012,2,158598.02,10
I0007859,O002600,P00202,2,1621.71,5
I0007860,O002601,P00470,4,1843.46,70
I0007861,O002601,P00197,4,5169.72,40
I0007862,O002601,P00515,3,23830.22,50
I0007863,O002601,P00419,4,5130.78,15
I0007864,O002602,P00015,4,43907.82,15
I0007865,O002602,P00161,3,8236.98,50
I0007866,O002602,P00023,2,72316.33,50
I0007867,O002602,P00473,5,1911.81,40
I0007868,O002603,P00384,5,8098.1,40
I0007869,O002604,P00149,2,95453.05,5
I0007870,O002604,P00354,5,1448.41,20
I0007871,O002604,P00080,1,191562.28,5
I0007872,O002604,P00079,2,5997.8,5
I0007873,O002605,P00203,3,5582.36,15
I0007874,O002605,P00318,2,1125.09,40
I0007875,O002605,P00141,2,162343.4,20
I0007876,O002606,P00457,2,1189.93,50
I0007877,O002606,P00047,2,52022.87,20
I0007878,O002606,P00384,5,7259.23,70
I0007879,O002606,P00444,5,1850.11,20
I0007880,O002606,P00203,5,5485.31,10
I0007881,O002607,P00096,1,163946.64,50
I0007882,O002607,P00026,4,7423.0,0
I0007883,O002607,P00497,1,3252.1,0
I0007884,O002608,P00019,3,131897.25,15
I0007885,O002608,P00080,4,120716.31,15
I0007886,O002608,P00176,2,7854.96,5
I0007887,O002608,P00252,2,3713.3,0
I0007888,O002609,P00170,1,8538.72,70
I0007889,O002609,P00141,5,150081.67,70
I0007890,O002609,P00079,3,7334.45,0
I0007891,O002609,P00474,1,1363.53,40
I0007892,O002609,P00322,3,852.25,70
I0007893,O981483,P00415,-3,27855.08,50
I0007894,O002610,P00513,3,19103.62,30
I0007895,O002610,P00398,2,1170.92,40
I0007896,O002610,P00233,5,9207.3,20
I0007897,O002610,P00533,3,6007.95,0
I0007898,O002611,P00206,2,742.78,50
I0007899,O002611,P00133,3,145366.54,30
I0007900,O002611,P00415,2,28896.81,0
I0007901,O002611,P00473,1,2172.32,15
I0007902,O002611,P00331,1,1160.77,5
I0007903,O002612,P00080,5,130168.77,5
I0007904,O002613,P00252,4,2735.91,15
I0007905,O002613,P00145,0,116024.02,5
I0007906,O002613,P00202,4,1506.7,5
I0007907,O002614,P00409,2,16320.5,0
I0007908,O002614,P00470,4,1990.68,70
I0007909,O002614,P00012,4,151275.64,15
I0007910,O002614,P00141,4,156715.64,5
I0007911,O002614,P00338,1,1091.21,30
I0007912,O002615,P00108,5,108305.18,70
I0007913,O002615,P00415,5,34462.75,70
I0007914,O002616,P00129,2,133981.3,5
I0007915,O002617,P00047,1,62612.81,70
I0007916,O002618,P00440,3,5020.79,15
I0007917,O002618,P00268,5,3132.7,70
I0007918,O002619,P00141,1,134838.8,20
I0007919,O002619,P00409,2,16744.44,20
I0007920,O002619,P00337,4,783.49,5
I0007921,O002619,P00474,5,1271.42,70
I0007922,O002619,P00096,4,169993.22,30
I0007923,O002620,P00422,4,46304.69,40
I0007924,O002620,P00337,5,627.9,0
I0007925,O002620,P00229,4,3120.9,20
I0007926,O002620,P00080,2,170801.82,5
I0007927,O002621,P00415,3,33831.8,20
I0007928,O002622,P00513,2,18354.27,10
I0007929,O002622,P00281,5,2340.66,5
I0007930,O002623,P00486,5,15319.5,15
I0007931,O002623,P00466,3,2470.33,15
I0007932,O002623,P00197,1,3948.08,30
I0007933,O002623,P00229,2,2215.96,50
I0007934,O002623,P00224,-3,4205.74,30
I0007935,O002624,P00190,4,5033.34,30
I0007936,O002625,P00427,1,2229.61,15
I0007937,O002625,P00237,3,5116.95,30
I0007938,O002625,P00380,2,49545.05,20
I0007939,O002626,P00391,0,11464.11,5
I0007940,O002626,P00430,4,30486.76,50
I0007941,O002626,P00457,4,1343.39,30
I0007942,O002626,P00063,3,1395.51,70
I0007943,O002626,P00387,5,7461.59,5
I0007944,O002627,P00467,3,1769.08,50
I0007945,O002627,P00224,3,5578.73,70
I0007946,O002628,P00347,4,647.72,50
I0007947,O002629,P00512,5,7897.58,0
I0007948,O002630,P00365,1,2269.84,20
I0007949,O002631,P00407,3,28742.49,50
I0007950,O002632,P00533,4,7159.69,20
I0007951,O002632,P00063,1,1082.09,20
I0007952,O002632,P00486,4,12417.84,15
I0007953,O002633,P00377,2,10980.84,70
I0007954,O002633,P00172,4,9694.79,30
I0007955,O002633,P00102,-1,131164.91,5
I0007956,O002634,P00428,2,11974.1,5
I0007957,O002634,P00229,4,2033.07,70
I0007958,O002634,P00467,-4,1754.23,5
I0007959,O002635,P00415,-1,21664.13,15
I0007960,O002635,P00188,5,551.71,40
I0007961,O002635,P00065,4,127099.43,30
I0007962,O002635,P00047,0,88724.7,40
I0007963,O002636,P00080,4,168946.53,20
I0007964,O002636,P00198,2,4716.9,20
I0007965,O002637,P00338,5,836.95,10
I0007966,O002638,P00190,2,8048.9,0
I0007967,O002638,P00097,2,92745.96,10
I0007968,O002638,P00140,1,245246.67,50
I0007969,O002638,P00415,4,23098.51,40
I0007970,O002639,P00224,5,4315.51,5
I0007971,O002639,P00082,2,136641.23,0
I0007972,O002639,P00080,1,142373.07,20
I0007973,O002639,P00470,5,1980.14,15
I0007974,O002639,P00352,2,340.42,40
I0007975,O002640,P00078,2,214796.45,50
I0007976,O002640,P00473,4,2814.01,40
I0007977,O002640,P00398,4,1185.12,30
I0007978,O002640,P00127,5,213609.81,70
I0007979,O002640,P00281,-5,2448.29,5
I0007980,O002641,P00388,2,12318.84,5
I0007981,O002641,P00086,1,127893.36,0
I0007982,O002641,P00111,1,30738.06,15
I0007983,O952507,P00164,5,11213.56,15
I0007984,O002642,P00203,3,3434.8,20
I0007985,O002642,P00032,-3,232225.33,0
I0007986,O002642,P00080,1,177293.49,15
I0007987,O002643,P00530,5,1485.83,40
I0007988,O002644,P00467,4,1907.11,10
I0007989,O002644,P00466,5,2625.88,70
I0007990,O002645,P00206,2,791.29,20
I0007991,O002645,P00546,2,7695.23,20
I0007992,O002645,P00414,2,38968.5,50
I0007993,O002645,P00229,4,3381.79,50
I0007994,O002646,P00343,2,525.45,20
I0007995,O002646,P00505,1,23745.06,50
I0007996,O002646,P00407,3,37261.07,15
I0007997,O002647,P00457,4,1090.79,70
I0007998,O002648,P00078,3,219208.17,30
I0007999,O002648,P00464,2,657.09,5
I0008000,O002648,P00012,5,114045.38,15
I0008001,O002648,P00031,1,2419.01,15
I0008002,O002649,P00224,3,3334.22,50
I0008003,O002649,P00111,1,47386.78,10
I0008004,O002649,P00430,2,43707.5,10
I0008005,O002649,P00190,4,6772.59,40
I0008006,O002649,P00474,1,1505.67,20
I0008007,O002650,P00248,3,5240.9,30
I0008008,O002650,P00404,4,1001.44,20
I0008009,O002650,P00046,4,62321.99,15
I0008010,O002650,P00386,3,24447.92,40
I0008011,O002651,P00141,3,156921.26,30
I0008012,O002651,P00145,3,96355.91,0
I0008013,O002651,P00063,4,1075.81,70
I0008014,O002652,P00332,2,1370.38,10
I0008015,O002652,P00054,4,130302.03,30
I0008016,O002653,P00224,3,4128.7,40
I0008017,O002653,P00398,4,1081.64,15
I0008018,O002653,P00228,3,8022.46,30
I0008019,O002653,P00190,5,6914.42,20
I0008020,O002653,P00033,5,95080.12,30
I0008021,O002654,P00145,5,85252.0,5
I0008022,O002654,P00209,3,5971.4,40
I0008023,O002655,P00096,4,128185.66,40
I0008024,O002655,P00320,3,119.54,70
I0008025,O002655,P00080,2,160464.14,5
I0008026,O002655,P00496,3,1977.48,50
I0008027,O002656,P00371,2,4697.16,20
I0008028,O002656,P00203,4,3605.3,5
I0008029,O002656,P00039,5,14341.0,20
I0008030,O002656,P00169,-4,3212.63,50
I0008031,O002657,P00293,3,889.12,30
I0008032,O002657,P00213,1,5336.84,0
I0008033,O002657,P00082,4,157349.32,10
I0008034,O002657,P00331,3,1247.85,0
I0008035,O002658,P00012,4,178374.96,40
I0008036,O002659,P00249,5,7098.74,10
I0008037,O002659,P00165,-1,7171.95,70
I0008038,O002659,P00404,5,862.84,0
I0008039,O002659,P00444,3,2174.88,0
I0008040,O002660,P00522,3,30627.92,10
I0008041,O002660,P00550,3,6984.05,20
I0008042,O002660,P00398,2,1000.87,20
I0008043,O935307,P00025,2,105419.02,15
I0008044,O002662,P00229,1,3594.59,15
I0008045,O002662,P00337,4,837.95,0
I0008046,O002662,P00409,4,13817.64,0
I0008047,O002663,P00457,4,1314.44,20
I0008048,O002663,P00188,2,700.39,50
I0008049,O002663,P00480,2,813.85,30
I0008050,O002663,P00018,2,39591.29,40
I0008051,O002663,P00186,1,9115.73,20
I0008052,O002664,P00473,5,2214.65,70
I0008053,O002664,P00448,0,1911.46,40
I0008054,O002664,P00222,3,6699.0,5
I0008055,O002664,P00145,5,112052.45,15
I0008056,O002665,P00190,4,8493.38,40
I0008057,O002666,P00428,2,14239.97,30
I0008058,O002666,P00453,5,1331.2,0
I0008059,O002667,P00331,4,1295.17,70
I0008060,O002667,P00188,3,771.28,50
I0008061,O002667,P00304,3,373.92,70
I0008062,O002668,P00440,3,4702.46,15
I0008063,O002668,P00197,3,4011.53,40
I0008064,O002668,P00384,-5,6700.41,70
I0008065,O002668,P00388,5,6859.42,15
I0008066,O002668,P00171,5,9143.78,15
I0008067,O002669,P00185,4,5511.0,40
I0008068,O002669,P00281,3,2403.66,10
I0008069,O002669,P00368,3,1049.97,50
I0008070,O002669,P00131,4,65583.08,5
I0008071,O002669,P00453,2,1558.32,50
I0008072,O002670,P00212,3,4935.34,15
I0008073,O002671,P00546,4,7518.76,139
I0008074,O002671,P00514,2,14248.38,70
I0008075,O002672,P00404,2,729.87,40
I0008076,O002672,P00486,1,14787.84,30
I0008077,O002672,P00078,2,169136.22,0
I0008078,O002672,P00070,-3,202454.44,20
I0008079,O002672,P00281,1,2107.17,15
I0008080,O002673,P00354,5,1646.35,40
I0008081,O002673,P00421,5,38459.88,40
I0008082,O002674,P00473,2,1933.76,20
I0008083,O002675,P00409,5,15036.99,15
I0008084,O002675,P00367,2,92.28,20
I0008085,O002675,P00524,0,29948.0,0
I0008086,O933376,P00226,3,3666.89,40
I0008087,O002675,P00172,2,9068.17,40
I0008088,O002676,P00043,5,231956.79,20
I0008089,O002677,P00497,2,3692.42,20
I0008090,O002677,P00343,3,506.45,50
I0008091,O002677,P00546,5,4328.41,15
I0008092,O002677,P00080,2,184421.1,70
I0008093,O002678,P00527,2,9391.38,15
I0008094,O002678,P00457,-2,1336.03,30
I0008095,O002679,P00102,2,182978.15,20
I0008096,O002679,P00467,4,1755.0,70
I0008097,O002680,P00473,4,2388.0,40
I0008098,O002680,P00316,3,1722.32,0
I0008099,O002680,P00200,4,6264.15,50
I0008100,O002680,P00428,2,12303.3,5
I0008101,O002681,P00018,1,31635.13,30
I0008102,O002681,P00108,3,144698.31,50
I0008103,O002681,P00063,3,1741.7,5
I0008104,O002682,P00320,5,101.46,0
I0008105,O002682,P00321,4,79.15,70
I0008106,O002682,P00486,2,13975.72,10
I0008107,O002682,P00097,4,78419.35,30
I0008108,O002683,P00536,3,578.61,0
I0008109,O002683,P00224,2,4578.43,10
I0008110,O002683,P00457,3,1093.28,0
I0008111,O002683,P00224,3,3796.5,5
I0008112,O002684,P00018,5,43405.07,0
I0008113,O002684,P00457,3,1335.55,20
I0008114,O002684,P00108,3,105600.33,0
I0008115,O002684,P00387,2,10071.17,50
I0008116,O002684,P00198,1,6522.96,10
I0008117,O002685,P00529,2,5158.77,30
I0008118,O002685,P00145,2,83700.33,70
I0008119,O991715,P00497,1,2508.3,5
I0008120,O002685,P00012,1,157652.77,70
I0008121,O002685,P00343,3,300.67,0
I0008122,O002686,P00091,5,199866.47,15
I0008123,O002686,P00317,2,199.49,15
I0008124,O002686,P00320,2,155.96,70
I0008125,O002687,P00202,3,2333.12,15
I0008126,O002687,P00225,5,4890.65,15
I0008127,O002687,P00131,5,101513.69,70
I0008128,O002687,P00470,4,2323.68,70
I0008129,O002687,P00415,1,31099.39,10
I0008130,O002688,P00091,1,148330.13,20
I0008131,O002689,P00397,1,27616.01,40
I0008132,O002690,P00193,1,4356.09,5
I0008133,O002691,P00533,1,7219.23,5
I0008134,O002691,P00473,4,2035.33,40
I0008135,O002691,P00078,5,227272.32,0
I0008136,O002691,P00494,4,4488.67,10
I0008137,O002692,P00406,1,32507.86,15
I0008138,O002692,P00338,1,879.45,50
I0008139,O002693,P00092,1,155351.64,10
I0008140,O002694,P00070,1,162297.47,0
I0008141,O002695,P00458,3,1239.82,40
I0008142,O002696,P00457,3,1028.27,10
I0008143,O002696,P00266,1,9412.66,15
I0008144,O002697,P00024,1,92987.82,50
I0008145,O002697,P00337,3,547.74,20
I0008146,O002698,P00221,1,6049.52,10
I0008147,O002699,P00437,5,11365.93,0
I0008148,O002699,P00020,-1,133897.35,20
I0008149,O002699,P00078,1,142768.95,50
I0008150,O002699,P00233,-2,9217.16,70
I0008151,O002700,P00473,5,2797.19,30
I0008152,O002700,P00121,2,55017.66,20
I0008153,O002700,P00496,3,2356.29,40
I0008154,O002700,P00238,4,9377.38,50
I0008155,O002700,P00486,1,13542.68,0
I0008156,O002701,P00005,2,43622.18,15
I0008157,O002701,P00467,1,1758.85,50
I0008158,O002701,P00222,2,9914.92,15
I0008159,O002701,P00069,5,68090.45,70
I0008160,O002701,P00320,-4,110.45,50
I0008161,O002702,P00242,5,602.7,30
I0008162,O002702,P00407,2,29474.05,10
I0008163,O002703,P00295,0,271.75,40
I0008164,O002703,P00248,1,4791.52,20
I0008165,O002703,P00427,3,2333.0,70
I0008166,O002703,P00072,1,71064.18,0
I0008167,O002704,P00407,4,36307.9,70
I0008168,O002705,P00343,3,459.9,15
I0008169,O002705,P00381,2,24667.59,0
I0008170,O002706,P00331,5,1248.69,20
I0008171,O002706,P00541,2,5516.46,30
I0008172,O002706,P00407,5,32491.02,30
I0008173,O002707,P00422,1,38456.17,20
I0008174,O002707,P00026,3,7892.59,40
I0008175,O002708,P00209,5,9295.48,10
I0008176,O935439,P00065,4,123528.81,70
I0008177,O002708,P00473,5,2777.94,70
I0008178,O002708,P00497,3,3466.72,70
I0008179,O002709,P00497,3,3775.0,5
I0008180,O002709,P00343,1,538.12,20
I0008181,O002710,P00073,2,14631.34,5
I0008182,O002711,P00384,3,4772.21,30
I0008183,O002711,P00207,1,10259.11,15
I0008184,O002712,P00413,3,20934.65,30
I0008185,O002713,P00188,4,855.88,5
I0008186,O002714,P00096,5,169367.39,20
I0008187,O002714,P00156,1,156784.92,5
I0008188,O002714,P00170,3,9019.76,50
I0008189,O002714,P00538,2,1321.95,0
I0008190,O002715,P00134,1,38108.44,10
I0008191,O002715,P00486,5,11364.57,15
I0008192,O002715,P00247,4,5222.14,5
I0008193,O002716,P00224,2,5822.58,10
I0008194,O002716,P00047,5,85371.44,30
I0008195,O002716,P00253,3,772.15,15
I0008196,O002716,P00467,4,2214.83,10
I0008197,O002717,P00486,-1,15046.76,5
I0008198,O002717,P00404,3,1093.52,40
I0008199,O002718,P00257,1,431.11,15
I0008200,O002719,P00120,5,9780.97,30
I0008201,O002719,P00436,5,17612.06,50
I0008202,O002719,P00486,4,15741.33,15
I0008203,O002719,P00386,1,21856.82,70
I0008204,O002720,P00247,1,6589.67,70
I0008205,O002720,P00127,5,184233.61,10
I0008206,O002720,P00043,5,174046.3,15
I0008207,O002720,P00140,3,193406.82,30
I0008208,O002720,P00224,3,5251.69,10
I0008209,O002721,P00475,2,1943.27,70
I0008210,O002721,P00108,3,108736.88,50
I0008211,O002721,P00229,1,2101.87,20
I0008212,O002721,P00065,4,119627.71,0
I0008213,O002721,P00169,4,1892.39,70
I0008214,O002722,P00141,5,133253.27,15
I0008215,O002722,P00190,2,5288.34,10
I0008216,O002723,P00413,5,21081.95,40
I0008217,O002723,P00183,2,7664.67,10
I0008218,O002723,P00070,5,112782.23,50
I0008219,O002723,P00154,4,86767.4,70
I0008220,O002723,P00250,2,1066.82,0
I0008221,O002724,P00329,3,690.3,40
I0008222,O002724,P00343,1,503.62,10
I0008223,O002724,P00226,5,5996.76,10
I0008224,O002725,P00154,3,98044.8,70
I0008225,O002725,P00212,2,3041.78,40
I0008226,O002725,P00171,1,7481.86,0
I0008227,O002726,P00046,2,86636.7,50
I0008228,O002726,P00338,2,909.6,50
I0008229,O002727,P00437,5,13595.9,10
I0008230,O002727,P00466,2,2228.09,20
I0008231,O002728,P00407,5,28953.28,0
I0008232,O002728,P00193,5,3553.29,40
I0008233,O002729,P00035,3,154143.17,70
I0008234,O002729,P00387,2,6038.19,137
I0008235,O002729,P00190,4,5322.8,0
I0008236,O002729,P00414,4,49332.5,20
I0008237,O002729,P00198,5,7901.25,40
I0008238,O002730,P00441,3,2784.36,70
I0008239,O002731,P00512,1,1375.69,30
I0008240,O002731,P00026,5,6538.48,0
I0008241,O002732,P00388,2,7192.29,70
I0008242,O002732,P00063,1,1265.61,15
I0008243,O002732,P00497,3,3647.38,70
I0008244,O002732,P00432,5,15169.02,0
I0008245,O002733,P00012,3,139656.91,30
I0008246,O002733,P00398,1,1145.2,20
I0008247,O002733,P00477,3,2289.72,50
I0008248,O002733,P00481,1,758.74,20
I0008249,O002733,P00437,1,18723.81,10
I0008250,O002734,P00193,3,3777.3,40
I0008251,O002734,P00407,4,24016.48,10
I0008252,O002734,P00131,5,95379.71,30
I0008253,O002734,P00533,4,7188.86,70
I0008254,O002735,P00381,3,16533.88,10
I0008255,O002735,P00381,1,25166.17,5
I0008256,O002735,P00414,5,41796.89,50
I0008257,O002735,P00333,4,2338.33,10
I0008258,O002735,P00393,3,43613.46,10
I0008259,O002736,P00065,1,145869.58,30
I0008260,O002736,P00320,1,162.1,15
I0008261,O002736,P00379,2,15046.0,30
I0008262,O002736,P00407,3,22117.69,30
I0008263,O002736,P00538,5,1506.46,30
I0008264,O002737,P00090,3,32547.25,30
I0008265,O002738,P00140,2,172215.32,0
I0008266,O002738,P00018,3,31542.9,10
I0008267,O002738,P00023,2,74480.47,15
I0008268,O002739,P00306,2,1732.67,15
I0008269,O002739,P00474,2,1147.52,40
I0008270,O002739,P00384,1,6370.11,50
I0008271,O002740,P00040,5,180177.0,30
I0008272,O002740,P00087,5,25439.33,20
I0008273,O002741,P00224,2,5815.76,15
I0008274,O002742,P00131,3,85985.37,40
I0008275,O002742,P00062,1,90404.06,50
I0008276,O002742,P00148,3,205801.33,10
I0008277,O002743,P00096,5,144809.56,50
I0008278,O002743,P00189,5,9725.97,20
I0008279,O002743,P00280,1,8998.3,50
I0008280,O002743,P00466,5,1630.2,10
I0008281,O002744,P00415,1,30355.3,5
I0008282,O002745,P00262,-3,9323.12,20
I0008283,O002745,P00043,2,208266.92,5
I0008284,O002745,P00033,4,78715.85,5
I0008285,O002745,P00110,5,20955.22,40
I0008286,O002746,P00121,2,48613.16,10
I0008287,O002746,P00198,5,4568.31,30
I0008288,O002746,P00414,2,28700.94,20
I0008289,O002746,P00237,1,2968.36,70
I0008290,O002746,P00255,4,2622.79,70
I0008291,O002747,P00526,0,324.99,20
I0008292,O002747,P00206,4,642.29,20
I0008293,O002747,P00131,5,115166.97,50
I0008294,O002747,P00316,4,1784.04,10
I0008295,O002748,P00281,4,2378.08,40
I0008296,O002748,P00365,1,2094.14,10
I0008297,O002749,P00546,5,6150.92,50
I0008298,O002749,P00197,0,4822.08,20
I0008299,O002749,P00409,5,13951.44,5
I0008300,O002749,P00384,2,6804.76,10
I0008301,O002749,P00457,1,928.68,0
I0008302,O002750,P00390,5,10494.39,10
I0008303,O002750,P00047,1,66143.17,20
I0008304,O002750,P00155,3,116797.7,70
I0008305,O002750,P00036,2,134401.66,20
I0008306,O002750,P00030,4,49137.62,40
I0008307,O002751,P00145,4,143680.89,50
I0008308,O002751,P00388,1,8389.37,40
I0008309,O002751,P00496,1,2473.23,40
I0008310,O002751,P00121,1,47887.46,10
I0008311,O002752,P00118,3,129793.96,5
I0008312,O002752,P00295,4,391.08,50
I0008313,O002752,P00426,4,23482.73,10
I0008314,O002753,P00526,4,284.18,50
I0008315,O002753,P00237,3,3998.44,126
I0008316,O002753,P00131,3,86813.9,15
I0008317,O002753,P00497,3,3329.14,30
I0008318,O002754,P00172,4,5144.51,30
I0008319,O002754,P00384,5,7087.53,15
I0008320,O002754,P00224,3,5088.08,15
I0008321,O002754,P00538,1,1110.74,5
I0008322,O002754,P00036,5,86760.9,50
I0008323,O002755,P00377,2,15880.82,20
I0008324,O002755,P00529,3,8072.69,40
I0008325,O002755,P00512,1,6742.49,5
I0008326,O002755,P00198,1,6472.66,20
I0008327,O002756,P00474,3,1693.7,15
I0008328,O002757,P00538,5,1018.47,70
I0008329,O002757,P00229,-4,3204.29,15
I0008330,O002757,P00538,3,1128.7,70
I0008331,O002757,P00415,3,29122.42,15
I0008332,O002757,P00212,1,3121.23,15
I0008333,O002758,P00091,5,132050.12,5
I0008334,O002759,P00072,-5,56302.02,50
I0008335,O002759,P00538,2,1220.06,0
I0008336,O002759,P00087,1,28091.79,70
I0008337,O002759,P00131,5,64785.21,10
I0008338,O002759,P00119,3,25191.14,0
I0008339,O002760,P00440,1,6674.08,5
I0008340,O002761,P00467,1,1801.36,40
I0008341,O002761,P00332,5,1919.84,10
I0008342,O978393,P00470,2,2180.3,50
I0008343,O002762,P00018,3,34263.46,20
I0008344,O002762,P00148,2,157090.89,30
I0008345,O002762,P00070,2,134414.89,40
I0008346,O002762,P00440,5,7327.79,0
I0008347,O002763,P00332,2,1873.13,50
I0008348,O002763,P00212,3,3644.48,30
I0008349,O002763,P00222,4,8609.69,40
I0008350,O002763,P00440,2,5621.88,20
I0008351,O002764,P00171,4,10953.68,5
I0008352,O002764,P00320,3,99.51,0
I0008353,O002764,P00040,2,193942.7,5
I0008354,O002765,P00474,5,940.55,15
I0008355,O002765,P00181,2,325.72,40
I0008356,O002765,P00154,3,103448.55,70
I0008357,O002765,P00268,5,2366.21,70
I0008358,O002765,P00390,5,16003.31,20
I0008359,O002766,P00365,1,1432.93,5
I0008360,O002766,P00351,4,1555.71,5
I0008361,O002766,P00428,5,8771.36,70
I0008362,O002766,P00018,3,53039.81,30
I0008363,O002766,P00040,2,201751.52,15
I0008364,O002767,P00342,2,100.61,15
I0008365,O002767,P00316,1,2300.78,15
I0008366,O002767,P00437,2,12267.18,20
I0008367,O002768,P00377,5,11790.9,20
I0008368,O002768,P00072,3,72833.62,147
I0008369,O002769,P00440,2,6216.08,15
I0008370,O002769,P00110,5,18203.22,50
I0008371,O002769,P00409,5,10820.18,30
I0008372,O002769,P00078,3,235283.41,10
I0008373,O002769,P00096,2,165583.01,70
I0008374,O002770,P00065,3,93006.31,40
I0008375,O002771,P00129,3,194469.47,50
I0008376,O002771,P00457,2,1333.44,30
I0008377,O002771,P00165,1,7511.09,10
I0008378,O002771,P00393,4,39698.8,40
I0008379,O002771,P00331,1,1091.03,5
I0008380,O002772,P00233,5,5210.41,30
I0008381,O002772,P00338,5,1101.94,15
I0008382,O002772,P00384,3,7367.45,15
I0008383,O002773,P00332,2,1430.21,5
I0008384,O002774,P00141,3,117178.98,10
I0008385,O002774,P00414,4,33742.38,30
I0008386,O002774,P00430,4,56536.61,70
I0008387,O002774,P00407,5,31377.5,50
I0008388,O002775,P00512,3,626.71,70
I0008389,O002775,P00404,3,1110.57,70
I0008390,O002776,P00282,2,9377.61,15
I0008391,O002776,P00450,4,447.6,0
I0008392,O002777,P00121,5,74886.64,30
I0008393,O002777,P00047,3,49055.81,40
I0008394,O002778,P00343,0,397.97,40
I0008395,O002778,P00524,3,27386.47,30
I0008396,O002778,P00398,5,1360.97,10
I0008397,O002779,P00172,4,6404.12,122
I0008398,O002779,P00066,1,52573.98,70
I0008399,O002779,P00200,3,6461.9,40
I0008400,O002780,P00229,4,3263.0,70
I0008401,O002780,P00188,3,625.04,40
I0008402,O002780,P00206,3,516.51,50
I0008403,O002780,P00457,2,1222.22,30
I0008404,O002780,P00415,4,29605.23,15
I0008405,O002781,P00398,3,1319.7,10
I0008406,O002781,P00533,1,6444.53,0
I0008407,O002782,P00169,1,2552.13,70
I0008408,O002783,P00169,4,1860.13,10
I0008409,O002783,P00463,5,2234.77,20
I0008410,O002784,P00398,5,1634.46,5
I0008411,O002785,P00331,3,1182.63,50
I0008412,O002785,P00512,5,1474.59,15
I0008413,O002785,P00466,5,2560.32,20
I0008414,O002785,P00530,2,1361.11,70
I0008415,O002786,P00253,3,563.14,0
I0008416,O002786,P00188,1,756.29,70
I0008417,O002786,P00015,5,53569.58,142
I0008418,O002786,P00538,2,1096.31,10
I0008419,O002786,P00443,1,2576.01,50
I0008420,O002787,P00096,2,185906.3,70
I0008421,O002787,P00065,4,135340.88,30
I0008422,O002787,P00384,5,5589.47,70
I0008423,O002787,P00337,1,911.64,70
I0008424,O002788,P00197,3,4926.95,50
I0008425,O002789,P00073,5,20301.99,40
I0008426,O002789,P00536,5,595.19,50
I0008427,O002789,P00414,4,45857.54,0
I0008428,O002789,P00050,2,48057.76,5
I0008429,O002789,P00078,3,220542.41,30
I0008430,O002790,P00440,1,5685.81,0
I0008431,O002790,P00197,2,5615.96,15
I0008432,O979736,P00497,4,2340.71,20
I0008433,O002792,P00473,-4,3198.2,40
I0008434,O002792,P00197,1,3652.63,40
I0008435,O002792,P00414,1,50774.84,50
I0008436,O002792,P00197,4,3023.63,15
I0008437,O002792,P00430,1,56735.6,10
I0008438,O002793,P00486,5,17228.11,20
I0008439,O002793,P00069,1,77360.98,0
I0008440,O002793,P00190,4,6366.12,20
I0008441,O002793,P00550,3,4095.97,0
I0008442,O002793,P00070,2,112462.17,20
I0008443,O002794,P00338,4,980.76,0
I0008444,O002795,P00390,5,14655.83,20
I0008445,O002795,P00187,1,4897.05,40
I0008446,O002795,P00481,4,597.81,40
I0008447,O002795,P00197,5,3334.81,5
I0008448,O002795,P00407,1,27789.85,30
I0008449,O955870,P00065,4,105821.7,5
I0008450,O002796,P00102,5,126606.8,50
I0008451,O002796,P00254,2,12195.35,10
I0008452,O002796,P00047,1,91365.43,30
I0008453,O002796,P00121,3,55964.24,15
I0008454,O002797,P00332,5,1781.37,107
I0008455,O002797,P00474,3,937.81,50
I0008456,O002797,P00070,5,204628.32,0
I0008457,O002798,P00351,5,1528.27,10
I0008458,O002798,P00193,4,4005.35,0
I0008459,O002798,P00133,1,174225.31,70
I0008460,O002798,P00078,3,209172.41,15
I0008461,O002798,P00198,4,4975.44,10
I0008462,O002799,P00466,-4,2845.73,50
I0008463,O002799,P00012,3,183251.46,70
I0008464,O002800,P00188,4,823.36,30
I0008465,O002800,P00538,1,1249.21,0
I0008466,O002800,P00121,4,64297.22,30
I0008467,O002800,P00534,4,4180.92,15
I0008468,O002801,P00486,1,14154.23,15
I0008469,O002802,P00200,3,4802.62,15
I0008470,O002802,P00072,4,56417.79,15
I0008471,O002802,P00007,5,61746.64,10
I0008472,O002802,P00212,5,4662.06,40
I0008473,O002803,P00197,5,3957.74,30
I0008474,O002803,P00247,3,5520.71,0
I0008475,O002803,P00026,5,5808.19,10
I0008476,O002803,P00338,5,1032.24,40
I0008477,O002804,P00101,3,204358.78,70
I0008478,O002804,P00422,2,59015.4,40
I0008479,O002804,P00266,5,9717.09,20
I0008480,O002804,P00026,1,5682.83,30
I0008481,O002805,P00253,5,530.87,70
I0008482,O002806,P00170,5,5077.98,50
I0008483,O002806,P00330,1,1007.78,70
I0008484,O002806,P00393,2,34000.12,50
I0008485,O002806,P00388,3,6646.16,70
I0008486,O002806,P00237,4,3215.45,30
I0008487,O002807,P00190,3,8324.61,15
I0008488,O002807,P00470,1,2324.3,30
I0008489,O002807,P00384,1,6827.23,5
I0008490,O002807,P00082,4,219488.58,20
I0008491,O002807,P00307,3,541.84,10
I0008492,O002808,P00170,1,6702.63,20
I0008493,O002808,P00426,5,16436.98,20
I0008494,O002809,P00012,2,134885.16,20
I0008495,O002809,P00012,1,181333.79,40
I0008496,O002810,P00119,2,31356.6,15
I0008497,O002810,P00320,0,129.79,70
I0008498,O002810,P00516,5,2303.7,0
I0008499,O002811,P00198,1,5568.58,5
I0008500,O002811,P00018,2,49707.75,20
I0008501,O002811,P00415,2,23491.04,127
I0008502,O002812,P00384,3,7268.86,50
I0008503,O002813,P00414,2,41666.43,0
I0008504,O002813,P00457,1,1212.36,0
I0008505,O002813,P00422,1,43203.37,40
I0008506,O002813,P00466,1,2524.94,5
I0008507,O002813,P00390,3,10812.73,0
I0008508,O002814,P00324,1,1503.96,10
I0008509,O002814,P00331,2,923.6,70
I0008510,O002814,P00106,3,98493.03,15
I0008511,O002815,P00433,2,43107.94,70
I0008512,O002815,P00127,3,130851.2,50
I0008513,O002815,P00012,4,139128.21,20
I0008514,O002816,P00120,2,9392.42,5
I0008515,O002816,P00441,1,1707.62,30
I0008516,O002816,P00024,2,82949.12,30
I0008517,O002816,P00018,-1,43708.56,50
I0008518,O002816,P00343,1,321.89,50
I0008519,O002817,P00546,3,5705.97,40
I0008520,O002818,P00202,4,1408.51,10
I0008521,O002818,P00398,1,1238.79,0
I0008522,O002818,P00072,2,65343.51,50
I0008523,O002818,P00512,4,1908.85,50
I0008524,O002819,P00083,3,111207.77,0
I0008525,O002819,P00066,5,45704.65,5
I0008526,O002820,P00539,4,6421.14,30
I0008527,O002820,P00331,3,942.56,5
I0008528,O002821,P00358,1,8268.23,40
I0008529,O002821,P00127,2,213491.96,30
I0008530,O002821,P00188,3,820.92,40
I0008531,O002821,P00546,3,6091.06,30
I0008532,O002822,P00194,5,1371.92,5
I0008533,O002822,P00415,2,28452.35,70
I0008534,O002822,P00332,0,1336.33,70
I0008535,O002822,P00082,2,215823.24,30
I0008536,O002823,P00145,2,118846.65,15
I0008537,O002823,P00512,5,6974.18,0
I0008538,O002823,P00226,5,3629.21,10
I0008539,O002823,P00343,4,405.93,40
I0008540,O002824,P00365,5,2018.74,20
I0008541,O002824,P00063,2,1596.9,40
I0008542,O002824,P00515,2,22724.61,15
I0008543,O002824,P00006,2,43303.71,50
I0008544,O002824,P00329,3,1267.02,30
I0008545,O002825,P00425,1,19279.49,30
I0008546,O002826,P00007,5,49191.79,10
I0008547,O002826,P00141,2,145078.34,40
I0008548,O002826,P00070,1,146286.57,50
I0008549,O002827,P00415,2,31947.64,0
I0008550,O002827,P00407,4,31868.24,30
I0008551,O002827,P00546,3,7053.49,50
I0008552,O002828,P00047,-5,91295.83,20
I0008553,O002828,P00456,4,1281.08,15
I0008554,O002828,P00229,1,3357.44,10
I0008555,O002828,P00001,-3,12918.07,40
I0008556,O002829,P00150,3,112755.42,20
I0008557,O002829,P00414,3,44550.06,5
I0008558,O002829,P00202,1,2335.32,50
I0008559,O002829,P00190,5,6555.57,5
I0008560,O002830,P00026,3,5262.52,70
I0008561,O002830,P00063,2,1466.06,20
I0008562,O002830,P00162,5,2400.48,40
I0008563,O002830,P00225,3,5548.42,30
I0008564,O002831,P00121,3,75682.49,0
I0008565,O002831,P00457,5,1218.57,70
I0008566,O002831,P00212,4,3459.97,50
I0008567,O002831,P00072,2,45885.7,70
I0008568,O002832,P00063,1,1654.86,70
I0008569,O002832,P00012,3,166974.86,0
I0008570,O002832,P00422,5,56314.74,30
I0008571,O002833,P00338,2,743.58,0
I0008572,O002833,P00384,5,8221.04,70
I0008573,O002833,P00118,2,86272.25,30
I0008574,O002833,P00441,2,1909.55,10
I0008575,O002834,P00515,2,25701.88,50
I0008576,O002834,P00415,4,28348.67,15
I0008577,O002834,P00453,3,1205.22,30
I0008578,O002834,P00148,3,169691.62,50
I0008579,O002835,P00209,-5,6911.91,50
I0008580,O002835,P00152,2,26483.0,15
I0008581,O002836,P00145,2,127941.17,0
I0008582,O002836,P00228,3,6361.4,30
I0008583,O002836,P00113,1,141647.14,15
I0008584,O002837,P00544,3,4747.07,70
I0008585,O002838,P00381,5,23051.78,70
I0008586,O002838,P00391,1,10393.09,5
I0008587,O002838,P00073,-1,23145.2,50
I0008588,O002838,P00497,5,3329.44,5
I0008589,O002838,P00389,3,2488.65,30
I0008590,O002839,P00064,3,233551.72,10
I0008591,O002839,P00314,1,605.47,5
I0008592,O002840,P00381,3,18065.43,10
I0008593,O002840,P00015,1,36612.22,50
I0008594,O002840,P00331,1,1429.6,30
I0008595,O002840,P00447,4,550.8,0
I0008596,O002840,P00538,5,1110.96,0
I0008597,O002841,P00497,2,3914.36,5
I0008598,O002841,P00533,5,4286.39,10
I0008599,O002841,P00228,1,9138.54,40
I0008600,O002841,P00384,5,5084.18,5
I0008601,O002842,P00131,1,72144.96,0
I0008602,O002842,P00193,1,3126.43,10
I0008603,O002843,P00190,2,5956.43,20
I0008604,O002843,P00343,1,377.26,30
I0008605,O002843,P00467,2,2092.78,30
I0008606,O002843,P00096,1,105016.19,10
I0008607,O002843,P00407,2,35094.75,5
I0008608,O002844,P00538,5,924.15,50
I0008609,O002845,P00541,2,4567.0,0
I0008610,O002845,P00474,4,1270.91,5
I0008611,O002845,P00072,1,56906.26,40
I0008612,O002845,P00525,2,11928.55,40
I0008613,O002845,P00013,4,176503.08,50
I0008614,O002846,P00001,1,17733.27,20
I0008615,O002846,P00222,2,10176.65,70
I0008616,O002847,P00020,1,131072.45,0
I0008617,O002847,P00338,2,798.24,40
I0008618,O002847,P00188,1,670.0,70
I0008619,O002847,P00533,5,6760.48,0
I0008620,O002848,P00546,3,7707.99,15
I0008621,O002849,P00414,3,42651.82,30
I0008622,O002849,P00232,1,10107.05,5
I0008623,O002850,P00232,2,12798.96,20
I0008624,O002850,P00414,5,27677.23,40
I0008625,O002851,P00065,3,82689.59,70
I0008626,O002852,P00018,2,42882.43,20
I0008627,O002852,P00281,4,2783.66,50
I0008628,O002852,P00114,5,58267.47,70
I0008629,O002853,P00407,1,21417.63,50
I0008630,O002853,P00171,4,6374.1,10
I0008631,O002853,P00414,1,33263.83,15
I0008632,O002853,P00398,4,1079.62,0
I0008633,O002854,P00170,5,8014.99,5
I0008634,O002854,P00497,2,3350.04,30
I0008635,O002854,P00068,1,7577.72,20
I0008636,O002854,P00513,2,22343.92,70
I0008637,O002854,P00078,2,163988.92,5
I0008638,O002855,P00250,3,1452.07,70
I0008639,O002855,P00249,5,5428.16,40
I0008640,O002855,P00170,2,6948.51,40
I0008641,O002855,P00320,4,161.72,5
I0008642,O002856,P00356,5,111.54,30
I0008643,O002856,P00085,5,49691.44,10
I0008644,O002856,P00427,4,2756.55,0
I0008645,O002856,P00437,2,14869.72,0
I0008646,O002857,P00393,5,60342.72,15
I0008647,O002858,P00305,4,2056.48,70
I0008648,O002858,P00171,1,9442.67,5
I0008649,O002858,P00413,2,28908.85,15
I0008650,O002858,P00541,1,5624.78,50
I0008651,O002859,P00229,1,2753.31,0
I0008652,O002859,P00129,1,139977.14,0
I0008653,O002859,P00057,2,117655.56,10
I0008654,O002860,P00333,2,1767.55,70
I0008655,O002860,P00393,3,48015.63,0
I0008656,O002860,P00112,4,198518.12,20
I0008657,O002861,P00025,1,112289.01,30
I0008658,O002862,P00012,1,178871.55,20
I0008659,O002863,P00463,2,2030.24,40
I0008660,O002863,P00346,4,1063.31,20
I0008661,O002863,P00536,3,814.01,30
I0008662,O002863,P00205,3,6095.61,70
I0008663,O002864,P00411,3,1791.85,0
I0008664,O002865,P00268,4,2549.92,40
I0008665,O002865,P00494,1,2590.36,0
I0008666,O002865,P00470,3,1575.28,15
I0008667,O002865,P00544,1,3057.55,5
I0008668,O002866,P00343,2,427.22,70
I0008669,O002866,P00381,3,16469.82,5
I0008670,O002866,P00172,2,5517.57,15
I0008671,O002867,P00012,4,149530.88,5
I0008672,O002868,P00121,3,68237.42,5
I0008673,O002868,P00065,4,138785.14,20
I0008674,O002869,P00065,1,97365.96,50
I0008675,O002869,P00398,4,1171.93,30
I0008676,O002869,P00005,-5,65189.21,70
I0008677,O002869,P00206,2,542.4,70
I0008678,O002870,P00202,2,1952.03,40
I0008679,O002870,P00406,5,48244.53,10
I0008680,O002870,P00072,1,50864.91,124
I0008681,O002870,P00037,2,63613.85,50
I0008682,O002870,P00407,2,31298.88,0
I0008683,O002871,P00237,5,5318.54,40
I0008684,O002871,P00078,5,213238.34,30
I0008685,O002872,P00519,4,20582.09,15
I0008686,O002872,P00384,4,4586.15,0
I0008687,O002873,P00514,5,8682.15,20
I0008688,O002873,P00295,2,261.87,50
I0008689,O002873,P00170,5,6813.0,0
I0008690,O002873,P00512,3,2609.84,0
I0008691,O002874,P00043,-3,152725.07,15
I0008692,O002874,P00082,3,134500.21,30
I0008693,O002874,P00213,3,6517.5,70
I0008694,O002875,P00190,3,4656.8,5
I0008695,O002875,P00018,2,49043.23,30
I0008696,O002875,P00333,2,2120.82,50
I0008697,O002875,P00341,5,853.71,0
I0008698,O002875,P00033,0,75794.38,10
I0008699,O002876,P00505,1,20593.06,5
I0008700,O002877,P00080,1,109756.89,40
I0008701,O002877,P00533,1,6924.19,50
I0008702,O002877,P00533,0,4626.93,5
I0008703,O002878,P00404,2,1022.75,10
I0008704,O002879,P00377,4,14504.68,20
I0008705,O002879,P00037,3,50352.62,50
I0008706,O002880,P00127,4,206216.75,5
I0008707,O002880,P00012,2,112436.53,70
I0008708,O002880,P00063,5,1704.5,30
I0008709,O002880,P00338,3,681.4,15
I0008710,O002881,P00414,4,39278.85,50
I0008711,O002882,P00514,3,13669.37,40
I0008712,O002883,P00141,4,128976.5,30
I0008713,O002883,P00148,1,193600.51,50
I0008714,O002884,P00464,1,614.59,30
I0008715,O002884,P00197,1,4286.95,40
I0008716,O002884,P00256,1,300.27,20
I0008717,O002884,P00417,5,22105.86,40
I0008718,O002884,P00497,3,2620.94,10
I0008719,O002885,P00257,4,733.33,10
I0008720,O002886,P00015,5,54620.99,50
I0008721,O002887,P00473,1,1840.65,5
I0008722,O002887,P00279,5,3413.69,70
I0008723,O002887,P00331,2,976.1,0
I0008724,O002887,P00065,1,82358.85,142
I0008725,O002887,P00426,3,21213.06,15
I0008726,O002888,P00338,5,958.58,40
I0008727,O002889,P00390,5,11928.26,5
I0008728,O002889,P00450,2,437.79,0
I0008729,O002889,P00140,3,239242.15,15
I0008730,O002890,P00339,4,1872.08,5
I0008731,O002890,P00546,3,6177.76,70
I0008732,O002891,P00070,1,139008.1,20
I0008733,O002891,P00165,3,5581.07,50
I0008734,O002891,P00197,2,2985.73,0
I0008735,O002891,P00389,4,2836.64,5
I0008736,O002891,P00026,2,7449.87,40
I0008737,O002892,P00320,3,176.2,50
I0008738,O002892,P00474,5,1620.92,5
I0008739,O002892,P00544,4,4561.48,20
I0008740,O002892,P00193,4,4168.48,5
I0008741,O002892,P00546,2,8037.01,10
I0008742,O002893,P00388,4,7661.01,30
I0008743,O002893,P00404,3,1071.6,5
I0008744,O002893,P00327,3,1762.55,30
I0008745,O002893,P00228,4,5994.81,0
I0008746,O002894,P00254,3,9617.8,0
I0008747,O002894,P00176,3,5011.47,50
I0008748,O002894,P00354,2,1454.85,10
I0008749,O002894,P00193,3,2736.9,30
I0008750,O002895,P00533,1,4637.46,0
I0008751,O002895,P00470,2,2031.96,70
I0008752,O002895,P00414,1,30737.42,5
I0008753,O002895,P00508,5,9184.08,50
I0008754,O002895,P00033,1,81743.04,10
I0008755,O002896,P00466,4,2204.43,40
I0008756,O002896,P00112,5,127908.03,5
I0008757,O002896,P00112,4,162146.76,50
I0008758,O002896,P00096,1,114235.74,20
I0008759,O002896,P00470,5,1792.81,0
I0008760,O002897,P00224,1,5715.46,10
I0008761,O002897,P00131,3,81527.3,15
I0008762,O002897,P00193,4,4440.78,70
I0008763,O002897,P00343,5,314.35,40
I0008764,O002897,P00407,5,32130.44,0
I0008765,O002898,P00171,3,11177.2,10
I0008766,O002898,P00140,2,202835.99,20
I0008767,O002899,P00031,1,4107.56,40
I0008768,O002900,P00474,1,956.81,10
I0008769,O002900,P00467,3,2069.44,30
I0008770,O002901,P00407,2,28241.31,15
I0008771,O002901,P00113,2,110124.38,5
I0008772,O002901,P00063,2,1125.38,50
I0008773,O002902,P00544,1,3484.37,40
I0008774,O002902,P00538,1,830.36,15
I0008775,O002903,P00080,5,114347.03,0
I0008776,O002904,P00343,3,499.4,30
I0008777,O002904,P00082,2,164114.38,106
I0008778,O002904,P00371,2,7430.07,70
I0008779,O002904,P00444,1,2281.23,15
I0008780,O002905,P00343,1,549.79,40
I0008781,O002905,P00262,4,7121.7,10
I0008782,O002905,P00331,4,1127.03,0
I0008783,O002906,P00374,4,38014.0,5
I0008784,O002906,P00393,3,58194.54,50
I0008785,O002906,P00063,3,1103.4,5
I0008786,O002907,P00026,4,8455.39,15
I0008787,O002907,P00538,2,1449.66,50
I0008788,O002907,P00102,4,187976.4,20
I0008789,O002907,P00232,3,10233.91,50
I0008790,O002908,P00148,2,187916.78,20
I0008791,O002909,P00026,3,7583.67,0
I0008792,O002909,P00145,3,143936.65,15
I0008793,O002909,P00327,1,1487.46,0
I0008794,O002909,P00078,3,132824.19,40
I0008795,O002910,P00547,1,6397.04,15
I0008796,O002910,P00170,3,4995.0,20
I0008797,O002910,P00049,4,69334.57,10
I0008798,O002911,P00202,4,2415.32,10
I0008799,O002911,P00198,4,7495.31,50
I0008800,O002911,P00224,3,5241.2,15
I0008801,O002912,P00178,3,11996.86,5
I0008802,O002913,P00262,2,7791.39,5
I0008803,O002913,P00398,4,1570.91,50
I0008804,O002913,P00262,2,7230.75,50
I0008805,O002913,P00188,2,861.67,119
I0008806,O002913,P00414,2,43336.47,30
I0008807,O002914,P00523,2,13048.16,5
I0008808,O002914,P00072,1,44067.29,70
I0008809,O002914,P00335,5,189.33,50
I0008810,O002915,P00070,3,125054.42,15
I0008811,O002915,P00428,2,12866.79,15
I0008812,O002915,P00497,1,2497.05,50
I0008813,O002916,P00197,4,3158.67,40
I0008814,O002916,P00525,4,11965.57,40
I0008815,O002916,P00127,5,131425.98,15
I0008816,O002916,P00197,1,4076.8,40
I0008817,O002916,P00525,4,10109.0,5
I0008818,O002917,P00198,1,6867.86,5
I0008819,O002917,P00414,1,29502.97,10
I0008820,O002918,P00067,5,59887.14,40
I0008821,O002919,P00415,5,21760.7,15
I0008822,O002919,P00085,1,84891.12,0
I0008823,O002919,P00149,2,98795.55,50
I0008824,O002919,P00491,3,14009.25,30
I0008825,O002920,P00181,4,440.54,70
I0008826,O002921,P00409,3,14805.8,40
I0008827,O002921,P00437,1,16194.09,40
I0008828,O002921,P00063,4,1434.43,5
I0008829,O002921,P00092,5,136232.52,0
I0008830,O002921,P00193,4,2888.92,50
I0008831,O002922,P00063,1,1066.58,5
I0008832,O002923,P00486,1,16085.44,20
I0008833,O002923,P00072,1,62226.16,30
I0008834,O002923,P00412,1,12103.75,70
I0008835,O002923,P00388,3,7447.62,5
I0008836,O002923,P00471,2,1290.42,5
I0008837,O002924,P00237,1,4524.68,30
I0008838,O002924,P00080,4,143217.66,10
I0008839,O002924,P00443,4,1632.56,50
I0008840,O002925,P00332,5,2025.46,5
I0008841,O002925,P00096,5,107814.78,30
I0008842,O002925,P00036,3,162255.5,15
I0008843,O002926,P00546,5,7923.92,30
I0008844,O002926,P00512,1,1738.18,70
I0008845,O002926,P00140,5,211240.18,5
I0008846,O002926,P00170,4,8927.67,20
I0008847,O002926,P00505,1,30192.08,20
I0008848,O002927,P00145,3,78217.89,30
I0008849,O002927,P00102,1,173430.58,50
I0008850,O002927,P00320,3,178.51,20
I0008851,O002928,P00381,2,20333.88,0
I0008852,O002928,P00497,3,3414.0,15
I0008853,O002928,P00202,4,2063.95,50
I0008854,O002928,P00170,4,7055.58,40
I0008855,O002928,P00512,3,9268.01,10
I0008856,O002929,P00332,1,1404.45,10
I0008857,O002930,P00188,1,880.56,15
I0008858,O002930,P00093,1,156608.79,10
I0008859,O002930,P00063,3,1313.02,70
I0008860,O002931,P00063,5,1661.22,139
I0008861,O002932,P00410,1,55298.89,15
I0008862,O002932,P00007,1,43228.14,20
I0008863,O002932,P00348,4,1740.69,10
I0008864,O002932,P00388,5,12196.16,30
I0008865,O002932,P00338,4,813.22,5
I0008866,O002933,P00386,3,17818.44,50
I0008867,O002933,P00470,-1,1555.82,10
I0008868,O002934,P00388,3,7192.44,40
I0008869,O002934,P00503,2,17464.89,5
I0008870,O002935,P00203,5,3500.42,70
I0008871,O002936,P00080,2,129729.44,70
I0008872,O002937,P00541,4,4098.58,5
I0008873,O002937,P00381,5,23378.74,131
I0008874,O002937,P00320,5,165.94,0
I0008875,O002937,P00224,1,4839.53,10
I0008876,O002937,P00245,3,5150.35,40
I0008877,O002938,P00331,3,1195.53,70
I0008878,O002939,P00316,4,2277.34,0
I0008879,O002939,P00102,5,177252.12,5
I0008880,O002940,P00121,5,66607.19,30
I0008881,O002940,P00047,5,92113.7,10
I0008882,O002940,P00443,3,2808.02,20
I0008883,O002940,P00514,1,10994.2,30
I0008884,O002941,P00080,3,117909.17,40
I0008885,O002941,P00320,5,104.77,5
I0008886,O002941,P00512,5,154.54,70
I0008887,O002941,P00228,5,9949.44,20
I0008888,O002941,P00467,4,1633.49,30
I0008889,O002942,P00133,5,130779.76,0
I0008890,O002942,P00043,3,151525.84,50
I0008891,O002943,P00063,1,1297.18,15
I0008892,O002943,P00170,3,8359.72,5
I0008893,O002943,P00142,2,49152.83,15
I0008894,O002944,P00112,5,219701.34,15
I0008895,O002944,P00202,1,2173.05,40
I0008896,O002944,P00047,1,53800.08,0
I0008897,O002944,P00024,4,145960.76,15
I0008898,O002944,P00248,1,5332.33,40
I0008899,O002945,P00281,3,2224.44,40
I0008900,O002945,P00198,3,5029.85,0
I0008901,O002945,P00314,1,632.87,50
I0008902,O002945,P00031,4,4043.39,30
I0008903,O002945,P00131,3,107404.84,30
I0008904,O002946,P00030,3,45514.1,0
I0008905,O002947,P00010,1,32302.71,50
I0008906,O002948,P00201,1,3046.15,0
I0008907,O002949,P00546,2,6749.73,10
I0008908,O002949,P00188,4,825.87,5
I0008909,O002949,P00079,2,4632.03,50
I0008910,O002949,P00229,5,2247.58,5
I0008911,O002950,P00390,4,17200.43,70
I0008912,O002950,P00409,2,16398.25,15
I0008913,O002950,P00187,3,4667.63,5
I0008914,O002951,P00546,5,4943.44,50
I0008915,O002952,P00338,3,938.71,0
I0008916,O002952,P00243,1,1325.76,10
I0008917,O002952,P00177,4,9022.23,20
I0008918,O002952,P00520,3,25621.75,15
I0008919,O002952,P00413,4,23847.39,15
I0008920,O002953,P00063,1,1065.48,10
I0008921,O002953,P00015,1,40028.54,10
I0008922,O002953,P00193,4,4241.92,30
I0008923,O002954,P00127,3,154358.59,30
I0008924,O002954,P00038,5,121983.49,15
I0008925,O002955,P00447,3,583.58,20
I0008926,O002955,P00527,1,7372.61,0
I0008927,O002955,P00331,5,1230.69,30
I0008928,O002955,P00512,5,1359.75,20
I0008929,O002955,P00050,2,54355.91,50
I0008930,O002956,P00466,1,2261.88,5
I0008931,O002957,P00437,5,10521.91,50
I0008932,O002958,P00121,1,53316.52,5
I0008933,O002958,P00533,1,7443.84,0
I0008934,O002958,P00080,4,141259.59,70
I0008935,O002959,P00441,5,1775.89,15
I0008936,O002959,P00026,1,4730.57,30
I0008937,O002960,P00204,5,7978.89,50
I0008938,O002960,P00145,4,79955.93,20
I0008939,O002960,P00212,2,4675.97,20
I0008940,O002960,P00085,5,48829.92,5
I0008941,O002960,P00320,2,134.44,20
I0008942,O002961,P00226,2,5867.23,20
I0008943,O002961,P00053,3,99371.31,20
I0008944,O002961,P00147,1,119434.95,10
I0008945,O002962,P00538,3,1116.55,40
I0008946,O002963,P00390,1,11176.64,30
I0008947,O002963,P00388,4,8379.8,10
I0008948,O002963,P00388,5,11239.88,0
I0008949,O002964,P00450,2,582.25,10
I0008950,O002964,P00047,4,89780.91,20
I0008951,O002964,P00474,5,1088.89,70
I0008952,O002964,P00384,4,6611.31,30
I0008953,O002965,P00541,1,4375.64,50
I0008954,O002965,P00463,3,1740.47,20
I0008955,O002965,P00406,2,51571.97,20
I0008956,O002965,P00015,4,49849.5,70
I0008957,O002966,P00121,2,79497.01,30
I0008958,O002966,P00514,1,8754.05,70
I0008959,O002966,P00428,5,14354.99,50
I0008960,O002967,P00171,3,9982.4,30
I0008961,O002967,P00437,3,15667.61,10
I0008962,O002967,P00178,1,11811.57,15
I0008963,O002967,P00118,4,115808.05,20
I0008964,O002967,P00213,3,4587.62,30
I0008965,O002968,P00233,3,7758.54,50
I0008966,O002968,P00170,3,7459.49,0
I0008967,O002969,P00412,1,9735.47,20
I0008968,O002969,P00457,2,1213.71,15
I0008969,O002969,P00486,4,15801.32,20
I0008970,O002969,P00428,4,13068.62,40
I0008971,O002969,P00160,2,54408.16,20
I0008972,O002970,P00082,2,135692.82,10
I0008973,O002970,P00063,3,1497.27,40
I0008974,O002971,P00365,3,1927.78,15
I0008975,O002971,P00475,5,2041.9,50
I0008976,O002972,P00078,5,241920.14,50
I0008977,O002972,P00121,3,79690.26,50
I0008978,O002973,P00174,3,646.01,20
I0008979,O002973,P00422,1,44387.62,5
I0008980,O002973,P00194,2,2219.21,5
I0008981,O002973,P00332,3,2426.31,15
I0008982,O002974,P00523,3,14882.84,30
I0008983,O002974,P00049,4,109923.2,20
I0008984,O002975,P00409,4,16094.79,15
I0008985,O002975,P00457,2,1145.42,30
I0008986,O002975,P00229,5,3079.64,5
I0008987,O002975,P00295,2,378.33,15
I0008988,O002975,P00467,3,2284.14,40
I0008989,O002976,P00281,4,2991.1,20
I0008990,O002976,P00096,4,180364.2,5
I0008991,O002976,P00078,5,229839.5,0
I0008992,O002976,P00090,5,32258.21,30
I0008993,O002977,P00407,3,24819.89,10
I0008994,O953660,P00026,1,7124.9,15
I0008995,O002977,P00457,1,905.57,5
I0008996,O002978,P00398,1,1389.06,0
I0008997,O002978,P00281,5,2540.2,10
I0008998,O002979,P00141,-3,204332.3,50
I0008999,O002979,P00169,3,2602.56,50
I0009000,O002979,P00467,2,2056.17,40
I0009001,O002980,P00331,3,1357.66,50
I0009002,O002980,P00247,4,8338.51,50
I0009003,O002980,P00171,5,11064.38,30
I0009004,O002981,P00249,1,5065.39,70
I0009005,O002981,P00171,1,8005.15,15
I0009006,O002981,P00262,5,9392.76,50
I0009007,O002981,P00470,2,1929.76,0
I0009008,O002981,P00018,1,56815.66,30
I0009009,O999097,P00486,3,14434.15,15
I0009010,O002982,P00090,4,26848.41,15
I0009011,O002983,P00390,1,15504.35,50
I0009012,O002984,P00332,4,1886.95,70
I0009013,O002984,P00034,5,22319.21,50
I0009014,O002984,P00118,4,122099.99,10
I0009015,O002985,P00390,3,12830.59,15
I0009016,O002985,P00026,1,4972.25,10
I0009017,O002985,P00072,1,69621.06,150
I0009018,O002985,P00474,4,1760.93,30
I0009019,O002986,P00250,5,1387.87,50
I0009020,O002986,P00514,-5,13496.11,30
I0009021,O002986,P00190,4,7559.7,40
I0009022,O002986,P00121,2,74199.8,0
I0009023,O002986,P00414,3,48393.44,0
I0009024,O002987,P00131,1,102674.7,10
I0009025,O002987,P00343,5,319.95,10
I0009026,O002987,P00233,5,6113.33,30
I0009027,O002988,P00234,3,5637.51,30
I0009028,O002988,P00197,3,5121.13,70
I0009029,O002988,P00202,3,1888.63,5
I0009030,O002988,P00392,3,26868.71,70
I0009031,O002988,P00470,1,2728.27,70
I0009032,O002989,P00229,1,2857.65,40
I0009033,O002989,P00343,4,488.8,5
I0009034,O002989,P00096,2,195387.73,5
I0009035,O002989,P00422,3,48540.69,50
I0009036,O002990,P00063,2,1781.23,5
I0009037,O002990,P00131,1,101179.12,15
I0009038,O002990,P00386,5,23198.92,15
I0009039,O002991,P00457,4,821.53,50
I0009040,O002991,P00437,1,18145.54,50
I0009041,O002991,P00150,1,125935.26,50
I0009042,O002991,P00141,4,135383.85,10
I0009043,O002991,P00306,3,1455.15,50
I0009044,O002992,P00538,4,975.21,70
I0009045,O002992,P00031,0,4524.59,15
I0009046,O002992,P00393,2,60559.51,40
I0009047,O002992,P00101,1,155639.55,70
I0009048,O002992,P00079,3,6665.12,15
I0009049,O002993,P00410,1,38860.15,5
I0009050,O002993,P00104,2,66694.08,50
I0009051,O002993,P00514,4,8600.92,20
I0009052,O002993,P00035,4,129011.32,70
I0009053,O002993,P00338,2,845.47,5
I0009054,O002994,P00548,2,2504.46,40
I0009055,O002994,P00320,5,160.75,15
I0009056,O002994,P00390,1,11477.19,50
I0009057,O002995,P00533,-3,6961.44,50
I0009058,O002996,P00197,4,5320.33,0
I0009059,O002996,P00127,3,152598.49,10
I0009060,O002996,P00229,4,2376.01,0
I0009061,O002996,P00390,4,17212.08,20
I0009062,O002996,P00306,2,1776.67,5
I0009063,O002997,P00040,2,167069.92,5
I0009064,O002997,P00473,3,1872.08,5
I0009065,O002997,P00031,3,4360.2,50
I0009066,O002997,P00078,3,222740.97,30
I0009067,O002998,P00127,2,173474.93,10
I0009068,O002998,P00384,4,5194.83,20
I0009069,O002998,P00065,5,144857.21,70
I0009070,O002998,P00249,1,3821.62,0
I0009071,O002999,P00129,4,190670.97,50
I0009072,O002999,P00121,4,70625.4,30
I0009073,O002999,P00133,2,191734.66,40
I0009074,O003000,P00542,1,3186.57,0
I0009075,O003000,P00331,3,1480.35,0
I0009076,O003000,P00550,1,7027.45,10
I0009077,O003001,P00343,1,453.29,30
I0009078,O003001,P00320,5,169.22,10
I0009079,O003001,P00480,1,496.85,20
I0009080,O003001,P00466,3,2442.93,0
I0009081,O003002,P00384,-2,4662.38,10
I0009082,O003002,P00065,1,84691.03,70
I0009083,O003002,P00332,3,1998.16,5
I0009084,O003002,P00224,4,4629.45,50
I0009085,O003003,P00224,2,4423.21,20
I0009086,O003003,P00281,4,1694.09,30
I0009087,O003003,P00541,3,4892.27,50
I0009088,O003003,P00070,3,150620.15,15
I0009089,O003004,P00047,1,59823.34,20
I0009090,O003004,P00212,1,4798.02,20
I0009091,O003004,P00398,5,1339.25,15
I0009092,O003004,P00070,3,155505.26,70
I0009093,O003005,P00407,5,22037.23,5
I0009094,O003006,P00170,2,7461.94,20
I0009095,O003006,P00121,4,55657.61,15
I0009096,O003006,P00365,5,1662.66,40
I0009097,O980443,P00148,2,139025.85,10
I0009098,O003008,P00486,4,12293.02,30
I0009099,O003009,P00226,-2,5816.87,15
I0009100,O003009,P00422,3,45413.52,15
I0009101,O003009,P00320,5,144.01,50
I0009102,O003009,P00407,2,32875.16,20
I0009103,O003009,P00332,1,1986.4,30
I0009104,O003010,P00080,4,128002.19,30
I0009105,O003010,P00170,-2,7617.88,50
I0009106,O003010,P00156,5,154797.87,5
I0009107,O003010,P00082,5,199654.71,20
I0009108,O003011,P00235,5,1765.69,20
I0009109,O003011,P00253,4,612.92,0
I0009110,O003011,P00512,3,2583.17,5
I0009111,O003012,P00252,2,3730.58,30
I0009112,O003012,P00070,5,189298.66,5
I0009113,O003012,P00546,5,5855.62,128
I0009114,O003012,P00197,4,4605.14,15
I0009115,O003012,P00445,5,1102.07,15
I0009116,O003013,P00404,4,812.89,40
I0009117,O003013,P00254,3,10171.1,10
I0009118,O003013,P00512,2,7517.45,30
I0009119,O003013,P00170,3,7085.81,50
I0009120,O003014,P00538,4,1257.44,20
I0009121,O003014,P00515,4,21227.73,50
I0009122,O003015,P00486,3,10854.0,20
I0009123,O003015,P00188,4,607.86,0
I0009124,O003015,P00390,1,13462.62,10
I0009125,O003016,P00407,5,30236.97,30
I0009126,O003016,P00466,1,1725.91,20
I0009127,O003016,P00188,2,712.0,50
I0009128,O003016,P00226,3,4083.72,50
I0009129,O003017,P00197,5,3127.14,30
I0009130,O003018,P00237,0,4030.23,15
I0009131,O003018,P00407,1,31312.57,40
I0009132,O944070,P00018,2,37310.77,40
I0009133,O003019,P00187,5,6085.27,10
I0009134,O003019,P00305,2,1874.94,5
I0009135,O003019,P00164,5,6996.01,30
I0009136,O003019,P00141,3,142419.71,40
I0009137,O003020,P00229,1,3587.89,0
I0009138,O003020,P00332,4,1880.73,30
I0009139,O003021,P00198,4,5843.47,0
I0009140,O003021,P00437,4,18747.61,10
I0009141,O003021,P00250,4,1035.89,5
I0009142,O003021,P00026,4,7439.33,10
I0009143,O003022,P00171,1,10646.13,5
I0009144,O003022,P00121,2,78915.58,50
I0009145,O003022,P00470,3,2051.52,10
I0009146,O003022,P00390,4,13837.09,70
I0009147,O003022,P00037,1,40842.16,5
I0009148,O003023,P00390,5,18231.35,40
I0009149,O003023,P00202,3,1526.19,20
I0009150,O003024,P00440,3,4408.89,40
I0009151,O003024,P00171,2,6950.56,5
I0009152,O003024,P00316,2,1822.48,5
I0009153,O003024,P00422,1,43163.71,15
I0009154,O003025,P00413,5,22933.49,30
I0009155,O003025,P00141,2,161886.96,70
I0009156,O003025,P00545,1,1921.35,30
I0009157,O003026,P00398,5,954.53,10
I0009158,O003027,P00092,1,178009.82,40
I0009159,O003027,P00082,3,190771.6,20
I0009160,O003028,P00473,1,2382.82,10
I0009161,O003028,P00202,3,2325.63,10
I0009162,O003028,P00533,1,4822.71,15
I0009163,O003028,P00145,5,121271.86,10
I0009164,O003028,P00188,5,642.57,10
I0009165,O003029,P00474,1,1365.27,30
I0009166,O003029,P00164,-3,5978.45,5
I0009167,O003030,P00141,5,171640.08,10
I0009168,O003030,P00466,3,1969.36,70
I0009169,O003031,P00019,5,184841.33,30
I0009170,O003031,P00415,2,35111.39,20
I0009171,O003031,P00257,4,680.74,5
I0009172,O003032,P00164,1,8179.13,30
I0009173,O003032,P00475,3,1732.5,30
I0009174,O003033,P00026,1,6381.04,70
I0009175,O003033,P00205,1,5042.13,30
I0009176,O003033,P00245,1,5657.19,15
I0009177,O003033,P00065,1,140067.76,30
I0009178,O003033,P00015,5,51341.75,0
I0009179,O003034,P00466,2,2005.98,0
I0009180,O003035,P00224,2,5184.68,123
I0009181,O003035,P00197,4,4797.92,15
I0009182,O003035,P00473,1,2632.94,40
I0009183,O003036,P00250,5,1219.18,50
I0009184,O003036,P00030,4,55663.68,20
I0009185,O003036,P00457,3,1039.27,15
I0009186,O003036,P00010,2,40122.9,50
I0009187,O003036,P00410,4,39867.49,70
I0009188,O003037,P00320,3,152.36,70
I0009189,O003037,P00305,3,2113.8,15
I0009190,O003037,P00063,5,1209.55,70
I0009191,O003037,P00096,2,184164.57,40
I0009192,O003037,P00171,2,7580.69,15
I0009193,O003038,P00541,3,4645.45,20
I0009194,O003038,P00387,1,9212.1,20
I0009195,O003039,P00026,1,8280.91,5
I0009196,O003040,P00341,2,660.83,0
I0009197,O003040,P00331,5,1455.69,0
I0009198,O003040,P00381,2,17785.48,15
I0009199,O003041,P00096,3,112451.76,5
I0009200,O003041,P00343,2,311.23,70
I0009201,O003041,P00212,1,4986.51,30
I0009202,O003041,P00063,1,1369.83,30
I0009203,O003042,P00331,3,1113.06,40
I0009204,O003042,P00314,4,513.01,70
I0009205,O003043,P00393,1,55031.39,0
I0009206,O003043,P00155,2,162819.89,40
I0009207,O003043,P00018,2,31912.96,0
I0009208,O003044,P00466,3,2188.02,20
I0009209,O003044,P00338,4,887.62,30
I0009210,O003044,P00224,4,5154.46,30
I0009211,O003045,P00513,3,18283.73,15
I0009212,O003045,P00311,2,1287.39,0
I0009213,O003046,P00096,2,192202.62,0
I0009214,O003046,P00018,1,36855.84,20
I0009215,O003046,P00388,2,10956.1,40
I0009216,O003046,P00473,-2,2706.45,30
I0009217,O003047,P00047,5,91856.85,50
I0009218,O971489,P00067,1,84559.26,50
I0009219,O003047,P00065,4,118260.09,70
I0009220,O003048,P00075,2,162354.88,70
I0009221,O003048,P00453,5,1355.69,40
I0009222,O003048,P00202,5,1303.4,15
I0009223,O003048,P00072,1,43871.81,20
I0009224,O003048,P00111,2,29703.29,70
I0009225,O003049,P00088,2,33819.5,15
I0009226,O003049,P00070,2,131382.35,20
I0009227,O003050,P00096,3,103971.7,20
I0009228,O003050,P00343,-5,532.89,5
I0009229,O003050,P00202,1,2414.73,5
I0009230,O003050,P00171,2,7684.58,70
I0009231,O003051,P00281,1,1948.18,40
I0009232,O003051,P00026,3,6794.17,0
I0009233,O003051,P00515,2,17287.15,15
I0009234,O003051,P00414,3,42057.32,20
I0009235,O003051,P00120,3,9991.26,0
I0009236,O003052,P00331,5,1629.87,70
I0009237,O003052,P00007,1,47454.72,5
I0009238,O905996,P00299,5,60.72,50
I0009239,O003053,P00190,2,7944.64,0
I0009240,O003053,P00036,2,109526.0,15
I0009241,O003053,P00341,1,682.18,20
I0009242,O003054,P00331,2,1609.12,20
I0009243,O003054,P00538,-1,1236.74,70
I0009244,O003054,P00331,2,1331.4,30
I0009245,O003054,P00087,1,35341.88,15
I0009246,O003055,P00131,1,108014.05,40
I0009247,O003055,P00036,3,157948.18,40
I0009248,O003056,P00475,5,1329.43,50
I0009249,O003056,P00390,5,18071.67,15
I0009250,O003056,P00329,1,1166.8,50
I0009251,O003057,P00035,2,101123.23,20
I0009252,O003057,P00198,5,7184.85,40
I0009253,O003058,P00145,3,104205.51,5
I0009254,O003059,P00187,1,4693.36,0
I0009255,O003059,P00316,4,2544.47,0
I0009256,O003059,P00111,2,46310.94,0
I0009257,O003059,P00381,1,24439.85,40
I0009258,O003060,P00102,4,128102.41,15
I0009259,O003060,P00203,5,5298.2,15
I0009260,O003060,P00170,2,9083.11,15
I0009261,O003060,P00154,5,66695.55,5
I0009262,O003061,P00087,2,23378.64,5
I0009263,O003061,P00281,5,2167.6,30
I0009264,O003061,P00422,3,61086.72,10
I0009265,O003061,P00226,3,5043.72,0
I0009266,O003061,P00207,3,7283.82,30
I0009267,O003062,P00212,4,3452.7,10
I0009268,O003062,P00141,5,110024.7,70
I0009269,O003062,P00134,2,31742.2,50
I0009270,O003062,P00381,1,14453.31,5
I0009271,O003062,P00233,1,7323.97,30
I0009272,O003063,P00096,2,131439.97,10
I0009273,O003063,P00331,5,1448.96,70
I0009274,O003063,P00080,4,129484.41,20
I0009275,O003064,P00072,3,77510.31,0
I0009276,O003065,P00470,2,2322.35,0
I0009277,O003065,P00398,2,1106.21,50
I0009278,O003065,P00026,2,7969.84,10
I0009279,O003065,P00127,2,186499.22,15
I0009280,O003065,P00026,3,5116.85,40
I0009281,O003066,P00470,1,1680.34,30
I0009282,O003067,P00190,1,6686.34,15
I0009283,O003067,P00533,2,4410.8,0
I0009284,O003067,P00338,4,614.93,70
I0009285,O003068,P00065,0,80530.16,5
I0009286,O003068,P00212,1,4199.31,40
I0009287,O003068,P00193,4,4162.67,40
I0009288,O003068,P00331,1,1017.7,40
I0009289,O003069,P00145,4,103854.85,0
I0009290,O003069,P00467,1,1594.39,70
I0009291,O003069,P00546,4,6681.57,10
I0009292,O003069,P00496,1,2961.36,10
I0009293,O003069,P00514,4,10648.87,15
I0009294,O003070,P00096,1,174531.59,10
I0009295,O003070,P00409,3,15257.98,0
I0009296,O003070,P00440,3,5986.72,30
I0009297,O003070,P00388,1,10286.52,20
I0009298,O003071,P00065,-3,105118.02,10
I0009299,O003071,P00328,0,250.14,30
I0009300,O003071,P00546,1,6390.69,30
I0009301,O003071,P00393,1,35830.36,5
I0009302,O003072,P00007,5,41999.42,20
I0009303,O003073,P00422,1,50046.35,5
I0009304,O003073,P00080,5,140830.97,5
I0009305,O003073,P00190,4,5133.75,10
I0009306,O003073,P00473,3,2051.92,30
I0009307,O003073,P00073,4,17558.27,30
I0009308,O003074,P00527,2,6312.67,5
I0009309,O003074,P00390,2,16386.22,70
I0009310,O003075,P00212,2,3210.77,40
I0009311,O003075,P00131,2,115032.65,30
I0009312,O003075,P00212,3,4495.45,70
I0009313,O003075,P00078,1,197108.95,15
I0009314,O003075,P00026,3,7042.87,70
I0009315,O003076,P00202,4,2170.71,50
I0009316,O003076,P00305,3,1973.43,50
I0009317,O003076,P00131,5,114769.95,5
I0009318,O003076,P00018,1,52261.04,50
I0009319,O003077,P00534,5,6275.92,15
I0009320,O003077,P00197,2,5221.74,15
I0009321,O003078,P00450,2,427.11,30
I0009322,O003078,P00212,4,3170.26,70
I0009323,O003078,P00384,5,7967.73,30
I0009324,O003078,P00065,5,127468.22,10
I0009325,O003079,P00519,1,29808.79,15
I0009326,O003079,P00409,5,13955.91,5
I0009327,O003079,P00164,3,9839.44,70
I0009328,O003079,P00497,1,2158.9,20
I0009329,O003079,P00229,3,3294.63,0
I0009330,O003080,P00486,4,10255.56,50
I0009331,O003080,P00343,3,524.37,70
I0009332,O003080,P00078,3,165564.84,50
I0009333,O003080,P00422,2,59108.22,0
I0009334,O003081,P00414,0,30392.16,50
I0009335,O003082,P00404,2,724.53,0
I0009336,O003082,P00389,5,3981.89,10
I0009337,O003082,P00169,3,3398.01,0
I0009338,O003082,P00341,3,706.98,10
I0009339,O003082,P00404,1,746.9,15
I0009340,O003083,P00390,1,11855.93,50
I0009341,O003084,P00254,4,10434.45,0
I0009342,O003084,P00249,3,4603.02,50
I0009343,O003084,P00470,2,1770.29,5
I0009344,O003084,P00131,5,114570.06,0
I0009345,O003084,P00398,3,922.13,15
I0009346,O003085,P00164,4,6033.54,0
I0009347,O003085,P00065,5,80108.24,20
I0009348,O003085,P00393,5,40883.5,70
I0009349,O003086,P00318,5,1922.07,10
I0009350,O003086,P00063,4,1122.26,50
I0009351,O003086,P00036,1,127436.39,30
I0009352,O003087,P00065,1,80189.15,15
I0009353,O003087,P00189,5,12305.51,15
I0009354,O003087,P00470,3,1921.99,20
I0009355,O003088,P00457,5,1235.29,0
I0009356,O003088,P00466,5,2514.76,70
I0009357,O003088,P00225,4,4411.41,0
I0009358,O003089,P00289,5,1702.44,70
I0009359,O003089,P00386,4,25177.23,30
I0009360,O003089,P00493,5,27092.78,70
I0009361,O003089,P00273,2,10910.04,0
I0009362,O003090,P00466,3,1703.39,50
I0009363,O003090,P00197,1,5657.34,5
I0009364,O003090,P00226,3,4084.74,0
I0009365,O003090,P00328,1,246.08,15
I0009366,O003090,P00131,5,80697.81,5
I0009367,O003091,P00546,5,5797.0,5
I0009368,O003091,P00273,5,8365.21,5
I0009369,O003092,P00422,5,43675.7,30
I0009370,O003093,P00384,5,8283.14,70
I0009371,O003093,P00036,2,144411.18,20
I0009372,O003094,P00145,1,128674.43,10
I0009373,O003094,P00546,3,6796.26,50
I0009374,O003094,P00220,5,6285.04,0
I0009375,O003095,P00127,2,213028.2,0
I0009376,O003095,P00090,2,33424.64,15
I0009377,O003096,P00497,3,2752.45,30
I0009378,O003096,P00388,3,10364.1,15
I0009379,O003096,P00533,4,6954.95,20
I0009380,O003096,P00391,5,9671.59,40
I0009381,O003097,P00171,5,9380.91,40
I0009382,O003097,P00486,4,15041.17,10
I0009383,O003098,P00224,4,4520.68,40
I0009384,O003098,P00217,5,5026.57,30
I0009385,O003098,P00127,0,206966.74,70
I0009386,O003099,P00497,1,2200.87,15
I0009387,O003100,P00295,1,339.86,20
I0009388,O943947,P00254,3,10594.36,20
I0009389,O003101,P00198,4,5943.69,30
I0009390,O003102,P00092,1,233953.54,50
I0009391,O003102,P00197,4,3603.45,70
I0009392,O003102,P00229,1,3589.35,70
I0009393,O003102,P00016,2,220391.74,50
I0009394,O003102,P00345,5,1524.14,50
I0009395,O003103,P00193,1,2885.43,0
I0009396,O003104,P00463,3,2017.29,15
I0009397,O003104,P00050,5,46890.6,10
I0009398,O003104,P00096,3,174555.25,70
I0009399,O003104,P00413,1,20316.22,0
I0009400,O003104,P00477,1,1822.79,50
I0009401,O003105,P00398,4,1216.99,122
I0009402,O003106,P00224,1,4258.07,50
I0009403,O003106,P00212,5,3772.62,70
I0009404,O003106,P00321,5,106.88,30
I0009405,O003106,P00072,-1,54889.46,0
I0009406,O003106,P00505,2,24037.24,10
I0009407,O003107,P00486,2,13424.23,50
I0009408,O003107,P00434,2,25107.54,20
I0009409,O003107,P00096,4,186097.28,20
I0009410,O003108,P00412,4,10227.54,10
I0009411,O003108,P00202,0,1809.78,40
I0009412,O003108,P00177,5,6177.91,15
I0009413,O003108,P00467,2,1643.6,50
I0009414,O003108,P00229,4,3686.57,50
I0009415,O979509,P00193,3,2844.11,50
I0009416,O003110,P00096,3,167057.76,15
I0009417,O003110,P00082,4,213603.86,0
I0009418,O003110,P00078,4,203208.97,20
I0009419,O003111,P00131,3,81469.44,15
I0009420,O003111,P00190,1,7321.07,70
I0009421,O003111,P00466,3,2102.2,70
I0009422,O003111,P00198,2,5458.81,70
I0009423,O003112,P00533,1,4695.51,70
I0009424,O003113,P00477,4,1423.57,30
I0009425,O003113,P00497,3,3489.16,50
I0009426,O003113,P00205,2,3430.73,0
I0009427,O003113,P00145,1,105959.67,70
I0009428,O003113,P00036,2,93366.34,70
I0009429,O003114,P00305,3,1998.38,0
I0009430,O003114,P00212,1,2963.51,5
I0009431,O003115,P00224,3,5143.91,70
I0009432,O003116,P00533,2,6572.18,0
I0009433,O003116,P00422,5,48875.11,15
I0009434,O003116,P00024,3,141697.05,0
I0009435,O003117,P00533,1,6881.04,15
I0009436,O003117,P00467,3,1439.39,20
I0009437,O003117,P00546,2,5417.78,5
I0009438,O003118,P00473,3,2993.29,30
I0009439,O003118,P00497,5,2953.41,30
I0009440,O003118,P00526,3,450.09,15
I0009441,O003118,P00338,1,791.61,15
I0009442,O003119,P00073,-4,21180.96,0
I0009443,O003119,P00127,1,139706.97,30
I0009444,O003119,P00040,3,161269.8,0
I0009445,O003120,P00281,2,1705.09,0
I0009446,O003120,P00104,5,64118.3,40
I0009447,O003120,P00470,4,2486.98,30
I0009448,O003120,P00377,4,12183.13,10
I0009449,O003121,P00365,1,1832.34,20
I0009450,O003121,P00178,3,7523.1,50
I0009451,O003121,P00036,3,145406.42,0
I0009452,O003121,P00073,2,14926.12,15
I0009453,O003122,P00316,2,1555.65,50
I0009454,O003123,P00497,0,2299.25,20
I0009455,O003123,P00331,3,892.04,5
I0009456,O003124,P00467,4,1572.19,0
I0009457,O003125,P00398,1,1257.82,0
I0009458,O003125,P00072,1,46843.81,20
I0009459,O003126,P00070,-5,146172.08,0
I0009460,O003126,P00538,4,1226.39,50
I0009461,O003126,P00390,4,14813.81,10
I0009462,O003127,P00031,5,3308.4,0
I0009463,O003128,P00316,2,2199.54,15
I0009464,O003128,P00453,3,2099.64,20
I0009465,O003128,P00414,2,30942.46,50
I0009466,O003128,P00102,2,141320.35,40
I0009467,O003128,P00193,4,3825.23,15
I0009468,O003129,P00224,3,5798.38,10
I0009469,O003129,P00085,1,88217.12,0
I0009470,O003129,P00148,1,202901.93,20
I0009471,O003130,P00065,3,122997.71,50
I0009472,O003130,P00480,5,535.38,70
I0009473,O003130,P00301,3,1983.06,0
I0009474,O003131,P00148,4,197667.92,15
I0009475,O003131,P00047,-4,55791.93,0
I0009476,O003131,P00085,5,74531.68,40
I0009477,O003131,P00072,1,70446.87,20
I0009478,O003131,P00440,3,6232.07,30
I0009479,O003132,P00289,5,1674.07,5
I0009480,O003132,P00240,4,9168.61,50
I0009481,O003132,P00197,5,4316.57,20
I0009482,O003132,P00331,4,1176.44,30
I0009483,O003133,P00143,3,93994.75,30
I0009484,O003133,P00127,1,152823.86,50
I0009485,O003133,P00239,3,5741.35,5
I0009486,O003133,P00281,1,2172.77,30
I0009487,O003133,P00188,4,862.58,70
I0009488,O003134,P00112,4,220035.51,0
I0009489,O003134,P00127,2,160275.06,30
I0009490,O003135,P00273,1,11338.86,50
I0009491,O003135,P00546,4,4841.89,5
I0009492,O003135,P00106,5,82972.35,5
I0009493,O003135,P00407,3,30330.76,30
I0009494,O003136,P00439,1,44890.41,20
I0009495,O003136,P00262,1,5263.98,15
I0009496,O003137,P00225,4,4129.34,20
I0009497,O003137,P00250,0,927.19,20
I0009498,O003138,P00486,1,11664.7,70
I0009499,O003138,P00104,3,52762.24,20
I0009500,O003138,P00247,2,4865.32,15
I0009501,O003138,P00259,3,2104.27,15
I0009502,O003138,P00108,1,139612.71,20
I0009503,O003139,P00398,5,1197.27,40
I0009504,O003140,P00359,-3,584.83,20
I0009505,O003140,P00415,2,29480.91,50
I0009506,O003140,P00480,4,885.7,5
I0009507,O003140,P00224,3,3555.11,70
I0009508,O003140,P00242,3,978.04,5
I0009509,O003141,P00332,4,2454.27,20
I0009510,O003141,P00224,5,3689.3,70
I0009511,O003141,P00012,1,109380.38,15
I0009512,O003142,P00430,4,55571.98,20
I0009513,O003143,P00078,4,226015.73,0
I0009514,O003143,P00070,4,108870.87,10
I0009515,O003144,P00193,2,4243.29,5
I0009516,O003144,P00470,0,1615.5,50
I0009517,O003144,P00313,4,900.68,5
I0009518,O003144,P00384,5,4921.42,30
I0009519,O003144,P00026,1,5257.77,15
I0009520,O003145,P00332,2,2392.57,70
I0009521,O003145,P00414,1,34399.12,50
I0009522,O003146,P00133,2,220663.87,10
I0009523,O003146,P00165,3,8364.22,15
I0009524,O003146,P00422,5,52060.98,5
I0009525,O003146,P00257,4,658.61,0
I0009526,O003146,P00538,2,1457.75,30
I0009527,O003147,P00106,3,88110.25,20
I0009528,O003147,P00229,1,2278.12,30
I0009529,O003148,P00018,3,44661.97,70
I0009530,O003148,P00026,5,6260.88,70
I0009531,O003148,P00437,5,19226.59,30
I0009532,O003148,P00392,1,24686.28,20
I0009533,O003149,P00053,1,164243.7,5
I0009534,O003150,P00012,5,147110.2,20
I0009535,O003150,P00481,5,954.0,70
I0009536,O003151,P00194,1,1636.42,40
I0009537,O003151,P00026,1,5548.2,30
I0009538,O003151,P00332,3,1514.09,20
I0009539,O003152,P00145,5,79062.41,30
I0009540,O003152,P00127,2,186484.9,5
I0009541,O003152,P00427,5,2234.26,0
I0009542,O003152,P00447,3,671.72,10
I0009543,O003153,P00343,3,551.76,5
I0009544,O003153,P00320,5,99.56,50
I0009545,O003153,P00171,-2,9760.73,20
I0009546,O003153,P00546,4,5737.96,15
I0009547,O003153,P00120,5,7545.83,70
I0009548,O003154,P00474,1,1336.63,70
I0009549,O003154,P00474,1,1385.42,30
I0009550,O003154,P00111,1,37371.82,20
I0009551,O003154,P00187,5,4423.33,20
I0009552,O003155,P00070,5,117749.97,15
I0009553,O003156,P00018,4,34826.05,70
I0009554,O003156,P00268,1,3165.24,40
I0009555,O003157,P00486,5,16192.07,70
I0009556,O003157,P00422,5,58489.36,0
I0009557,O003157,P00082,3,125605.19,30
I0009558,O003157,P00343,1,350.61,0
I0009559,O003157,P00331,-4,1474.74,10
I0009560,O003158,P00384,4,5509.87,70
I0009561,O003158,P00169,3,2082.28,50
I0009562,O003159,P00187,3,6444.51,20
I0009563,O003159,P00457,5,919.17,70
I0009564,O914499,P00131,4,91251.67,40
I0009565,O003159,P00332,4,1544.99,50
I0009566,O003159,P00212,1,3323.66,0
I0009567,O003160,P00529,2,4708.07,40
I0009568,O003160,P00320,2,166.02,0
I0009569,O003161,P00409,2,10656.0,50
I0009570,O003161,P00212,4,2795.5,40
I0009571,O003161,P00517,2,26629.82,15
I0009572,O003161,P00474,5,1677.01,40
I0009573,O003161,P00202,1,2046.91,15
I0009574,O003162,P00197,5,5138.41,50
I0009575,O003162,P00079,4,5566.73,70
I0009576,O003162,P00065,4,110688.43,50
I0009577,O003162,P00131,1,94309.75,30
I0009578,O003163,P00120,5,10970.65,5
I0009579,O003163,P00198,3,6105.65,50
I0009580,O003164,P00171,4,7123.6,20
I0009581,O003164,P00512,5,4648.95,10
I0009582,O003164,P00533,4,5843.86,70
I0009583,O003164,P00171,4,7487.41,40
I0009584,O003164,P00212,1,4221.54,10
I0009585,O003165,P00035,5,107809.21,15
I0009586,O003166,P00310,5,1567.76,40
I0009587,O003166,P00188,4,486.75,30
I0009588,O003167,P00111,4,43142.02,10
I0009589,O003167,P00399,2,19447.71,5
I0009590,O003167,P00013,2,160971.16,5
I0009591,O003167,P00388,3,6814.23,40
I0009592,O003167,P00415,1,20002.34,20
I0009593,O003168,P00198,2,6486.43,50
I0009594,O003168,P00170,2,5616.15,110
I0009595,O003168,P00190,3,5599.61,20
I0009596,O003168,P00320,1,107.84,70
I0009597,O003169,P00533,3,5863.87,0
I0009598,O003169,P00526,3,456.99,15
I0009599,O003169,P00040,5,119522.0,0
I0009600,O003170,P00390,5,13755.82,10
I0009601,O003170,P00171,1,10719.06,121
I0009602,O003170,P00155,5,105604.33,70
I0009603,O003170,P00229,3,2836.3,0
I0009604,O003170,P00332,1,2028.65,70
I0009605,O003171,P00057,5,137088.06,5
I0009606,O003171,P00246,3,1859.62,0
I0009607,O003171,P00121,1,68114.59,15
I0009608,O003172,P00193,3,2962.12,0
I0009609,O003172,P00102,4,219267.61,40
I0009610,O003172,P00252,2,4063.89,10
I0009611,O926914,P00012,3,145895.68,50
I0009612,O003173,P00080,3,182687.8,30
I0009613,O003174,P00145,1,98752.95,5
I0009614,O003175,P00390,1,18086.74,15
I0009615,O003175,P00332,3,1470.24,0
I0009616,O003175,P00189,2,7227.85,5
I0009617,O003175,P00202,2,2086.04,10
I0009618,O003175,P00462,2,377.33,70
I0009619,O003176,P00338,4,780.43,10
I0009620,O003176,P00381,2,15474.09,5
I0009621,O003176,P00063,3,1454.35,20
I0009622,O918613,P00395,3,29106.31,40
I0009623,O003177,P00264,2,8133.24,10
I0009624,O003177,P00111,5,34965.03,50
I0009625,O003177,P00519,5,23036.44,126
I0009626,O003177,P00388,2,9485.37,5
I0009627,O003178,P00473,1,2067.22,50
I0009628,O003178,P00486,1,10675.9,20
I0009629,O003178,P00338,3,1168.09,10
I0009630,O003178,P00058,4,43072.3,5
I0009631,O003178,P00148,4,178031.59,0
I0009632,O003179,P00393,1,51601.45,5
I0009633,O003179,P00407,5,40222.8,30
I0009634,O950669,P00070,5,135093.23,5
I0009635,O003179,P00441,4,2134.56,70
I0009636,O003179,P00121,4,47345.31,70
I0009637,O003180,P00481,1,701.99,40
I0009638,O003180,P00023,1,59097.79,40
I0009639,O003180,P00103,4,61931.48,20
I0009640,O003181,P00486,5,11484.3,119
I0009641,O003181,P00437,2,10509.8,10
I0009642,O003181,P00171,3,7535.53,30
I0009643,O003181,P00170,3,6698.5,50
I0009644,O003181,P00538,5,1009.62,40
I0009645,O003182,P00012,2,178059.61,20
I0009646,O003182,P00422,1,42200.81,50
I0009647,O003182,P00320,3,175.89,15
I0009648,O003182,P00450,5,610.26,30
I0009649,O003183,P00409,1,12463.4,15
I0009650,O003183,P00102,1,119174.68,5
I0009651,O003183,P00466,4,2673.0,20
I0009652,O003184,P00090,2,38934.03,15
I0009653,O003184,P00533,5,4773.95,20
I0009654,O003184,P00047,4,72042.32,20
I0009655,O003184,P00393,3,46262.7,40
I0009656,O003184,P00018,5,37519.54,50
I0009657,O003185,P00198,4,7243.51,70
I0009658,O003185,P00171,1,8496.26,30
I0009659,O003185,P00422,1,52381.33,50
I0009660,O003185,P00188,4,861.91,0
I0009661,O003185,P00281,5,1863.64,0
I0009662,O003186,P00338,4,773.19,50
I0009663,O003187,P00198,2,7769.83,5
I0009664,O003187,P00072,1,72685.11,0
I0009665,O003187,P00084,4,119156.27,30
I0009666,O003187,P00233,4,5237.63,40
I0009667,O003187,P00025,4,107864.75,30
I0009668,O003188,P00422,5,43123.66,50
I0009669,O003188,P00036,2,137843.56,15
I0009670,O003189,P00407,3,33449.62,5
I0009671,O003189,P00515,1,25809.07,40
I0009672,O003189,P00036,1,108451.23,50
I0009673,O003189,P00194,5,1560.0,20
I0009674,O003190,P00538,3,1209.09,70
I0009675,O003190,P00486,3,14420.12,15
I0009676,O003190,P00470,4,2599.81,10
I0009677,O003190,P00202,2,1539.09,10
I0009678,O003191,P00409,3,15497.18,20
I0009679,O003191,P00388,5,7653.67,15
I0009680,O003191,P00337,5,720.28,50
I0009681,O003192,P00170,3,7540.45,30
I0009682,O003192,P00497,4,2906.25,70
I0009683,O003192,P00496,2,1705.7,50
I0009684,O003192,P00473,1,1848.7,20
I0009685,O003193,P00111,2,45761.15,40
I0009686,O003193,P00316,3,2325.3,15
I0009687,O003193,P00331,2,930.81,40
I0009688,O003193,P00365,2,1245.91,10
I0009689,O003194,P00171,2,7556.43,10
I0009690,O003194,P00477,3,1695.39,10
I0009691,O003194,P00096,2,194587.9,70
I0009692,O003194,P00398,3,1456.12,10
I0009693,O003195,P00234,3,4560.7,10
I0009694,O003195,P00018,1,49795.31,10
I0009695,O003195,P00388,5,11547.98,40
I0009696,O003195,P00486,3,10992.44,5
I0009697,O003195,P00171,2,10750.68,20
I0009698,O003196,P00536,4,891.34,50
I0009699,O003196,P00097,4,80543.84,30
I0009700,O003196,P00141,5,186459.67,30
I0009701,O003196,P00338,1,711.22,40
I0009702,O003196,P00108,2,144474.89,15
I0009703,O003197,P00131,5,118188.74,50
I0009704,O003197,P00388,1,7827.69,30
I0009705,O003197,P00224,1,3257.16,0
I0009706,O003197,P00390,2,15402.05,40
I0009707,O003197,P00381,5,14437.25,5
I0009708,O003198,P00026,2,5583.21,15
I0009709,O003198,P00149,5,73835.14,40
I0009710,O003199,P00121,2,56051.44,20
I0009711,O003200,P00409,1,16676.32,70
I0009712,O003200,P00262,4,5683.25,15
I0009713,O003200,P00202,4,1878.87,10
I0009714,O003200,P00422,5,55786.45,15
I0009715,O003200,P00096,5,114717.64,10
I0009716,O003201,P00486,4,13526.96,20
I0009717,O003202,P00070,3,127988.56,10
I0009718,O003203,P00388,3,9224.64,10
I0009719,O003203,P00453,-2,1837.68,5
I0009720,O003203,P00546,3,5884.38,0
I0009721,O003203,P00320,5,141.95,30
I0009722,O003204,P00178,1,9069.99,70
I0009723,O003204,P00178,1,8540.94,5
I0009724,O003205,P00474,4,1631.13,10
I0009725,O003205,P00474,-1,1321.67,15
I0009726,O003205,P00096,3,133848.79,70
I0009727,O003206,P00193,-2,4510.54,70
I0009728,O003206,P00414,4,36804.31,0
I0009729,O003207,P00398,3,1657.13,30
I0009730,O003207,P00496,3,2414.94,70
I0009731,O003207,P00409,1,10689.15,5
I0009732,O003207,P00331,1,1542.62,0
I0009733,O972967,P00512,3,2447.93,20
I0009734,O003208,P00497,3,2525.21,70
I0009735,O003208,P00497,4,2786.8,30
I0009736,O003208,P00338,2,744.55,5
I0009737,O003208,P00497,5,2763.14,40
I0009738,O003209,P00377,-2,16851.49,20
I0009739,O003209,P00388,1,11369.11,5
I0009740,O003210,P00065,-5,86288.32,40
I0009741,O003210,P00247,1,6706.54,40
I0009742,O003210,P00232,4,11686.07,0
I0009743,O003211,P00334,2,1178.43,0
I0009744,O003211,P00072,5,62168.92,10
I0009745,O003212,P00096,2,185961.43,0
I0009746,O003212,P00450,4,421.85,70
I0009747,O003212,P00402,2,802.63,70
I0009748,O003212,P00409,2,11649.81,50
I0009749,O003213,P00476,4,2112.61,40
I0009750,O003213,P00533,4,6491.71,40
I0009751,O003213,P00337,5,732.02,20
I0009752,O003214,P00469,1,352.81,0
I0009753,O003214,P00449,4,1436.92,5
I0009754,O003214,P00133,3,186954.95,5
I0009755,O003215,P00525,4,10496.08,10
I0009756,O003216,P00538,-3,1449.35,50
I0009757,O003216,P00199,1,4934.14,40
I0009758,O003216,P00047,2,84035.33,10
I0009759,O003217,P00185,4,6996.63,5
I0009760,O003217,P00233,3,6875.83,30
I0009761,O003217,P00007,2,40305.04,20
I0009762,O003218,P00121,5,76762.72,0
I0009763,O003218,P00412,5,11089.96,5
I0009764,O003218,P00078,1,216999.15,30
I0009765,O003218,P00140,1,215885.6,5
I0009766,O003219,P00213,5,6343.69,50
I0009767,O003219,P00354,5,1954.9,5
I0009768,O003219,P00415,4,27901.54,40
I0009769,O003220,P00320,2,149.65,40
I0009770,O003221,P00512,4,3872.6,5
I0009771,O003221,P00529,2,5622.72,5
I0009772,O003222,P00078,3,201786.85,70
I0009773,O003222,P00388,4,9471.63,5
I0009774,O003222,P00015,1,59311.26,5
I0009775,O982836,P00198,2,7543.98,50
I0009776,O003222,P00070,1,143014.31,20
I0009777,O003223,P00171,3,11002.87,50
I0009778,O003223,P00398,1,1131.97,0
I0009779,O003224,P00199,3,4168.02,20
I0009780,O003224,P00467,4,1462.72,10
I0009781,O003225,P00212,5,3478.28,5
I0009782,O003225,P00430,5,33734.1,70
I0009783,O003226,P00413,2,29060.26,30
I0009784,O003226,P00414,1,27688.83,5
I0009785,O003226,P00025,4,173267.25,10
I0009786,O003226,P00496,3,2335.52,0
I0009787,O003226,P00360,2,276.3,10
I0009788,O003227,P00384,-2,5112.74,40
I0009789,O003227,P00178,1,7252.27,10
I0009790,O003228,P00047,3,53806.46,40
I0009791,O003228,P00388,1,7089.03,30
I0009792,O003228,P00518,1,12363.54,30
I0009793,O003229,P00012,3,131032.25,30
I0009794,O941414,P00070,3,135056.45,15
I0009795,O003229,P00470,3,2096.37,70
I0009796,O003229,P00047,2,70372.81,40
I0009797,O003229,P00428,3,12255.7,0
I0009798,O003230,P00320,5,171.29,121
I0009799,O003230,P00427,5,3419.82,15
I0009800,O003230,P00127,4,134211.86,0
I0009801,O003230,P00198,1,7387.89,40
I0009802,O003230,P00461,5,1418.46,20
I0009803,O964833,P00065,5,80884.63,10
I0009804,O003231,P00212,3,4578.92,0
I0009805,O003231,P00344,3,1344.06,20
I0009806,O003231,P00486,2,17109.58,124
I0009807,O003232,P00212,2,4931.21,70
I0009808,O003232,P00023,3,47958.15,30
I0009809,O003232,P00538,3,1361.53,20
I0009810,O003233,P00550,0,5420.81,15
I0009811,O003233,P00018,4,48413.52,70
I0009812,O003233,P00063,2,1361.61,70
I0009813,O003233,P00331,3,1043.8,10
I0009814,O003234,P00124,5,11724.74,0
I0009815,O003234,P00309,4,1839.77,0
I0009816,O003234,P00393,3,43893.98,50
I0009817,O003234,P00242,5,701.72,30
I0009818,O003234,P00388,4,12421.99,40
I0009819,O003235,P00422,-5,53297.35,40
I0009820,O003235,P00127,4,175902.98,30
I0009821,O003235,P00493,5,26553.66,20
I0009822,O003235,P00538,2,1438.63,10
I0009823,O003236,P00467,3,1640.74,50
I0009824,O003237,P00229,2,3463.43,30
I0009825,O003238,P00409,2,10928.35,5
I0009826,O003239,P00188,1,632.11,15
I0009827,O003239,P00193,5,4139.08,30
I0009828,O003240,P00393,5,51323.99,50
I0009829,O003241,P00393,1,36183.24,0
I0009830,O003241,P00515,1,14930.48,70
I0009831,O003241,P00190,2,5549.9,10
I0009832,O003241,P00118,3,127338.89,5
I0009833,O003241,P00248,4,6458.97,5
I0009834,O003242,P00199,4,5022.99,15
I0009835,O003243,P00242,4,978.57,30
I0009836,O003243,P00091,1,124829.46,0
I0009837,O003243,P00331,1,1302.09,30
I0009838,O003243,P00127,1,177880.82,0
I0009839,O003244,P00140,2,163068.88,30
I0009840,O003244,P00257,3,778.16,143
I0009841,O003244,P00171,1,8642.65,15
I0009842,O003244,P00198,3,4865.65,40
I0009843,O003245,P00497,5,2782.1,70
I0009844,O003246,P00289,3,1266.93,40
I0009845,O003246,P00063,1,1553.05,40
I0009846,O003246,P00467,3,1381.41,5
I0009847,O003247,P00407,3,31169.32,5
I0009848,O003247,P00526,4,423.17,0
I0009849,O003247,P00474,4,1718.02,0
I0009850,O003247,P00398,4,1462.24,5
I0009851,O003247,P00170,4,5780.37,30
I0009852,O003248,P00497,4,3515.72,129
I0009853,O003248,P00550,5,5960.95,10
I0009854,O003248,P00409,4,10643.57,20
I0009855,O003248,P00202,2,1395.82,40
I0009856,O003248,P00332,5,1933.95,10
I0009857,O003249,P00406,4,30436.54,10
I0009858,O003250,P00390,1,14423.6,30
I0009859,O003250,P00320,5,118.65,0
I0009860,O003251,P00397,3,27630.92,30
I0009861,O003252,P00012,3,147788.82,15
I0009862,O003252,P00417,2,26048.89,20
I0009863,O003252,P00120,1,9506.8,0
I0009864,O003252,P00320,3,101.07,10
I0009865,O003252,P00121,1,43266.74,15
I0009866,O003253,P00437,4,11680.28,10
I0009867,O003253,P00467,2,2225.68,10
I0009868,O003254,P00203,5,5328.62,40
I0009869,O003254,P00140,1,209361.1,70
I0009870,O003254,P00409,5,15009.07,40
I0009871,O003254,P00073,1,16439.44,0
I0009872,O003254,P00145,2,119888.89,15
I0009873,O003255,P00482,1,897.65,70
I0009874,O003255,P00474,1,1435.03,0
I0009875,O003255,P00012,2,148938.84,30
I0009876,O003256,P00192,5,726.95,30
I0009877,O003256,P00111,1,36631.83,20
I0009878,O003257,P00354,1,1480.09,50
I0009879,O003257,P00047,2,89163.78,0
I0009880,O003257,P00127,1,204911.94,0
I0009881,O003257,P00526,4,284.1,5
I0009882,O003257,P00497,4,2455.08,70
I0009883,O003258,P00503,2,22022.17,5
I0009884,O003258,P00012,3,161074.91,0
I0009885,O003258,P00005,1,70380.58,40
I0009886,O003259,P00457,1,1321.31,20
I0009887,O003260,P00422,4,62443.24,5
I0009888,O003260,P00007,2,49353.09,20
I0009889,O003261,P00466,5,2869.86,5
I0009890,O003261,P00337,5,818.71,70
I0009891,O003261,P00522,0,39478.32,40
I0009892,O003262,P00247,2,7134.16,15
I0009893,O003262,P00080,2,137670.97,70
I0009894,O003262,P00442,2,1572.06,5
I0009895,O003263,P00206,5,738.87,5
I0009896,O003263,P00533,5,5029.46,30
I0009897,O003263,P00040,3,116451.87,70
I0009898,O003263,P00422,1,44085.45,5
I0009899,O003263,P00170,2,5778.2,70
I0009900,O003264,P00107,5,155870.11,15
I0009901,O003264,P00101,3,127990.24,0
I0009902,O003264,P00377,4,18866.92,10
I0009903,O003264,P00377,1,11979.09,10
I0009904,O003264,P00480,5,705.28,20
I0009905,O003265,P00063,2,1597.77,40
I0009906,O003265,P00422,1,43256.81,20
I0009907,O003266,P00224,1,3442.77,50
I0009908,O003266,P00384,4,5671.75,20
I0009909,O003267,P00072,5,41379.42,20
I0009910,O003267,P00227,5,1538.47,40
I0009911,O003267,P00228,2,10154.39,5
I0009912,O003267,P00457,3,854.92,5
I0009913,O003267,P00496,2,2647.52,15
I0009914,O003268,P00121,2,48220.58,0
I0009915,O003268,P00080,2,127341.98,30
I0009916,O003268,P00463,3,2790.54,20
I0009917,O003269,P00046,4,50797.33,10
I0009918,O978819,P00141,1,126786.01,0
I0009919,O003269,P00312,1,540.57,0
I0009920,O003270,P00063,5,1493.62,30
I0009921,O003270,P00127,3,219748.25,20
I0009922,O003270,P00078,3,189589.92,15
I0009923,O003270,P00341,2,639.32,70
I0009924,O003271,P00512,5,6053.87,5
I0009925,O003272,P00426,5,17882.14,70
I0009926,O003272,P00079,1,4625.67,30
I0009927,O003272,P00545,-1,2201.89,15
I0009928,O003273,P00080,5,111113.28,40
I0009929,O003274,P00473,5,2949.94,20
I0009930,O003274,P00080,4,135020.46,70
I0009931,O003274,P00512,2,4645.57,5
I0009932,O003274,P00170,2,8114.05,20
I0009933,O003274,P00187,2,6146.29,40
I0009934,O003275,P00078,4,139964.07,10
I0009935,O003275,P00409,4,13383.63,70
I0009936,O934919,P00170,3,6725.11,10
I0009937,O999884,P00224,4,5238.92,30
I0009938,O954672,P00121,2,50240.73,0
I0009939,O003276,P00393,2,52951.09,30
I0009940,O003276,P00384,2,7927.03,30
I0009941,O003276,P00026,1,8195.24,50
I0009942,O003277,P00415,5,34957.57,5
I0009943,O003277,P00486,4,12569.83,50
I0009944,O003277,P00080,2,188337.3,50
I0009945,O003277,P00212,1,3680.75,10
I0009946,O003278,P00268,4,3704.69,70
I0009947,O003278,P00169,4,1829.18,5
I0009948,O003279,P00338,-1,823.56,10
I0009949,O003279,P00470,1,1601.66,0
I0009950,O003280,P00052,4,139110.36,70
I0009951,O003280,P00259,3,1518.67,70
I0009952,O003280,P00497,1,3988.77,40
I0009953,O003280,P00080,2,173908.41,20
I0009954,O003280,P00398,3,991.16,15
I0009955,O003281,P00131,4,79291.14,40
I0009956,O003281,P00480,1,841.76,15
I0009957,O003282,P00281,3,2366.04,50
I0009958,O003282,P00276,2,7243.13,70
I0009959,O003282,P00486,4,10349.7,15
I0009960,O003282,P00515,3,15133.24,70
I0009961,O003283,P00393,1,48515.3,40
I0009962,O003283,P00497,4,3807.4,0
I0009963,O003283,P00148,2,163290.2,20
I0009964,O003283,P00446,5,866.19,50
I0009965,O003284,P00145,2,87957.67,20
I0009966,O003284,P00035,2,151822.23,5
I0009967,O003284,P00208,2,9252.27,30
I0009968,O003285,P00229,4,3584.73,70
I0009969,O003285,P00314,2,630.01,0
I0009970,O003285,P00164,5,9929.36,20
I0009971,O003285,P00198,5,7366.87,10
I0009972,O003286,P00127,3,122053.9,5
I0009973,O003286,P00111,1,29182.22,50
I0009974,O003286,P00329,-2,705.52,30
I0009975,O003286,P00133,0,150199.71,40
I0009976,O003286,P00249,5,4166.51,30
I0009977,O003287,P00414,1,45944.07,70
I0009978,O003287,P00331,5,912.75,5
I0009979,O003288,P00082,4,168020.44,40
I0009980,O003288,P00384,3,5187.29,40
I0009981,O954310,P00178,5,10879.17,10
I0009982,O003288,P00079,1,5909.17,30
I0009983,O003289,P00126,2,145915.67,30
I0009984,O003289,P00025,5,105436.15,15
I0009985,O003289,P00161,4,10249.33,50
I0009986,O003289,P00047,4,59273.99,15
I0009987,O003290,P00170,4,4784.42,15
I0009988,O003290,P00193,1,3118.1,40
I0009989,O003290,P00337,2,741.7,0
I0009990,O003291,P00473,2,2324.74,15
I0009991,O003291,P00389,1,3019.45,70
I0009992,O003291,P00474,5,1004.18,50
I0009993,O003292,P00437,1,14319.28,10
I0009994,O003293,P00164,1,9077.72,5
I0009995,O003294,P00188,4,607.17,15
I0009996,O003294,P00170,4,5908.1,20
I0009997,O003294,P00012,4,141753.31,5
I0009998,O003295,P00197,4,4082.89,15
I0009999,O003296,P00486,5,14917.31,5
I0010000,O003296,P00387,1,9914.12,5
I0010001,O003296,P00080,5,134538.98,50
I0010002,O003297,P00481,2,855.66,5
I0010003,O003297,P00470,3,1778.24,0
I0010004,O003297,P00063,2,1759.33,70
I0010005,O003297,P00410,2,49491.95,70
I0010006,O003297,P00474,5,1369.59,70
I0010007,O003298,P00398,5,1275.54,50
I0010008,O003298,P00171,5,7793.02,0
I0010009,O003298,P00198,3,4544.93,0
I0010010,O003298,P00026,5,4541.98,15
I0010011,O003299,P00198,5,5656.7,70
I0010012,O003299,P00470,1,2426.31,50
I0010013,O003300,P00546,4,6454.16,50
I0010014,O003300,P00467,1,1578.62,15
I0010015,O003301,P00140,2,192599.5,40
I0010016,O003301,P00131,-1,77826.65,15
I0010017,O003301,P00414,1,41734.59,50
I0010018,O003301,P00072,4,64162.42,40
I0010019,O003302,P00197,5,3117.36,10
I0010020,O003302,P00141,2,198644.06,10
I0010021,O003302,P00472,5,1678.85,30
I0010022,O003303,P00010,3,45791.88,50
I0010023,O003303,P00443,5,2550.58,40
I0010024,O003303,P00467,1,2170.63,70
I0010025,O003303,P00474,-3,1636.98,15
I0010026,O003304,P00470,3,1676.42,20
I0010027,O003304,P00467,-4,2249.02,5
I0010028,O003304,P00377,1,19929.58,10
I0010029,O003305,P00155,4,149255.02,70
I0010030,O003305,P00538,2,1318.35,20
I0010031,O003306,P00070,3,131402.59,10
I0010032,O003306,P00082,1,218772.72,10
I0010033,O003307,P00534,1,6356.37,10
I0010034,O003308,P00046,3,50440.81,70
I0010035,O003308,P00141,2,181539.25,20
I0010036,O003309,P00412,4,11124.93,15
I0010037,O003309,P00341,2,892.14,50
I0010038,O003309,P00082,1,161823.12,50
I0010039,O003309,P00101,4,122582.49,20
I0010040,O003310,P00430,0,35144.33,50
I0010041,O003310,P00497,1,3564.17,30
I0010042,O003310,P00343,4,340.74,15
I0010043,O003311,P00337,1,835.48,15
I0010044,O003311,P00281,1,2723.69,70
I0010045,O003312,P00346,2,855.45,40
I0010046,O003312,P00295,1,313.84,0
I0010047,O003312,P00466,3,1616.07,70
I0010048,O003313,P00149,4,71222.83,0
I0010049,O003313,P00450,-4,695.06,50
I0010050,O003313,P00486,1,13008.61,20
I0010051,O003313,P00407,3,35829.4,30
I0010052,O003314,P00224,2,3897.9,50
I0010053,O003314,P00140,3,147831.88,15
I0010054,O003314,P00533,1,4427.78,70
I0010055,O003315,P00437,5,13416.5,15
I0010056,O003315,P00409,3,14323.08,70
I0010057,O003316,P00406,5,39230.47,5
I0010058,O003316,P00548,3,3928.31,70
I0010059,O003316,P00250,5,1623.95,20
I0010060,O003317,P00080,1,154918.31,5
I0010061,O003318,P00467,1,2000.43,20
I0010062,O003318,P00388,2,10953.1,50
I0010063,O003318,P00080,5,145785.04,50
I0010064,O003319,P00020,3,136577.79,30
I0010065,O003319,P00523,2,13971.32,20
I0010066,O003319,P00463,4,2725.0,10
I0010067,O003320,P00534,4,3866.72,70
I0010068,O003320,P00118,1,118991.35,0
I0010069,O003320,P00116,2,152300.29,30
I0010070,O003321,P00047,5,68274.45,15
I0010071,O003321,P00063,2,1482.02,10
I0010072,O003321,P00080,1,158944.68,50
I0010073,O003321,P00096,5,110487.22,0
I0010074,O003321,P00358,4,3936.23,50
I0010075,O003322,P00422,1,37453.77,0
I0010076,O003322,P00197,5,4737.76,40
I0010077,O003323,P00479,4,1859.22,30
I0010078,O003323,P00466,5,1784.12,20
I0010079,O003324,P00263,2,7858.97,5
I0010080,O003324,P00121,3,55373.14,10
I0010081,O003324,P00190,-4,5445.47,10
I0010082,O003325,P00422,1,34330.0,10
I0010083,O003326,P00198,3,6501.43,30
I0010084,O003327,P00407,5,37067.26,15
I0010085,O003327,P00414,1,41945.12,20
I0010086,O003327,P00533,4,6668.51,0
I0010087,O003327,P00249,1,4272.41,0
I0010088,O003328,P00533,1,6249.67,15
I0010089,O003328,P00118,5,131497.47,50
I0010090,O003328,P00333,4,1430.78,5
I0010091,O003328,P00486,3,12637.01,112
I0010092,O003329,P00112,1,203752.15,10
I0010093,O003329,P00393,1,55111.02,5
I0010094,O003329,P00065,5,140150.59,15
I0010095,O003330,P00437,2,11323.74,5
I0010096,O003331,P00538,1,1507.49,40
I0010097,O003331,P00332,4,1630.0,0
I0010098,O003331,P00475,5,1916.89,15
I0010099,O003331,P00332,1,1623.98,10
I0010100,O003332,P00090,4,36703.05,70
I0010101,O003333,P00197,4,4947.59,70
I0010102,O003334,P00393,2,59333.87,141
I0010103,O003334,P00190,-1,6287.8,50
I0010104,O003335,P00415,2,22087.87,30
I0010105,O003335,P00226,4,4230.48,15
I0010106,O003335,P00018,2,42270.17,20
I0010107,O003336,P00407,4,25223.89,70
I0010108,O003337,P00533,4,6735.36,15
I0010109,O003337,P00505,2,17191.34,10
I0010110,O003337,P00497,4,2404.59,20
I0010111,O003337,P00514,4,13037.26,50
I0010112,O003338,P00343,1,543.62,20
I0010113,O900566,P00448,2,1836.14,40
I0010114,O003338,P00141,2,198871.37,50
I0010115,O003338,P00484,3,595.17,30
I0010116,O003338,P00474,4,1683.0,5
I0010117,O003339,P00473,4,1704.35,15
I0010118,O003339,P00091,5,131806.41,30
I0010119,O003339,P00326,3,807.64,20
I0010120,O003340,P00025,-2,140420.26,20
I0010121,O003341,P00393,1,48359.86,10
I0010122,O003341,P00533,4,6188.8,10
I0010123,O003342,P00443,5,2835.86,70
I0010124,O003342,P00067,3,48451.14,15
I0010125,O003342,P00410,1,33839.43,20
I0010126,O003342,P00466,2,2835.47,70
I0010127,O003343,P00466,1,1887.13,122
I0010128,O003344,P00133,4,149797.92,50
I0010129,O003344,P00408,-1,35286.52,15
I0010130,O003344,P00281,1,2914.62,20
I0010131,O003344,P00127,2,151546.61,0
I0010132,O003345,P00409,4,14215.82,0
I0010133,O003346,P00281,1,2370.94,30
I0010134,O003346,P00422,4,61232.75,10
I0010135,O003346,P00070,2,142094.4,20
I0010136,O003346,P00082,-2,167969.79,0
I0010137,O003347,P00229,5,3693.52,50
I0010138,O003347,P00486,2,13802.86,30
I0010139,O003347,P00474,1,1214.77,50
I0010140,O003348,P00332,3,1313.57,40
I0010141,O003348,P00129,2,145851.93,10
I0010142,O003348,P00128,3,55298.81,40
I0010143,O003348,P00065,1,147227.4,40
I0010144,O003348,P00415,3,35567.28,30
I0010145,O003349,P00024,3,129975.41,30
I0010146,O003349,P00536,4,867.72,70
I0010147,O003349,P00172,5,8892.99,30
I0010148,O003349,P00082,2,172259.8,70
I0010149,O003349,P00188,4,871.58,20
I0010150,O003350,P00541,4,3259.09,5
I0010151,O003350,P00430,3,39416.59,30
I0010152,O003350,P00199,5,3113.32,40
I0010153,O003351,P00141,2,166092.8,40
I0010154,O003351,P00224,2,3611.42,50
I0010155,O003351,P00065,2,105099.32,30
I0010156,O003351,P00237,3,4876.09,0
I0010157,O003351,P00212,4,3634.13,50
I0010158,O003352,P00463,4,2528.23,10
I0010159,O003352,P00175,1,11643.75,15
I0010160,O003352,P00474,2,1615.74,50
I0010161,O003353,P00332,5,1635.59,50
I0010162,O003353,P00063,5,1580.32,70
I0010163,O003353,P00036,4,136433.29,50
I0010164,O003353,P00393,5,51080.12,10
I0010165,O003353,P00393,3,43428.62,5
I0010166,O003354,P00422,2,54777.76,15
I0010167,O003355,P00212,2,3014.94,70
I0010168,O003355,P00527,5,9740.55,15
I0010169,O003355,P00377,1,16931.17,20
I0010170,O003355,P00546,5,6341.08,40
I0010171,O003355,P00165,-5,6404.02,15
I0010172,O003356,P00194,4,2299.39,70
I0010173,O003356,P00466,2,1943.16,5
I0010174,O003356,P00088,5,24841.16,20
I0010175,O003357,P00407,4,35913.62,70
I0010176,O003358,P00268,3,2366.46,30
I0010177,O003359,P00458,2,1792.28,40
I0010178,O003359,P00538,-5,1529.56,15
I0010179,O003359,P00169,4,3112.83,70
I0010180,O003359,P00533,5,4127.21,30
I0010181,O003360,P00018,4,53636.64,50
I0010182,O003360,P00384,5,7130.17,70
I0010183,O003361,P00031,2,3796.63,20
I0010184,O003361,P00164,2,10437.13,0
I0010185,O003361,P00437,2,16900.33,5
I0010186,O003362,P00311,1,1210.1,30
I0010187,O003362,P00080,4,130078.68,70
I0010188,O003363,P00120,2,10785.83,40
I0010189,O003363,P00199,-2,3066.26,40
I0010190,O003363,P00202,3,2162.54,30
I0010191,O003364,P00320,1,109.78,50
I0010192,O003365,P00497,5,2528.5,20
I0010193,O003366,P00530,1,1015.51,15
I0010194,O003366,P00129,3,138148.32,5
I0010195,O003367,P00149,4,73401.7,50
I0010196,O003367,P00298,1,1092.04,10
I0010197,O003367,P00470,5,1459.26,30
I0010198,O003367,P00012,1,109299.51,50
I0010199,O003367,P00462,1,425.7,10
I0010200,O003368,P00187,-5,5031.67,30
I0010201,O003368,P00031,5,3673.17,20
I0010202,O003368,P00450,1,549.93,20
I0010203,O003369,P00458,5,1093.48,40
I0010204,O003369,P00077,3,41707.57,0
I0010205,O003370,P00111,3,28955.39,70
I0010206,O003371,P00331,5,1068.17,40
I0010207,O003371,P00467,1,1335.46,40
I0010208,O003371,P00421,5,27567.46,30
I0010209,O003372,P00304,3,525.38,40
I0010210,O003373,P00538,1,1042.2,40
I0010211,O003373,P00306,5,1333.87,20
I0010212,O003373,P00273,4,10108.34,15
I0010213,O003373,P00073,5,13456.9,30
I0010214,O003373,P00127,5,135651.35,20
I0010215,O003374,P00474,4,1729.23,0
I0010216,O003374,P00486,1,15873.77,0
I0010217,O003374,P00513,1,19003.6,15
I0010218,O003374,P00012,2,103929.09,70
I0010219,O003375,P00026,3,5834.93,15
I0010220,O003375,P00026,3,5909.03,20
I0010221,O003375,P00190,1,7682.89,15
I0010222,O003375,P00486,4,11831.17,118
I0010223,O003376,P00171,5,6280.16,0
I0010224,O003376,P00393,3,42103.1,10
I0010225,O003376,P00534,4,4649.53,15
I0010226,O003376,P00248,4,5484.93,40
I0010227,O003376,P00513,5,26740.98,10
I0010228,O003377,P00229,-2,2643.79,10
I0010229,O003378,P00281,2,2690.21,70
I0010230,O003378,P00453,1,1589.64,0
I0010231,O003378,P00467,3,2287.7,40
I0010232,O003378,P00018,1,54040.34,70
I0010233,O003378,P00198,2,5103.72,5
I0010234,O003379,P00273,5,10138.21,70
I0010235,O003379,P00121,-2,48190.29,10
I0010236,O003379,P00194,5,2147.37,40
I0010237,O003379,P00035,2,158742.89,5
I0010238,O003380,P00096,2,140559.52,30
I0010239,O003381,P00413,4,16528.93,30
I0010240,O003381,P00409,4,10782.0,10
I0010241,O003382,P00474,2,1598.24,70
I0010242,O003382,P00080,1,175894.11,10
I0010243,O003382,P00157,3,35677.99,70
I0010244,O003383,P00390,3,11340.55,5
I0010245,O003384,P00116,3,157109.33,30
I0010246,O003384,P00390,5,15359.26,50
I0010247,O003384,P00466,2,1704.39,40
I0010248,O003384,P00018,1,42314.89,145
I0010249,O003384,P00096,4,192922.83,10
I0010250,O003385,P00407,3,27926.85,0
I0010251,O003385,P00496,2,1853.46,40
I0010252,O003386,P00095,4,20425.13,40
I0010253,O003387,P00407,3,33764.68,20
I0010254,O003387,P00546,1,6624.72,0
I0010255,O003387,P00198,5,4951.93,30
I0010256,O003388,P00047,5,90688.02,5
I0010257,O003388,P00082,3,143312.41,0
I0010258,O003388,P00332,5,1755.51,0
I0010259,O003388,P00247,1,6461.38,20
I0010260,O003389,P00404,5,732.86,5
I0010261,O003389,P00453,4,1588.53,0
I0010262,O003389,P00393,1,45436.48,40
I0010263,O003390,P00237,4,4509.99,50
I0010264,O003390,P00019,5,177787.47,5
I0010265,O003390,P00197,1,5327.78,20
I0010266,O003390,P00091,4,129066.33,15
I0010267,O003390,P00362,5,873.77,10
I0010268,O003391,P00490,1,644.38,50
I0010269,O003391,P00415,4,26081.76,15
I0010270,O003391,P00415,1,32008.59,0
I0010271,O003392,P00034,4,17591.13,5
I0010272,O003392,P00437,2,17684.0,20
I0010273,O003393,P00409,-3,17661.41,0
I0010274,O003393,P00466,3,2757.66,10
I0010275,O003394,P00193,-5,2484.29,0
I0010276,O003395,P00492,3,23826.5,5
I0010277,O003396,P00133,3,161156.56,50
I0010278,O003397,P00222,4,10168.94,10
I0010279,O003397,P00016,2,176027.07,40
I0010280,O003398,P00025,2,170278.31,0
I0010281,O003398,P00111,2,26995.81,20
I0010282,O003398,P00389,3,3008.74,40
I0010283,O003398,P00408,2,46649.69,0
I0010284,O003399,P00202,4,1857.73,0
I0010285,O003400,P00473,2,2101.23,20
I0010286,O003400,P00097,2,124026.43,40
I0010287,O003400,P00065,3,130988.05,0
I0010288,O003400,P00080,5,168161.82,40
I0010289,O003400,P00393,1,62590.02,70
I0010290,O003401,P00332,4,1366.55,30
I0010291,O003401,P00092,5,213639.85,30
I0010292,O003402,P00145,2,108429.94,0
I0010293,O003402,P00224,3,4246.82,40
I0010294,O003402,P00390,2,10917.96,5
I0010295,O003402,P00389,1,2218.58,70
I0010296,O003403,P00193,-1,3211.35,5
I0010297,O003403,P00213,4,6173.11,10
I0010298,O003403,P00320,2,96.1,0
I0010299,O003403,P00262,3,7009.94,15
I0010300,O003403,P00473,1,2813.53,10
I0010301,O003404,P00170,5,6342.4,105
I0010302,O003404,P00321,5,86.09,40
I0010303,O003404,P00331,2,1063.39,20
I0010304,O003405,P00437,4,14294.56,10
I0010305,O003405,P00409,5,16968.22,40
I0010306,O003405,P00429,4,17865.32,10
I0010307,O003406,P00480,3,524.51,50
I0010308,O003406,P00120,2,8656.09,10
I0010309,O003406,P00164,4,9692.17,50
I0010310,O003407,P00519,1,20441.17,40
I0010311,O003407,P00470,-1,2369.41,40
I0010312,O003407,P00212,2,2705.55,15
I0010313,O003408,P00047,4,65685.72,40
I0010314,O003408,P00498,2,604.64,5
I0010315,O003408,P00393,2,54902.36,5
I0010316,O003408,P00493,2,33176.98,20
I0010317,O003409,P00343,5,470.25,40
I0010318,O003409,P00050,2,39042.6,40
I0010319,O003409,P00187,1,5942.64,5
I0010320,O003409,P00390,3,16774.95,15
I0010321,O003410,P00190,2,8496.97,15
I0010322,O003410,P00470,4,1699.53,20
I0010323,O003410,P00320,2,151.34,30
I0010324,O003410,P00546,3,8014.19,10
I0010325,O003411,P00538,3,1523.47,0
I0010326,O003411,P00473,5,3110.98,30
I0010327,O003411,P00414,4,28487.61,0
I0010328,O003412,P00250,1,995.51,5
I0010329,O003412,P00486,5,15432.35,30
I0010330,O003412,P00031,1,3919.7,40
I0010331,O003413,P00306,1,1681.11,0
I0010332,O003413,P00473,2,2941.55,30
I0010333,O003413,P00393,2,61789.45,40
I0010334,O003414,P00497,2,2161.98,20
I0010335,O003414,P00190,4,5281.52,40
I0010336,O003415,P00407,-2,28750.16,5
I0010337,O003415,P00317,5,176.36,10
I0010338,O003415,P00515,2,18846.5,0
I0010339,O003415,P00078,3,139196.64,50
I0010340,O003415,P00082,5,129402.4,15
I0010341,O003416,P00242,5,552.51,0
I0010342,O003417,P00467,4,2251.32,70
I0010343,O003417,P00538,3,1558.98,70
I0010344,O003417,P00533,1,7467.24,0
I0010345,O003417,P00188,2,807.96,30
I0010346,O003418,P00386,5,19245.06,30
I0010347,O003418,P00012,2,98473.58,40
I0010348,O003418,P00486,1,10850.0,10
I0010349,O003419,P00422,2,43002.71,50
I0010350,O003419,P00018,1,48621.61,0
I0010351,O003419,P00197,3,3429.93,15
I0010352,O003420,P00474,5,1025.16,70
I0010353,O003420,P00467,1,1985.41,5
I0010354,O003421,P00203,4,4750.28,50
I0010355,O003421,P00108,5,114769.38,15
I0010356,O003421,P00168,5,2996.36,70
I0010357,O003421,P00415,3,37052.36,0
I0010358,O003422,P00343,3,407.19,30
I0010359,O003422,P00190,3,6962.71,20
I0010360,O003422,P00410,2,33926.1,30
I0010361,O003422,P00538,-4,1317.77,70
I0010362,O003423,P00387,5,8110.58,5
I0010363,O003423,P00390,1,13932.36,10
I0010364,O003423,P00001,2,15858.88,40
I0010365,O003424,P00103,1,83954.13,5
I0010366,O003424,P00388,3,9639.61,114
I0010367,O003424,P00079,2,6636.23,5
I0010368,O003424,P00546,1,4937.42,50
I0010369,O003424,P00073,4,23334.18,20
I0010370,O003425,P00407,3,22333.99,0
I0010371,O003425,P00198,4,5141.45,20
I0010372,O003426,P00212,4,2705.15,0
I0010373,O003426,P00187,-4,5177.73,20
I0010374,O003426,P00145,5,96732.33,50
I0010375,O003427,P00145,0,86514.03,5
I0010376,O003428,P00398,4,1241.15,50
I0010377,O003429,P00262,4,6253.44,20
I0010378,O003430,P00417,1,26972.13,20
I0010379,O003430,P00457,-4,1375.5,15
I0010380,O003430,P00245,3,5423.32,50
I0010381,O003431,P00197,4,5051.2,20
I0010382,O003431,P00415,5,26433.12,30
I0010383,O003431,P00497,1,3829.87,20
I0010384,O003431,P00026,4,5989.06,15
I0010385,O003432,P00414,3,39778.97,20
I0010386,O003433,P00521,5,13523.0,30
I0010387,O003433,P00409,4,16527.56,10
I0010388,O003433,P00482,4,1310.43,50
I0010389,O003433,P00390,2,9813.36,30
I0010390,O003434,P00188,5,885.24,50
I0010391,O003434,P00387,1,8895.97,5
I0010392,O003435,P00206,5,767.78,50
I0010393,O003436,P00407,4,39915.19,50
I0010394,O003436,P00200,5,6645.83,70
I0010395,O003436,P00202,5,1687.99,70
I0010396,O003436,P00193,1,2811.99,20
I0010397,O003437,P00181,1,283.05,10
I0010398,O003438,P00338,1,1123.57,15
I0010399,O003438,P00057,4,105994.54,40
I0010400,O003438,P00440,1,4696.14,40
I0010401,O003438,P00457,5,839.68,70
I0010402,O003438,P00023,2,71169.45,10
I0010403,O003439,P00422,4,63062.74,40
I0010404,O003439,P00522,2,27497.13,50
I0010405,O003439,P00474,3,927.95,70
I0010406,O003440,P00343,3,435.22,5
I0010407,O003441,P00475,3,1190.13,15
I0010408,O003441,P00155,3,95663.08,5
I0010409,O003442,P00409,5,11900.27,10
I0010410,O003442,P00343,3,300.37,5
I0010411,O003442,P00193,2,3089.22,0
I0010412,O003443,P00080,1,112813.24,15
I0010413,O003443,P00025,2,135610.35,40
I0010414,O003443,P00398,3,1171.63,40
I0010415,O003443,P00112,1,160745.41,128
I0010416,O003443,P00131,4,67373.22,0
I0010417,O996466,P00512,3,6443.49,15
I0010418,O003444,P00355,4,2359.4,10
I0010419,O003444,P00316,2,2144.32,30
I0010420,O003445,P00011,4,102770.25,0
I0010421,O003445,P00448,5,2012.29,0
I0010422,O003445,P00444,1,2343.31,30
I0010423,O003446,P00121,5,72162.78,15
I0010424,O003446,P00212,5,4878.76,0
I0010425,O003446,P00224,4,3268.77,50
I0010426,O003446,P00065,1,83863.08,0
I0010427,O003447,P00457,2,928.45,20
I0010428,O003448,P00188,4,600.26,30
I0010429,O003448,P00388,3,11743.13,0
I0010430,O003449,P00249,3,5307.92,10
I0010431,O003449,P00470,1,2009.64,50
I0010432,O003450,P00512,3,1921.1,30
I0010433,O003450,P00082,3,121317.43,10
I0010434,O003451,P00203,4,5371.97,15
I0010435,O003451,P00457,3,837.47,40
I0010436,O003451,P00441,1,2149.59,40
I0010437,O003451,P00145,0,104323.51,20
I0010438,O003452,P00381,5,17928.66,10
I0010439,O003453,P00127,1,211481.19,40
I0010440,O003453,P00198,2,7944.66,5
I0010441,O003454,P00333,3,2256.22,20
I0010442,O003454,P00536,3,539.03,20
I0010443,O003454,P00398,4,1347.1,20
I0010444,O003454,P00480,-5,887.67,15
I0010445,O003455,P00080,4,107515.69,0
I0010446,O003455,P00001,5,11623.35,70
I0010447,O003455,P00444,4,2418.41,50
I0010448,O003455,P00127,3,223716.77,50
I0010449,O003455,P00320,5,134.59,50
I0010450,O003456,P00190,-1,6842.71,15
I0010451,O003456,P00088,5,26802.7,70
I0010452,O003456,P00120,1,13338.64,70
I0010453,O003456,P00254,2,6982.65,10
I0010454,O003456,P00102,5,172575.33,40
I0010455,O003457,P00192,5,1220.88,70
I0010456,O003457,P00170,3,6185.19,40
I0010457,O003457,P00317,4,226.36,15
I0010458,O003458,P00166,5,3049.0,15
I0010459,O003458,P00063,1,1469.6,0
I0010460,O003458,P00172,5,7358.3,5
I0010461,O003459,P00254,1,11369.44,30
I0010462,O003459,P00320,2,144.86,5
I0010463,O003460,P00047,5,89892.56,40
I0010464,O003460,P00121,3,56549.35,10
I0010465,O003460,P00164,2,6948.57,70
I0010466,O003460,P00078,2,225429.7,40
I0010467,O003461,P00118,2,130193.36,40
I0010468,O003462,P00409,4,17188.41,5
I0010469,O003462,P00486,3,9564.62,50
I0010470,O003463,P00332,2,1851.91,30
I0010471,O003463,P00473,1,3117.85,0
I0010472,O003463,P00229,4,2339.07,20
I0010473,O003463,P00036,4,130417.35,5
I0010474,O003463,P00171,4,7141.22,15
I0010475,O003464,P00193,3,2944.91,70
I0010476,O003464,P00141,2,173861.16,30
I0010477,O003465,P00550,2,5763.32,40
I0010478,O003466,P00481,2,598.8,15
I0010479,O003467,P00512,2,5575.08,0
I0010480,O003467,P00398,4,1614.31,40
I0010481,O003467,P00121,5,79156.96,50
I0010482,O003468,P00473,4,2021.38,5
I0010483,O003468,P00437,4,12406.41,30
I0010484,O003469,P00332,5,2211.36,70
I0010485,O003469,P00063,1,981.67,0
I0010486,O003469,P00365,2,1372.94,10
I0010487,O003469,P00212,5,4749.81,15
I0010488,O003470,P00098,3,78691.81,50
I0010489,O003470,P00026,4,6541.23,70
I0010490,O003471,P00264,2,7839.72,40
I0010491,O003471,P00343,2,544.75,40
I0010492,O003471,P00443,2,1932.42,40
I0010493,O003472,P00418,3,45525.28,15
I0010494,O003472,P00320,3,144.62,5
I0010495,O003472,P00118,3,112661.55,10
I0010496,O003472,P00037,5,50830.93,20
I0010497,O003472,P00106,5,65053.88,70
I0010498,O003473,P00390,4,16133.77,50
I0010499,O003474,P00197,3,3313.63,40
I0010500,O003474,P00474,2,1064.21,20
I0010501,O003474,P00047,4,87209.08,0
I0010502,O003475,P00257,2,694.03,30
I0010503,O003475,P00409,2,18385.56,30
I0010504,O003476,P00496,2,1898.18,20
I0010505,O003476,P00281,1,1672.79,40
I0010506,O003476,P00474,5,1289.76,146
I0010507,O003476,P00486,2,12032.87,5
I0010508,O003476,P00121,1,64994.25,10
I0010509,O003477,P00127,-4,153893.96,50
I0010510,O003477,P00327,1,1194.61,40
I0010511,O003477,P00197,1,3338.54,15
I0010512,O003477,P00120,1,9221.58,70
I0010513,O003477,P00245,2,5528.42,0
I0010514,O003478,P00212,1,4873.39,40
I0010515,O003478,P00314,4,488.27,30
I0010516,O003478,P00486,1,10525.83,10
I0010517,O003478,P00188,2,741.31,20
I0010518,O003479,P00070,5,159791.81,70
I0010519,O003480,P00099,2,7506.17,5
I0010520,O003480,P00015,0,54351.71,70
I0010521,O003480,P00512,1,6024.23,141
I0010522,O003481,P00197,5,3379.74,5
I0010523,O003481,P00331,5,879.89,70
I0010524,O003481,P00409,3,10969.68,30
I0010525,O003481,P00063,1,1304.05,0
I0010526,O003482,P00153,5,80472.01,10
I0010527,O003483,P00311,3,1576.74,70
I0010528,O003483,P00541,2,3926.19,5
I0010529,O003484,P00533,4,6072.01,70
I0010530,O003484,P00441,4,2088.28,5
I0010531,O003485,P00388,5,9816.51,15
I0010532,O003485,P00437,2,12137.48,0
I0010533,O003485,P00188,2,750.76,30
I0010534,O003485,P00254,1,8235.79,150
I0010535,O003485,P00525,2,7326.79,20
I0010536,O003486,P00197,5,4068.47,15
I0010537,O003486,P00176,1,8786.05,5
I0010538,O003486,P00249,4,5781.4,0
I0010539,O003486,P00316,4,1787.7,10
I0010540,O003486,P00527,2,10150.32,5
I0010541,O003487,P00470,5,2359.21,40
I0010542,O003488,P00474,4,1478.38,70
I0010543,O003488,P00148,2,223679.0,0
I0010544,O003488,P00141,5,175540.31,5
I0010545,O003488,P00198,3,7814.27,5
I0010546,O003488,P00198,4,7509.18,20
I0010547,O003489,P00457,1,1393.22,15
I0010548,O003489,P00013,4,142066.25,20
I0010549,O003489,P00407,4,30659.95,30
I0010550,O003489,P00422,5,39840.9,15
I0010551,O003489,P00062,-1,95071.39,10
I0010552,O003490,P00413,-5,18854.11,30
I0010553,O003491,P00517,5,17707.27,15
I0010554,O003491,P00470,1,1968.99,20
I0010555,O003492,P00056,4,137737.77,10
I0010556,O003493,P00388,1,7855.18,70
I0010557,O003493,P00523,2,16740.36,0
I0010558,O003494,P00127,4,210265.2,20
I0010559,O003495,P00247,2,5800.52,50
I0010560,O003495,P00410,5,59678.72,20
I0010561,O003495,P00134,4,33459.37,30
I0010562,O003495,P00533,2,5305.08,10
I0010563,O003496,P00538,1,847.4,50
I0010564,O003496,P00193,3,3293.04,15
I0010565,O003496,P00388,5,7915.37,20
I0010566,O003496,P00457,4,934.86,5
I0010567,O003497,P00040,3,138455.52,30
I0010568,O003497,P00078,5,223647.97,50
I0010569,O003497,P00381,1,22632.47,15
I0010570,O003498,P00474,2,1025.52,10
I0010571,O003498,P00031,3,4060.02,5
I0010572,O003499,P00546,1,6617.94,15
I0010573,O003499,P00229,2,2396.5,10
I0010574,O003499,P00202,3,2230.27,70
I0010575,O003499,P00389,3,2640.38,40
I0010576,O003500,P00024,5,146035.25,20
I0010577,O003500,P00193,5,3466.46,20
I0010578,O003500,P00381,4,19886.74,15
I0010579,O003500,P00121,1,47739.22,30
I0010580,O003500,P00453,3,2243.75,15
I0010581,O003501,P00415,1,26202.79,20
I0010582,O003501,P00533,4,4829.71,40
I0010583,O003502,P00474,1,1598.12,10
I0010584,O003503,P00080,1,149743.19,0
I0010585,O003503,P00343,5,436.09,50
I0010586,O003503,P00170,1,7367.71,0
I0010587,O003503,P00417,3,16402.85,30
I0010588,O003503,P00331,2,1491.18,10
I0010589,O003504,P00478,2,1347.14,50
I0010590,O003505,P00281,1,2192.85,0
I0010591,O003505,P00428,4,12294.38,30
I0010592,O003505,P00198,3,6851.6,50
I0010593,O003506,P00070,1,158377.55,10
I0010594,O003506,P00286,2,6989.25,30
I0010595,O003506,P00365,3,1254.22,30
I0010596,O003506,P00198,5,4678.88,10
I0010597,O003507,P00080,2,157916.09,70
I0010598,O003508,P00097,0,83932.69,50
I0010599,O003509,P00343,4,371.48,20
I0010600,O003510,P00486,4,14274.07,70
I0010601,O003510,P00268,2,2599.84,5
I0010602,O003510,P00407,2,39412.58,5
I0010603,O003510,P00443,2,2205.61,10
I0010604,O003510,P00141,4,159818.01,0
I0010605,O003511,P00352,5,434.47,30
I0010606,O003511,P00407,4,23463.62,10
I0010607,O003511,P00512,1,1826.23,30
I0010608,O003511,P00032,2,217391.48,30
I0010609,O003512,P00155,5,111100.72,50
I0010610,O003512,P00121,4,66721.04,5
I0010611,O003512,P00381,-5,25365.79,70
I0010612,O003512,P00388,3,10657.63,15
I0010613,O003513,P00080,1,175104.32,0
I0010614,O003513,P00497,4,3319.6,20
I0010615,O003513,P00080,2,182634.89,70
I0010616,O003513,P00311,0,1815.85,10
I0010617,O003513,P00063,4,1314.14,20
I0010618,O003514,P00229,4,2650.13,40
I0010619,O003515,P00121,1,54723.78,30
I0010620,O003515,P00314,4,481.57,30
I0010621,O003515,P00295,5,322.83,70
I0010622,O003515,P00466,4,2197.96,0
I0010623,O003516,P00533,2,6309.8,0
I0010624,O003516,P00242,5,729.91,5
I0010625,O003516,P00407,2,25740.24,30
I0010626,O003517,P00121,5,78006.41,30
I0010627,O003517,P00477,-5,2139.7,0
I0010628,O003517,P00391,5,15094.17,40
I0010629,O003518,P00080,1,157749.98,15
I0010630,O003518,P00212,3,3662.29,50
I0010631,O003518,P00188,5,577.36,0
I0010632,O003519,P00332,2,2272.65,15
I0010633,O003519,P00224,1,4211.46,40
I0010634,O003519,P00026,3,7431.1,15
I0010635,O003520,P00170,3,8603.92,40
I0010636,O003520,P00007,1,36620.74,15
I0010637,O003520,P00525,2,9792.47,40
I0010638,O003521,P00214,2,3038.37,30
I0010639,O003522,P00108,2,135329.67,40
I0010640,O003522,P00108,4,143033.74,5
I0010641,O003522,P00120,5,9497.54,5
I0010642,O003523,P00398,3,1606.19,10
I0010643,O003523,P00343,3,354.04,15
I0010644,O003523,P00398,2,1655.23,70
I0010645,O003523,P00407,4,30449.07,50
I0010646,O003523,P00393,2,60982.37,50
I0010647,O003524,P00198,5,5668.47,20
I0010648,O003524,P00237,1,4587.96,50
I0010649,O003524,P00414,5,39115.48,15
I0010650,O003524,P00193,5,2622.62,70
I0010651,O003525,P00466,4,2125.72,10
I0010652,O003525,P00320,5,123.93,5
I0010653,O003525,P00393,5,55242.54,0
I0010654,O003526,P00457,1,1314.51,5
I0010655,O003526,P00233,2,7131.51,5
I0010656,O003526,P00384,3,4455.19,20
I0010657,O003526,P00072,5,63782.0,30
I0010658,O003526,P00497,4,2788.54,5
I0010659,O003527,P00470,4,2305.96,40
I0010660,O003527,P00504,3,23934.75,15
I0010661,O003528,P00197,4,3246.24,10
I0010662,O003528,P00202,5,2316.39,15
I0010663,O003528,P00422,4,34237.26,50
I0010664,O003529,P00332,4,1611.28,30
I0010665,O003529,P00305,2,2241.94,10
I0010666,O003529,P00170,4,5436.76,10
I0010667,O003529,P00338,4,735.01,70
I0010668,O003530,P00078,5,151635.23,15
I0010669,O003530,P00497,4,2892.28,10
I0010670,O003530,P00229,4,3102.57,30
I0010671,O003530,P00212,1,4136.98,50
I0010672,O003530,P00072,3,47723.77,40
I0010673,O003531,P00388,1,7726.84,30
I0010674,O003532,P00467,-3,1427.11,20
I0010675,O003532,P00466,5,2152.79,0
I0010676,O003532,P00289,-1,1241.33,40
I0010677,O003533,P00489,-2,26470.26,0
I0010678,O003533,P00477,5,1548.94,50
I0010679,O003533,P00082,3,156962.77,20
I0010680,O003533,P00180,5,665.97,5
I0010681,O003534,P00474,2,1465.61,30
I0010682,O003534,P00072,1,76170.43,5
I0010683,O003535,P00486,2,16114.41,15
I0010684,O003535,P00171,3,10733.13,10
I0010685,O003535,P00295,4,442.99,30
I0010686,O003536,P00257,3,778.6,20
I0010687,O003536,P00281,2,2387.39,50
I0010688,O003536,P00127,3,129759.64,0
I0010689,O003536,P00202,4,1443.46,5
I0010690,O003536,P00409,4,11190.93,0
I0010691,O003537,P00213,0,7758.64,10
I0010692,O003537,P00430,2,34789.24,70
I0010693,O003537,P00320,3,104.92,15
I0010694,O003537,P00063,3,963.68,0
I0010695,O934170,P00070,1,182187.05,70
I0010696,O003539,P00317,-4,203.35,15
I0010697,O003539,P00226,1,5519.88,30
I0010698,O003539,P00390,1,17094.05,0
I0010699,O003539,P00381,3,18005.24,20
I0010700,O003540,P00422,2,58462.16,0
I0010701,O003541,P00518,1,15180.92,50
I0010702,O003542,P00527,4,10920.96,70
I0010703,O003543,P00457,5,1302.31,5
I0010704,O003543,P00495,2,5126.41,50
I0010705,O003543,P00457,1,1176.08,40
I0010706,O003543,P00078,3,233464.81,70
I0010707,O003543,P00546,-2,5938.76,40
I0010708,O003544,P00486,2,12821.6,30
I0010709,O003544,P00497,5,2188.5,20
I0010710,O003544,P00466,4,2563.98,10
I0010711,O003544,P00331,2,1088.41,50
I0010712,O003544,P00415,1,29383.81,15
I0010713,O003545,P00127,4,206798.2,30
I0010714,O003545,P00212,2,4807.82,40
I0010715,O003545,P00078,4,149064.67,70
I0010716,O003545,P00226,3,3723.77,70
I0010717,O003546,P00281,5,2694.86,70
I0010718,O003546,P00324,2,1533.53,20
I0010719,O003546,P00228,1,8055.75,40
I0010720,O003546,P00320,3,123.02,30
I0010721,O003546,P00538,5,1330.84,20
I0010722,O003547,P00390,2,16955.01,10
I0010723,O003548,P00202,1,2043.13,30
I0010724,O003548,P00171,2,7402.88,70
I0010725,O003548,P00262,3,5802.21,40
I0010726,O003548,P00141,5,126816.74,20
I0010727,O003548,P00032,2,169830.21,15
I0010728,O003549,P00262,2,9212.6,20
I0010729,O003549,P00209,3,6144.58,70
I0010730,O003549,P00171,3,7358.62,15
I0010731,O003550,P00188,3,646.87,15
I0010732,O003550,P00171,5,8747.84,0
I0010733,O003551,P00525,3,12193.32,20
I0010734,O003551,P00413,4,29058.32,40
I0010735,O003552,P00224,1,5976.73,20
I0010736,O003552,P00538,3,1208.42,30
I0010737,O003552,P00101,3,138959.4,50
I0010738,O003553,P00197,4,3426.66,40
I0010739,O003553,P00082,3,145616.14,40
I0010740,O003553,P00332,3,2062.73,30
I0010741,O975234,P00390,3,17464.22,70
I0010742,O003554,P00065,3,117012.41,5
I0010743,O003554,P00040,3,203611.56,15
I0010744,O003555,P00338,5,1054.46,40
I0010745,O003555,P00078,2,129992.56,5
I0010746,O003555,P00381,4,19450.33,70
I0010747,O003556,P00474,4,1018.2,0
I0010748,O003556,P00498,1,638.14,5
I0010749,O003556,P00212,4,2769.8,5
I0010750,O003557,P00546,4,4892.13,40
I0010751,O003557,P00127,4,159110.09,0
I0010752,O003557,P00040,4,218732.13,15
I0010753,O003558,P00047,3,79415.59,10
I0010754,O003558,P00127,5,155177.5,15
I0010755,O003558,P00388,0,12350.82,50
I0010756,O003558,P00197,3,3422.12,30
I0010757,O003559,P00497,5,3635.06,5
I0010758,O003559,P00538,1,1536.15,40
I0010759,O003559,P00415,4,34625.72,30
I0010760,O003560,P00343,1,311.14,70
I0010761,O003561,P00026,3,5727.02,50
I0010762,O003561,P00141,5,161309.14,70
I0010763,O003561,P00450,4,496.53,50
I0010764,O003561,P00043,2,168787.6,70
I0010765,O003561,P00406,4,34963.07,40
I0010766,O003562,P00496,1,2741.74,20
I0010767,O003562,P00281,5,2727.74,5
I0010768,O003562,P00155,1,137269.17,10
I0010769,O003562,P00398,1,1532.68,15
I0010770,O003562,P00473,3,2866.37,10
I0010771,O003563,P00024,4,110867.01,5
I0010772,O003563,P00224,1,5490.67,0
I0010773,O003563,P00457,2,821.44,30
I0010774,O003564,P00229,4,2597.73,50
I0010775,O003564,P00470,5,2613.51,0
I0010776,O003564,P00153,1,81613.21,50
I0010777,O003564,P00047,3,62616.7,10
I0010778,O003565,P00550,3,5081.33,30
I0010779,O003565,P00202,2,2271.58,15
I0010780,O003565,P00141,5,123587.82,10
I0010781,O003565,P00453,4,1982.34,10
I0010782,O003566,P00213,0,7881.83,5
I0010783,O003566,P00373,1,28448.46,20
I0010784,O003566,P00422,4,64284.9,0
I0010785,O003566,P00281,5,2008.48,40
I0010786,O003566,P00145,1,96968.43,50
I0010787,O003567,P00338,4,993.03,10
I0010788,O003567,P00202,5,1338.66,0
I0010789,O003567,P00228,5,7623.55,50
I0010790,O003568,P00474,1,1065.67,20
I0010791,O003568,P00046,5,63408.08,50
I0010792,O003568,P00332,2,1779.51,20
I0010793,O003568,P00381,4,24070.27,50
I0010794,O003569,P00314,2,410.61,70
I0010795,O003569,P00532,1,6360.09,10
I0010796,O003569,P00281,3,2641.42,5
I0010797,O003569,P00018,2,33125.92,50
I0010798,O003569,P00295,1,338.12,50
I0010799,O003570,P00082,2,157138.92,10
I0010800,O003571,P00072,5,44052.79,20
I0010801,O003571,P00072,5,57866.07,50
I0010802,O003571,P00170,4,8917.82,40
I0010803,O003571,P00229,2,2026.62,20
I0010804,O003572,P00229,5,1979.56,20
I0010805,O003572,P00331,3,1334.12,5
I0010806,O003573,P00036,5,114243.3,30
I0010807,O003573,P00393,4,36942.87,20
I0010808,O003573,P00295,5,282.14,30
I0010809,O003574,P00229,4,2098.55,50
I0010810,O003574,P00343,2,548.69,40
I0010811,O003574,P00199,2,3121.03,15
I0010812,O003575,P00546,4,7357.26,30
I0010813,O003575,P00028,5,218596.73,5
I0010814,O003575,P00082,4,190225.38,30
I0010815,O003575,P00435,1,17496.04,50
I0010816,O003575,P00078,1,227100.14,0
I0010817,O003576,P00407,2,29486.32,5
I0010818,O003576,P00013,4,169313.39,30
I0010819,O003576,P00497,1,3921.95,20
I0010820,O003576,P00474,4,1259.82,30
I0010821,O003576,P00414,2,41569.87,70
I0010822,O003577,P00121,4,66686.08,70
I0010823,O003577,P00505,4,28427.76,15
I0010824,O003578,P00063,5,1530.94,20
I0010825,O003578,P00140,3,161367.3,30
I0010826,O003578,P00145,5,131170.51,0
I0010827,O003579,P00407,2,40312.15,104
I0010828,O003579,P00486,1,13648.77,10
I0010829,O003579,P00367,1,112.34,40
I0010830,O003580,P00047,4,61472.3,40
I0010831,O913401,P00202,3,1818.49,40
I0010832,O003581,P00486,1,14685.65,70
I0010833,O003581,P00198,1,6480.0,30
I0010834,O003582,P00384,5,5511.98,40
I0010835,O003582,P00466,3,1671.11,15
I0010836,O003583,P00473,2,2094.81,20
I0010837,O003584,P00457,4,1218.7,50
I0010838,O003584,P00154,3,73015.34,0
I0010839,O003585,P00085,3,76464.48,40
I0010840,O003585,P00012,5,178103.79,30
I0010841,O003585,P00398,2,1366.17,40
I0010842,O003586,P00538,1,1036.43,0
I0010843,O003586,P00063,2,1427.2,30
I0010844,O003587,P00533,5,6605.75,20
I0010845,O003587,P00414,2,28041.11,15
I0010846,O003587,P00190,2,8116.64,10
I0010847,O003587,P00112,0,156532.67,70
I0010848,O003587,P00519,2,23679.99,5
I0010849,O003588,P00096,3,182132.41,20
I0010850,O003588,P00486,1,12952.52,70
I0010851,O003588,P00127,5,199230.2,70
I0010852,O003588,P00171,1,6376.2,20
I0010853,O003588,P00331,5,1578.56,30
I0010854,O003589,P00224,2,4679.9,10
I0010855,O003590,P00012,5,112539.26,15
I0010856,O003590,P00020,2,130129.09,50
I0010857,O003590,P00295,1,412.65,30
I0010858,O003590,P00474,5,1618.5,50
I0010859,O003590,P00466,0,2849.55,30
I0010860,O003591,P00437,5,10825.43,30
I0010861,O003591,P00202,5,2044.72,10
I0010862,O003591,P00486,3,11468.19,30
I0010863,O003592,P00332,1,1966.45,40
I0010864,O003592,P00105,1,66731.05,30
I0010865,O003593,P00430,1,37473.84,0
I0010866,O003594,P00332,2,2190.28,5
I0010867,O003594,P00065,4,108441.94,70
I0010868,O003595,P00475,1,1596.97,20
I0010869,O003596,P00407,5,28466.18,10
I0010870,O003596,P00409,1,14083.95,30
I0010871,O003596,P00414,1,35973.6,10
I0010872,O003596,P00472,3,2066.78,70
I0010873,O003597,P00446,1,895.67,0
I0010874,O003597,P00388,5,8300.16,70
I0010875,O003597,P00257,1,661.53,5
I0010876,O003597,P00477,5,1535.95,50
I0010877,O003598,P00354,2,1508.97,30
I0010878,O003599,P00470,5,2202.4,50
I0010879,O003599,P00437,2,11349.78,10
I0010880,O003600,P00538,4,1036.64,30
I0010881,O003600,P00082,4,198175.27,15
I0010882,O003600,P00131,5,113076.76,50
I0010883,O003601,P00080,1,111661.87,20
I0010884,O003601,P00120,1,11939.68,70
I0010885,O003602,P00354,4,1716.33,10
I0010886,O003602,P00413,1,22049.36,5
I0010887,O003602,P00188,4,793.71,50
I0010888,O003602,P00541,2,3795.3,10
I0010889,O003603,P00250,2,1714.09,0
I0010890,O003603,P00329,2,758.71,5
I0010891,O003603,P00188,5,854.97,50
I0010892,O901123,P00118,1,136515.77,0
I0010893,O003604,P00386,4,26152.53,70
I0010894,O003604,P00427,3,2060.84,30
I0010895,O003605,P00012,5,184615.53,70
I0010896,O003606,P00197,5,3689.92,40
I0010897,O003607,P00415,5,21205.67,0
I0010898,O003607,P00170,4,5610.91,15
I0010899,O003607,P00079,1,5278.8,50
I0010900,O003607,P00404,2,682.29,10
I0010901,O003607,P00407,2,27617.23,5
I0010902,O003608,P00065,3,95931.32,0
I0010903,O003608,P00481,3,599.77,10
I0010904,O003609,P00247,3,6829.05,70
I0010905,O003610,P00320,0,104.57,5
I0010906,O003610,P00250,4,926.06,70
I0010907,O003610,P00070,4,111632.18,10
I0010908,O003610,P00082,4,191419.91,50
I0010909,O003610,P00422,1,44382.56,40
I0010910,O003611,P00486,3,14425.55,20
I0010911,O003611,P00527,4,6976.99,70
I0010912,O003611,P00281,1,1603.69,70
I0010913,O003611,P00072,2,47633.34,0
I0010914,O003611,P00098,4,74855.7,70
I0010915,O003612,P00194,3,1804.97,30
I0010916,O003612,P00070,3,168150.02,10
I0010917,O003612,P00063,5,964.78,20
I0010918,O003612,P00467,2,1945.78,20
I0010919,O003613,P00317,2,225.19,70
I0010920,O003614,P00384,2,8079.73,10
I0010921,O003614,P00254,3,9706.23,0
I0010922,O003614,P00522,3,22534.22,70
I0010923,O003614,P00121,3,59476.78,15
I0010924,O003614,P00012,5,180869.74,40
I0010925,O003615,P00242,4,910.93,15
I0010926,O003615,P00023,3,51720.79,30
I0010927,O003615,P00190,-2,7707.68,10
I0010928,O003615,P00393,4,47419.88,130
I0010929,O003615,P00533,3,7483.9,50
I0010930,O003616,P00519,3,30130.4,10
I0010931,O003617,P00006,-1,42859.02,5
I0010932,O003618,P00301,3,1436.92,5
I0010933,O003618,P00080,1,125115.05,5
I0010934,O003618,P00254,0,7988.49,15
I0010935,O003618,P00384,3,5225.72,40
I0010936,O003619,P00470,2,2520.55,40
I0010937,O003619,P00019,-1,223680.38,15
I0010938,O003620,P00245,1,6242.83,70
I0010939,O003620,P00481,-5,1040.91,15
I0010940,O003621,P00484,4,889.89,30
I0010941,O003622,P00453,5,2175.92,20
I0010942,O003622,P00224,4,4602.99,40
I0010943,O003622,P00409,5,16493.58,10
I0010944,O003623,P00096,1,174187.97,0
I0010945,O003623,P00332,5,2372.24,0
I0010946,O003623,P00018,5,31550.82,15
I0010947,O003623,P00370,4,580.98,50
I0010948,O003624,P00526,2,462.77,10
I0010949,O003624,P00473,5,2414.06,40
I0010950,O003624,P00016,1,197028.45,20
I0010951,O003624,P00488,3,22130.05,30
I0010952,O003625,P00202,3,2277.04,40
I0010953,O003626,P00437,3,16217.54,20
I0010954,O003626,P00188,3,800.85,50
I0010955,O003627,P00102,3,182658.4,30
I0010956,O003627,P00127,2,188094.94,50
I0010957,O003627,P00457,2,1084.48,20
I0010958,O003627,P00289,2,1834.93,50
I0010959,O003628,P00197,3,3290.59,30
I0010960,O003629,P00080,1,141586.69,70
I0010961,O003630,P00341,4,874.59,20
I0010962,O003630,P00091,4,217665.41,15
I0010963,O003631,P00190,2,6060.94,10
I0010964,O003631,P00470,1,2616.72,40
I0010965,O003631,P00209,2,5421.7,15
I0010966,O003631,P00242,1,904.09,70
I0010967,O003631,P00188,2,478.85,70
I0010968,O003632,P00198,5,8149.25,10
I0010969,O003633,P00178,2,10219.87,15
I0010970,O003633,P00437,2,10877.45,0
I0010971,O003634,P00390,1,11363.53,70
I0010972,O003634,P00198,3,4682.17,20
I0010973,O003634,P00096,5,188432.5,5
I0010974,O003634,P00299,4,53.78,5
I0010975,O948673,P00309,5,1370.8,0
I0010976,O003635,P00390,2,18168.32,70
I0010977,O003635,P00026,1,8125.49,20
I0010978,O003635,P00306,3,1599.73,5
I0010979,O003635,P00078,2,229773.83,0
I0010980,O003636,P00012,3,98833.55,15
I0010981,O003636,P00101,5,132308.2,0
I0010982,O003636,P00429,1,12297.89,40
I0010983,O003636,P00229,5,2486.33,30
I0010984,O003637,P00115,3,171945.42,5
I0010985,O003637,P00463,2,2062.04,70
I0010986,O003637,P00409,4,18029.88,30
I0010987,O003637,P00212,1,3134.75,0
I0010988,O003637,P00332,1,1951.97,20
I0010989,O003638,P00026,4,7033.23,0
I0010990,O003638,P00188,2,824.48,0
I0010991,O003638,P00012,5,141140.2,30
I0010992,O003639,P00070,3,123689.89,20
I0010993,O003639,P00407,3,36510.89,10
I0010994,O003639,P00425,1,29362.17,50
I0010995,O003639,P00026,3,7193.81,50
I0010996,O003640,P00538,5,945.45,20
I0010997,O003640,P00033,3,104009.59,5
I0010998,O003641,P00026,3,7151.58,70
I0010999,O003641,P00470,2,2226.96,0
I0011000,O003641,P00470,2,2636.95,0
I0011001,O003641,P00381,3,17467.07,0
I0011002,O003642,P00398,2,1556.59,50
I0011003,O003642,P00474,1,1212.08,5
I0011004,O003642,P00073,5,21914.51,5
I0011005,O003642,P00119,0,22312.42,20
I0011006,O003642,P00407,2,30390.71,30
I0011007,O003643,P00390,3,15357.05,10
I0011008,O003643,P00329,5,1109.3,40
I0011009,O003643,P00012,1,122526.03,15
I0011010,O003643,P00229,3,3173.82,30
I0011011,O003644,P00070,2,130835.27,10
I0011012,O003644,P00388,4,11443.57,15
I0011013,O003644,P00378,-3,7650.06,70
I0011014,O003645,P00390,4,14240.96,70
I0011015,O003645,P00127,1,128148.53,20
I0011016,O003646,P00247,5,5165.45,5
I0011017,O003646,P00338,-3,784.59,20
I0011018,O003646,P00388,3,8308.46,30
I0011019,O003647,P00473,-5,2035.9,0
I0011020,O003647,P00328,5,239.94,10
I0011021,O003647,P00391,5,17647.63,70
I0011022,O003647,P00473,3,2598.1,20
I0011023,O003648,P00332,3,1769.53,70
I0011024,O003648,P00148,5,213060.86,50
I0011025,O003648,P00546,5,7971.94,40
I0011026,O003649,P00491,1,14093.9,15
I0011027,O003649,P00012,4,161208.22,70
I0011028,O003649,P00463,3,1946.44,40
I0011029,O003649,P00012,1,156460.04,10
I0011030,O003649,P00131,3,86793.98,50
I0011031,O003650,P00428,1,9104.25,40
I0011032,O003650,P00486,2,15065.97,15
I0011033,O003650,P00367,3,76.7,20
I0011034,O003651,P00049,3,119351.46,20
I0011035,O003652,P00224,4,5533.31,15
I0011036,O003652,P00538,3,920.5,5
I0011037,O003653,P00072,4,45898.16,15
I0011038,O003653,P00398,0,1321.8,5
I0011039,O003653,P00193,5,4497.54,10
I0011040,O003654,P00176,5,6736.53,30
I0011041,O003654,P00206,1,627.97,0
I0011042,O003655,P00512,5,2695.54,70
I0011043,O003655,P00381,5,22994.4,10
I0011044,O003655,P00177,4,4873.64,10
I0011045,O003656,P00197,5,5568.48,0
I0011046,O003656,P00533,4,5109.73,40
I0011047,O003656,P00470,3,2119.01,30
I0011048,O003657,P00546,4,7931.03,30
I0011049,O003657,P00443,2,2068.18,70
I0011050,O003657,P00357,4,937.17,5
I0011051,O003657,P00496,2,2197.97,135
I0011052,O003658,P00398,3,1655.54,20
I0011053,O003659,P00193,5,3668.41,30
I0011054,O003659,P00198,-3,7653.03,15
I0011055,O003659,P00533,5,4703.2,50
I0011056,O003659,P00026,4,4677.01,50
I0011057,O003660,P00047,-3,85472.12,15
I0011058,O003660,P00284,2,2983.73,70
I0011059,O003660,P00415,2,33015.93,5
I0011060,O003661,P00047,4,73213.62,0
I0011061,O003661,P00140,1,196817.54,20
I0011062,O003662,P00437,2,19508.34,20
I0011063,O003662,P00512,1,188.25,10
I0011064,O003662,P00522,4,30143.07,15
I0011065,O003662,P00016,3,188340.49,40
I0011066,O003662,P00212,2,3697.31,50
I0011067,O003663,P00078,4,193180.99,40
I0011068,O003663,P00141,3,143188.21,70
I0011069,O003663,P00096,4,149183.53,5
I0011070,O003663,P00203,5,4481.31,5
I0011071,O003664,P00497,4,2332.29,50
I0011072,O003664,P00497,1,3330.73,40
I0011073,O003664,P00381,3,15851.1,20
I0011074,O003665,P00171,3,6335.26,10
I0011075,O003666,P00384,3,4832.01,50
I0011076,O003666,P00513,5,22962.97,10
I0011077,O003666,P00036,5,120826.45,15
I0011078,O003666,P00057,5,116085.47,50
I0011079,O003666,P00005,4,53653.39,5
I0011080,O003667,P00414,1,45287.66,10
I0011081,O003667,P00281,5,2799.18,0
I0011082,O003667,P00365,3,1447.66,70
I0011083,O003668,P00121,5,62369.98,30
I0011084,O003668,P00063,2,981.15,10
I0011085,O003668,P00090,5,30627.9,50
I0011086,O003668,P00212,1,4796.39,30
I0011087,O003668,P00427,2,2954.95,15
I0011088,O003669,P00430,4,33395.18,5
I0011089,O003669,P00199,3,4468.55,70
I0011090,O003669,P00121,4,71997.73,50
I0011091,O003669,P00047,5,64412.74,50
I0011092,O003670,P00546,4,4420.31,30
I0011093,O003670,P00388,4,8673.67,10
I0011094,O003671,P00200,1,4968.31,70
I0011095,O003671,P00088,1,39811.0,70
I0011096,O003671,P00036,4,110633.21,40
I0011097,O003672,P00247,3,6749.67,70
I0011098,O003673,P00229,5,3133.11,30
I0011099,O003673,P00456,1,1285.1,50
I0011100,O003673,P00266,3,6756.21,30
I0011101,O003673,P00407,1,22347.27,5
I0011102,O003673,P00096,4,165886.65,20
I0011103,O003674,P00080,4,144520.55,50
I0011104,O003674,P00415,2,20331.68,20
I0011105,O003675,P00332,3,1841.38,30
I0011106,O927876,P00457,4,1281.08,30
I0011107,O003675,P00546,2,6450.7,20
I0011108,O003676,P00197,2,3870.5,40
I0011109,O003676,P00131,5,116928.82,20
I0011110,O003676,P00527,4,7282.08,40
I0011111,O003676,P00172,5,7005.5,20
I0011112,O003677,P00391,2,13744.61,20
I0011113,O003677,P00254,4,9177.25,0
I0011114,O003678,P00012,3,104022.76,0
I0011115,O003678,P00012,1,161422.0,50
I0011116,O003678,P00118,3,82462.47,70
I0011117,O003678,P00163,3,6924.02,70
I0011118,O003678,P00121,2,70838.57,5
I0011119,O003679,P00384,5,7126.14,50
I0011120,O003679,P00488,3,21063.58,10
I0011121,O003679,P00407,2,25266.43,15
I0011122,O003679,P00064,5,211333.58,40
I0011123,O003679,P00320,1,130.29,50
I0011124,O003680,P00381,4,17466.26,70
I0011125,O003681,P00409,5,16969.79,30
I0011126,O003681,P00398,1,899.6,0
I0011127,O003681,P00437,4,14669.89,10
I0011128,O003681,P00457,2,1058.06,15
I0011129,O003681,P00320,2,111.71,20
I0011130,O003682,P00264,2,10443.55,0
I0011131,O003682,P00404,2,717.02,20
I0011132,O003682,P00193,2,3601.65,70
I0011133,O003683,P00534,4,6230.61,40
I0011134,O003683,P00025,-5,128055.58,0
I0011135,O003683,P00428,4,15007.35,50
I0011136,O003684,P00188,1,544.95,0
I0011137,O003684,P00178,5,11482.9,5
I0011138,O003684,P00422,5,36047.06,10
I0011139,O003684,P00463,3,1498.37,30
I0011140,O003685,P00393,5,40614.98,20
I0011141,O003685,P00251,2,7593.95,5
I0011142,O003685,P00078,1,215796.29,30
I0011143,O003686,P00389,2,2425.34,50
I0011144,O003686,P00474,2,1722.25,50
I0011145,O003686,P00398,5,1119.17,15
I0011146,O003686,P00019,1,234555.6,50
I0011147,O003687,P00437,5,11057.98,30
I0011148,O003688,P00065,2,112286.72,15
I0011149,O003688,P00332,2,2414.05,5
I0011150,O003688,P00338,5,812.85,0
I0011151,O003688,P00202,4,1755.66,20
I0011152,O003688,P00535,2,5415.3,0
I0011153,O003689,P00193,5,2930.22,70
I0011154,O003689,P00145,2,93834.75,15
I0011155,O003689,P00473,4,3165.6,20
I0011156,O003689,P00333,5,2249.97,20
I0011157,O003689,P00497,5,3213.43,5
I0011158,O003690,P00183,4,8261.88,5
I0011159,O003690,P00190,1,8168.85,30
I0011160,O003690,P00165,3,6107.87,30
I0011161,O003690,P00073,1,16277.21,50
I0011162,O003690,P00466,3,2396.95,15
I0011163,O003691,P00121,2,56362.4,70
I0011164,O003691,P00193,3,2595.07,0
I0011165,O003692,P00198,2,7951.66,40
I0011166,O003692,P00250,-4,961.09,0
I0011167,O003693,P00454,4,147.75,50
I0011168,O003693,P00526,2,336.63,20
I0011169,O003693,P00320,2,153.19,10
I0011170,O003693,P00388,4,6555.47,30
I0011171,O003694,P00512,5,7134.81,0
I0011172,O003694,P00514,4,11609.54,15
I0011173,O003694,P00018,4,32928.93,20
I0011174,O003695,P00078,3,136807.84,30
I0011175,O003695,P00415,2,25478.5,10
I0011176,O003695,P00410,1,35821.73,15
I0011177,O003695,P00281,1,2049.68,70
I0011178,O003695,P00412,1,15257.2,20
I0011179,O003696,P00281,1,2807.86,50
I0011180,O003696,P00170,2,8845.97,30
I0011181,O003696,P00015,2,38503.04,70
I0011182,O003696,P00149,1,82229.83,15
I0011183,O003696,P00188,5,522.23,30
I0011184,O003697,P00199,5,4998.57,40
I0011185,O003697,P00225,5,4412.7,20
I0011186,O003697,P00404,3,745.97,40
I0011187,O003697,P00188,3,879.88,20
I0011188,O003698,P00409,4,17570.43,0
I0011189,O003698,P00396,5,30375.15,70
I0011190,O003698,P00338,1,802.48,30
I0011191,O003698,P00281,3,2920.18,70
I0011192,O003698,P00409,2,9954.23,0
I0011193,O003699,P00497,1,2158.95,15
I0011194,O003699,P00332,2,1573.73,15
I0011195,O003699,P00331,5,1371.57,50
I0011196,O003700,P00145,5,140980.36,10
I0011197,O003701,P00381,1,21978.59,5
I0011198,O003701,P00007,-1,41087.14,20
I0011199,O003701,P00101,-3,119864.03,70
I0011200,O003702,P00332,2,2146.29,40
I0011201,O003702,P00043,4,171467.9,0
I0011202,O003702,P00538,0,1271.26,10
I0011203,O003702,P00148,1,176730.47,20
I0011204,O003702,P00078,3,129507.38,50
I0011205,O003703,P00467,1,2052.14,70
I0011206,O003703,P00129,1,130031.74,5
I0011207,O003703,P00546,2,6858.23,15
I0011208,O003703,P00517,1,17686.16,5
I0011209,O003703,P00294,1,1624.34,20
I0011210,O003704,P00035,1,109743.11,20
I0011211,O003704,P00497,4,2374.19,70
I0011212,O003704,P00190,3,6532.75,0
I0011213,O003704,P00320,4,149.33,40
I0011214,O003704,P00092,4,222604.89,0
I0011215,O003705,P00513,5,26870.95,10
I0011216,O003706,P00343,2,325.72,50
I0011217,O003706,P00145,1,93695.85,30
I0011218,O003706,P00343,5,314.83,10
I0011219,O003707,P00490,1,999.57,5
I0011220,O003707,P00181,5,336.63,15
I0011221,O003707,P00043,5,142740.09,70
I0011222,O003707,P00457,2,802.18,40
I0011223,O003707,P00170,4,7053.09,0
I0011224,O003708,P00343,5,486.24,20
I0011225,O003708,P00523,-4,10888.07,70
I0011226,O003709,P00043,4,129270.68,70
I0011227,O003709,P00343,-1,397.53,70
I0011228,O003709,P00388,2,10263.54,50
I0011229,O003710,P00242,3,748.46,10
I0011230,O003710,P00012,4,175161.12,70
I0011231,O003710,P00466,3,2430.1,10
I0011232,O003711,P00367,5,91.07,5
I0011233,O003711,P00311,1,2206.86,15
I0011234,O003711,P00120,1,10044.3,0
I0011235,O003712,P00450,4,754.63,40
I0011236,O003713,P00248,4,6141.34,40
I0011237,O003714,P00133,1,145258.36,0
I0011238,O003714,P00533,5,6020.52,5
I0011239,O003714,P00338,3,1000.68,30
I0011240,O003715,P00538,5,865.44,40
I0011241,O003715,P00029,2,125102.76,70
I0011242,O003715,P00393,4,46284.6,50
I0011243,O003715,P00393,3,58628.48,5
I0011244,O003716,P00065,1,105799.75,0
I0011245,O003717,P00467,1,2217.99,5
I0011246,O003717,P00102,5,205180.85,50
I0011247,O904250,P00384,3,4852.69,15
I0011248,O003718,P00538,1,934.39,0
I0011249,O003718,P00222,2,10654.55,10
I0011250,O003718,P00212,0,4994.9,40
I0011251,O003719,P00090,2,21250.24,0
I0011252,O003719,P00337,1,695.79,40
I0011253,O003719,P00229,2,3716.2,40
I0011254,O003719,P00381,3,16971.65,40
I0011255,O003719,P00466,4,2846.07,0
I0011256,O003720,P00331,5,1207.42,50
I0011257,O003720,P00198,1,5714.32,5
I0011258,O003720,P00229,2,2726.36,20
I0011259,O003721,P00538,1,1052.25,20
I0011260,O003721,P00381,-3,20702.91,30
I0011261,O003721,P00046,3,77771.21,50
I0011262,O003722,P00321,-4,142.1,10
I0011263,O003722,P00427,1,2090.88,30
I0011264,O003722,P00082,1,138343.9,50
I0011265,O003723,P00474,5,1331.8,70
I0011266,O003723,P00422,2,46310.46,15
I0011267,O003723,P00026,3,5559.86,20
I0011268,O003723,P00006,1,42575.2,10
I0011269,O003723,P00267,3,3190.67,30
I0011270,O003724,P00534,5,3508.58,50
I0011271,O003724,P00474,1,1101.05,10
I0011272,O003724,P00410,5,55874.5,20
I0011273,O003724,P00393,2,39602.55,5
I0011274,O003725,P00343,4,358.4,40
I0011275,O003725,P00474,5,1097.79,50
I0011276,O003725,P00229,1,3731.27,30
I0011277,O003726,P00070,3,155360.54,10
I0011278,O003726,P00181,1,449.93,50
I0011279,O003726,P00012,2,102236.29,5
I0011280,O003726,P00229,2,2389.21,40
I0011281,O003726,P00381,5,15290.86,15
I0011282,O003727,P00212,2,3088.22,30
I0011283,O003727,P00325,3,1233.83,70
I0011284,O003727,P00072,5,50987.89,50
I0011285,O003727,P00331,-5,1294.13,15
I0011286,O003727,P00497,1,2518.44,40
I0011287,O003728,P00550,1,4205.9,0
I0011288,O003728,P00246,2,2374.89,20
I0011289,O003728,P00281,3,2178.05,10
I0011290,O003728,P00096,3,152692.86,40
I0011291,O003728,P00268,1,3193.61,10
I0011292,O003729,P00245,5,5544.24,40
I0011293,O003729,P00325,2,1552.69,5
I0011294,O003729,P00430,4,50343.64,40
I0011295,O003729,P00213,5,4647.56,10
I0011296,O003730,P00036,1,85985.93,0
I0011297,O003731,P00440,2,5499.42,50
I0011298,O003731,P00343,4,515.0,10
I0011299,O003731,P00441,5,1699.16,0
I0011300,O003732,P00036,5,158786.87,15
I0011301,O003732,P00119,1,27812.63,70
I0011302,O003733,P00010,4,49180.26,30
I0011303,O003733,P00343,1,446.7,70
I0011304,O003733,P00519,1,20911.37,70
I0011305,O003733,P00202,3,1863.01,40
I0011306,O003734,P00471,2,1599.72,15
I0011307,O003734,P00414,2,29530.09,20
I0011308,O003734,P00202,2,1891.31,30
I0011309,O003734,P00118,3,77974.55,70
I0011310,O003735,P00354,3,1922.6,70
I0011311,O003735,P00444,2,1508.14,20
I0011312,O003735,P00237,4,4378.02,20
I0011313,O003736,P00529,3,6803.86,5
I0011314,O003737,P00311,1,1541.4,10
I0011315,O003737,P00231,5,6868.49,10
I0011316,O003737,P00444,2,1825.1,50
I0011317,O003738,P00268,4,2359.34,15
I0011318,O003739,P00063,5,1655.94,15
I0011319,O003740,P00169,4,2220.58,15
I0011320,O003740,P00497,5,2992.04,10
I0011321,O003741,P00415,2,34020.83,20
I0011322,O003741,P00145,0,136022.03,10
I0011323,O003741,P00466,2,1823.69,10
I0011324,O003741,P00512,1,271.89,50
I0011325,O003742,P00365,3,2221.83,30
I0011326,O003743,P00023,2,44942.65,40
I0011327,O003743,P00331,1,1614.37,10
I0011328,O003743,P00040,1,209476.89,5
I0011329,O003744,P00233,2,6831.29,50
I0011330,O003744,P00386,4,23371.37,20
I0011331,O003745,P00121,1,52069.45,20
I0011332,O003745,P00020,2,125795.48,30
I0011333,O003745,P00249,3,5955.03,50
I0011334,O003745,P00046,5,78307.76,10
I0011335,O003746,P00453,5,2037.48,15
I0011336,O003746,P00481,1,881.18,0
I0011337,O003747,P00407,5,35721.67,15
I0011338,O003747,P00242,1,783.1,40
I0011339,O003747,P00525,3,11083.28,10
I0011340,O003747,P00409,1,11734.84,50
I0011341,O003747,P00426,4,13324.63,40
I0011342,O003748,P00477,-1,1816.28,5
I0011343,O003748,P00463,3,2050.85,50
I0011344,O003749,P00253,2,751.05,20
I0011345,O003749,P00031,5,4111.51,10
I0011346,O003749,P00172,2,6951.2,70
I0011347,O003749,P00101,-3,195503.75,15
I0011348,O003749,P00193,4,2858.89,40
I0011349,O003750,P00193,5,2723.93,40
I0011350,O003750,P00026,1,7803.69,10
I0011351,O003750,P00381,5,22857.82,15
I0011352,O003750,P00540,4,1342.32,70
I0011353,O003750,P00469,2,516.77,10
I0011354,O003751,P00268,3,3970.91,30
I0011355,O003751,P00410,2,35441.52,0
I0011356,O003751,P00229,4,3714.38,70
I0011357,O003751,P00170,5,5360.3,30
I0011358,O003751,P00512,4,6636.55,40
I0011359,O003752,P00331,5,1561.89,20
I0011360,O003752,P00538,2,1108.34,30
I0011361,O003753,P00546,2,6226.11,10
I0011362,O003753,P00212,2,2826.87,20
I0011363,O003754,P00311,2,1828.3,10
I0011364,O003755,P00012,1,124827.37,5
I0011365,O003755,P00529,5,6436.94,70
I0011366,O003755,P00033,1,69599.47,0
I0011367,O917639,P00333,3,2022.25,5
I0011368,O003756,P00229,2,3403.24,5
I0011369,O003757,P00190,3,7752.61,40
I0011370,O003757,P00390,1,15839.34,5
I0011371,O003757,P00032,2,238833.21,30
I0011372,O003758,P00072,5,62316.21,15
I0011373,O003758,P00193,1,4078.39,10
I0011374,O003758,P00529,2,5951.92,70
I0011375,O003759,P00193,2,3307.27,5
I0011376,O003759,P00199,3,4703.7,20
I0011377,O003759,P00229,2,2518.5,50
I0011378,O003759,P00196,2,11581.53,10
I0011379,O003760,P00047,1,91712.83,40
I0011380,O003760,P00370,3,597.02,40
I0011381,O911304,P00248,4,5750.96,10
I0011382,O003760,P00397,5,32074.67,15
I0011383,O003760,P00437,1,12599.35,10
I0011384,O003761,P00264,4,10708.35,70
I0011385,O003761,P00467,5,2090.69,30
I0011386,O003762,P00350,2,418.14,15
I0011387,O003763,P00249,1,6721.74,118
I0011388,O003763,P00496,3,1894.97,20
I0011389,O003764,P00222,3,11876.21,5
I0011390,O003764,P00233,2,8833.58,0
I0011391,O003765,P00096,5,180134.59,70
I0011392,O003765,P00422,3,38721.84,40
I0011393,O003765,P00268,2,2464.01,15
I0011394,O003765,P00361,1,1029.98,30
I0011395,O003765,P00193,2,4278.19,40
I0011396,O003766,P00026,1,7509.27,40
I0011397,O003766,P00120,5,12757.39,10
I0011398,O003766,P00538,4,1269.99,50
I0011399,O003766,P00467,4,1866.47,10
I0011400,O003767,P00390,4,14572.08,5
I0011401,O003767,P00118,5,109504.28,40
I0011402,O003767,P00078,2,214156.35,40
I0011403,O003767,P00466,5,2895.64,70
I0011404,O003768,P00015,4,51097.28,40
I0011405,O003769,P00437,2,17599.55,20
I0011406,O003769,P00341,1,667.18,0
I0011407,O003770,P00336,1,194.93,70
I0011408,O003770,P00454,1,183.01,30
I0011409,O003770,P00497,2,2494.78,15
I0011410,O003770,P00407,1,39364.24,0
I0011411,O003771,P00047,4,68435.34,30
I0011412,O003771,P00349,1,1925.53,70
I0011413,O003772,P00332,5,2085.27,30
I0011414,O003772,P00167,2,7320.4,50
I0011415,O003772,P00409,3,13698.45,20
I0011416,O003772,P00078,3,220375.94,10
I0011417,O003773,P00314,4,611.22,0
I0011418,O003773,P00131,4,103470.6,0
I0011419,O003773,P00250,3,1215.8,30
I0011420,O003773,P00281,2,2193.87,0
I0011421,O003774,P00314,4,394.51,70
I0011422,O003774,P00027,3,68353.33,20
I0011423,O003774,P00101,1,127088.28,50
I0011424,O003774,P00329,1,731.67,40
I0011425,O003774,P00546,5,6518.65,117
I0011426,O003775,P00070,2,171107.13,70
I0011427,O003775,P00171,1,6254.77,30
I0011428,O003775,P00337,3,541.41,0
I0011429,O003775,P00512,-1,7967.54,15
I0011430,O003776,P00020,4,115834.7,50
I0011431,O003776,P00145,2,103569.96,40
I0011432,O003776,P00473,3,3121.55,15
I0011433,O003776,P00389,2,2145.84,0
I0011434,O003776,P00316,5,2056.01,70
I0011435,O003777,P00063,1,1636.32,20
I0011436,O003778,P00121,4,49939.23,30
I0011437,O003778,P00026,2,5569.38,0
I0011438,O003778,P00519,4,16804.3,30
I0011439,O003778,P00188,2,906.95,30
I0011440,O003779,P00190,4,6587.08,50
I0011441,O003779,P00088,4,36936.46,10
I0011442,O003779,P00527,2,10157.98,20
I0011443,O003779,P00063,5,1150.05,0
I0011444,O003780,P00224,5,4371.77,50
I0011445,O003781,P00190,1,7638.59,20
I0011446,O003781,P00197,3,5518.0,10
I0011447,O003781,P00396,1,53837.3,10
I0011448,O003781,P00164,2,10934.72,0
I0011449,O003782,P00320,1,156.48,40
I0011450,O003782,P00470,4,2271.12,15
I0011451,O003783,P00124,1,14483.59,20
I0011452,O003783,P00198,3,7499.98,10
I0011453,O003783,P00316,1,2205.47,5
I0011454,O003784,P00303,4,943.23,5
I0011455,O003784,P00197,5,3682.63,40
I0011456,O003784,P00127,3,143802.06,50
I0011457,O003784,P00141,5,129942.42,15
I0011458,O003785,P00229,2,2616.78,15
I0011459,O003785,P00246,5,1647.21,0
I0011460,O003785,P00428,1,11884.18,144
I0011461,O003785,P00131,3,105321.0,50
I0011462,O003785,P00047,3,86780.42,10
I0011463,O003786,P00248,2,6058.03,15
I0011464,O003786,P00190,3,6029.37,30
I0011465,O003786,P00538,1,1333.54,5
I0011466,O003786,P00188,1,687.63,30
I0011467,O003786,P00515,5,23126.53,15
I0011468,O003787,P00170,1,8622.59,40
I0011469,O003787,P00538,4,1190.5,20
I0011470,O911418,P00073,3,20432.17,0
I0011471,O003788,P00065,2,77878.92,5
I0011472,O003788,P00069,1,97862.78,5
I0011473,O003788,P00070,3,147027.0,40
I0011474,O003788,P00170,1,5652.79,40
I0011475,O003789,P00527,5,6310.66,30
I0011476,O003789,P00422,2,60380.31,20
I0011477,O003789,P00527,1,7574.84,15
I0011478,O995986,P00398,1,1407.37,50
I0011479,O003789,P00422,5,62789.98,50
I0011480,O003790,P00015,4,57075.69,40
I0011481,O003790,P00188,1,611.15,30
I0011482,O003791,P00546,2,5188.47,70
I0011483,O003791,P00491,4,22565.48,15
I0011484,O003791,P00295,5,454.05,70
I0011485,O003791,P00541,2,5029.56,15
I0011486,O003792,P00248,2,6928.12,5
I0011487,O003792,P00388,2,7911.86,5
I0011488,O003792,P00458,4,1027.73,0
I0011489,O003793,P00224,3,4774.73,0
I0011490,O003793,P00121,4,60872.53,70
I0011491,O003793,P00181,1,435.04,30
I0011492,O003793,P00170,2,5815.76,20
I0011493,O003794,P00390,3,13725.96,10
I0011494,O003794,P00346,2,1381.9,0
I0011495,O003794,P00070,5,127445.15,20
I0011496,O003794,P00018,4,40660.01,15
I0011497,O003795,P00440,5,6666.71,15
I0011498,O003795,P00096,3,154297.93,10
I0011499,O003795,P00078,2,211435.33,70
I0011500,O003796,P00177,2,8418.97,10
I0011501,O003796,P00320,5,177.36,70
I0011502,O003796,P00133,1,233677.34,10
I0011503,O003796,P00054,2,94653.39,70
I0011504,O003797,P00178,3,7439.78,30
I0011505,O003797,P00131,5,107967.19,50
I0011506,O955882,P00206,4,765.62,0
I0011507,O003797,P00422,1,48245.07,40
I0011508,O003797,P00254,3,9957.1,30
I0011509,O003798,P00188,-3,740.18,15
I0011510,O003798,P00505,4,27478.55,40
I0011511,O003799,P00514,5,13136.29,10
I0011512,O003799,P00036,2,149789.2,10
I0011513,O003799,P00046,4,69330.74,5
I0011514,O003799,P00140,1,143091.1,40
I0011515,O003800,P00072,2,63449.73,20
I0011516,O003800,P00381,4,17254.4,50
I0011517,O003801,P00453,2,1390.89,50
I0011518,O003801,P00466,4,2863.8,20
I0011519,O003801,P00198,5,8134.22,20
I0011520,O003801,P00093,3,173986.44,50
I0011521,O003801,P00108,1,141604.53,10
I0011522,O003802,P00486,1,14971.65,70
I0011523,O003802,P00243,1,1711.42,20
I0011524,O003802,P00096,4,146029.53,15
I0011525,O003803,P00473,2,2997.8,15
I0011526,O003803,P00338,5,800.27,20
I0011527,O003803,P00437,2,15571.06,30
I0011528,O003803,P00031,4,3753.32,20
I0011529,O003803,P00063,5,1712.19,70
I0011530,O003804,P00529,1,8060.97,10
I0011531,O003804,P00070,2,151640.61,50
I0011532,O003804,P00486,5,13098.06,30
I0011533,O003804,P00316,3,2298.77,30
I0011534,O003804,P00343,3,449.32,5
I0011535,O003805,P00193,3,3357.83,50
I0011536,O003806,P00097,1,127062.46,10
I0011537,O003806,P00480,3,855.17,0
I0011538,O003806,P00178,-1,11290.78,50
I0011539,O003807,P00288,2,2039.79,15
I0011540,O003807,P00078,4,186167.61,50
I0011541,O003807,P00190,1,7232.58,30
I0011542,O003807,P00322,4,675.77,20
I0011543,O003808,P00390,4,11428.73,30
I0011544,O003808,P00197,-5,3927.09,40
I0011545,O003808,P00235,1,2553.98,50
I0011546,O003809,P00512,4,5354.64,50
I0011547,O003809,P00052,1,80775.1,20
I0011548,O003809,P00107,4,189534.67,50
I0011549,O003809,P00078,4,185983.24,15
I0011550,O003810,P00522,5,25609.4,50
I0011551,O003810,P00012,1,114510.81,70
I0011552,O003811,P00043,1,170867.56,0
I0011553,O003811,P00514,5,13037.05,15
I0011554,O003811,P00180,4,682.28,15
I0011555,O003811,P00193,1,4540.22,10
I0011556,O003811,P00190,3,5541.69,70
I0011557,O003812,P00198,1,6614.31,10
I0011558,O003812,P00193,-4,3182.52,70
I0011559,O003812,P00224,5,4136.06,5
I0011560,O003812,P00414,1,50586.29,5
I0011561,O003813,P00254,1,11904.03,40
I0011562,O003813,P00012,2,162991.68,5
I0011563,O003813,P00486,1,16632.91,5
I0011564,O003813,P00466,5,2584.28,20
I0011565,O003813,P00305,2,1477.87,20
I0011566,O003814,P00026,3,6302.43,20
I0011567,O003814,P00357,5,1063.81,70
I0011568,O003814,P00470,3,1958.06,0
I0011569,O003814,P00102,1,147954.53,5
I0011570,O003814,P00289,-1,1592.39,70
I0011571,O003815,P00148,5,149592.72,15
I0011572,O003815,P00193,4,2875.16,15
I0011573,O003815,P00047,2,48723.93,5
I0011574,O003815,P00108,-3,106259.03,5
I0011575,O003816,P00249,5,4604.72,30
I0011576,O003816,P00514,2,12420.01,15
I0011577,O003816,P00273,5,9547.08,70
I0011578,O003816,P00354,4,1628.05,70
I0011579,O003817,P00302,1,1440.27,10
I0011580,O003817,P00209,5,6772.16,30
I0011581,O003817,P00422,4,36329.59,0
I0011582,O003817,P00390,5,14344.8,20
I0011583,O003818,P00197,1,4717.8,50
I0011584,O003818,P00407,5,36957.65,0
I0011585,O003818,P00012,5,139855.44,5
I0011586,O962929,P00389,1,2424.08,40
I0011587,O003819,P00338,3,1073.7,15
I0011588,O003819,P00024,2,116480.25,10
I0011589,O003819,P00338,2,780.21,0
I0011590,O003820,P00247,2,7774.67,30
I0011591,O003821,P00075,3,187006.26,70
I0011592,O003821,P00047,4,68737.36,15
I0011593,O003822,P00081,2,43823.1,20
I0011594,O003822,P00212,5,4616.79,30
I0011595,O003822,P00212,4,4570.3,70
I0011596,O003822,P00061,2,244629.83,70
I0011597,O003823,P00131,1,84088.54,15
I0011598,O003823,P00040,3,185744.93,20
I0011599,O003824,P00533,5,5000.61,5
I0011600,O003825,P00496,2,1770.75,30
I0011601,O003825,P00388,4,9705.96,70
I0011602,O003825,P00351,-2,2464.27,70
I0011603,O003826,P00481,1,812.94,5
I0011604,O003826,P00281,4,2333.1,50
I0011605,O003826,P00444,1,1507.05,5
I0011606,O003826,P00384,2,6791.68,5
I0011607,O003827,P00063,5,1673.25,40
I0011608,O003827,P00244,4,9667.11,0
I0011609,O003828,P00486,1,11368.87,40
I0011610,O003828,P00386,1,27521.34,40
I0011611,O003829,P00316,3,2422.18,20
I0011612,O003829,P00141,2,197051.81,10
I0011613,O003829,P00026,5,7131.77,15
I0011614,O003829,P00387,3,8050.03,20
I0011615,O003830,P00268,2,3309.69,40
I0011616,O003830,P00470,5,1614.97,40
I0011617,O003831,P00338,3,813.11,110
I0011618,O003831,P00414,3,30913.64,40
I0011619,O003832,P00331,4,1594.61,5
I0011620,O003832,P00326,4,657.01,150
I0011621,O003832,P00212,1,3407.43,20
I0011622,O003832,P00415,1,22283.57,40
I0011623,O003833,P00229,3,2488.02,50
I0011624,O003833,P00229,3,2930.28,40
I0011625,O003833,P00018,1,53081.02,70
I0011626,O003834,P00276,1,6900.56,50
I0011627,O003834,P00012,2,138324.55,10
I0011628,O003834,P00320,1,144.65,15
I0011629,O003835,P00193,3,2683.81,70
I0011630,O003836,P00154,2,93926.26,30
I0011631,O003836,P00025,1,146654.4,20
I0011632,O003837,P00534,5,4096.36,20
I0011633,O003837,P00470,1,1938.64,50
I0011634,O003837,P00533,2,4215.79,50
I0011635,O003837,P00305,1,1871.32,30
I0011636,O003837,P00529,0,8057.91,50
I0011637,O003838,P00078,4,193780.94,10
I0011638,O003838,P00154,1,70144.2,5
I0011639,O003838,P00053,3,139361.53,50
I0011640,O003839,P00471,5,2413.65,20
I0011641,O003839,P00486,3,13100.61,10
I0011642,O003839,P00197,5,4086.89,20
I0011643,O003840,P00131,4,113580.68,20
I0011644,O003840,P00111,4,48305.12,30
I0011645,O003840,P00212,3,3638.63,70
I0011646,O003841,P00533,5,5273.42,0
I0011647,O003841,P00198,4,7691.79,30
I0011648,O003841,P00437,-1,15151.04,0
I0011649,O003841,P00031,-5,2993.3,0
I0011650,O003841,P00388,5,8374.84,30
I0011651,O003842,P00480,3,842.44,30
I0011652,O003842,P00049,1,95864.05,70
I0011653,O003842,P00331,3,1062.96,5
I0011654,O003843,P00131,3,112981.99,50
I0011655,O003843,P00228,2,7454.45,10
I0011656,O003843,P00080,2,115633.88,70
I0011657,O003843,P00212,1,3892.62,10
I0011658,O003844,P00381,2,20042.95,70
I0011659,O003844,P00020,1,139190.75,40
I0011660,O003845,P00065,3,120574.52,0
I0011661,O003845,P00419,-1,5147.06,40
I0011662,O987671,P00398,4,1524.26,40
I0011663,O003845,P00538,2,1000.37,70
I0011664,O003846,P00512,3,6131.02,50
I0011665,O003847,P00249,1,6843.47,15
I0011666,O003847,P00114,4,66891.83,20
I0011667,O003847,P00457,4,1268.57,10
I0011668,O003847,P00391,3,11642.15,40
I0011669,O003847,P00141,3,170552.88,30
I0011670,O003848,P00047,2,88073.8,10
I0011671,O003848,P00164,4,10476.62,0
I0011672,O003848,P00224,1,4127.74,15
I0011673,O003848,P00140,1,185138.63,10
I0011674,O003848,P00406,1,39396.36,10
I0011675,O003849,P00026,3,4910.98,40
I0011676,O003849,P00381,1,18178.5,5
I0011677,O003849,P00304,1,517.16,10
I0011678,O003849,P00197,4,3575.86,20
I0011679,O003850,P00306,2,1238.51,20
I0011680,O003850,P00096,5,181025.1,20
I0011681,O003850,P00170,4,4906.14,15
I0011682,O959581,P00380,2,31180.58,5
I0011683,O003850,P00065,4,101682.99,10
I0011684,O003851,P00415,2,36912.0,10
I0011685,O003852,P00390,2,17560.47,40
I0011686,O003852,P00121,5,72683.73,0
I0011687,O003853,P00338,3,981.04,5
I0011688,O003853,P00512,3,1782.7,40
I0011689,O003854,P00172,2,9174.2,30
I0011690,O003854,P00002,2,53147.95,15
I0011691,O003854,P00080,2,123126.6,15
I0011692,O003854,P00037,5,38168.97,5
I0011693,O003855,P00542,5,3953.79,5
I0011694,O003855,P00415,1,26941.86,10
I0011695,O003855,P00199,4,4434.32,10
I0011696,O003855,P00520,2,20447.74,0
I0011697,O003855,P00229,1,3155.12,15
I0011698,O003856,P00212,5,4742.39,20
I0011699,O003857,P00331,5,1517.02,0
I0011700,O003857,P00170,5,8804.72,50
I0011701,O003857,P00092,2,175151.5,0
I0011702,O003857,P00202,3,2450.7,40
I0011703,O003858,P00467,3,2015.74,30
I0011704,O003858,P00388,2,10751.52,0
I0011705,O003858,P00099,2,7069.54,20
I0011706,O003858,P00078,3,200614.18,0
I0011707,O003859,P00082,0,163833.49,5
I0011708,O003859,P00099,4,8420.73,30
I0011709,O003860,P00381,2,15330.99,20
I0011710,O003861,P00190,3,7637.19,70
I0011711,O003862,P00505,3,29272.26,50
I0011712,O003862,P00338,1,931.6,15
I0011713,O003863,P00218,5,2014.79,30
I0011714,O003863,P00197,4,3155.1,20
I0011715,O003864,P00515,1,17767.45,50
I0011716,O003864,P00078,5,166428.51,40
I0011717,O003864,P00463,1,1864.93,0
I0011718,O003864,P00467,4,1709.84,50
I0011719,O003864,P00486,3,11365.13,20
I0011720,O003865,P00257,4,464.63,15
I0011721,O003865,P00304,3,559.85,5
I0011722,O003866,P00334,-5,937.48,30
I0011723,O003867,P00398,5,1403.85,5
I0011724,O003867,P00070,3,181580.32,70
I0011725,O003867,P00197,3,2979.6,40
I0011726,O003868,P00414,5,48937.84,0
I0011727,O003868,P00533,2,4989.45,40
I0011728,O003868,P00228,4,10909.34,10
I0011729,O003869,P00323,1,375.89,70
I0011730,O003869,P00384,2,6068.42,30
I0011731,O003870,P00533,2,6440.23,15
I0011732,O003871,P00344,2,1909.69,5
I0011733,O003871,P00024,4,132194.91,10
I0011734,O003871,P00480,2,691.53,0
I0011735,O003872,P00427,3,3236.79,30
I0011736,O003872,P00049,3,101192.65,0
I0011737,O003872,P00390,3,11876.72,15
I0011738,O003872,P00480,3,733.29,10
I0011739,O003873,P00527,1,8666.55,10
I0011740,O003873,P00047,3,68958.42,40
I0011741,O003873,P00226,5,3304.77,0
I0011742,O003874,P00141,5,160488.04,70
I0011743,O003874,P00080,2,154307.82,70
I0011744,O003874,P00414,2,36604.36,30
I0011745,O003874,P00012,5,144939.38,40
I0011746,O003875,P00314,1,541.71,30
I0011747,O003876,P00477,3,1548.7,0
I0011748,O003876,P00544,3,4367.95,5
I0011749,O003876,P00495,5,5303.29,40
I0011750,O003877,P00031,5,2598.2,50
I0011751,O003877,P00204,1,10438.63,30
I0011752,O003877,P00170,2,7518.19,70
I0011753,O003877,P00121,2,68565.94,0
I0011754,O003878,P00443,1,2385.87,50
I0011755,O003878,P00170,2,9057.35,50
I0011756,O003878,P00145,3,77885.49,40
I0011757,O003878,P00384,2,8029.76,5
I0011758,O003879,P00525,5,10199.25,10
I0011759,O003879,P00074,4,130713.12,40
I0011760,O003879,P00467,4,1436.6,50
I0011761,O003880,P00161,4,8131.89,30
I0011762,O003880,P00224,5,5648.16,50
I0011763,O003880,P00111,4,36333.99,122
I0011764,O003880,P00190,2,4644.44,30
I0011765,O003880,P00080,4,190181.08,0
I0011766,O003881,P00011,3,90518.9,30
I0011767,O003881,P00407,1,32445.19,10
I0011768,O003881,P00195,2,7827.73,10
I0011769,O003882,P00322,1,733.71,15
I0011770,O003882,P00390,5,15193.98,10
I0011771,O003882,P00209,4,8029.84,20
I0011772,O003882,P00533,2,3993.93,20
I0011773,O003882,P00026,5,7687.65,0
I0011774,O003883,P00206,5,800.32,20
I0011775,O003883,P00466,3,2801.91,5
I0011776,O003884,P00437,1,15047.1,30
I0011777,O003885,P00025,5,97307.77,10
I0011778,O003886,P00141,2,136857.37,50
I0011779,O003886,P00005,2,52393.33,50
I0011780,O003886,P00281,1,2568.97,50
I0011781,O003886,P00331,1,1628.09,20
I0011782,O003887,P00204,1,10747.73,0
I0011783,O003887,P00121,5,65795.92,40
I0011784,O003887,P00070,0,204113.03,40
I0011785,O003888,P00063,1,968.36,5
I0011786,O003888,P00229,1,2278.32,0
I0011787,O003889,P00457,1,980.83,10
I0011788,O003889,P00530,5,1379.35,50
I0011789,O003890,P00473,2,1732.32,40
I0011790,O003890,P00410,4,51613.89,50
I0011791,O003890,P00468,4,2086.01,10
I0011792,O003890,P00512,3,1178.52,0
I0011793,O003890,P00162,2,2539.88,30
I0011794,O003891,P00437,3,18060.67,70
I0011795,O003891,P00063,1,1088.62,70
I0011796,O003892,P00320,2,146.54,10
I0011797,O003892,P00430,5,49679.5,15
I0011798,O003892,P00437,1,14725.65,5
I0011799,O003893,P00512,1,4332.55,15
I0011800,O003894,P00266,2,6518.62,70
I0011801,O003894,P00080,2,126417.5,70
I0011802,O003895,P00102,4,151479.02,20
I0011803,O003895,P00546,2,4803.46,10
I0011804,O003896,P00338,2,927.12,50
I0011805,O003897,P00026,4,6681.72,20
I0011806,O003897,P00225,3,3519.25,0
I0011807,O003898,P00085,2,76137.63,0
I0011808,O003899,P00398,1,1036.99,30
I0011809,O003899,P00393,4,39088.71,0
I0011810,O003899,P00480,1,943.19,50
I0011811,O003899,P00148,4,234546.6,20
I0011812,O003899,P00467,3,1418.65,5
I0011813,O003900,P00529,4,5493.91,50
I0011814,O003900,P00063,3,1274.7,20
I0011815,O003901,P00411,4,2252.82,5
I0011816,O003901,P00036,1,114543.43,40
I0011817,O003901,P00024,4,116198.33,10
I0011818,O003901,P00533,4,6187.53,5
I0011819,O003902,P00066,5,52091.06,10
I0011820,O003903,P00063,3,1531.39,30
I0011821,O003904,P00486,1,13807.93,30
I0011822,O003904,P00070,2,164324.07,15
I0011823,O003904,P00070,1,150713.4,70
I0011824,O003905,P00343,2,488.71,40
I0011825,O003906,P00188,5,635.37,70
I0011826,O003906,P00415,5,35981.17,15
I0011827,O003907,P00113,1,121803.86,15
I0011828,O003907,P00505,3,21612.36,70
I0011829,O003907,P00005,4,67638.91,10
I0011830,O003907,P00042,5,41190.16,0
I0011831,O003908,P00467,2,1879.85,15
I0011832,O003909,P00332,3,2073.54,0
I0011833,O003909,P00063,1,1480.84,15
I0011834,O003909,P00416,3,898.84,20
I0011835,O003910,P00266,4,8009.13,10
I0011836,O003910,P00437,4,11107.15,10
I0011837,O003910,P00414,5,40766.9,30
I0011838,O003910,P00384,3,7237.04,15
I0011839,O003910,P00040,2,163273.59,20
I0011840,O003911,P00467,3,1666.41,40
I0011841,O003911,P00365,4,1622.15,40
I0011842,O003911,P00415,1,26104.2,0
I0011843,O003911,P00409,5,13036.57,5
I0011844,O003911,P00393,3,60780.51,50
I0011845,O003912,P00094,5,129838.3,30
I0011846,O003913,P00289,4,1490.38,10
I0011847,O003914,P00172,4,7650.78,40
I0011848,O003914,P00279,4,5208.14,15
I0011849,O003914,P00497,4,2928.39,15
I0011850,O003914,P00538,2,1314.65,15
I0011851,O003914,P00546,2,7367.66,10
I0011852,O003915,P00412,4,12625.04,50
I0011853,O003915,P00031,3,3012.11,50
I0011854,O003915,P00473,2,2064.98,0
I0011855,O003915,P00226,2,3699.68,30
I0011856,O003915,P00546,3,6352.89,0
I0011857,O003916,P00457,5,1189.12,50
I0011858,O003917,P00377,5,19604.72,10
I0011859,O003917,P00193,3,2442.58,0
I0011860,O003917,P00414,3,36431.75,15
I0011861,O003917,P00007,2,54303.9,30
I0011862,O003917,P00387,3,8300.97,0
I0011863,O003918,P00338,3,1013.38,30
I0011864,O003918,P00107,1,205443.94,15
I0011865,O003918,P00101,2,166179.56,40
I0011866,O003918,P00170,5,5964.86,40
I0011867,O003918,P00115,5,170468.17,0
I0011868,O003919,P00466,5,2663.39,10
I0011869,O003919,P00224,2,4220.74,20
I0011870,O003919,P00466,3,1643.06,40
I0011871,O003920,P00331,3,871.45,20
I0011872,O003920,P00407,3,24670.11,15
I0011873,O003920,P00305,5,1742.15,10
I0011874,O003920,P00426,3,13950.21,40
I0011875,O988540,P00026,4,8471.82,70
I0011876,O003921,P00080,5,177312.24,40
I0011877,O003921,P00384,3,8419.08,5
I0011878,O003921,P00101,4,200719.26,30
I0011879,O003921,P00320,5,142.44,30
I0011880,O003922,P00198,5,8350.58,70
I0011881,O003923,P00226,3,3639.38,5
I0011882,O003924,P00145,3,117741.34,0
I0011883,O003924,P00410,4,51345.28,0
I0011884,O003924,P00530,3,1284.4,30
I0011885,O003925,P00393,2,49057.37,5
I0011886,O003925,P00305,-5,1817.7,0
I0011887,O003925,P00474,5,1166.72,120
I0011888,O003926,P00171,4,9467.86,0
I0011889,O003926,P00072,2,70221.33,30
I0011890,O003926,P00100,2,220593.44,40
I0011891,O003926,P00332,4,1376.49,30
I0011892,O003926,P00263,3,8765.83,0
I0011893,O003927,P00177,3,5758.93,50
I0011894,O003927,P00331,3,1445.9,10
I0011895,O003928,P00188,4,663.02,5
I0011896,O003929,P00073,-2,16718.28,40
I0011897,O003929,P00254,4,12815.82,40
I0011898,O003929,P00422,5,60953.4,10
I0011899,O003929,P00414,3,27527.15,5
I0011900,O003929,P00474,3,983.38,15
I0011901,O003930,P00533,4,6576.23,10
I0011902,O003930,P00252,5,4361.29,30
I0011903,O003930,P00188,1,540.87,0
I0011904,O003930,P00541,1,4784.34,10
I0011905,O003931,P00347,2,1027.56,5
I0011906,O003931,P00414,1,35286.26,0
I0011907,O003931,P00229,3,2310.22,30
I0011908,O003932,P00212,2,4603.28,20
I0011909,O003932,P00024,4,97575.98,50
I0011910,O003932,P00072,2,75763.04,15
I0011911,O003932,P00437,4,11003.11,15
I0011912,O003932,P00212,3,2680.85,20
I0011913,O003933,P00155,5,158247.02,20
I0011914,O003933,P00188,1,706.4,146
I0011915,O003933,P00082,3,139844.52,40
I0011916,O003934,P00533,4,4936.65,40
I0011917,O003934,P00457,4,802.05,70
I0011918,O003934,P00530,3,1545.39,50
I0011919,O003934,P00398,3,1139.75,0
I0011920,O003935,P00354,1,1643.85,15
I0011921,O003935,P00546,4,5360.75,10
I0011922,O003935,P00141,4,203002.09,70
I0011923,O003936,P00512,4,10198.79,30
I0011924,O003936,P00096,4,171044.77,10
I0011925,O954217,P00534,4,6214.64,30
I0011926,O003937,P00244,3,11960.8,40
I0011927,O003938,P00414,3,29655.64,20
I0011928,O003938,P00332,1,1766.9,15
I0011929,O931163,P00422,3,41816.26,70
I0011930,O003938,P00134,5,33393.71,0
I0011931,O003939,P00505,2,17625.04,15
I0011932,O003939,P00388,5,7197.84,70
I0011933,O003940,P00268,4,2465.7,0
I0011934,O003940,P00116,5,222729.68,40
I0011935,O003940,P00080,3,106532.96,50
I0011936,O003940,P00003,5,158415.2,30
I0011937,O003941,P00070,2,203339.42,70
I0011938,O003941,P00408,3,42004.22,30
I0011939,O003942,P00178,1,9122.72,20
I0011940,O003942,P00481,1,956.43,30
I0011941,O003942,P00145,5,119267.23,15
I0011942,O003942,P00515,1,21515.36,131
I0011943,O003942,P00390,5,17349.21,30
I0011944,O003943,P00121,5,61400.18,5
I0011945,O003943,P00080,1,115991.8,70
I0011946,O003943,P00047,5,57063.34,50
I0011947,O003943,P00131,2,75413.43,20
I0011948,O003943,P00108,5,116031.38,0
I0011949,O003944,P00018,2,48065.49,5
I0011950,O947670,P00258,5,5351.15,40
I0011951,O003944,P00457,4,1270.25,20
I0011952,O003944,P00190,1,5813.13,70
I0011953,O003945,P00012,3,100152.64,50
I0011954,O003945,P00171,4,11224.9,30
I0011955,O003945,P00281,5,2034.32,70
I0011956,O003945,P00072,4,47171.87,50
I0011957,O003946,P00384,0,8276.22,5
I0011958,O003947,P00190,5,5167.89,15
I0011959,O003947,P00268,-2,3635.88,5
I0011960,O956899,P00070,2,159828.2,10
I0011961,O003947,P00410,1,53077.32,15
I0011962,O003948,P00388,3,8335.43,50
I0011963,O003948,P00384,5,5329.03,50
I0011964,O003948,P00317,-1,244.25,30
I0011965,O003948,P00226,5,6044.44,50
I0011966,O003948,P00121,4,51400.26,10
I0011967,O003949,P00437,2,18916.6,15
I0011968,O003949,P00343,4,506.12,20
I0011969,O003949,P00331,3,1585.0,70
I0011970,O003949,P00443,3,1939.26,20
I0011971,O003949,P00533,3,4884.12,0
I0011972,O003950,P00212,5,4156.65,30
I0011973,O003950,P00037,3,44458.82,5
I0011974,O003951,P00486,1,10949.25,5
I0011975,O003951,P00384,2,5800.45,50
I0011976,O003951,P00527,1,8955.25,30
I0011977,O003951,P00281,5,2831.72,10
I0011978,O003951,P00308,2,621.38,5
I0011979,O003952,P00082,5,126923.25,10
I0011980,O003952,P00072,1,59260.08,40
I0011981,O003952,P00364,3,1603.35,40
I0011982,O003953,P00467,-1,1985.68,40
I0011983,O003953,P00366,5,999.08,20
I0011984,O003954,P00170,2,4954.74,30
I0011985,O003954,P00181,1,352.38,20
I0011986,O003954,P00437,5,12562.98,70
I0011987,O003954,P00281,1,1725.94,70
I0011988,O003954,P00486,4,9648.54,70
I0011989,O003955,P00466,4,2189.53,50
I0011990,O003955,P00081,5,45446.62,70
I0011991,O003955,P00422,1,57856.48,30
I0011992,O003956,P00237,2,2840.37,40
I0011993,O003956,P00463,1,1475.03,40
I0011994,O003957,P00006,1,54432.81,15
I0011995,O003957,P00233,3,8135.61,70
I0011996,O003957,P00304,4,299.36,10
I0011997,O003957,P00193,5,3883.96,50
I0011998,O003957,P00127,4,122871.53,20
I0011999,O003958,P00475,1,1327.41,50
I0012000,O003958,P00398,-3,1474.67,20
I0012001,O003959,P00186,-3,5144.52,10
I0012002,O003960,P00410,4,54855.81,15
I0012003,O003960,P00213,2,5250.8,0
I0012004,O003960,P00474,4,1219.72,20
I0012005,O003960,P00224,4,6027.44,5
I0012006,O003960,P00180,1,533.87,20
I0012007,O003961,P00414,1,38130.9,10
I0012008,O003961,P00338,3,694.54,15
I0012009,O003961,P00443,4,2347.45,15
I0012010,O003961,P00145,2,85085.95,40
I0012011,O003962,P00332,1,1787.05,30
I0012012,O003962,P00546,3,7975.61,10
I0012013,O003962,P00442,4,2153.12,10
I0012014,O003963,P00393,1,39025.4,15
I0012015,O003963,P00295,3,440.81,70
I0012016,O003964,P00033,1,91666.9,30
I0012017,O003964,P00224,5,3299.53,0
I0012018,O003964,P00078,5,186261.93,20
I0012019,O003964,P00072,3,62817.47,15
I0012020,O003964,P00440,4,8397.99,20
I0012021,O003965,P00512,4,1477.28,30
I0012022,O003966,P00141,4,196170.41,0
I0012023,O003966,P00237,5,3626.3,15
I0012024,O003967,P00018,3,37671.13,50
I0012025,O003967,P00338,5,779.74,30
I0012026,O003967,P00127,1,172852.28,50
I0012027,O003967,P00183,4,6516.42,5
I0012028,O003968,P00331,2,1348.89,5
I0012029,O003968,P00473,3,2538.16,5
I0012030,O003968,P00031,1,3855.73,0
I0012031,O003968,P00070,1,154191.45,70
I0012032,O003968,P00131,4,112724.73,15
I0012033,O003969,P00005,2,40399.97,50
I0012034,O003969,P00013,3,180646.25,5
I0012035,O003969,P00478,5,1370.99,70
I0012036,O003969,P00012,3,115959.96,15
I0012037,O003970,P00198,4,8359.84,70
I0012038,O003970,P00178,4,9268.38,0
I0012039,O003970,P00131,5,113019.82,5
I0012040,O003970,P00443,4,2883.84,15
I0012041,O003970,P00016,4,194714.55,30
I0012042,O003971,P00386,5,20941.83,10
I0012043,O003971,P00026,1,7146.03,20
I0012044,O003971,P00025,5,120563.11,20
I0012045,O003971,P00546,3,6480.01,5
I0012046,O003971,P00331,2,1627.65,30
I0012047,O003972,P00229,4,3009.66,10
I0012048,O003972,P00422,4,61614.01,70
I0012049,O003972,P00530,3,1496.26,40
I0012050,O003972,P00228,2,8684.45,50
I0012051,O003972,P00047,2,65120.36,30
I0012052,O003973,P00480,5,721.76,10
I0012053,O003973,P00043,3,191055.22,30
I0012054,O003974,P00274,1,5091.13,70
I0012055,O003974,P00010,3,33262.74,0
I0012056,O003974,P00332,3,1602.98,50
I0012057,O003975,P00384,2,7819.98,20
I0012058,O003975,P00414,3,39692.4,50
I0012059,O003975,P00281,1,2791.16,5
I0012060,O003976,P00497,5,3789.77,30
I0012061,O003976,P00229,2,3190.94,5
I0012062,O003976,P00063,1,1749.65,0
I0012063,O003976,P00388,1,7172.75,10
I0012064,O003976,P00457,3,887.08,70
I0012065,O003977,P00202,5,1309.5,0
I0012066,O003978,P00070,5,196450.16,0
I0012067,O003978,P00515,1,20325.07,70
I0012068,O003978,P00278,4,3761.26,0
I0012069,O003978,P00466,5,2217.52,15
I0012070,O003978,P00544,5,3787.33,50
I0012071,O003979,P00393,2,48185.33,40
I0012072,O003979,P00354,1,1952.63,70
I0012073,O003980,P00533,-2,4764.88,10
I0012074,O003980,P00467,2,1334.49,10
I0012075,O003980,P00412,2,11771.02,30
I0012076,O003980,P00190,4,4843.18,40
I0012077,O003981,P00409,5,10430.69,50
I0012078,O003981,P00334,5,1197.52,20
I0012079,O003981,P00198,2,5170.85,15
I0012080,O003981,P00204,4,7683.69,0
I0012081,O003981,P00338,-5,946.25,5
I0012082,O003982,P00036,2,137142.65,5
I0012083,O003982,P00407,3,28831.9,50
I0012084,O003982,P00070,4,142814.84,70
I0012085,O003982,P00533,1,4283.02,70
I0012086,O003982,P00145,1,94201.64,5
I0012087,O003983,P00073,4,17454.2,40
I0012088,O003983,P00444,3,1912.93,20
I0012089,O003983,P00470,1,2623.99,70
I0012090,O003983,P00026,4,4555.71,10
I0012091,O003983,P00141,5,163213.65,50
I0012092,O003984,P00337,2,746.75,40
I0012093,O003984,P00343,1,454.13,40
I0012094,O003984,P00538,4,1230.8,40
I0012095,O003984,P00082,5,197094.56,5
I0012096,O003985,P00338,4,1115.14,5
I0012097,O003985,P00020,0,137056.09,15
I0012098,O003985,P00546,4,5767.03,15
I0012099,O003985,P00127,3,127492.41,10
I0012100,O003985,P00096,1,173079.56,50
I0012101,O003986,P00513,1,24993.34,150
I0012102,O003986,P00462,1,458.7,20
I0012103,O003986,P00332,5,2214.25,70
I0012104,O003986,P00080,3,157567.46,50
I0012105,O003986,P00393,1,39132.97,20
I0012106,O003987,P00082,2,221982.82,30
I0012107,O003987,P00387,5,7652.26,10
I0012108,O003987,P00268,4,2862.73,30
I0012109,O003988,P00404,4,1123.18,50
I0012110,O003988,P00131,2,108977.81,50
I0012111,O003988,P00374,3,47892.01,20
I0012112,O003989,P00065,1,126002.56,0
I0012113,O003989,P00025,-3,106020.68,10
I0012114,O003989,P00535,4,6944.18,40
I0012115,O003989,P00046,4,69633.27,40
I0012116,O003990,P00428,3,13720.5,40
I0012117,O003990,P00127,4,136382.49,50
I0012118,O003990,P00131,4,72414.19,70
I0012119,O003991,P00435,5,13576.04,5
I0012120,O003991,P00121,3,44762.55,30
I0012121,O003991,P00541,3,5303.91,0
I0012122,O003991,P00422,2,42225.96,40
I0012123,O003992,P00409,4,12980.56,40
I0012124,O003992,P00065,5,126608.81,50
I0012125,O003992,P00343,3,414.79,30
I0012126,O003992,P00331,2,1193.28,40
I0012127,O003992,P00007,1,53724.71,5
I0012128,O003993,P00020,3,146144.85,10
I0012129,O003993,P00467,5,1326.19,30
I0012130,O003993,P00422,4,49264.71,20
I0012131,O003994,P00512,5,3047.58,15
I0012132,O003995,P00332,4,1618.7,0
I0012133,O003995,P00120,2,11386.64,70
I0012134,O003995,P00320,5,174.68,15
I0012135,O003995,P00512,5,8127.26,70
I0012136,O003995,P00512,1,1671.84,50
I0012137,O003996,P00529,4,4786.08,50
I0012138,O003996,P00541,1,3708.3,30
I0012139,O003996,P00026,3,5149.24,70
I0012140,O003996,P00407,4,35996.57,50
I0012141,O003996,P00018,5,54643.24,70
I0012142,O003997,P00526,4,455.91,30
I0012143,O003997,P00530,1,964.21,20
I0012144,O003998,P00080,5,174054.48,10
I0012145,O003998,P00047,1,50501.56,5
I0012146,O003998,P00470,1,2588.14,5
I0012147,O003998,P00030,4,62562.69,15
I0012148,O003999,P00080,2,154437.96,10
I0012149,O003999,P00237,3,4417.18,20
I0012150,O003999,P00171,5,9353.42,0
I0012151,O003999,P00012,4,101632.64,40
I0012152,O004000,P00026,2,4673.81,20
I0012153,O004001,P00232,5,8125.84,30
I0012154,O004001,P00091,3,118971.7,5
I0012155,O004001,P00006,5,46096.1,50
I0012156,O004001,P00421,1,28177.01,0
I0012157,O004002,P00194,4,1675.32,5
I0012158,O004002,P00002,-5,61803.11,40
I0012159,O004002,P00062,1,110229.7,15
I0012160,O004003,P00141,2,190895.74,0
I0012161,O004004,P00415,3,27821.22,50
I0012162,O004004,P00365,2,1248.34,10
I0012163,O004004,P00304,2,317.36,50
I0012164,O004004,P00019,2,168895.38,50
I0012165,O004004,P00545,-5,3144.22,15
I0012166,O004005,P00149,3,67758.99,15
I0012167,O004005,P00197,2,2979.37,15
I0012168,O004005,P00102,2,196739.86,15
I0012169,O004006,P00414,5,48426.05,15
I0012170,O004006,P00082,3,176748.11,50
I0012171,O004006,P00005,1,66144.02,40
I0012172,O004007,P00085,2,90224.97,40
I0012173,O004007,P00546,5,7881.97,30
I0012174,O004008,P00096,3,123540.02,70
I0012175,O004008,P00193,2,3177.45,5
I0012176,O004009,P00111,4,46957.14,5
I0012177,O004010,P00512,4,4478.4,5
I0012178,O004010,P00390,5,14876.21,0
I0012179,O004010,P00473,2,2977.72,70
I0012180,O004010,P00063,1,1468.23,20
I0012181,O004011,P00063,2,1002.72,15
I0012182,O004011,P00127,2,162719.6,70
I0012183,O004011,P00388,5,11719.69,5
I0012184,O004011,P00338,4,1146.27,10
I0012185,O004011,P00414,2,39489.02,15
I0012186,O004012,P00546,3,5882.49,0
I0012187,O952131,P00012,5,128573.1,50
I0012188,O004013,P00515,3,14775.53,50
I0012189,O004013,P00186,1,7793.39,30
I0012190,O004013,P00436,3,24552.14,10
I0012191,O004014,P00437,4,11722.09,0
I0012192,O004014,P00538,4,1316.47,40
I0012193,O004014,P00194,1,2494.69,40
I0012194,O004014,P00473,2,1751.93,70
I0012195,O004014,P00505,5,26783.5,70
I0012196,O004015,P00178,1,10645.16,10
I0012197,O984377,P00190,-1,7350.25,5
I0012198,O004015,P00436,4,20089.44,70
I0012199,O004016,P00273,2,9855.88,30
I0012200,O004016,P00389,2,3176.36,20
I0012201,O004016,P00533,5,5926.48,30
I0012202,O004017,P00397,5,27481.22,40
I0012203,O004017,P00410,1,58456.4,15
I0012204,O004017,P00213,3,5510.99,5
I0012205,O004017,P00470,5,2361.99,40
I0012206,O004017,P00470,-5,2202.51,15
I0012207,O004018,P00283,1,8702.47,5
I0012208,O004018,P00513,3,28698.68,50
I0012209,O004019,P00094,3,175579.42,5
I0012210,O004019,P00224,4,4428.62,5
I0012211,O004019,P00093,5,153610.96,15
I0012212,O004019,P00141,5,176695.27,70
I0012213,O004019,P00343,1,394.49,40
I0012214,O004020,P00440,2,8111.7,30
I0012215,O004020,P00190,4,4789.23,0
I0012216,O004020,P00281,4,2293.92,50
I0012217,O004020,P00328,5,216.44,20
I0012218,O004020,P00415,1,31078.02,30
I0012219,O004021,P00171,1,7831.72,30
I0012220,O004021,P00149,4,78175.02,0
I0012221,O004022,P00331,1,984.64,30
I0012222,O004023,P00015,1,58445.78,30
I0012223,O004024,P00397,1,37369.98,30
I0012224,O004025,P00427,3,3291.26,10
I0012225,O004025,P00414,3,40964.11,15
I0012226,O004025,P00409,5,18476.0,70
I0012227,O004026,P00337,4,881.92,5
I0012228,O004026,P00212,1,4626.56,0
I0012229,O004027,P00080,4,104835.14,70
I0012230,O004027,P00224,2,3723.98,5
I0012231,O004028,P00415,5,28986.33,10
I0012232,O004028,P00415,3,28210.65,20
I0012233,O004029,P00141,1,199642.9,0
I0012234,O004029,P00023,5,43014.56,0
I0012235,O004030,P00188,3,871.28,0
I0012236,O004030,P00070,4,170726.28,10
I0012237,O004030,P00503,3,17093.37,50
I0012238,O004030,P00194,1,1425.96,70
I0012239,O004031,P00141,5,135979.72,5
I0012240,O004031,P00409,2,15909.52,70
I0012241,O004031,P00292,2,2222.67,110
I0012242,O004031,P00407,3,38809.39,5
I0012243,O004031,P00390,1,15600.87,30
I0012244,O004032,P00096,5,190398.6,30
I0012245,O004032,P00202,3,1758.41,30
I0012246,O004033,P00281,5,2121.08,0
I0012247,O004034,P00026,2,7421.08,15
I0012248,O004035,P00473,4,1824.08,70
I0012249,O004036,P00404,0,1054.34,40
I0012250,O004036,P00515,2,14240.19,40
I0012251,O004036,P00225,5,5003.33,0
I0012252,O004036,P00381,2,17011.26,40
I0012253,O004036,P00237,4,3740.01,70
I0012254,O004037,P00457,2,919.57,15
I0012255,O004038,P00072,1,62344.35,5
I0012256,O004038,P00108,2,137071.9,40
I0012257,O901379,P00005,1,67891.66,15
I0012258,O004040,P00466,3,2259.08,0
I0012259,O004041,P00343,1,545.05,15
I0012260,O004041,P00096,5,193038.85,50
I0012261,O004041,P00248,1,6090.99,40
I0012262,O004041,P00381,4,21180.39,5
I0012263,O004041,P00414,4,44784.86,70
I0012264,O004042,P00546,-4,6260.0,40
I0012265,O004042,P00474,5,1450.38,30
I0012266,O004043,P00533,1,7301.87,70
I0012267,O004043,P00121,4,47523.67,70
I0012268,O004043,P00190,1,7911.47,40
I0012269,O004044,P00239,-2,8465.79,0
I0012270,O004044,P00473,4,2503.2,20
I0012271,O004044,P00170,1,8605.49,0
I0012272,O004044,P00047,3,75847.86,5
I0012273,O004045,P00470,5,1954.59,15
I0012274,O004045,P00393,3,47296.21,20
I0012275,O004045,P00190,5,4761.17,30
I0012276,O004046,P00321,2,87.97,70
I0012277,O004046,P00145,5,110554.62,5
I0012278,O004046,P00020,1,104115.79,40
I0012279,O004047,P00082,3,156523.48,30
I0012280,O992374,P00018,4,39028.64,0
I0012281,O004047,P00304,4,311.49,50
I0012282,O004048,P00127,5,145513.45,5
I0012283,O955639,P00467,2,1357.76,15
I0012284,O004048,P00467,5,2093.65,5
I0012285,O004048,P00365,2,2206.02,5
I0012286,O004048,P00229,5,3747.43,5
I0012287,O004049,P00141,-3,142351.95,20
I0012288,O004049,P00533,5,6010.91,5
I0012289,O004050,P00065,5,124050.49,5
I0012290,O004051,P00414,5,47111.05,15
I0012291,O004051,P00046,-2,90214.1,0
I0012292,O004051,P00257,3,584.82,0
I0012293,O004052,P00047,5,49064.62,5
I0012294,O956289,P00407,1,39168.24,40
I0012295,O004053,P00096,2,106592.58,70
I0012296,O004053,P00332,4,1722.91,50
I0012297,O004053,P00466,4,3012.27,15
I0012298,O004053,P00512,2,669.54,20
I0012299,O004053,P00304,5,445.38,10
I0012300,O004054,P00338,5,776.51,10
I0012301,O004055,P00198,3,5593.83,10
I0012302,O004056,P00338,5,681.4,50
I0012303,O004056,P00131,1,99273.04,0
I0012304,O004056,P00121,3,59671.52,5
I0012305,O004056,P00546,5,5971.35,40
I0012306,O004057,P00091,5,172509.44,15
I0012307,O004057,P00145,2,104025.18,0
I0012308,O004057,P00127,2,157657.15,50
I0012309,O004057,P00131,5,74595.98,0
I0012310,O004057,P00141,2,186433.33,0
I0012311,O004058,P00497,5,3730.4,70
I0012312,O004058,P00072,4,73367.44,30
I0012313,O004058,P00072,2,70948.14,50
I0012314,O004058,P00467,5,1964.43,50
I0012315,O004059,P00197,4,3564.22,70
I0012316,O004059,P00111,3,30530.32,15
I0012317,O004059,P00061,4,200276.9,30
I0012318,O004059,P00281,4,1902.76,5
I0012319,O004060,P00023,1,75923.75,10
I0012320,O004060,P00453,2,1516.4,40
I0012321,O004061,P00170,5,6561.92,15
I0012322,O004061,P00018,4,33707.17,40
I0012323,O004061,P00427,4,2636.4,20
I0012324,O004061,P00325,5,1347.82,15
I0012325,O004062,P00544,3,4922.0,20
I0012326,O004063,P00407,4,37704.14,20
I0012327,O004063,P00177,2,8892.3,0
I0012328,O004063,P00343,5,556.0,40
I0012329,O004064,P00007,2,56657.4,0
I0012330,O004064,P00197,1,3278.06,20
I0012331,O004064,P00065,4,144860.62,5
I0012332,O004064,P00437,5,14706.85,30
I0012333,O004065,P00493,3,32662.84,30
I0012334,O004065,P00020,-5,130433.62,10
I0012335,O004065,P00514,4,11917.69,20
I0012336,O004065,P00131,3,117296.64,30
I0012337,O004066,P00274,2,5955.32,30
I0012338,O004066,P00361,1,890.65,5
I0012339,O004066,P00101,3,190144.38,0
I0012340,O004067,P00388,3,6763.58,30
I0012341,O004068,P00112,3,164010.98,30
I0012342,O004068,P00414,5,27094.48,70
I0012343,O004069,P00065,5,89003.15,20
I0012344,O004069,P00096,5,152762.95,20
I0012345,O004069,P00457,4,784.65,40
I0012346,O004069,P00393,5,62335.64,5
I0012347,O004070,P00190,1,6010.75,15
I0012348,O004070,P00053,3,127515.7,10
I0012349,O004070,P00016,3,240103.45,50
I0012350,O004070,P00096,5,132305.25,10
I0012351,O004071,P00541,4,5602.99,5
I0012352,O004071,P00014,5,107851.18,40
I0012353,O004071,P00166,3,3098.99,30
I0012354,O004071,P00268,2,2193.5,5
I0012355,O004071,P00049,4,75566.71,10
I0012356,O004072,P00381,2,19558.1,50
I0012357,O004073,P00092,1,201728.2,50
I0012358,O004073,P00415,3,22184.66,40
I0012359,O004073,P00384,-5,5714.26,20
I0012360,O004073,P00177,2,9020.43,5
I0012361,O004073,P00460,1,239.79,20
I0012362,O004074,P00480,2,501.88,20
I0012363,O004074,P00222,5,11766.44,20
I0012364,O004074,P00543,3,603.59,20
I0012365,O004074,P00497,4,2919.07,50
I0012366,O004074,P00249,1,5197.6,70
I0012367,O004075,P00224,5,3889.34,50
I0012368,O004075,P00467,2,2060.26,40
I0012369,O004075,P00018,2,43974.95,20
I0012370,O004075,P00470,2,2259.56,50
I0012371,O004076,P00026,2,7339.31,10
I0012372,O004076,P00131,1,80003.29,70
I0012373,O004076,P00338,5,757.39,50
I0012374,O004076,P00466,2,2356.47,10
I0012375,O004076,P00092,1,148880.35,50
I0012376,O004077,P00306,1,1210.3,30
I0012377,O004077,P00026,3,5909.06,70
I0012378,O004077,P00477,1,2429.86,10
I0012379,O004077,P00015,4,52870.07,15
I0012380,O004077,P00414,1,33028.64,15
I0012381,O004078,P00212,-1,4978.33,50
I0012382,O004078,P00414,1,31368.23,20
I0012383,O004079,P00281,2,2247.61,20
I0012384,O004079,P00141,2,148286.71,40
I0012385,O004079,P00321,3,93.15,50
I0012386,O004080,P00092,1,244287.06,40
I0012387,O004080,P00496,2,2889.99,15
I0012388,O004080,P00065,2,95969.09,40
I0012389,O004080,P00149,4,114866.28,70
I0012390,O004080,P00546,3,4841.38,0
I0012391,O004081,P00305,3,1759.34,20
I0012392,O004082,P00477,2,1919.92,15
I0012393,O004082,P00225,3,3874.07,30
I0012394,O004082,P00320,3,128.61,40
I0012395,O004082,P00393,5,35827.28,40
I0012396,O004082,P00155,5,140059.7,15
I0012397,O004083,P00053,3,114420.54,5
I0012398,O004083,P00165,3,7396.61,40
I0012399,O004083,P00011,4,103018.04,5
I0012400,O004083,P00477,1,2163.81,15
I0012401,O004083,P00346,3,982.68,15
I0012402,O004084,P00229,3,3351.94,50
I0012403,O004084,P00527,1,6785.64,15
I0012404,O004084,P00466,1,1942.6,50
I0012405,O004085,P00082,2,165523.54,30
I0012406,O004085,P00440,4,6848.69,50
I0012407,O004085,P00283,5,9101.41,50
I0012408,O004086,P00523,1,16616.0,20
I0012409,O004086,P00129,4,142904.26,15
I0012410,O004086,P00486,3,13190.48,70
I0012411,O004087,P00374,1,38979.18,50
I0012412,O004087,P00249,1,6134.84,0
I0012413,O004087,P00443,5,2722.9,50
I0012414,O004088,P00202,4,2160.9,0
I0012415,O004088,P00131,1,116606.48,40
I0012416,O004089,P00474,5,1385.59,5
I0012417,O004089,P00148,5,188355.9,70
I0012418,O004089,P00338,4,833.4,40
I0012419,O004089,P00409,4,17138.86,40
I0012420,O004090,P00031,4,2554.37,15
I0012421,O004090,P00550,1,5504.46,30
I0012422,O004091,P00127,1,214977.71,50
I0012423,O004092,P00331,2,1457.88,20
I0012424,O004093,P00181,5,273.85,20
I0012425,O004093,P00053,4,113315.59,50
I0012426,O004094,P00080,4,158917.22,10
I0012427,O004094,P00072,5,45231.65,15
I0012428,O004094,P00404,1,961.0,30
I0012429,O004094,P00193,3,3906.4,20
I0012430,O004095,P00164,2,9227.82,0
I0012431,O004095,P00509,3,4092.2,30
I0012432,O004095,P00474,3,1698.91,70
I0012433,O004095,P00470,1,2276.86,70
I0012434,O004096,P00171,2,8465.3,30
I0012435,O004096,P00468,2,2164.86,70
I0012436,O004097,P00026,4,5030.28,30
I0012437,O004098,P00457,5,756.43,0
I0012438,O004098,P00550,3,4928.67,5
I0012439,O004098,P00415,2,26449.35,10
I0012440,O004098,P00005,2,57171.67,20
I0012441,O004099,P00533,2,6446.18,40
I0012442,O004099,P00228,3,6748.85,50
I0012443,O004100,P00474,3,1129.39,50
I0012444,O004101,P00384,1,6282.48,70
I0012445,O004101,P00133,2,235050.69,0
I0012446,O004101,P00398,3,1037.31,15
I0012447,O004101,P00233,2,7116.26,0
I0012448,O004101,P00036,2,142019.5,30
I0012449,O004102,P00486,4,15615.16,10
I0012450,O004102,P00149,4,74488.94,0
I0012451,O004103,P00329,4,796.08,50
I0012452,O004103,P00546,3,7899.81,70
I0012453,O004103,P00008,5,17860.29,0
I0012454,O004103,P00365,3,1545.83,50
I0012455,O004104,P00550,5,5179.72,5
I0012456,O004104,P00281,3,2061.6,50
I0012457,O004104,P00331,3,1563.07,30
I0012458,O004105,P00316,1,1839.48,10
I0012459,O004105,P00037,3,66200.81,10
I0012460,O004106,P00347,1,696.69,0
I0012461,O004106,P00127,1,144243.02,50
I0012462,O004107,P00070,3,188687.63,5
I0012463,O004107,P00202,1,1468.23,40
I0012464,O004107,P00422,4,58507.67,70
I0012465,O004107,P00526,5,428.3,10
I0012466,O004107,P00466,3,2410.41,40
I0012467,O004108,P00198,4,4799.59,30
I0012468,O004108,P00473,1,2280.22,20
I0012469,O004108,P00206,5,829.36,5
I0012470,O004108,P00190,1,8117.5,0
I0012471,O004109,P00063,4,1534.48,70
I0012472,O004109,P00262,5,7364.87,0
I0012473,O004109,P00445,3,1215.03,70
I0012474,O004109,P00197,5,4446.65,40
I0012475,O004110,P00026,4,6701.86,5
I0012476,O004111,P00026,3,6699.36,50
I0012477,O004111,P00224,4,5828.48,0
I0012478,O004111,P00057,-1,146237.02,0
I0012479,O004112,P00384,5,6048.62,40
I0012480,O004113,P00188,3,533.64,40
I0012481,O004113,P00331,3,1105.54,0
I0012482,O004113,P00171,5,8157.61,15
I0012483,O004113,P00212,5,3668.62,40
I0012484,O004113,P00140,1,147292.59,20
I0012485,O004114,P00202,2,1551.5,10
I0012486,O004115,P00170,2,7922.47,20
I0012487,O004115,P00466,2,2911.39,0
I0012488,O004115,P00047,2,59207.7,30
I0012489,O004115,P00072,3,54485.64,50
I0012490,O004116,P00144,4,156835.04,30
I0012491,O004117,P00078,5,151762.99,70
I0012492,O004117,P00197,1,3138.7,10
I0012493,O004117,P00388,2,10277.34,5
I0012494,O004117,P00466,3,2002.64,20
I0012495,O004118,P00441,4,2010.46,40
I0012496,O004118,P00197,2,3733.05,50
I0012497,O004119,P00533,1,7230.42,50
I0012498,O004119,P00441,4,2139.9,40
I0012499,O004120,P00388,2,8516.89,70
I0012500,O004120,P00447,3,451.77,40
I0012501,O004121,P00161,4,10194.08,40
I0012502,O004121,P00415,2,30365.17,50
I0012503,O004121,P00406,2,32924.85,15
I0012504,O004121,P00314,2,613.26,5
I0012505,O004122,P00020,5,130753.21,15
I0012506,O004122,P00188,3,598.66,70
I0012507,O004122,P00415,5,29304.65,5
I0012508,O004123,P00063,2,1214.42,70
I0012509,O004123,P00145,5,93133.73,40
I0012510,O004123,P00190,5,8722.47,70
I0012511,O004123,P00120,2,13599.02,20
I0012512,O004123,P00170,2,8111.51,5
I0012513,O004124,P00255,3,1676.94,15
I0012514,O004124,P00141,3,148053.63,10
I0012515,O004124,P00066,1,66628.18,0
I0012516,O004124,P00329,2,847.42,70
I0012517,O004125,P00141,1,134123.59,30
I0012518,O004125,P00090,2,37142.57,50
I0012519,O004125,P00473,3,2428.19,20
I0012520,O004125,P00343,1,510.04,30
I0012521,O004125,P00512,2,2517.93,40
I0012522,O004126,P00190,3,5062.02,0
I0012523,O004126,P00197,3,3128.16,40
I0012524,O004126,P00082,1,128872.86,10
I0012525,O004127,P00320,5,113.98,15
I0012526,O004128,P00486,3,9354.02,40
I0012527,O004129,P00193,4,4501.41,70
I0012528,O004130,P00367,2,114.35,10
I0012529,O004130,P00544,3,2984.59,20
I0012530,O004130,P00545,5,1922.91,5
I0012531,O004130,P00475,5,1408.07,30
I0012532,O004130,P00393,2,36192.65,40
I0012533,O004131,P00212,3,3936.56,10
I0012534,O004131,P00457,1,872.44,20
I0012535,O004131,P00512,1,1019.51,30
I0012536,O004131,P00072,1,47167.38,5
I0012537,O004132,P00316,1,1668.71,70
I0012538,O004132,P00018,2,48154.52,70
I0012539,O004132,P00020,5,162428.66,20
I0012540,O004132,P00384,3,7254.12,40
I0012541,O952771,P00273,2,7669.75,0
I0012542,O004133,P00533,1,6377.6,0
I0012543,O004133,P00040,1,119291.86,0
I0012544,O004133,P00523,3,13815.4,10
I0012545,O004134,P00127,4,148982.02,15
I0012546,O004134,P00546,3,4959.7,50
I0012547,O004134,P00365,4,1932.59,5
I0012548,O004134,P00533,3,6917.18,5
I0012549,O004134,P00102,4,180158.94,50
I0012550,O004135,P00087,1,34981.98,30
I0012551,O004135,P00390,2,11975.43,40
I0012552,O004135,P00415,4,23819.45,70
I0012553,O004135,P00321,2,112.98,40
I0012554,O004136,P00047,3,68819.03,40
I0012555,O004137,P00200,2,8298.71,30
I0012556,O004137,P00080,1,101785.35,0
I0012557,O004137,P00546,4,8011.89,5
I0012558,O004137,P00415,3,26016.81,70
I0012559,O004137,P00257,3,490.16,103
I0012560,O004138,P00026,3,6875.01,30
I0012561,O004139,P00422,5,39955.25,10
I0012562,O004139,P00171,5,7757.12,15
I0012563,O004140,P00437,3,19725.64,15
I0012564,O004140,P00528,4,2435.86,10
I0012565,O004140,P00224,5,5239.98,50
I0012566,O004140,P00127,5,133549.9,5
I0012567,O004141,P00171,1,11277.11,40
I0012568,O004141,P00355,5,1647.18,50
I0012569,O004141,P00043,3,200924.39,40
I0012570,O004142,P00190,0,6262.63,15
I0012571,O004142,P00206,3,510.15,30
I0012572,O947837,P00148,5,221006.84,50
I0012573,O004143,P00047,1,58809.56,40
I0012574,O004143,P00209,5,5925.37,0
I0012575,O004143,P00070,3,188677.49,15
I0012576,O004144,P00388,2,8375.46,30
I0012577,O004144,P00396,4,36805.45,15
I0012578,O004144,P00463,5,1766.03,70
I0012579,O004145,P00515,4,20092.48,10
I0012580,O004146,P00389,3,2245.18,30
I0012581,O004147,P00020,2,144095.87,20
I0012582,O004147,P00065,5,130680.2,5
I0012583,O004147,P00440,1,7153.12,40
I0012584,O004148,P00198,4,5802.53,5
I0012585,O004148,P00477,5,2446.98,20
I0012586,O004148,P00043,3,123910.81,50
I0012587,O004149,P00407,3,25766.96,20
I0012588,O004149,P00012,5,97956.59,40
I0012589,O004149,P00225,2,3661.5,30
I0012590,O004150,P00437,4,15599.83,0
I0012591,O004150,P00065,3,145976.32,40
I0012592,O004150,P00127,2,192191.0,70
I0012593,O004150,P00437,4,19610.64,50
I0012594,O004150,P00206,3,510.87,15
I0012595,O004151,P00417,3,27918.73,15
I0012596,O004152,P00316,3,1601.38,15
I0012597,O004152,P00473,0,2431.04,50
I0012598,O004152,P00248,4,6925.35,10
I0012599,O004152,P00504,4,23473.03,10
I0012600,O004152,P00474,4,1143.84,40
I0012601,O004153,P00193,3,3925.35,70
I0012602,O004154,P00332,2,2076.2,40
I0012603,O004154,P00466,1,2300.9,10
I0012604,O004155,P00026,2,4894.75,15
I0012605,O004156,P00063,3,1295.24,5
I0012606,O004156,P00254,2,11689.11,15
I0012607,O004156,P00415,1,22057.76,50
I0012608,O004156,P00390,1,10979.07,40
I0012609,O004156,P00381,2,25742.53,40
I0012610,O004157,P00504,2,21174.95,0
I0012611,O004158,P00046,4,53076.12,0
I0012612,O004158,P00528,3,3980.96,40
I0012613,O004158,P00036,2,93339.37,50
I0012614,O004158,P00202,1,2390.84,15
I0012615,O004159,P00381,3,20970.58,70
I0012616,O004160,P00388,2,12267.95,0
I0012617,O004160,P00188,5,676.46,70
I0012618,O004160,P00047,-2,64879.81,10
I0012619,O004160,P00229,4,2018.12,5
I0012620,O004161,P00320,3,111.41,70
I0012621,O004161,P00481,4,653.89,0
I0012622,O004161,P00343,1,510.5,0
I0012623,O004161,P00212,3,3044.76,40
I0012624,O004162,P00515,1,24088.5,0
I0012625,O004162,P00015,4,47047.51,10
I0012626,O004163,P00497,2,2496.35,0
I0012627,O004164,P00127,5,128110.29,20
I0012628,O004164,P00065,1,99700.73,40
I0012629,O004164,P00193,5,2528.43,50
I0012630,O004164,P00406,5,33775.91,40
I0012631,O004164,P00009,2,149007.91,0
I0012632,O004165,P00422,4,34426.26,30
I0012633,O004166,P00188,4,585.53,10
I0012634,O004166,P00202,4,1571.22,70
I0012635,O004166,P00145,5,115825.7,40
I0012636,O004166,P00131,5,112508.74,40
I0012637,O004166,P00538,-5,1121.94,5
I0012638,O004167,P00415,3,35930.44,15
I0012639,O004168,P00407,5,22929.62,15
I0012640,O004168,P00315,2,1175.0,15
I0012641,O004168,P00247,5,6432.39,5
I0012642,O004169,P00505,5,19211.01,30
I0012643,O004169,P00381,2,14780.95,15
I0012644,O004169,P00393,1,53215.28,5
I0012645,O004170,P00422,4,45208.8,30
I0012646,O004170,P00193,5,3647.25,70
I0012647,O004170,P00546,3,6566.4,50
I0012648,O004170,P00197,4,5328.74,5
I0012649,O004170,P00224,1,6060.83,15
I0012650,O004171,P00246,5,1501.92,40
I0012651,O004172,P00153,1,101775.8,15
I0012652,O004172,P00121,4,46561.73,20
I0012653,O004172,P00306,5,1794.93,15
I0012654,O004172,P00202,1,1659.55,0
I0012655,O004173,P00111,5,49877.64,30
I0012656,O004174,P00422,5,59220.59,10
I0012657,O004174,P00538,5,831.29,70
I0012658,O004174,P00171,1,9772.22,30
I0012659,O004175,P00037,4,57106.73,0
I0012660,O004176,P00080,2,153606.81,5
I0012661,O004176,P00190,5,6582.17,20
I0012662,O004177,P00281,4,2069.8,10
I0012663,O004177,P00070,1,173204.4,40
I0012664,O004178,P00333,4,1820.23,40
I0012665,O004178,P00426,2,16085.53,20
I0012666,O004179,P00546,1,4691.42,50
I0012667,O004179,P00141,4,132617.14,50
I0012668,O004179,P00121,-4,50008.76,10
I0012669,O004179,P00388,2,8541.88,30
I0012670,O004179,P00534,2,3532.46,70
I0012671,O004180,P00209,1,7955.68,15
I0012672,O004180,P00409,1,16978.68,15
I0012673,O004180,P00229,5,2314.62,15
I0012674,O004180,P00197,4,3567.82,30
I0012675,O004180,P00463,3,2435.99,5
I0012676,O004181,P00428,5,13608.54,5
I0012677,O004181,P00281,2,2185.11,50
I0012678,O004182,P00082,1,193047.65,40
I0012679,O004182,P00040,5,204854.41,0
I0012680,O004182,P00145,3,128727.09,10
I0012681,O004182,P00127,3,204429.02,15
I0012682,O004182,P00131,2,87666.39,15
I0012683,O004183,P00170,5,6773.05,15
I0012684,O004183,P00286,3,6428.53,40
I0012685,O004184,P00526,2,252.3,20
I0012686,O004184,P00193,4,3592.95,15
I0012687,O004184,P00533,5,4390.28,20
I0012688,O004184,P00497,4,3736.29,15
I0012689,O004185,P00407,3,36218.15,10
I0012690,O004185,P00250,1,1586.71,20
I0012691,O004185,P00013,5,160136.77,5
I0012692,O004186,P00305,4,1573.82,30
I0012693,O004186,P00007,3,50957.65,20
I0012694,O004187,P00440,1,4470.62,50
I0012695,O004188,P00467,5,2200.25,0
I0012696,O004188,P00190,3,6876.91,30
I0012697,O004189,P00212,5,4264.67,5
I0012698,O004189,P00323,1,435.45,70
I0012699,O004189,P00440,5,5820.47,40
I0012700,O004189,P00102,4,218414.88,30
I0012701,O004189,P00082,1,171301.76,10
I0012702,O004190,P00316,1,1351.86,20
I0012703,O004190,P00457,4,1086.43,70
I0012704,O004190,P00431,3,45451.74,40
I0012705,O004191,P00332,2,2338.92,40
I0012706,O004192,P00026,1,5528.81,40
I0012707,O004193,P00287,1,1649.77,40
I0012708,O004193,P00224,3,3473.9,10
I0012709,O004193,P00409,0,16350.46,30
I0012710,O004193,P00047,-2,87939.4,40
I0012711,O004193,P00193,3,3108.61,15
I0012712,O004194,P00390,1,12533.68,0
I0012713,O004195,P00102,2,191660.97,20
I0012714,O004195,P00193,1,4376.3,30
I0012715,O004195,P00343,3,476.0,70
I0012716,O004195,P00533,3,6403.93,5
I0012717,O004195,P00118,4,113087.69,50
I0012718,O004196,P00329,4,820.34,50
I0012719,O004196,P00043,4,212051.3,30
I0012720,O004196,P00474,4,1044.81,15
I0012721,O004196,P00121,5,58718.24,0
I0012722,O004197,P00381,-4,19909.67,30
I0012723,O004197,P00409,1,11462.87,0
I0012724,O004197,P00212,4,3405.65,40
I0012725,O004197,P00148,5,170919.82,10
I0012726,O004198,P00026,5,8443.22,20
I0012727,O004198,P00102,2,132207.89,10
I0012728,O004198,P00082,4,154560.95,70
I0012729,O004198,P00486,-2,16843.15,20
I0012730,O004199,P00523,4,12549.9,106
I0012731,O004199,P00393,-5,57958.91,0
I0012732,O004199,P00541,5,4869.09,40
I0012733,O004199,P00170,5,6811.71,0
I0012734,O004199,P00131,4,110427.54,70
I0012735,O004200,P00387,3,9357.4,15
I0012736,O004200,P00393,1,35294.92,10
I0012737,O004201,P00202,4,1471.0,40
I0012738,O004201,P00386,5,18017.41,118
I0012739,O004201,P00237,2,2918.05,0
I0012740,O004201,P00343,0,322.22,50
I0012741,O004202,P00486,2,14059.4,5
I0012742,O004202,P00474,2,1605.97,30
I0012743,O004202,P00198,1,6570.99,0
I0012744,O004202,P00108,0,112949.46,20
I0012745,O004203,P00070,3,129810.69,10
I0012746,O004203,P00127,5,210838.58,0
I0012747,O004203,P00078,5,143427.71,20
I0012748,O004204,P00197,4,5482.6,70
I0012749,O004204,P00407,5,38677.66,40
I0012750,O004204,P00202,1,1544.21,20
I0012751,O004205,P00018,5,52611.36,50
I0012752,O004205,P00133,4,170510.0,0
I0012753,O004205,P00040,3,173337.71,124
I0012754,O004205,P00497,3,3660.16,50
I0012755,O004205,P00343,2,423.4,30
I0012756,O004206,P00546,3,5226.78,15
I0012757,O004206,P00470,4,2605.69,70
I0012758,O004206,P00024,2,136937.11,50
I0012759,O004206,P00388,1,6869.99,5
I0012760,O004206,P00226,5,3571.5,50
I0012761,O004207,P00127,5,145034.37,20
I0012762,O004208,P00453,4,2184.82,40
I0012763,O004208,P00512,4,4355.44,30
I0012764,O004209,P00023,4,52537.06,20
I0012765,O004209,P00082,2,153754.63,15
I0012766,O004209,P00347,2,997.34,15
I0012767,O004209,P00393,1,41181.07,10
I0012768,O004210,P00043,4,156124.68,5
I0012769,O004210,P00348,2,1836.93,0
I0012770,O004210,P00409,5,12839.13,0
I0012771,O004211,P00018,4,32952.91,10
I0012772,O004212,P00497,1,2958.9,30
I0012773,O004212,P00320,4,124.66,30
I0012774,O004212,P00203,3,3690.22,5
I0012775,O004213,P00387,4,7939.59,15
I0012776,O004213,P00072,4,76186.44,0
I0012777,O004213,P00233,2,8427.65,15
I0012778,O004213,P00015,5,49600.32,5
I0012779,O004213,P00037,4,46605.73,5
I0012780,O004214,P00441,3,2471.2,15
I0012781,O004215,P00111,1,49579.66,70
I0012782,O004215,P00486,2,13120.09,50
I0012783,O004215,P00228,5,6132.25,40
I0012784,O004215,P00119,3,25999.17,5
I0012785,O004215,P00414,4,38670.89,70
I0012786,O004216,P00513,1,27434.36,15
I0012787,O004217,P00237,1,3487.41,40
I0012788,O004217,P00365,1,1521.83,40
I0012789,O004217,P00384,3,6350.52,30
I0012790,O004217,P00108,5,144414.78,0
I0012791,O004217,P00338,5,732.57,0
I0012792,O004218,P00193,4,3801.47,30
I0012793,O004218,P00473,5,2502.19,15
I0012794,O004218,P00111,3,40506.05,0
I0012795,O004218,P00224,5,5382.56,0
I0012796,O004219,P00343,4,427.9,10
I0012797,O004219,P00454,4,213.6,15
I0012798,O004219,P00082,1,156497.64,70
I0012799,O004220,P00381,4,18508.66,50
I0012800,O004220,P00248,1,4652.05,0
I0012801,O004221,P00053,4,120658.55,70
I0012802,O004222,P00121,1,73682.18,40
I0012803,O004222,P00197,4,3790.8,50
I0012804,O004223,P00170,3,7980.86,50
I0012805,O004224,P00104,1,55108.68,10
I0012806,O004225,P00237,5,3463.56,0
I0012807,O004225,P00409,3,13617.79,10
I0012808,O004225,P00065,3,134795.42,15
I0012809,O004225,P00102,4,177476.65,5
I0012810,O004225,P00470,3,1632.45,5
I0012811,O004226,P00332,3,1910.55,70
I0012812,O004226,P00090,3,30309.87,40
I0012813,O004226,P00244,5,8202.24,50
I0012814,O004226,P00390,1,10188.22,40
I0012815,O004227,P00190,5,5496.03,50
I0012816,O004227,P00229,2,2799.2,15
I0012817,O004228,P00466,2,2126.79,5
I0012818,O004228,P00131,-1,111204.26,5
I0012819,O004229,P00314,5,544.55,10
I0012820,O004229,P00036,3,117344.96,30
I0012821,O004229,P00257,5,499.77,70
I0012822,O004230,P00007,3,34567.56,10
I0012823,O004230,P00329,5,1158.7,70
I0012824,O004230,P00047,2,63440.43,40
I0012825,O004231,P00065,3,135298.94,10
I0012826,O004231,P00149,5,86952.94,5
I0012827,O004231,P00320,-3,146.31,20
I0012828,O004231,P00467,2,1889.56,10
I0012829,O004232,P00170,2,7760.81,5
I0012830,O004232,P00257,2,550.98,40
I0012831,O004232,P00154,1,110032.95,70
I0012832,O004232,P00437,5,16867.03,20
I0012833,O004232,P00096,1,140126.11,0
I0012834,O004233,P00145,2,131147.35,50
I0012835,O004233,P00188,5,911.82,70
I0012836,O004233,P00141,1,170492.88,5
I0012837,O004234,P00169,3,2093.7,30
I0012838,O004235,P00007,5,39417.46,15
I0012839,O004236,P00356,5,95.88,30
I0012840,O004236,P00522,5,38043.69,30
I0012841,O004236,P00505,1,31811.47,105
I0012842,O004236,P00395,4,33192.42,30
I0012843,O004236,P00410,1,56929.67,20
I0012844,O004237,P00519,1,30310.58,70
I0012845,O004237,P00514,1,10315.43,50
I0012846,O004237,P00165,2,9676.82,0
I0012847,O004237,P00392,1,27881.21,10
I0012848,O004238,P00149,1,113929.11,15
I0012849,O004239,P00172,5,6864.88,5
I0012850,O004240,P00475,4,1943.64,40
I0012851,O004240,P00381,4,24283.83,15
I0012852,O004240,P00407,5,25311.0,30
I0012853,O004241,P00170,2,8261.4,20
I0012854,O004242,P00224,3,5477.3,20
I0012855,O004243,P00415,4,22519.58,40
I0012856,O004243,P00415,1,35134.63,50
I0012857,O004243,P00026,1,5844.2,70
I0012858,O004244,P00170,3,9047.93,50
I0012859,O004244,P00197,1,3796.13,10
I0012860,O004244,P00133,5,206850.71,20
I0012861,O004244,P00150,1,188478.62,50
I0012862,O004244,P00388,3,10171.85,50
I0012863,O004245,P00012,2,102480.13,20
I0012864,O004245,P00154,2,102465.0,10
I0012865,O004245,P00466,4,2717.25,5
I0012866,O004246,P00450,1,620.42,40
I0012867,O004246,P00533,4,5351.47,5
I0012868,O004246,P00457,4,1136.23,0
I0012869,O004247,P00329,1,1158.22,50
I0012870,O004247,P00085,5,78749.7,50
I0012871,O004248,P00381,3,25058.85,5
I0012872,O004248,P00145,1,89979.63,20
I0012873,O004248,P00185,5,8199.47,30
I0012874,O004248,P00080,3,119450.57,50
I0012875,O004249,P00409,1,10250.98,70
I0012876,O004249,P00197,2,4514.16,50
I0012877,O004249,P00281,1,2143.27,15
I0012878,O004250,P00393,4,35899.87,5
I0012879,O004250,P00532,2,4713.77,50
I0012880,O004250,P00026,4,4603.63,70
I0012881,O004250,P00070,3,201735.25,70
I0012882,O004250,P00332,5,1864.57,70
I0012883,O004251,P00043,4,225314.19,0
I0012884,O004252,P00527,1,8100.17,50
I0012885,O004252,P00063,5,1662.93,40
I0012886,O004252,P00538,4,885.36,10
I0012887,O004252,P00145,3,85144.07,50
I0012888,O004252,P00480,4,932.92,20
I0012889,O004253,P00514,1,9882.4,40
I0012890,O004253,P00427,5,3420.16,30
I0012891,O004253,P00131,4,94046.39,40
I0012892,O004253,P00546,3,5638.61,70
I0012893,O004254,P00080,5,126341.28,10
I0012894,O004254,P00538,3,1023.8,40
I0012895,O004254,P00441,4,2311.9,30
I0012896,O004254,P00281,5,1737.89,70
I0012897,O004254,P00202,5,2206.72,70
I0012898,O004255,P00515,4,22521.31,20
I0012899,O004255,P00170,1,8648.82,5
I0012900,O004255,P00331,1,1082.79,20
I0012901,O004256,P00091,3,129777.26,70
I0012902,O004257,P00148,5,156514.72,0
I0012903,O004257,P00065,5,119721.53,20
I0012904,O004257,P00206,3,548.51,10
I0012905,O004257,P00393,2,41504.93,50
I0012906,O004257,P00212,2,3869.6,10
I0012907,O004258,P00467,4,2188.77,20
I0012908,O004258,P00381,5,15104.0,70
I0012909,O004258,P00175,2,9088.73,10
I0012910,O004259,P00362,2,1139.76,15
I0012911,O004259,P00384,2,6025.56,10
I0012912,O004259,P00012,1,142866.49,10
I0012913,O004259,P00415,5,31980.86,40
I0012914,O004260,P00012,2,170825.92,15
I0012915,O004260,P00414,2,33999.68,70
I0012916,O004260,P00486,5,13023.97,5
I0012917,O004260,P00111,-4,29039.2,20
I0012918,O004260,P00197,3,4839.46,50
I0012919,O004261,P00412,4,13412.43,20
I0012920,O004261,P00158,-2,80016.03,30
I0012921,O004261,P00320,1,161.15,15
I0012922,O004261,P00145,4,114094.05,15
I0012923,O004262,P00170,4,5662.88,50
I0012924,O004263,P00145,3,119059.02,30
I0012925,O004264,P00541,4,5139.95,20
I0012926,O004264,P00225,1,3403.97,20
I0012927,O004264,P00202,5,2380.33,70
I0012928,O004265,P00096,5,113380.03,20
I0012929,O004265,P00523,1,12199.07,10
I0012930,O004265,P00415,1,29654.64,70
I0012931,O004266,P00131,3,88001.28,10
I0012932,O004266,P00497,2,3597.7,10
I0012933,O004266,P00512,1,5479.88,10
I0012934,O004267,P00171,4,10237.06,70
I0012935,O004268,P00415,5,29579.67,0
I0012936,O004268,P00026,1,4830.38,20
I0012937,O004268,P00224,5,4352.21,10
I0012938,O004268,P00047,5,89568.69,50
I0012939,O004269,P00415,2,23596.13,40
I0012940,O004269,P00069,3,60533.1,0
I0012941,O004270,P00082,2,200999.11,30
I0012942,O004270,P00127,2,207882.86,10
I0012943,O004270,P00512,4,7722.94,30
I0012944,O004270,P00443,2,1717.13,70
I0012945,O004270,P00197,1,5401.56,30
I0012946,O004271,P00388,3,9898.09,15
I0012947,O004271,P00065,4,82265.08,40
I0012948,O004271,P00032,4,235548.74,0
I0012949,O004272,P00229,3,2804.41,40
I0012950,O004272,P00398,5,1096.85,117
I0012951,O004272,P00226,3,6027.67,0
I0012952,O004272,P00422,5,63704.69,40
I0012953,O004272,P00473,2,2583.1,50
I0012954,O004273,P00437,1,14663.33,70
I0012955,O910961,P00388,5,12414.08,50
I0012956,O004273,P00096,4,141182.08,50
I0012957,O004273,P00174,1,472.29,15
I0012958,O004274,P00457,4,1089.69,20
I0012959,O004274,P00390,2,15358.04,50
I0012960,O004275,P00121,2,49688.68,20
I0012961,O004275,P00072,1,51587.15,50
I0012962,O004275,P00185,3,5782.79,5
I0012963,O004275,P00170,5,5078.23,5
I0012964,O004276,P00486,3,14361.12,40
I0012965,O004277,P00171,3,9444.66,40
I0012966,O004277,P00018,1,53258.45,0
I0012967,O004277,P00519,1,23839.01,0
I0012968,O004277,P00398,4,1071.21,15
I0012969,O004277,P00481,2,960.72,50
I0012970,O004278,P00304,1,424.62,5
I0012971,O004278,P00242,1,685.31,50
I0012972,O004278,P00078,2,196256.36,70
I0012973,O004278,P00018,3,41000.35,10
I0012974,O004279,P00181,5,414.68,5
I0012975,O004279,P00470,5,1472.26,30
I0012976,O004280,P00512,3,4981.53,102
I0012977,O004280,P00204,2,10925.87,40
I0012978,O004280,P00338,2,1080.73,0
I0012979,O004280,P00082,2,178354.37,50
I0012980,O004281,P00407,4,22894.07,5
I0012981,O968471,P00522,1,33932.38,70
I0012982,O004282,P00338,3,1078.14,50
I0012983,O004282,P00413,5,21842.86,15
I0012984,O004283,P00516,2,2289.92,20
I0012985,O004283,P00273,3,11441.38,10
I0012986,O004284,P00065,5,86857.02,0
I0012987,O004284,P00202,2,1793.54,40
I0012988,O004284,P00390,3,16491.15,30
I0012989,O004284,P00457,3,865.42,15
I0012990,O004284,P00316,4,2243.21,20
I0012991,O004285,P00078,-4,157314.82,15
I0012992,O004285,P00497,5,3881.7,20
I0012993,O004285,P00532,4,6365.72,15
I0012994,O004286,P00070,4,145438.09,0
I0012995,O004286,P00007,-5,55867.56,15
I0012996,O004287,P00007,4,51451.28,50
I0012997,O004287,P00121,2,51658.38,30
I0012998,O004288,P00072,2,64810.28,10
I0012999,O004288,P00350,1,566.75,40
I0013000,O004289,P00194,2,1544.37,10
I0013001,O004289,P00078,5,233361.8,30
I0013002,O004289,P00209,1,5707.05,20
I0013003,O004289,P00405,5,39679.2,70
I0013004,O004290,P00332,4,1904.51,5
I0013005,O004290,P00085,5,62934.36,70
I0013006,O004290,P00096,5,106683.4,0
I0013007,O004291,P00443,1,2336.12,30
I0013008,O004291,P00390,4,17798.68,5
I0013009,O004292,P00063,4,962.28,0
I0013010,O004292,P00365,1,1294.56,50
I0013011,O004292,P00533,4,4390.91,40
I0013012,O004292,P00213,4,7237.59,70
I0013013,O004292,P00226,3,6232.64,0
I0013014,O004293,P00077,2,58123.45,50
I0013015,O004293,P00384,4,6533.44,50
I0013016,O004293,P00471,3,1266.2,10
I0013017,O004294,P00067,3,63388.55,0
I0013018,O004294,P00070,2,138522.47,5
I0013019,O004294,P00171,5,9915.58,15
I0013020,O004295,P00058,4,42276.55,30
I0013021,O004295,P00393,3,46698.18,0
I0013022,O004295,P00015,3,36360.16,15
I0013023,O004296,P00031,1,4081.41,50
I0013024,O004296,P00467,1,1718.42,10
I0013025,O004296,P00127,-5,204496.68,20
I0013026,O004297,P00047,3,73201.18,5
I0013027,O004297,P00097,3,117827.13,50
I0013028,O004297,P00481,3,806.79,0
I0013029,O004297,P00480,1,625.13,70
I0013030,O004297,P00197,3,5679.32,20
I0013031,O004298,P00390,4,11267.68,70
I0013032,O004298,P00018,4,33687.73,10
I0013033,O004298,P00070,5,113403.76,40
I0013034,O004298,P00467,2,2084.01,70
I0013035,O004298,P00538,5,1538.56,5
I0013036,O004299,P00332,5,1807.46,70
I0013037,O004299,P00243,3,1625.43,20
I0013038,O004299,P00512,5,7049.56,5
I0013039,O004300,P00320,2,104.71,30
I0013040,O004301,P00373,3,34628.51,50
I0013041,O004301,P00063,5,1592.63,15
I0013042,O004301,P00141,1,151893.36,70
I0013043,O004302,P00377,1,17556.65,70
I0013044,O004302,P00121,1,63926.49,5
I0013045,O004302,P00188,2,852.84,5
I0013046,O004302,P00026,4,8063.01,10
I0013047,O004303,P00444,2,1675.92,20
I0013048,O004303,P00390,2,13873.66,40
I0013049,O004303,P00036,5,94181.29,40
I0013050,O004303,P00194,4,2451.04,5
I0013051,O004303,P00546,1,4917.45,70
I0013052,O004304,P00527,5,6842.2,5
I0013053,O004304,P00198,3,5714.38,20
I0013054,O004304,P00473,3,1826.68,20
I0013055,O004305,P00544,3,4302.05,5
I0013056,O004305,P00393,5,49602.16,5
I0013057,O004305,P00486,5,13390.12,5
I0013058,O004306,P00412,2,10352.02,10
I0013059,O004306,P00196,1,6631.61,50
I0013060,O004306,P00417,1,25179.23,5
I0013061,O004306,P00388,5,12154.1,0
I0013062,O004306,P00007,3,61260.59,40
I0013063,O004307,P00444,5,2352.5,20
I0013064,O004307,P00197,3,5570.89,70
I0013065,O004307,P00480,3,518.94,5
I0013066,O004308,P00047,1,75073.48,15
I0013067,O004309,P00072,5,77562.89,70
I0013068,O004309,P00440,4,4492.53,10
I0013069,O004310,P00273,3,9730.75,10
I0013070,O004310,P00134,4,28518.87,15
I0013071,O004310,P00019,4,244923.29,5
I0013072,O004310,P00466,4,2223.7,15
I0013073,O004311,P00475,1,1986.43,50
I0013074,O004311,P00193,1,3297.15,40
I0013075,O004311,P00038,3,196886.25,70
I0013076,O004311,P00422,4,35272.86,10
I0013077,O004311,P00096,4,170426.98,70
I0013078,O004312,P00127,2,152747.76,15
I0013079,O004312,P00155,4,166256.12,15
I0013080,O004312,P00467,5,1658.35,10
I0013081,O004312,P00331,1,960.84,50
I0013082,O004312,P00385,1,22354.0,15
I0013083,O004313,P00194,5,1737.37,40
I0013084,O004313,P00367,2,82.98,15
I0013085,O004313,P00080,1,104835.86,20
I0013086,O004314,P00512,5,4964.0,15
I0013087,O004314,P00384,5,7125.12,10
I0013088,O004315,P00320,2,107.3,20
I0013089,O004315,P00148,5,148028.16,10
I0013090,O004315,P00381,4,17472.96,20
I0013091,O004315,P00398,3,1224.1,0
I0013092,O004315,P00078,2,129362.08,20
I0013093,O004316,P00066,3,48607.01,40
I0013094,O004316,P00082,5,181659.05,10
I0013095,O004316,P00229,1,2916.89,20
I0013096,O004316,P00281,5,2070.58,20
I0013097,O004316,P00202,5,1448.66,50
I0013098,O004317,P00546,1,5062.2,0
I0013099,O004317,P00295,2,335.4,30
I0013100,O004318,P00512,4,3296.33,50
I0013101,O004319,P00065,5,113433.64,10
I0013102,O004319,P00407,2,28972.63,30
I0013103,O004319,P00212,3,2862.7,10
I0013104,O004320,P00007,2,57216.32,10
I0013105,O004320,P00224,3,3863.17,40
I0013106,O004320,P00467,5,1600.15,20
I0013107,O004320,P00253,3,636.87,30
I0013108,O004320,P00538,3,1247.51,10
I0013109,O004321,P00289,2,1702.69,30
I0013110,O004322,P00072,5,68897.1,30
I0013111,O004322,P00320,3,108.28,40
I0013112,O004322,P00047,2,76666.79,15
I0013113,O004323,P00467,1,1712.49,70
I0013114,O004323,P00314,1,549.44,40
I0013115,O004324,P00295,5,403.82,15
I0013116,O004324,P00199,2,3988.34,40
I0013117,O004324,P00381,5,16087.08,30
I0013118,O004324,P00538,3,1033.57,15
I0013119,O004324,P00534,-3,5124.38,50
I0013120,O004325,P00145,5,139394.95,20
I0013121,O004325,P00047,4,59231.38,70
I0013122,O004325,P00131,3,106406.83,30
I0013123,O004326,P00036,2,163182.34,20
I0013124,O004326,P00381,4,17859.03,20
I0013125,O004326,P00102,5,176928.12,70
I0013126,O954922,P00127,3,204802.72,10
I0013127,O004327,P00047,4,66558.79,0
I0013128,O004327,P00131,5,89159.68,5
I0013129,O004327,P00212,5,4964.74,20
I0013130,O004327,P00486,3,9620.58,10
I0013131,O004328,P00164,5,10124.26,5
I0013132,O004328,P00114,1,59608.71,50
I0013133,O004328,P00092,0,160397.76,15
I0013134,O004328,P00101,4,164792.14,15
I0013135,O004328,P00011,5,113960.91,30
I0013136,O004329,P00281,4,1585.87,40
I0013137,O004329,P00273,5,9555.58,0
I0013138,O004329,P00338,1,1067.96,15
I0013139,O004329,P00428,3,9960.07,10
I0013140,O004330,P00521,2,9396.08,5
I0013141,O004330,P00212,5,2682.15,10
I0013142,O004330,P00390,4,18208.77,40
I0013143,O004330,P00082,1,122669.37,20
I0013144,O004331,P00001,4,18993.13,0
I0013145,O004331,P00224,2,5641.66,40
I0013146,O004331,P00415,2,29229.31,5
I0013147,O004332,P00237,3,4495.78,20
I0013148,O004332,P00512,5,1054.81,30
I0013149,O004333,P00043,5,198489.97,15
I0013150,O004333,P00257,3,492.58,50
I0013151,O004333,P00262,3,6222.94,30
I0013152,O004333,P00167,3,8638.98,30
I0013153,O004333,P00470,5,2333.75,50
I0013154,O004334,P00202,4,1349.17,15
I0013155,O004334,P00204,2,7221.27,10
I0013156,O004334,P00512,5,1327.87,10
I0013157,O004335,P00533,1,4918.16,30
I0013158,O004335,P00082,2,217118.22,70
I0013159,O004335,P00254,4,8118.62,0
I0013160,O004336,P00331,5,1570.79,50
I0013161,O004337,P00224,4,3676.91,40
I0013162,O004337,P00080,5,149691.33,15
I0013163,O004337,P00026,4,8464.36,40
I0013164,O004337,P00170,4,7204.98,40
I0013165,O004337,P00170,5,9022.1,40
I0013166,O004338,P00124,4,14809.75,30
I0013167,O004338,P00388,1,10686.05,50
I0013168,O004338,P00428,5,12013.76,15
I0013169,O004338,P00046,1,80288.7,10
I0013170,O004339,P00169,5,2646.2,5
I0013171,O004340,P00477,2,2089.25,0
I0013172,O004340,P00438,4,24347.08,0
I0013173,O004340,P00229,1,3186.56,5
I0013174,O004340,P00190,3,5453.64,70
I0013175,O004340,P00127,2,148995.17,15
I0013176,O004341,P00320,1,97.62,20
I0013177,O004342,P00018,2,46588.05,10
I0013178,O004342,P00409,4,11536.09,10
I0013179,O004342,P00311,1,1960.28,15
I0013180,O004342,P00145,2,105503.92,0
I0013181,O004343,P00026,5,7930.26,15
I0013182,O004343,P00127,1,145976.74,50
I0013183,O004343,P00078,5,243391.63,5
I0013184,O004343,P00432,3,15639.98,20
I0013185,O004344,P00474,4,1025.5,10
I0013186,O004344,P00057,4,182394.11,70
I0013187,O004344,P00393,5,36608.75,0
I0013188,O004344,P00457,3,850.39,10
I0013189,O004345,P00091,4,191396.96,10
I0013190,O004345,P00338,3,905.54,50
I0013191,O004345,P00145,4,119503.9,0
I0013192,O004346,P00065,3,117365.67,20
I0013193,O004347,P00338,5,1015.49,15
I0013194,O004347,P00026,4,8382.37,40
I0013195,O004347,P00096,1,190165.39,15
I0013196,O004347,P00043,5,194149.7,0
I0013197,O004347,P00527,3,7420.5,50
I0013198,O004348,P00410,1,37810.41,70
I0013199,O004348,P00388,5,7179.33,20
I0013200,O004349,P00012,2,143241.87,10
I0013201,O004349,P00407,4,35358.17,20
I0013202,O004349,P00470,2,2355.2,15
I0013203,O004349,P00026,3,5689.63,20
I0013204,O004350,P00141,1,116106.4,50
I0013205,O004350,P00384,4,5738.15,0
I0013206,O004351,P00188,5,679.78,50
I0013207,O004351,P00140,1,233475.97,50
I0013208,O004352,P00080,2,185162.08,40
I0013209,O004352,P00092,5,165199.48,0
I0013210,O004352,P00170,2,7118.69,5
I0013211,O004352,P00080,3,190337.63,5
I0013212,O004352,P00537,5,4094.83,15
I0013213,O004353,P00314,4,539.01,0
I0013214,O004353,P00222,2,7408.66,5
I0013215,O004353,P00145,2,104217.14,15
I0013216,O004353,P00012,5,132591.1,0
I0013217,O004353,P00512,3,9420.82,10
I0013218,O004354,P00352,3,397.38,20
I0013219,O004354,P00213,5,5849.2,15
I0013220,O004354,P00188,-3,577.16,40
I0013221,O004355,P00473,2,1846.14,5
I0013222,O004355,P00486,5,16669.55,40
I0013223,O004355,P00497,-1,2973.97,15
I0013224,O004355,P00486,2,9870.64,10
I0013225,O004355,P00141,1,135054.64,50
I0013226,O004356,P00080,4,115997.8,50
I0013227,O004356,P00337,4,831.18,0
I0013228,O004357,P00096,5,161507.32,20
I0013229,O004358,P00289,5,2031.37,0
I0013230,O004358,P00474,4,1254.86,30
I0013231,O004358,P00437,5,17054.25,40
I0013232,O004358,P00402,2,1198.58,10
I0013233,O004358,P00141,5,201747.56,20
I0013234,O004359,P00171,4,8408.91,5
I0013235,O004359,P00533,3,5953.95,30
I0013236,O004360,P00473,4,2425.62,50
I0013237,O004360,P00085,5,61904.7,50
I0013238,O004360,P00171,4,10515.87,30
I0013239,O004360,P00497,4,2399.92,70
I0013240,O004360,P00474,5,1408.74,10
I0013241,O004361,P00170,3,5504.55,15
I0013242,O004361,P00546,-5,6196.05,0
I0013243,O004361,P00121,5,66981.66,70
I0013244,O004361,P00037,2,62645.87,5
I0013245,O004361,P00381,3,19704.31,40
I0013246,O004362,P00181,5,400.61,50
I0013247,O004363,P00390,2,10299.04,50
I0013248,O004363,P00194,2,1437.5,20
I0013249,O004363,P00384,4,4597.63,70
I0013250,O004363,P00131,4,75120.24,10
I0013251,O004364,P00025,-3,126927.58,50
I0013252,O004364,P00393,3,46901.16,0
I0013253,O004364,P00088,5,41441.84,70
I0013254,O004364,P00333,3,2091.07,10
I0013255,O004364,P00198,4,4646.19,40
I0013256,O004365,P00528,3,4005.58,0
I0013257,O004365,P00390,5,12105.51,70
I0013258,O004365,P00441,2,1823.3,15
I0013259,O004365,P00343,3,490.37,20
I0013260,O004365,P00141,4,203573.22,40
I0013261,O004366,P00522,4,31964.37,30
I0013262,O004366,P00437,5,13127.95,20
I0013263,O004366,P00075,2,184942.8,5
I0013264,O004366,P00035,4,102785.09,5
I0013265,O004367,P00393,3,33584.59,70
I0013266,O004368,P00474,3,1717.45,70
I0013267,O004368,P00398,4,973.75,0
I0013268,O004368,P00343,3,306.65,10
I0013269,O004368,P00080,5,187236.3,5
I0013270,O004369,P00466,5,2673.97,15
I0013271,O004369,P00202,1,1964.75,5
I0013272,O004370,P00106,1,64655.94,50
I0013273,O004370,P00178,5,12363.01,0
I0013274,O004370,P00391,4,12872.25,0
I0013275,O004371,P00390,-1,13261.95,10
I0013276,O004371,P00414,5,33026.26,50
I0013277,O004372,P00486,2,13213.23,40
I0013278,O004372,P00512,3,7091.9,20
I0013279,O004373,P00155,1,165975.74,30
I0013280,O004373,P00224,4,5617.6,15
I0013281,O004373,P00120,5,12686.07,30
I0013282,O004374,P00120,5,10849.71,70
I0013283,O004374,P00096,0,120116.91,5
I0013284,O004374,P00486,4,11846.03,0
I0013285,O944248,P00209,3,8610.08,40
I0013286,O004375,P00193,2,4136.5,10
I0013287,O004375,P00082,4,144457.53,70
I0013288,O004375,P00133,2,208281.84,10
I0013289,O004375,P00012,3,152417.13,5
I0013290,O004375,P00298,5,773.85,40
I0013291,O004376,P00422,3,36391.34,40
I0013292,O004376,P00522,5,36367.83,30
I0013293,O004376,P00450,4,436.74,15
I0013294,O004376,P00193,5,2779.28,40
I0013295,O004377,P00513,5,28858.38,10
I0013296,O004378,P00384,5,6142.21,10
I0013297,O004378,P00212,1,3420.57,0
I0013298,O004378,P00541,3,5697.69,0
I0013299,O004379,P00354,4,1227.3,5
I0013300,O004379,P00470,5,1520.1,20
I0013301,O004379,P00461,1,1282.89,5
I0013302,O004379,P00422,2,53064.6,15
I0013303,O004379,P00388,5,6600.02,40
I0013304,O004380,P00387,4,8010.42,50
I0013305,O004381,P00063,3,1442.91,20
I0013306,O004381,P00233,2,5794.28,30
I0013307,O004381,P00007,2,44431.36,70
I0013308,O004382,P00171,5,9858.96,40
I0013309,O004382,P00527,4,8248.13,70
I0013310,O004382,P00391,3,11621.33,30
I0013311,O004382,P00473,2,2335.96,20
I0013312,O004383,P00198,3,8095.51,5
I0013313,O004383,P00527,1,9288.91,10
I0013314,O004384,P00145,2,131556.27,70
I0013315,O004384,P00188,3,546.85,30
I0013316,O004385,P00082,5,179119.88,15
I0013317,O004385,P00197,3,3299.26,30
I0013318,O004385,P00037,1,72212.83,5
I0013319,O004385,P00333,3,1558.44,40
I0013320,O004385,P00427,3,2282.01,5
I0013321,O004386,P00343,1,520.24,5
I0013322,O004386,P00072,2,72768.14,5
I0013323,O004386,P00512,5,1164.92,0
I0013324,O004386,P00546,5,6358.68,40
I0013325,O004386,P00229,-3,2369.97,0
I0013326,O004387,P00414,1,41467.46,0
I0013327,O004388,P00224,5,4595.18,5
I0013328,O004388,P00467,3,1593.21,70
I0013329,O004388,P00343,5,302.26,20
I0013330,O964967,P00428,2,9069.37,30
I0013331,O004388,P00063,1,1492.53,15
I0013332,O004389,P00091,1,184642.21,0
I0013333,O004390,P00474,2,1231.69,5
I0013334,O004390,P00170,2,8146.52,50
I0013335,O004390,P00415,2,30330.53,30
I0013336,O004390,P00070,1,166491.99,50
I0013337,O004390,P00202,5,2305.17,70
I0013338,O004391,P00145,3,81976.9,50
I0013339,O004391,P00197,1,4113.73,5
I0013340,O004391,P00090,1,29940.74,10
I0013341,O004392,P00026,3,6220.92,0
I0013342,O004392,P00127,3,163092.81,40
I0013343,O004392,P00063,1,1026.8,40
I0013344,O004392,P00224,1,5690.47,10
I0013345,O004392,P00072,5,58603.43,20
I0013346,O004393,P00466,4,1807.51,30
I0013347,O004393,P00188,5,868.69,30
I0013348,O004393,P00320,3,140.23,20
I0013349,O004394,P00080,3,180922.17,20
I0013350,O004395,P00498,3,532.71,10
I0013351,O004395,P00422,4,37119.54,70
I0013352,O969941,P00070,1,196163.99,70
I0013353,O004395,P00444,3,2328.14,15
I0013354,O004396,P00198,1,7251.5,40
I0013355,O004396,P00079,3,7655.24,70
I0013356,O004396,P00320,1,167.62,70
I0013357,O004396,P00013,5,169225.99,10
I0013358,O004397,P00343,4,433.92,15
I0013359,O004397,P00332,4,2264.72,20
I0013360,O004397,P00422,1,59073.13,15
I0013361,O004398,P00024,5,128540.35,10
I0013362,O004398,P00407,2,38603.98,30
I0013363,O004398,P00169,4,2110.93,30
I0013364,O004398,P00398,2,1566.1,15
I0013365,O004398,P00209,5,8835.51,70
I0013366,O004399,P00486,3,15923.55,30
I0013367,O004399,P00197,4,3075.36,10
I0013368,O004399,P00546,5,7391.22,50
I0013369,O004400,P00171,4,8706.79,30
I0013370,O004400,P00477,2,1558.62,40
I0013371,O004401,P00212,4,3722.19,20
I0013372,O004401,P00276,5,9736.57,40
I0013373,O004401,P00190,2,7870.9,0
I0013374,O004401,P00082,0,166088.58,50
I0013375,O004401,P00466,2,2440.18,20
I0013376,O004402,P00422,1,59245.43,15
I0013377,O004402,P00195,3,4724.42,5
I0013378,O004402,P00148,3,210452.21,70
I0013379,O004403,P00121,3,53235.06,20
I0013380,O004403,P00148,3,146419.77,10
I0013381,O004404,P00497,4,2653.04,10
I0013382,O004404,P00199,1,4183.29,50
I0013383,O004405,P00430,2,41386.3,15
I0013384,O004405,P00110,3,12118.72,15
I0013385,O004405,P00097,4,110785.17,0
I0013386,O004405,P00129,1,118906.54,50
I0013387,O004405,P00040,5,188359.91,50
I0013388,O004406,P00197,1,3272.97,10
I0013389,O004406,P00212,4,2702.54,10
I0013390,O004406,P00141,4,191719.1,50
I0013391,O004407,P00338,1,1114.01,50
I0013392,O004407,P00078,1,161621.72,40
I0013393,O004407,P00437,3,18467.02,70
I0013394,O004407,P00078,4,210631.27,20
I0013395,O004407,P00331,2,1287.29,20
I0013396,O004408,P00229,5,3136.75,0
I0013397,O004408,P00070,2,108398.9,70
I0013398,O004408,P00409,5,11654.24,20
I0013399,O004408,P00463,1,2402.03,30
I0013400,O004408,P00541,2,4609.89,30
I0013401,O004409,P00332,4,1301.68,30
I0013402,O004409,P00254,1,12231.79,30
I0013403,O004409,P00512,5,337.14,20
I0013404,O004410,P00190,3,8702.68,10
I0013405,O004411,P00197,4,3937.62,15
I0013406,O004411,P00129,2,130641.01,40
I0013407,O004411,P00497,1,2397.05,0
I0013408,O004411,P00391,5,12552.82,15
I0013409,O004412,P00141,1,180966.01,70
I0013410,O004412,P00463,4,1719.83,30
I0013411,O004412,P00437,5,15593.43,5
I0013412,O004412,P00118,2,105923.01,70
I0013413,O004412,P00121,5,59725.09,0
I0013414,O004413,P00131,5,71265.96,0
I0013415,O004413,P00078,1,206791.8,0
I0013416,O004413,P00203,3,5151.43,40
I0013417,O004413,P00467,3,2224.69,10
I0013418,O004413,P00541,3,5201.61,10
I0013419,O004414,P00389,3,3130.77,20
I0013420,O004414,P00324,3,1687.95,40
I0013421,O004415,P00145,2,121176.54,10
I0013422,O004416,P00170,4,7134.22,20
I0013423,O004416,P00467,1,1377.5,40
I0013424,O004416,P00473,5,2551.98,5
I0013425,O004416,P00387,2,9396.94,5
I0013426,O004416,P00198,5,7907.87,15
I0013427,O004417,P00057,1,122913.98,0
I0013428,O004418,P00026,2,6723.68,70
I0013429,O004418,P00236,4,3381.06,15
I0013430,O004418,P00204,5,8762.62,20
I0013431,O004419,P00381,1,14238.98,10
I0013432,O004419,P00224,0,3713.62,70
I0013433,O004419,P00338,4,658.94,40
I0013434,O004419,P00329,4,1158.77,50
I0013435,O004419,P00467,4,1807.79,0
I0013436,O004420,P00316,2,2298.96,20
I0013437,O004420,P00538,-1,1196.74,50
I0013438,O004420,P00316,3,1598.35,40
I0013439,O004421,P00118,1,94921.19,0
I0013440,O004421,P00437,3,13874.62,15
I0013441,O004421,P00034,4,12174.13,50
I0013442,O004421,P00024,4,140138.18,30
I0013443,O004421,P00389,2,3949.37,30
I0013444,O004422,P00018,2,49023.14,0
I0013445,O004422,P00273,1,10685.0,10
I0013446,O004422,P00407,4,39894.61,5
I0013447,O004422,P00078,2,237663.98,0
I0013448,O004422,P00449,2,1457.31,20
I0013449,O004423,P00169,5,2825.24,10
I0013450,O004423,P00097,2,110126.49,50
I0013451,O004424,P00546,4,5239.03,40
I0013452,O004424,P00043,-4,175743.74,10
I0013453,O004424,P00222,-2,8752.49,50
I0013454,O004424,P00444,4,2397.34,20
I0013455,O004425,P00198,2,7675.66,40
I0013456,O004425,P00070,2,153101.96,70
I0013457,O004426,P00200,2,7213.68,20
I0013458,O004426,P00121,4,51853.79,50
I0013459,O004426,P00188,4,734.29,0
I0013460,O004426,P00016,3,132584.35,30
I0013461,O004427,P00141,1,169140.91,15
I0013462,O004427,P00281,1,1604.83,40
I0013463,O004428,P00466,3,2865.11,30
I0013464,O004429,P00457,2,851.97,70
I0013465,O004429,P00352,4,276.6,5
I0013466,O004429,P00121,1,69172.16,0
I0013467,O004430,P00415,3,29902.08,15
I0013468,O004430,P00398,2,1276.02,15
I0013469,O004430,P00080,2,154764.59,40
I0013470,O970645,P00202,5,1816.58,70
I0013471,O004432,P00254,5,11957.58,10
I0013472,O004432,P00170,0,8628.1,30
I0013473,O004432,P00397,1,30027.14,30
I0013474,O004433,P00018,2,55480.95,5
I0013475,O004433,P00063,3,1477.37,40
I0013476,O004433,P00390,4,10038.17,15
I0013477,O004434,P00480,2,803.16,30
I0013478,O004434,P00295,3,430.91,15
I0013479,O004434,P00249,4,4946.84,15
I0013480,O004434,P00391,3,15245.35,50
I0013481,O004434,P00393,4,57981.63,40
I0013482,O004435,P00069,3,90306.06,70
I0013483,O004435,P00197,1,3840.99,0
I0013484,O004436,P00145,2,135463.71,15
I0013485,O004436,P00070,3,165657.6,10
I0013486,O004436,P00155,4,132360.61,147
I0013487,O004436,P00415,3,25334.25,10
I0013488,O004437,P00338,3,1015.03,30
I0013489,O004438,P00046,5,86390.24,70
I0013490,O004438,P00023,2,68689.68,20
I0013491,O004438,P00453,3,1482.73,20
I0013492,O004439,P00398,5,1186.41,5
I0013493,O004439,P00380,5,34445.03,20
I0013494,O004440,P00473,4,2254.35,20
I0013495,O004441,P00006,4,41295.36,20
I0013496,O004441,P00538,4,1302.35,50
I0013497,O004441,P00019,4,152423.94,20
I0013498,O004441,P00141,3,191131.69,10
I0013499,O004442,P00190,1,7120.87,5
I0013500,O004442,P00188,3,751.52,70
I0013501,O004442,P00012,2,99104.97,70
I0013502,O004442,P00486,4,13101.92,5
I0013503,O004442,P00012,5,156302.8,10
I0013504,O004443,P00226,4,4674.06,70
I0013505,O004443,P00365,5,1365.87,30
I0013506,O004443,P00198,2,7707.61,20
I0013507,O004444,P00486,5,10437.59,131
I0013508,O004445,P00412,5,10561.37,70
I0013509,O004445,P00387,5,9032.42,40
I0013510,O004445,P00197,5,5028.0,10
I0013511,O004446,P00047,2,55888.89,0
I0013512,O004447,P00131,2,119928.98,15
I0013513,O004447,P00381,-1,24020.18,70
I0013514,O004447,P00208,2,7013.09,15
I0013515,O004448,P00546,-4,6200.94,10
I0013516,O004448,P00197,2,4276.94,15
I0013517,O004449,P00258,4,4689.99,15
I0013518,O004449,P00457,4,1291.6,40
I0013519,O004449,P00527,2,8928.26,15
I0013520,O004450,P00127,5,132786.37,40
I0013521,O004450,P00026,3,5491.13,5
I0013522,O994001,P00170,2,6087.97,70
I0013523,O004450,P00422,5,39782.13,20
I0013524,O004450,P00070,4,161214.64,70
I0013525,O004451,P00155,1,160536.17,70
I0013526,O004451,P00043,2,162481.92,70
I0013527,O004451,P00473,2,3092.68,20
I0013528,O004451,P00473,1,2826.39,50
I0013529,O004451,P00190,5,6688.63,70
I0013530,O004452,P00224,2,5487.53,30
I0013531,O004452,P00012,5,109114.85,15
I0013532,O004452,P00541,5,4105.68,5
I0013533,O004452,P00172,1,7584.89,70
I0013534,O004453,P00005,2,53814.55,50
I0013535,O004453,P00212,1,2971.84,40
I0013536,O004453,P00407,4,21830.56,5
I0013537,O004453,P00257,-1,534.61,0
I0013538,O004453,P00012,5,141583.87,15
I0013539,O004454,P00036,2,159802.71,20
I0013540,O004454,P00393,4,43564.77,20
I0013541,O004454,P00475,-1,2011.2,5
I0013542,O004454,P00281,3,2129.34,50
I0013543,O004455,P00025,1,101276.28,5
I0013544,O004455,P00341,1,755.1,70
I0013545,O004455,P00165,5,9070.9,70
I0013546,O004455,P00258,5,4985.23,40
I0013547,O004455,P00224,2,3623.04,15
I0013548,O004456,P00331,4,1550.87,5
I0013549,O004456,P00527,2,9348.17,20
I0013550,O004457,P00096,5,165433.51,20
I0013551,O004457,P00414,1,29915.05,10
I0013552,O004457,P00202,4,2392.32,10
I0013553,O004457,P00170,4,6805.86,20
I0013554,O004458,P00388,1,9099.14,10
I0013555,O004458,P00515,3,16038.09,20
I0013556,O004458,P00474,1,1080.5,15
I0013557,O004458,P00005,2,70774.12,5
I0013558,O004458,P00324,5,1130.48,15
I0013559,O004459,P00409,1,12339.5,15
I0013560,O004460,P00338,2,977.82,40
I0013561,O004460,P00546,3,5269.63,132
I0013562,O004460,P00427,2,2768.58,40
I0013563,O004460,P00224,4,3878.79,10
I0013564,O004460,P00338,2,982.01,40
I0013565,O004461,P00183,2,7444.71,15
I0013566,O004461,P00213,1,5991.29,50
I0013567,O004461,P00065,4,140701.49,30
I0013568,O004461,P00026,1,5091.18,0
I0013569,O004462,P00107,4,192129.4,40
I0013570,O004462,P00226,2,6268.81,10
I0013571,O004462,P00365,5,1735.03,30
I0013572,O004463,P00229,4,2904.78,15
I0013573,O004463,P00190,1,7210.52,40
I0013574,O004463,P00257,1,715.21,40
I0013575,O004464,P00170,5,5762.59,15
I0013576,O004464,P00343,1,388.11,0
I0013577,O004464,P00306,2,1248.73,70
I0013578,O004465,P00390,5,17240.97,20
I0013579,O004465,P00070,3,202403.15,20
I0013580,O004465,P00393,-4,56790.08,20
I0013581,O004465,P00080,3,192496.79,30
I0013582,O004465,P00213,-2,5632.01,30
I0013583,O004466,P00398,1,1289.66,50
I0013584,O004467,P00305,5,2148.93,0
I0013585,O004467,P00407,2,26983.29,70
I0013586,O004467,P00338,1,997.55,20
I0013587,O004467,P00007,4,42389.17,70
I0013588,O004467,P00065,4,106988.55,20
I0013589,O004468,P00203,5,3537.74,70
I0013590,O004468,P00377,1,14852.83,15
I0013591,O004469,P00181,3,362.91,40
I0013592,O004469,P00206,3,508.31,15
I0013593,O004470,P00347,3,958.24,30
I0013594,O004470,P00437,1,18634.47,70
I0013595,O004470,P00289,5,2016.46,70
I0013596,O004470,P00121,5,58469.4,5
I0013597,O004471,P00229,2,2287.27,5
I0013598,O004471,P00127,1,175699.46,10
I0013599,O004471,P00127,5,152393.48,20
I0013600,O004471,P00171,4,10713.79,30
I0013601,O004472,P00193,1,4039.69,50
I0013602,O004473,P00384,-4,4589.36,15
I0013603,O004473,P00398,1,1502.26,10
I0013604,O004474,P00407,3,26361.96,50
I0013605,O004475,P00080,5,107196.07,20
I0013606,O004475,P00032,3,143653.05,5
I0013607,O004476,P00072,2,53022.37,50
I0013608,O004477,P00533,2,6225.88,5
I0013609,O004478,P00202,3,1848.68,30
I0013610,O004478,P00497,2,3313.57,15
I0013611,O004479,P00407,4,23355.86,30
I0013612,O004479,P00393,1,50371.12,0
I0013613,O004479,P00466,4,2576.2,20
I0013614,O004479,P00019,3,189386.14,50
I0013615,O004480,P00141,2,119840.32,10
I0013616,O004480,P00190,1,5332.9,70
I0013617,O004480,P00410,5,39202.48,50
I0013618,O004480,P00376,4,32719.06,5
I0013619,O004480,P00486,1,9948.76,40
I0013620,O004481,P00198,1,5910.71,20
I0013621,O004481,P00206,3,664.54,70
I0013622,O004481,P00470,5,2372.26,40
I0013623,O004482,P00121,5,48332.42,5
I0013624,O004482,P00190,2,6426.95,40
I0013625,O004482,P00148,5,134656.14,40
I0013626,O004482,P00172,2,6211.78,50
I0013627,O004482,P00026,4,8595.18,50
I0013628,O004483,P00188,5,745.16,15
I0013629,O004483,P00381,4,19208.07,50
I0013630,O004483,P00525,4,6913.11,0
I0013631,O004483,P00254,1,11583.22,0
I0013632,O004483,P00250,4,1611.27,40
I0013633,O004484,P00546,3,6801.72,20
I0013634,O004484,P00332,1,1388.3,10
I0013635,O004485,P00414,5,34649.41,50
I0013636,O004485,P00447,-1,550.49,70
I0013637,O004485,P00409,1,10173.12,50
I0013638,O004485,P00149,1,100651.75,30
I0013639,O004485,P00256,3,334.41,5
I0013640,O004486,P00072,5,60815.77,10
I0013641,O004486,P00020,3,163150.05,30
I0013642,O004486,P00229,5,3683.02,10
I0013643,O004486,P00188,3,755.75,50
I0013644,O004486,P00422,5,56869.31,50
I0013645,O004487,P00384,3,5460.75,40
I0013646,O004487,P00109,5,106723.34,0
I0013647,O004488,P00480,3,624.49,70
I0013648,O004488,P00415,1,24931.1,5
I0013649,O004489,P00133,5,229124.97,50
I0013650,O004489,P00198,4,7813.93,5
I0013651,O004490,P00057,2,154823.91,15
I0013652,O004491,P00415,3,31737.54,20
I0013653,O004492,P00415,4,19952.54,20
I0013654,O004493,P00464,4,984.7,15
I0013655,O004493,P00078,1,231512.91,70
I0013656,O004493,P00536,2,705.42,50
I0013657,O004494,P00027,3,69889.73,40
I0013658,O004494,P00522,4,30943.95,0
I0013659,O004494,P00178,1,10409.98,0
I0013660,O004495,P00199,-1,4585.84,40
I0013661,O004495,P00505,-4,28734.55,15
I0013662,O004495,P00212,2,3988.91,15
I0013663,O004496,P00188,1,891.17,5
I0013664,O004496,P00311,2,1576.8,50
I0013665,O004497,P00381,3,17811.13,5
I0013666,O004497,P00332,1,1774.24,5
I0013667,O004497,P00224,3,5984.95,70
I0013668,O004498,P00422,5,64118.76,0
I0013669,O004498,P00170,4,9004.33,10
I0013670,O004499,P00197,3,4358.95,50
I0013671,O004499,P00085,0,88779.39,40
I0013672,O004499,P00546,2,5571.94,40
I0013673,O004499,P00193,3,4147.89,70
I0013674,O004500,P00065,5,125908.51,70
I0013675,O004500,P00187,2,6532.24,30
I0013676,O004500,P00474,2,1016.72,40
I0013677,O004500,P00190,3,6399.64,10
I0013678,O004501,P00082,1,167465.65,40
I0013679,O004502,P00007,1,35019.64,70
I0013680,O004503,P00129,5,142252.18,20
I0013681,O004504,P00354,4,1413.18,0
I0013682,O004504,P00078,0,158265.17,10
I0013683,O004504,P00521,3,14478.19,20
I0013684,O004504,P00427,2,2881.38,30
I0013685,O004505,P00145,3,105952.22,10
I0013686,O004505,P00121,5,65109.38,40
I0013687,O004505,P00073,1,19215.96,20
I0013688,O004506,P00474,5,1650.79,70
I0013689,O004506,P00467,3,1895.86,10
I0013690,O004507,P00212,2,4001.12,5
I0013691,O004507,P00082,3,129758.55,20
I0013692,O004507,P00473,3,1968.93,20
I0013693,O004507,P00467,5,2270.99,0
I0013694,O004507,P00332,3,1540.25,30
I0013695,O004508,P00393,2,39541.95,40
I0013696,O004508,P00026,2,6125.31,5
I0013697,O004508,P00228,5,8626.93,15
I0013698,O004508,P00188,5,651.95,0
I0013699,O004509,P00064,1,196309.82,50
I0013700,O004509,P00170,1,5122.82,40
I0013701,O004509,P00221,4,6675.54,30
I0013702,O004509,P00514,2,12305.72,10
I0013703,O004509,P00065,5,145757.64,30
I0013704,O004510,P00398,3,1010.8,40
I0013705,O004510,P00224,4,6085.58,10
I0013706,O004510,P00202,2,1887.0,5
I0013707,O004510,P00381,2,22576.45,40
I0013708,O004510,P00473,4,2066.3,40
I0013709,O004511,P00428,1,11474.77,5
I0013710,O004512,P00331,1,1120.78,10
I0013711,O004512,P00196,1,8743.66,10
I0013712,O004513,P00127,5,179979.85,10
I0013713,O004513,P00467,3,1861.57,30
I0013714,O004513,P00343,1,372.09,20
I0013715,O004513,P00141,3,137756.56,5
I0013716,O004514,P00538,3,1424.89,30
I0013717,O004515,P00470,4,2235.52,20
I0013718,O004516,P00076,1,198935.54,5
I0013719,O004516,P00497,3,3289.55,30
I0013720,O004516,P00496,5,3017.61,15
I0013721,O004516,P00016,5,234663.55,5
I0013722,O004516,P00407,1,35942.09,30
I0013723,O004517,P00190,2,6022.02,40
I0013724,O004517,P00415,4,34927.7,15
I0013725,O004517,P00064,3,237187.95,70
I0013726,O004517,P00170,1,5466.15,30
I0013727,O004517,P00407,2,38294.29,5
I0013728,O004518,P00198,2,5755.36,30
I0013729,O004518,P00200,3,6236.25,50
I0013730,O004518,P00224,2,3388.61,20
I0013731,O004519,P00515,-5,25403.62,15
I0013732,O004520,P00477,5,2234.86,0
I0013733,O004520,P00519,0,23173.9,70
I0013734,O004520,P00384,5,8151.74,70
I0013735,O004520,P00306,3,1380.46,0
I0013736,O004520,P00070,3,117557.31,30
I0013737,O004521,P00193,1,3621.67,15
I0013738,O004521,P00188,5,880.46,30
I0013739,O004521,P00120,1,11984.15,50
I0013740,O004521,P00457,2,779.72,30
I0013741,O004522,P00141,2,167576.51,30
I0013742,O004522,P00026,3,6735.65,30
I0013743,O004522,P00254,2,7435.1,50
I0013744,O004523,P00013,4,185608.31,0
I0013745,O004523,P00536,1,815.78,30
I0013746,O004523,P00390,4,12516.32,15
I0013747,O004523,P00131,3,108225.55,70
I0013748,O004524,P00281,4,2932.83,0
I0013749,O004524,P00070,5,159683.34,70
I0013750,O004524,P00486,4,16956.47,70
I0013751,O004524,P00141,2,137756.44,70
I0013752,O004524,P00393,5,44399.86,40
I0013753,O004525,P00202,1,2009.48,15
I0013754,O004526,P00016,2,222415.04,5
I0013755,O004526,P00202,2,1532.26,20
I0013756,O004526,P00080,4,133299.0,30
I0013757,O004526,P00206,2,692.14,20
I0013758,O004527,P00417,3,28134.52,40
I0013759,O004527,P00522,1,32810.62,0
I0013760,O004527,P00486,1,16745.72,50
I0013761,O004528,P00284,1,3525.32,15
I0013762,O004528,P00538,5,1112.12,0
I0013763,O004529,P00430,5,44254.02,15
I0013764,O004529,P00393,2,43039.93,20
I0013765,O004529,P00188,2,877.73,70
I0013766,O004529,P00409,2,18475.51,70
I0013767,O004529,P00384,3,8294.86,40
I0013768,O004530,P00404,5,840.05,5
I0013769,O004530,P00329,5,1011.72,20
I0013770,O004530,P00127,1,188502.12,20
I0013771,O004531,P00486,1,17028.4,40
I0013772,O004532,P00078,1,218090.87,10
I0013773,O004533,P00303,0,702.13,70
I0013774,O004533,P00398,1,1272.02,0
I0013775,O004533,P00224,4,4970.9,15
I0013776,O004533,P00533,4,4019.38,50
I0013777,O004534,P00096,4,132454.1,20
I0013778,O004534,P00367,3,107.59,10
I0013779,O004534,P00541,4,3246.88,50
I0013780,O004535,P00391,0,16251.08,5
I0013781,O004536,P00145,2,92417.08,20
I0013782,O004536,P00212,2,4986.13,15
I0013783,O004536,P00343,2,482.79,10
I0013784,O004536,P00409,5,17665.13,0
I0013785,O004537,P00229,1,2518.83,20
I0013786,O004537,P00343,5,449.11,0
I0013787,O004537,P00037,-3,62125.62,70
I0013788,O004537,P00417,2,18885.19,50
I0013789,O004538,P00453,5,1338.25,0
I0013790,O004538,P00226,1,5415.64,5
I0013791,O004538,P00079,3,4555.51,0
I0013792,O004538,P00070,2,152143.04,5
I0013793,O004538,P00190,-3,7548.8,40
I0013794,O004539,P00202,4,1780.53,70
I0013795,O004539,P00358,3,3190.37,5
I0013796,O004539,P00035,3,169372.1,5
I0013797,O004540,P00073,5,15413.06,15
I0013798,O004540,P00121,5,53304.81,40
I0013799,O004540,P00096,3,116537.16,30
I0013800,O004541,P00467,5,1598.33,40
I0013801,O004541,P00140,1,204590.96,20
I0013802,O004541,P00381,4,21419.76,5
I0013803,O004541,P00018,1,34016.93,0
I0013804,O004542,P00153,5,78527.42,50
I0013805,O004542,P00546,5,5411.77,15
I0013806,O004542,P00121,5,58776.92,20
I0013807,O004542,P00481,1,982.28,70
I0013808,O004542,P00415,4,21694.62,15
I0013809,O004543,P00430,3,53786.9,0
I0013810,O004543,P00470,4,2160.75,40
I0013811,O004543,P00320,5,103.29,10
I0013812,O004543,P00529,2,5993.69,30
I0013813,O004544,P00279,5,3746.0,10
I0013814,O004544,P00082,5,196733.42,20
I0013815,O004544,P00032,2,142402.97,5
I0013816,O004545,P00053,2,94877.55,10
I0013817,O004546,P00012,1,124334.66,40
I0013818,O004546,P00444,4,2242.75,20
I0013819,O004546,P00120,1,12053.89,10
I0013820,O004546,P00007,3,40902.7,30
I0013821,O004547,P00407,1,26960.84,30
I0013822,O004547,P00546,4,7636.87,30
I0013823,O004547,P00121,3,81650.37,30
I0013824,O004547,P00063,4,1656.34,5
I0013825,O004547,P00497,4,2568.45,5
I0013826,O004548,P00512,1,1867.59,15
I0013827,O004548,P00497,4,3440.37,40
I0013828,O004548,P00026,2,8109.62,70
I0013829,O004549,P00104,4,51880.37,30
I0013830,O004550,P00370,5,433.53,30
I0013831,O004550,P00437,1,13477.29,20
I0013832,O004550,P00496,1,1816.85,50
I0013833,O004551,P00350,4,371.02,40
I0013834,O004551,P00229,1,2194.01,5
I0013835,O004551,P00229,3,3348.06,20
I0013836,O004551,P00482,1,1643.67,5
I0013837,O004551,P00422,5,60084.24,30
I0013838,O004552,P00289,1,2179.11,70
I0013839,O004552,P00198,5,5349.93,70
I0013840,O965144,P00401,2,14248.39,50
I0013841,O004552,P00026,2,7073.81,70
I0013842,O004552,P00131,3,118200.51,50
I0013843,O004553,P00025,3,138787.03,15
I0013844,O004553,P00305,4,1430.34,10
I0013845,O004553,P00387,2,5464.64,50
I0013846,O004554,P00053,0,99405.82,20
I0013847,O004554,P00070,4,167868.96,70
I0013848,O004554,P00546,1,5291.73,50
I0013849,O004554,P00193,4,3685.22,70
I0013850,O004554,P00206,4,683.39,10
I0013851,O004555,P00090,1,26247.23,70
I0013852,O004555,P00512,2,6351.22,20
I0013853,O004555,P00474,2,1601.54,30
I0013854,O004555,P00307,3,342.73,10
I0013855,O004555,P00141,3,174248.63,20
I0013856,O004556,P00393,5,49973.1,5
I0013857,O004556,P00521,2,14286.12,50
I0013858,O004557,P00406,5,36240.7,10
I0013859,O004557,P00497,2,3141.91,20
I0013860,O004557,P00316,-2,1348.75,5
I0013861,O004557,P00133,3,193412.88,5
I0013862,O004557,P00131,3,78463.62,20
I0013863,O004558,P00264,4,10160.82,15
I0013864,O004558,P00200,2,8407.41,20
I0013865,O004558,P00473,2,2060.39,20
I0013866,O004559,P00188,5,681.07,5
I0013867,O004559,P00018,2,57169.95,30
I0013868,O004559,P00406,5,50113.63,10
I0013869,O004559,P00070,5,145387.48,10
I0013870,O004559,P00346,3,863.38,50
I0013871,O004560,P00020,2,123070.48,10
I0013872,O004560,P00467,2,1967.3,30
I0013873,O004561,P00387,1,6015.36,30
I0013874,O004561,P00437,3,14756.06,30
I0013875,O004561,P00538,2,1194.49,0
I0013876,O004561,P00224,2,4236.82,40
I0013877,O004561,P00486,2,12177.54,10
I0013878,O004562,P00388,2,11737.03,20
I0013879,O004562,P00332,3,1503.07,30
I0013880,O004563,P00388,2,7431.01,5
I0013881,O004564,P00164,5,11113.2,10
I0013882,O004564,P00390,4,15566.2,40
I0013883,O004564,P00546,5,5429.16,30
I0013884,O004564,P00512,3,3121.58,30
I0013885,O004564,P00070,3,173903.55,0
I0013886,O004565,P00171,4,9523.13,10
I0013887,O004566,P00332,-1,1471.8,10
I0013888,O004567,P00538,5,1319.59,5
I0013889,O004567,P00437,3,17890.58,40
I0013890,O004567,P00306,2,1202.52,20
I0013891,O004567,P00188,2,501.7,30
I0013892,O004567,P00047,1,79345.77,15
I0013893,O004568,P00012,5,138591.33,5
I0013894,O004568,P00390,2,9990.18,0
I0013895,O004568,P00466,4,3034.14,5
I0013896,O004569,P00381,2,22173.05,20
I0013897,O004569,P00433,4,33794.95,5
I0013898,O004569,P00190,0,5721.24,50
I0013899,O004569,P00411,5,1838.25,20
I0013900,O004570,P00474,5,1477.51,50
I0013901,O004570,P00343,2,517.63,5
I0013902,O004570,P00181,2,291.7,40
I0013903,O004570,P00473,5,1749.48,20
I0013904,O004570,P00538,4,1036.11,40
I0013905,O004571,P00170,5,7250.03,5
I0013906,O004571,P00121,1,45612.81,10
I0013907,O004571,P00333,2,2250.69,10
I0013908,O004571,P00386,4,23538.72,40
I0013909,O004572,P00141,2,200078.43,15
I0013910,O004573,P00093,4,145426.22,30
I0013911,O004573,P00229,2,3396.35,10
I0013912,O004574,P00036,4,103278.27,0
I0013913,O004575,P00338,1,970.69,30
I0013914,O004575,P00474,2,1511.41,5
I0013915,O004576,P00121,1,61711.92,70
I0013916,O004576,P00384,3,5861.17,40
I0013917,O004577,P00381,2,25940.52,15
I0013918,O004577,P00367,0,91.75,50
I0013919,O004578,P00470,2,2219.49,105
I0013920,O004579,P00101,3,177984.23,10
I0013921,O004580,P00474,1,1597.09,70
I0013922,O004581,P00512,2,7134.46,30
I0013923,O004581,P00405,3,37545.48,0
I0013924,O004581,P00445,2,1176.58,30
I0013925,O004581,P00388,3,11636.23,10
I0013926,O004581,P00338,1,1125.67,15
I0013927,O004582,P00407,3,27517.99,20
I0013928,O004582,P00073,1,15835.21,15
I0013929,O004582,P00235,3,2230.23,20
I0013930,O004582,P00281,-3,2652.3,10
I0013931,O004583,P00121,3,47694.54,70
I0013932,O004583,P00538,0,1394.8,15
I0013933,O004583,P00474,4,1431.18,70
I0013934,O004583,P00415,4,20509.21,20
I0013935,O004583,P00518,1,17259.8,40
I0013936,O004584,P00209,2,8186.27,15
I0013937,O004584,P00533,5,7633.8,50
I0013938,O004584,P00390,4,16812.44,20
I0013939,O004584,P00199,2,3743.6,10
I0013940,O004584,P00519,4,25498.98,70
I0013941,O004585,P00070,2,162973.33,40
I0013942,O004586,P00388,1,10372.47,30
I0013943,O004586,P00193,1,2536.01,50
I0013944,O004586,P00170,4,6597.5,15
I0013945,O004587,P00410,5,54882.93,20
I0013946,O004587,P00470,4,1561.99,70
I0013947,O004588,P00057,3,191941.21,40
I0013948,O004589,P00012,3,165944.59,70
I0013949,O004590,P00061,-4,142207.99,10
I0013950,O004590,P00015,2,33127.58,15
I0013951,O004590,P00414,5,46411.82,10
I0013952,O004590,P00467,3,1847.49,15
I0013953,O004590,P00154,4,92346.94,40
I0013954,O004591,P00006,4,40635.02,40
I0013955,O004591,P00354,4,1571.47,50
I0013956,O004592,P00544,1,3789.65,40
I0013957,O004592,P00141,1,150130.97,0
I0013958,O004592,P00415,5,22698.63,20
I0013959,O004593,P00070,4,151306.61,30
I0013960,O004593,P00169,3,2435.19,30
I0013961,O004593,P00317,2,235.76,20
I0013962,O004594,P00544,2,3858.21,50
I0013963,O004594,P00242,5,547.04,15
I0013964,O004594,P00467,1,2248.02,50
I0013965,O004595,P00281,5,1792.27,10
I0013966,O004595,P00390,4,16392.33,20
I0013967,O004595,P00165,1,7336.18,0
I0013968,O004596,P00414,1,47866.39,0
I0013969,O004596,P00409,1,12691.85,20
I0013970,O004597,P00078,1,219852.71,5
I0013971,O004597,P00329,1,932.7,20
I0013972,O004598,P00177,5,5013.39,20
I0013973,O004598,P00474,2,1688.8,15
I0013974,O004599,P00341,1,627.51,0
I0013975,O004599,P00107,3,127730.49,20
I0013976,O004599,P00187,3,4098.03,40
I0013977,O004600,P00047,1,77385.67,0
I0013978,O004600,P00198,5,6722.42,70
I0013979,O004600,P00082,1,194246.19,0
I0013980,O004600,P00047,3,51834.29,40
I0013981,O004601,P00154,3,105017.75,10
I0013982,O004601,P00331,3,1341.27,30
I0013983,O004602,P00428,3,14149.39,20
I0013984,O004602,P00229,1,2987.64,0
I0013985,O004602,P00409,5,16375.75,10
I0013986,O004602,P00131,5,84829.76,30
I0013987,O004603,P00164,1,10971.36,10
I0013988,O004603,P00415,2,28866.82,5
I0013989,O004604,P00473,4,2040.79,40
I0013990,O004604,P00002,1,61075.29,10
I0013991,O004604,P00212,1,5005.94,20
I0013992,O004604,P00393,1,57165.04,0
I0013993,O004605,P00053,1,143739.12,15
I0013994,O004605,P00187,3,4695.98,70
I0013995,O004605,P00222,4,9439.91,15
I0013996,O004606,P00145,4,105475.97,50
I0013997,O004606,P00118,1,124791.3,50
I0013998,O004606,P00134,1,32844.45,30
I0013999,O004606,P00304,2,336.99,70
I0014000,O004606,P00197,4,5533.75,40
I0014001,O004607,P00080,2,108254.96,5
I0014002,O004607,P00070,4,157696.41,70
I0014003,O004608,P00524,5,35653.83,30
I0014004,O004609,P00546,1,7094.08,20
I0014005,O004610,P00470,5,1941.03,10
I0014006,O004610,P00193,2,3288.67,0
I0014007,O004611,P00320,1,112.18,10
I0014008,O004611,P00100,5,211514.38,70
I0014009,O004612,P00409,2,13349.11,10
I0014010,O004612,P00253,1,603.49,50
I0014011,O004612,P00026,2,6151.86,5
I0014012,O914900,P00513,4,27061.02,5
I0014013,O004612,P00065,2,136327.32,5
I0014014,O004613,P00332,5,2447.49,15
I0014015,O004614,P00047,5,55776.9,0
I0014016,O004614,P00303,5,967.83,5
I0014017,O004614,P00480,2,923.5,30
I0014018,O004614,P00390,1,9985.95,0
I0014019,O004615,P00198,5,6735.24,0
I0014020,O004615,P00427,1,3176.98,10
I0014021,O004615,P00202,1,1845.35,40
I0014022,O004616,P00338,3,1137.35,20
I0014023,O004616,P00013,1,218279.17,0
I0014024,O004617,P00194,5,1773.15,30
I0014025,O004617,P00197,5,3030.39,10
I0014026,O004618,P00457,5,905.36,30
I0014027,O004618,P00466,2,2534.2,0
I0014028,O004618,P00481,2,923.63,20
I0014029,O004618,P00193,4,3733.68,0
I0014030,O004619,P00080,5,166701.65,20
I0014031,O004619,P00131,5,73529.73,30
I0014032,O004619,P00171,2,10160.11,40
I0014033,O004620,P00202,3,1334.4,40
I0014034,O004620,P00533,0,5030.79,40
I0014035,O924563,P00096,1,180275.72,70
I0014036,O004621,P00063,5,1169.46,50
I0014037,O004621,P00193,4,4531.32,30
I0014038,O004621,P00331,5,1542.0,5
I0014039,O004621,P00409,2,11476.47,20
I0014040,O004622,P00457,2,988.29,30
I0014041,O004622,P00497,5,3141.18,20
I0014042,O004623,P00171,2,8705.49,20
I0014043,O004623,P00497,5,2255.88,15
I0014044,O004624,P00388,1,12442.81,5
I0014045,O004625,P00376,2,28037.15,30
I0014046,O004625,P00206,4,455.16,30
I0014047,O004625,P00262,3,5897.2,50
I0014048,O004625,P00486,3,16062.95,15
I0014049,O004625,P00459,3,324.9,70
I0014050,O004626,P00228,4,6313.43,0
I0014051,O004626,P00437,1,13071.69,70
I0014052,O004626,P00513,4,22891.41,0
I0014053,O004627,P00393,1,54052.04,40
I0014054,O004627,P00311,4,2030.22,15
I0014055,O004627,P00212,3,3018.2,10
I0014056,O004628,P00481,3,846.22,50
I0014057,O004628,P00398,-4,1531.3,15
I0014058,O004629,P00079,3,5378.78,15
I0014059,O004629,P00065,1,123251.23,10
I0014060,O004629,P00194,1,2565.72,15
I0014061,O004630,P00127,5,226272.24,15
I0014062,O004630,P00237,1,5263.01,30
I0014063,O004630,P00080,3,155341.91,10
I0014064,O004631,P00439,1,57494.6,15
I0014065,O004631,P00411,3,1762.2,30
I0014066,O004631,P00302,2,1427.59,70
I0014067,O004632,P00164,2,7606.29,30
I0014068,O004632,P00437,5,15466.52,70
I0014069,O004632,P00195,4,6067.25,30
I0014070,O004632,P00090,3,37269.47,20
I0014071,O004632,P00013,3,170749.66,50
I0014072,O004633,P00064,5,208378.0,20
I0014073,O004633,P00546,3,5508.57,70
I0014074,O004633,P00111,-4,26853.78,15
I0014075,O004633,P00533,4,7016.09,40
I0014076,O004633,P00084,5,134692.25,0
I0014077,O004634,P00281,4,2465.3,0
I0014078,O004634,P00198,3,4668.36,5
I0014079,O004635,P00127,4,226505.34,20
I0014080,O004635,P00396,3,44687.16,10
I0014081,O004635,P00019,3,222014.68,5
I0014082,O004635,P00127,5,223969.76,30
I0014083,O004636,P00047,1,92541.6,70
I0014084,O004636,P00057,4,102337.81,30
I0014085,O004637,P00523,5,13494.26,10
I0014086,O004637,P00065,3,140312.14,20
I0014087,O004637,P00033,5,106076.55,70
I0014088,O004637,P00015,3,59541.03,10
I0014089,O004638,P00343,2,326.59,0
I0014090,O004638,P00141,2,201776.82,40
I0014091,O004638,P00001,4,13164.03,5
I0014092,O004638,P00127,5,215481.21,15
I0014093,O004638,P00273,3,8125.82,5
I0014094,O004639,P00485,3,766.18,40
I0014095,O004640,P00078,2,167042.57,15
I0014096,O004640,P00381,-4,23790.84,40
I0014097,O004640,P00281,5,2527.29,70
I0014098,O004640,P00078,3,243545.97,0
I0014099,O004641,P00169,3,3158.29,40
I0014100,O004641,P00525,5,10581.0,50
I0014101,O004641,P00200,4,5331.95,50
I0014102,O004641,P00311,2,1762.29,10
I0014103,O004642,P00023,0,53513.85,15
I0014104,O004642,P00467,3,1734.05,50
I0014105,O004643,P00053,5,154317.67,30
I0014106,O004643,P00070,1,186822.27,50
I0014107,O004644,P00331,3,1141.47,20
I0014108,O004644,P00131,1,114873.41,30
I0014109,O004645,P00212,4,4098.13,10
I0014110,O004646,P00070,5,195819.59,40
I0014111,O004646,P00082,1,182223.32,70
I0014112,O004646,P00032,3,208833.38,20
I0014113,O004646,P00533,4,5438.7,50
I0014114,O004646,P00390,2,16810.0,40
I0014115,O004647,P00202,2,2274.22,0
I0014116,O004648,P00112,4,225510.08,20
I0014117,O004648,P00187,5,4516.49,30
I0014118,O004648,P00190,5,5850.18,20
I0014119,O004648,P00437,2,10699.58,30
I0014120,O004648,P00190,1,5090.6,30
I0014121,O004649,P00113,4,148230.42,5
I0014122,O004649,P00482,4,1381.98,50
I0014123,O004649,P00473,3,2636.56,40
I0014124,O004649,P00329,1,908.94,20
I0014125,O004650,P00422,2,45949.64,30
I0014126,O004651,P00414,2,39508.75,40
I0014127,O004651,P00338,5,922.74,0
I0014128,O004651,P00548,0,4099.59,5
I0014129,O004652,P00422,2,60705.39,0
I0014130,O004653,P00384,1,8322.35,70
I0014131,O004653,P00474,2,1711.35,15
I0014132,O004653,P00295,5,437.55,0
I0014133,O004653,P00446,5,838.59,0
I0014134,O004653,P00057,4,109037.07,40
I0014135,O004654,P00079,4,6673.52,0
I0014136,O004654,P00304,2,321.75,20
I0014137,O004654,P00047,5,78979.07,40
I0014138,O004654,P00127,3,133675.68,5
I0014139,O004655,P00229,0,3502.54,70
I0014140,O004655,P00398,4,1224.25,40
I0014141,O004655,P00470,1,1881.81,50
I0014142,O004655,P00320,3,166.66,40
I0014143,O004655,P00384,2,6982.16,20
I0014144,O004656,P00019,-3,130387.33,40
I0014145,O004656,P00155,3,101194.99,15
I0014146,O004657,P00109,2,101777.3,20
I0014147,O004657,P00437,4,19867.58,5
I0014148,O004657,P00457,2,965.43,40
I0014149,O004658,P00127,4,209015.66,10
I0014150,O004659,P00145,2,120479.69,10
I0014151,O004659,P00070,4,114985.43,70
I0014152,O004659,P00229,5,2608.72,20
I0014153,O004660,P00486,5,9492.09,40
I0014154,O004660,P00206,5,817.15,15
I0014155,O004660,P00393,5,36984.84,70
I0014156,O004661,P00170,3,8196.31,20
I0014157,O004661,P00078,1,139023.46,50
I0014158,O004662,P00070,3,163591.11,40
I0014159,O004662,P00390,4,17029.27,15
I0014160,O004662,P00047,4,88176.86,30
I0014161,O004663,P00224,3,3272.19,70
I0014162,O004663,P00171,-4,6938.96,20
I0014163,O004663,P00198,1,7012.94,0
I0014164,O004663,P00415,2,34572.18,15
I0014165,O004663,P00387,5,8964.12,15
I0014166,O004664,P00171,3,7665.86,50
I0014167,O004664,P00329,2,909.35,5
I0014168,O004664,P00170,2,5225.82,0
I0014169,O004664,P00131,5,72763.24,0
I0014170,O004664,P00224,2,5423.18,5
I0014171,O004665,P00497,4,3821.05,10
I0014172,O004665,P00248,2,6507.76,20
I0014173,O004665,P00546,5,4284.43,70
I0014174,O004665,P00463,1,1881.63,5
I0014175,O004665,P00080,4,102663.39,30
I0014176,O004666,P00457,-2,1089.07,50
I0014177,O004667,P00224,2,5831.0,40
I0014178,O004667,P00338,1,991.7,70
I0014179,O004667,P00428,-1,11024.93,50
I0014180,O004668,P00231,4,11851.57,20
I0014181,O004669,P00045,4,28609.58,15
I0014182,O004669,P00474,3,1087.67,40
I0014183,O004669,P00080,1,173358.19,20
I0014184,O004669,P00512,2,6408.83,20
I0014185,O004670,P00467,1,1523.66,50
I0014186,O004671,P00171,2,6034.41,5
I0014187,O004672,P00418,1,37578.52,30
I0014188,O004672,P00012,2,120640.45,5
I0014189,O004672,P00202,4,2429.79,70
I0014190,O004672,P00247,3,7763.16,40
I0014191,O004672,P00452,3,1035.24,20
I0014192,O004673,P00212,1,3305.92,10
I0014193,O004673,P00550,3,6370.22,5
I0014194,O004674,P00422,2,37965.36,0
I0014195,O004674,P00467,1,1351.56,15
I0014196,O004674,P00338,-5,947.3,30
I0014197,O004674,P00343,1,415.42,15
I0014198,O004675,P00320,5,171.48,0
I0014199,O004675,P00198,2,7271.71,30
I0014200,O004675,P00538,1,1484.01,0
I0014201,O004675,P00198,3,7711.52,40
I0014202,O004675,P00407,4,39133.78,50
I0014203,O004676,P00428,4,15616.94,10
I0014204,O004676,P00305,3,1891.87,0
I0014205,O004677,P00184,1,7968.65,15
I0014206,O004677,P00018,5,44496.04,70
I0014207,O004677,P00127,1,202657.8,5
I0014208,O004677,P00229,3,3664.51,20
I0014209,O004678,P00237,1,5157.55,50
I0014210,O004678,P00079,5,6769.31,30
I0014211,O004678,P00121,0,73209.14,40
I0014212,O004678,P00080,3,134622.65,30
I0014213,O004678,P00496,3,2944.81,20
I0014214,O004679,P00331,4,1588.64,0
I0014215,O004680,P00550,1,7172.83,30
I0014216,O004681,P00224,4,5465.98,40
I0014217,O004681,P00389,4,3716.18,10
I0014218,O004681,P00073,5,16413.68,0
I0014219,O004681,P00197,4,5643.85,10
I0014220,O004682,P00343,2,415.87,40
I0014221,O004682,P00097,1,120183.58,20
I0014222,O004682,P00533,-5,6713.9,10
I0014223,O004682,P00388,1,8129.32,70
I0014224,O004683,P00331,-1,1198.56,10
I0014225,O004683,P00312,5,471.38,30
I0014226,O004683,P00148,5,167701.1,40
I0014227,O004683,P00212,3,3540.0,50
I0014228,O004683,P00449,2,1602.32,10
I0014229,O004684,P00437,1,13856.51,20
I0014230,O004684,P00512,1,1734.0,40
I0014231,O004684,P00171,1,7985.29,30
I0014232,O004684,P00474,2,1226.58,50
I0014233,O004685,P00470,3,2286.92,40
I0014234,O004685,P00441,3,2501.17,50
I0014235,O004685,P00393,4,57139.51,30
I0014236,O004686,P00514,2,11823.8,0
I0014237,O004686,P00346,-1,1433.55,30
I0014238,O004686,P00247,4,7836.85,5
I0014239,O004686,P00078,4,159027.29,50
I0014240,O004686,P00513,-2,24530.35,70
I0014241,O004687,P00228,2,9170.74,50
I0014242,O004687,P00035,4,138780.18,0
I0014243,O004687,P00519,4,26378.01,30
I0014244,O004687,P00389,3,2673.19,20
I0014245,O004688,P00229,5,3208.94,70
I0014246,O004688,P00049,2,66788.39,10
I0014247,O004688,P00425,3,20164.21,70
I0014248,O004689,P00444,1,1642.26,40
I0014249,O004689,P00035,4,89993.16,40
I0014250,O004689,P00121,5,79047.53,10
I0014251,O004689,P00023,4,64899.39,20
I0014252,O004689,P00141,2,168051.6,70
I0014253,O004690,P00437,3,16683.47,10
I0014254,O004690,P00047,3,73019.85,50
I0014255,O004691,P00127,2,177880.36,50
I0014256,O004691,P00082,5,187572.73,10
I0014257,O004691,P00090,5,35872.38,10
I0014258,O004692,P00477,4,1920.4,5
I0014259,O004692,P00437,5,16775.61,50
I0014260,O004693,P00233,5,5106.44,5
I0014261,O004693,P00026,4,7877.49,50
I0014262,O004693,P00194,3,2198.3,5
I0014263,O004693,P00289,2,1435.59,10
I0014264,O004693,P00193,5,3228.41,5
I0014265,O004694,P00015,2,35369.95,15
I0014266,O004695,P00063,3,1798.87,15
I0014267,O004696,P00078,5,154659.2,70
I0014268,O004696,P00037,2,37999.61,15
I0014269,O004697,P00386,4,23669.67,15
I0014270,O004697,P00406,2,52313.75,50
I0014271,O004697,P00393,5,33411.84,15
I0014272,O004697,P00026,1,6487.41,20
I0014273,O004698,P00422,2,36781.86,5
I0014274,O004698,P00422,5,44204.63,30
I0014275,O974758,P00037,4,64970.46,10
I0014276,O004699,P00225,1,5413.1,15
I0014277,O004699,P00390,4,12636.41,15
I0014278,O004699,P00164,3,8841.64,30
I0014279,O004700,P00171,3,5988.69,0
I0014280,O004700,P00304,4,415.08,40
I0014281,O004701,P00224,2,3263.15,10
I0014282,O004702,P00103,4,107448.94,30
I0014283,O004702,P00222,4,9855.96,0
I0014284,O004702,P00360,3,370.93,15
I0014285,O004702,P00268,5,2816.17,70
I0014286,O004703,P00127,1,167066.58,70
I0014287,O004703,P00407,1,40788.74,5
I0014288,O004703,P00474,4,1253.75,10
I0014289,O004703,P00474,4,1070.62,0
I0014290,O004704,P00398,3,1599.5,10
I0014291,O004704,P00422,2,61007.72,30
I0014292,O004704,P00497,5,3214.55,50
I0014293,O004704,P00090,5,21605.38,50
I0014294,O004705,P00065,1,85239.92,40
I0014295,O004705,P00422,4,43491.76,50
I0014296,O004705,P00466,2,2319.48,5
I0014297,O004705,P00145,1,105652.14,70
I0014298,O004705,P00440,5,7912.73,20
I0014299,O004706,P00034,0,21311.95,40
I0014300,O004706,P00233,3,4947.96,40
I0014301,O004706,P00078,3,209812.67,70
I0014302,O004706,P00224,4,4781.72,10
I0014303,O004707,P00496,1,1893.63,20
I0014304,O004707,P00281,1,2569.42,5
I0014305,O004707,P00281,2,2981.21,20
I0014306,O004707,P00505,2,28732.99,20
I0014307,O004707,P00197,2,4252.58,30
I0014308,O004708,P00466,3,2009.86,107
I0014309,O004709,P00063,4,1718.85,20
I0014310,O004709,P00512,1,1217.02,5
I0014311,O004710,P00428,5,15082.67,0
I0014312,O004710,P00274,4,6557.25,0
I0014313,O004710,P00018,5,53894.5,10
I0014314,O004710,P00065,5,119561.14,5
I0014315,O004710,P00422,3,37696.34,5
I0014316,O004711,P00398,3,1493.97,20
I0014317,O004711,P00080,4,181187.73,0
I0014318,O004711,P00178,5,8693.01,5
I0014319,O004712,P00398,5,1047.97,40
I0014320,O004712,P00063,-1,1411.54,50
I0014321,O004712,P00409,5,16237.62,50
I0014322,O004712,P00393,4,55272.64,0
I0014323,O004713,P00515,1,19487.35,70
I0014324,O004713,P00473,3,1799.32,50
I0014325,O004713,P00213,4,4965.63,40
I0014326,O004713,P00414,2,44181.19,5
I0014327,O004714,P00450,4,781.2,30
I0014328,O004714,P00046,2,55041.34,0
I0014329,O004714,P00140,2,139664.36,30
I0014330,O004714,P00129,5,113313.86,5
I0014331,O004715,P00141,5,119734.52,20
I0014332,O004715,P00310,4,1183.33,40
I0014333,O004715,P00388,2,10376.84,70
I0014334,O004715,P00026,2,8485.49,70
I0014335,O004715,P00257,1,715.72,30
I0014336,O004716,P00474,4,1475.14,40
I0014337,O004716,P00318,3,1782.73,70
I0014338,O004717,P00466,2,2971.5,20
I0014339,O004717,P00393,2,34123.45,20
I0014340,O004717,P00343,4,337.4,50
I0014341,O004718,P00121,4,47282.69,15
I0014342,O004718,P00065,3,98539.54,40
I0014343,O004718,P00120,3,12252.18,10
I0014344,O004718,P00290,2,2033.12,10
I0014345,O004718,P00399,3,31250.46,70
I0014346,O004719,P00233,1,4988.03,5
I0014347,O004719,P00170,3,8325.1,20
I0014348,O004719,P00372,4,5683.1,10
I0014349,O004720,P00203,2,5681.09,40
I0014350,O004720,P00507,5,18851.5,15
I0014351,O004721,P00437,3,15277.0,40
I0014352,O004721,P00463,2,2299.41,10
I0014353,O004721,P00512,3,533.63,50
I0014354,O004721,P00512,1,8238.13,70
I0014355,O004721,P00343,3,355.08,20
I0014356,O004722,P00196,3,11604.57,40
I0014357,O004722,P00096,1,136633.92,70
I0014358,O004722,P00470,2,2473.51,40
I0014359,O004722,P00338,3,878.34,0
I0014360,O004723,P00193,4,3743.3,10
I0014361,O004723,P00013,4,176208.2,50
I0014362,O004723,P00322,3,769.88,30
I0014363,O004723,P00384,5,5123.6,5
I0014364,O004723,P00393,5,49216.6,30
I0014365,O004724,P00133,1,169874.66,0
I0014366,O004725,P00193,2,2771.84,15
I0014367,O004726,P00202,2,2140.66,5
I0014368,O004726,P00087,2,21339.16,70
I0014369,O004726,P00213,4,6809.85,15
I0014370,O004726,P00242,5,624.33,20
I0014371,O004727,P00070,5,172781.98,15
I0014372,O004727,P00177,4,7935.6,15
I0014373,O004727,P00212,1,2851.78,5
I0014374,O004727,P00224,4,4659.29,20
I0014375,O004728,P00331,2,1008.94,15
I0014376,O004729,P00096,5,127625.83,50
I0014377,O004729,P00538,1,1164.12,50
I0014378,O004729,P00148,1,161506.44,10
I0014379,O004729,P00070,5,149564.58,10
I0014380,O004730,P00377,3,17303.2,15
I0014381,O004731,P00224,3,3302.48,50
I0014382,O004731,P00281,-4,2177.15,40
I0014383,O004731,P00026,0,8551.55,30
I0014384,O004731,P00473,5,3101.47,70
I0014385,O004732,P00019,3,187971.0,0
I0014386,O004732,P00170,1,7507.13,50
I0014387,O004733,P00332,3,1861.35,5
I0014388,O004734,P00538,2,1144.79,15
I0014389,O004734,P00450,1,694.55,5
I0014390,O004735,P00057,1,111443.26,30
I0014391,O004735,P00141,2,194496.86,15
I0014392,O004735,P00096,-5,119544.59,40
I0014393,O004735,P00512,1,2865.0,40
I0014394,O004736,P00473,4,3227.97,40
I0014395,O004736,P00203,3,5019.9,15
I0014396,O004736,P00466,5,2644.23,50
I0014397,O004736,P00407,4,30100.88,70
I0014398,O004737,P00172,3,5398.69,30
I0014399,O004737,P00468,3,2531.16,70
I0014400,O004738,P00381,3,20660.25,40
I0014401,O004738,P00437,1,14508.8,30
I0014402,O004738,P00387,3,8965.12,10
I0014403,O004739,P00305,4,2223.25,10
I0014404,O004739,P00390,2,16577.57,50
I0014405,O004739,P00244,2,6808.35,30
I0014406,O004739,P00338,3,622.68,0
I0014407,O004739,P00202,3,2365.06,20
I0014408,O004740,P00415,5,31492.79,40
I0014409,O004740,P00477,2,1763.08,15
I0014410,O004740,P00512,4,7980.68,15
I0014411,O004741,P00317,4,264.04,10
I0014412,O004741,P00354,4,1799.91,20
I0014413,O004741,P00470,5,2325.32,50
I0014414,O004741,P00329,5,703.93,70
I0014415,O004742,P00198,5,6768.73,40
I0014416,O004742,P00450,-5,577.79,20
I0014417,O004743,P00512,4,6173.05,10
I0014418,O004743,P00144,2,143270.68,0
I0014419,O004744,P00417,2,16892.93,5
I0014420,O004744,P00072,5,64204.91,40
I0014421,O004744,P00202,3,1942.15,0
I0014422,O004745,P00388,1,7580.7,50
I0014423,O004745,P00031,2,3516.5,40
I0014424,O004745,P00224,3,4745.79,5
I0014425,O004746,P00512,3,3039.71,50
I0014426,O004746,P00035,-4,151621.6,50
I0014427,O004747,P00187,5,5694.78,70
I0014428,O004747,P00129,1,116790.73,15
I0014429,O004747,P00384,4,7152.68,0
I0014430,O004747,P00407,2,26945.97,40
I0014431,O004747,P00082,5,137015.88,20
I0014432,O004748,P00420,3,35640.41,50
I0014433,O004749,P00470,4,1834.09,10
I0014434,O004749,P00474,2,970.89,20
I0014435,O004750,P00486,1,16496.92,10
I0014436,O004751,P00087,2,23450.47,30
I0014437,O004752,P00249,1,5913.51,70
I0014438,O004752,P00082,5,204324.62,20
I0014439,O004752,P00063,5,1164.63,40
I0014440,O004752,P00389,1,2303.36,70
I0014441,O004753,P00080,1,159116.13,10
I0014442,O004753,P00281,5,2316.78,70
I0014443,O004754,P00133,5,224378.22,20
I0014444,O004754,P00012,-3,137925.64,0
I0014445,O004755,P00533,2,5114.08,15
I0014446,O004755,P00131,2,68439.45,0
I0014447,O004756,P00026,4,7848.11,40
I0014448,O004756,P00470,5,1790.64,5
I0014449,O004756,P00273,1,6414.14,10
I0014450,O004756,P00422,4,54610.31,20
I0014451,O004756,P00170,5,4813.12,5
I0014452,O004757,P00444,3,2018.51,50
I0014453,O004757,P00393,3,47562.28,5
I0014454,O004757,P00212,3,5007.09,5
I0014455,O004757,P00079,2,5744.69,0
I0014456,O004757,P00046,1,58567.03,15
I0014457,O004758,P00141,4,145938.78,10
I0014458,O004758,P00407,2,22306.35,70
I0014459,O004758,P00023,4,68772.74,0
I0014460,O004758,P00413,5,16082.89,0
I0014461,O004758,P00047,5,51525.69,5
I0014462,O004759,P00305,1,1933.82,70
I0014463,O004760,P00538,2,898.66,5
I0014464,O004761,P00331,3,903.93,40
I0014465,O004761,P00306,2,1168.62,20
I0014466,O004762,P00153,2,64240.33,0
I0014467,O004763,P00188,5,836.29,20
I0014468,O004763,P00096,4,156234.33,0
I0014469,O004763,P00320,5,156.42,5
I0014470,O004763,P00546,2,4755.62,70
I0014471,O004764,P00212,1,4252.78,50
I0014472,O004764,P00198,3,5573.79,5
I0014473,O004764,P00065,1,89115.84,0
I0014474,O004764,P00063,1,1554.03,50
I0014475,O004764,P00393,2,41423.27,40
I0014476,O004765,P00398,3,1318.95,50
I0014477,O004766,P00012,1,158566.36,5
I0014478,O004766,P00338,5,791.59,50
I0014479,O004766,P00082,2,164569.68,70
I0014480,O004766,P00474,3,1169.03,0
I0014481,O004766,P00457,1,909.6,40
I0014482,O004767,P00343,4,454.47,10
I0014483,O004767,P00070,3,141118.62,50
I0014484,O004768,P00145,5,85601.41,40
I0014485,O940598,P00247,4,8027.17,10
I0014486,O004768,P00473,-5,2084.55,117
I0014487,O004768,P00393,1,45748.18,50
I0014488,O004768,P00018,2,41667.58,70
I0014489,O004769,P00473,4,1775.1,30
I0014490,O004769,P00047,2,63947.53,15
I0014491,O004770,P00409,1,14617.47,20
I0014492,O004770,P00079,1,7100.27,5
I0014493,O004771,P00197,3,5108.76,20
I0014494,O004771,P00381,5,18144.95,10
I0014495,O004772,P00479,3,2335.79,70
I0014496,O004772,P00078,2,207976.58,5
I0014497,O004773,P00332,1,2105.02,10
I0014498,O004773,P00063,0,1120.37,0
I0014499,O004773,P00470,5,1533.7,40
I0014500,O004773,P00070,1,156312.48,15
I0014501,O004773,P00404,3,704.67,40
I0014502,O004774,P00024,2,104267.1,0
I0014503,O004775,P00407,3,26347.5,40
I0014504,O004775,P00048,4,109740.05,30
I0014505,O004775,P00078,3,183628.47,5
I0014506,O004775,P00266,1,10542.11,40
I0014507,O004775,P00522,4,33782.29,15
I0014508,O004776,P00438,3,20340.14,70
I0014509,O004777,P00168,3,3294.95,10
I0014510,O004777,P00188,4,885.91,5
I0014511,O004777,P00065,5,143695.36,10
I0014512,O004777,P00121,2,63110.03,40
I0014513,O004778,P00202,5,2333.77,70
I0014514,O004778,P00384,2,8089.03,15
I0014515,O004779,P00457,1,1353.23,5
I0014516,O004779,P00070,3,184950.07,0
I0014517,O004779,P00171,4,7097.31,70
I0014518,O004780,P00477,5,1362.21,30
I0014519,O004780,P00497,5,2695.92,5
I0014520,O004780,P00338,4,811.72,15
I0014521,O004780,P00269,1,4584.46,15
I0014522,O004780,P00198,5,6112.23,20
I0014523,O004781,P00015,1,59287.91,40
I0014524,O004781,P00407,2,28927.6,50
I0014525,O004781,P00545,4,2350.34,50
I0014526,O004781,P00467,3,1863.74,20
I0014527,O004781,P00197,4,5299.44,10
I0014528,O004782,P00335,1,210.03,15
I0014529,O004782,P00127,2,167085.12,5
I0014530,O004782,P00527,2,7964.91,30
I0014531,O004782,P00213,4,4578.92,50
I0014532,O004783,P00274,4,5565.16,10
I0014533,O004783,P00415,4,29529.52,50
I0014534,O004783,P00082,5,220654.11,30
I0014535,O004783,P00437,5,14023.01,15
I0014536,O004784,P00331,1,1499.81,10
I0014537,O004784,P00198,4,6980.24,10
I0014538,O004784,P00198,4,7047.04,10
I0014539,O004785,P00415,-5,30461.77,15
I0014540,O004785,P00112,-4,197601.86,10
I0014541,O004785,P00188,1,486.15,20
I0014542,O004785,P00457,1,1183.96,5
I0014543,O004786,P00053,5,145145.17,20
I0014544,O004786,P00078,3,171562.87,70
I0014545,O004786,P00188,1,751.78,5
I0014546,O004786,P00262,2,6229.13,5
I0014547,O004786,P00226,3,4744.04,5
I0014548,O004787,P00249,3,4636.9,70
I0014549,O004787,P00229,5,3080.84,142
I0014550,O004788,P00141,1,177580.88,10
I0014551,O004788,P00118,5,136707.61,10
I0014552,O004788,P00145,4,79822.56,5
I0014553,O004789,P00486,1,13729.49,15
I0014554,O004789,P00007,3,53261.31,40
I0014555,O004789,P00202,4,2243.9,15
I0014556,O004789,P00212,3,3052.38,0
I0014557,O004789,P00281,3,2225.34,0
I0014558,O004790,P00389,1,2581.58,50
I0014559,O004791,P00026,2,5663.79,20
I0014560,O004791,P00043,4,190572.43,40
I0014561,O004791,P00012,1,116896.55,40
I0014562,O004791,P00338,1,931.79,0
I0014563,O004791,P00127,4,123134.75,50
I0014564,O004792,P00343,2,459.96,30
I0014565,O004793,P00538,3,1522.17,5
I0014566,O004793,P00544,2,3657.23,30
I0014567,O004794,P00121,3,48939.64,50
I0014568,O004794,P00171,4,8029.56,15
I0014569,O004795,P00254,4,9943.95,0
I0014570,O004795,P00202,5,1871.53,70
I0014571,O004796,P00398,5,1136.9,10
I0014572,O004796,P00422,4,51476.85,15
I0014573,O004796,P00078,1,133998.67,50
I0014574,O004796,P00546,4,8001.86,30
I0014575,O004797,P00457,1,953.32,70
I0014576,O004797,P00257,1,467.18,40
I0014577,O004797,P00005,3,53796.78,15
I0014578,O004798,P00018,5,55978.5,30
I0014579,O004798,P00019,1,238814.93,5
I0014580,O004798,P00538,5,1124.88,70
I0014581,O004798,P00473,2,3001.63,15
I0014582,O004798,P00523,4,16784.36,5
I0014583,O004799,P00120,3,10883.78,10
I0014584,O004799,P00171,4,10886.78,50
I0014585,O004799,P00314,5,705.86,5
I0014586,O004800,P00512,1,3226.02,30
I0014587,O004801,P00530,4,1277.08,5
I0014588,O004801,P00316,1,2165.85,20
I0014589,O004801,P00525,4,6666.99,10
I0014590,O004802,P00188,1,486.59,70
I0014591,O004802,P00331,3,1202.88,70
I0014592,O004803,P00027,3,56186.89,15
I0014593,O004804,P00427,1,2357.11,5
I0014594,O004804,P00546,1,7672.45,15
I0014595,O004804,P00481,4,1018.04,40
I0014596,O004804,P00037,5,56179.43,50
I0014597,O004805,P00229,4,2342.12,5
I0014598,O004805,P00177,1,5104.83,70
I0014599,O004805,P00305,3,1315.95,20
I0014600,O004806,P00344,4,2124.22,5
I0014601,O004806,P00422,1,35129.21,30
I0014602,O004807,P00047,2,69707.95,15
I0014603,O004807,P00212,4,3193.7,10
I0014604,O004807,P00249,4,4676.06,5
I0014605,O004808,P00473,4,2260.39,10
I0014606,O004808,P00393,4,57422.04,30
I0014607,O004809,P00304,5,476.84,0
I0014608,O004809,P00422,4,34851.98,70
I0014609,O004809,P00268,5,2093.5,70
I0014610,O004809,P00202,1,1333.68,70
I0014611,O004810,P00427,2,3100.81,30
I0014612,O004810,P00063,2,1459.41,50
I0014613,O004810,P00398,3,1295.95,15
I0014614,O004810,P00097,3,92919.86,10
I0014615,O004811,P00474,2,1237.21,30
I0014616,O004811,P00026,2,7828.67,10
I0014617,O004811,P00133,2,162765.8,20
I0014618,O004812,P00398,4,921.08,40
I0014619,O004812,P00390,4,17383.97,15
I0014620,O004812,P00016,1,174601.4,20
I0014621,O004812,P00509,5,3141.18,10
I0014622,O004812,P00140,4,249345.43,15
I0014623,O004813,P00390,1,11185.05,5
I0014624,O004813,P00233,2,8784.39,40
I0014625,O004813,P00145,5,96522.2,0
I0014626,O004813,P00145,2,102424.41,40
I0014627,O004814,P00127,5,127630.78,50
I0014628,O004815,P00444,2,1931.32,15
I0014629,O004815,P00295,3,308.93,70
I0014630,O004816,P00131,2,96616.07,50
I0014631,O004816,P00229,3,2747.6,20
I0014632,O004816,P00224,-5,3654.14,40
I0014633,O004816,P00262,1,5526.38,5
I0014634,O004816,P00145,4,87978.05,0
I0014635,O004817,P00035,4,117547.01,15
I0014636,O004817,P00197,5,4054.68,0
I0014637,O004817,P00015,4,37196.29,70
I0014638,O004817,P00474,2,1683.61,10
I0014639,O004818,P00170,4,8989.57,40
I0014640,O004818,P00454,2,213.36,10
I0014641,O004819,P00127,4,176796.3,50
I0014642,O004819,P00145,4,91774.3,30
I0014643,O004819,P00274,5,7446.18,10
I0014644,O004819,P00047,2,56689.94,0
I0014645,O004820,P00343,4,468.15,15
I0014646,O004821,P00281,3,3008.94,5
I0014647,O004821,P00180,4,739.6,30
I0014648,O004821,P00466,1,2987.4,15
I0014649,O004821,P00057,5,160615.86,20
I0014650,O004821,P00243,2,1600.91,10
I0014651,O004822,P00428,5,10210.22,40
I0014652,O004822,P00331,1,1229.58,0
I0014653,O004822,P00042,3,27139.93,15
I0014654,O004822,P00391,4,11350.29,70
I0014655,O004822,P00343,4,423.62,20
I0014656,O004823,P00397,3,34073.82,20
I0014657,O004823,P00414,1,27864.23,40
I0014658,O004824,P00145,4,136231.1,30
I0014659,O004825,P00070,-1,164593.55,20
I0014660,O004825,P00281,3,2895.72,50
I0014661,O933841,P00409,4,11093.76,10
I0014662,O004825,P00473,2,2930.88,70
I0014663,O004826,P00314,4,575.58,0
I0014664,O004826,P00202,1,1536.05,70
I0014665,O004826,P00237,2,4422.04,40
I0014666,O004826,P00474,3,1662.03,15
I0014667,O004827,P00102,1,145495.15,5
I0014668,O004828,P00343,4,339.77,70
I0014669,O004828,P00544,5,2694.65,20
I0014670,O004828,P00145,1,98510.78,50
I0014671,O004828,P00522,2,32073.68,70
I0014672,O004828,P00338,2,831.0,20
I0014673,O004829,P00078,4,218735.97,0
I0014674,O004829,P00463,3,2088.16,5
I0014675,O004829,P00343,1,427.22,20
I0014676,O004829,P00318,-4,1239.0,50
I0014677,O004830,P00415,4,22254.33,5
I0014678,O004830,P00466,5,1865.19,50
I0014679,O004830,P00390,1,18109.45,20
I0014680,O949548,P00470,1,1923.32,5
I0014681,O004831,P00046,0,90394.21,0
I0014682,O004832,P00538,3,926.86,20
I0014683,O004832,P00248,5,7704.42,70
I0014684,O004832,P00417,5,27331.6,30
I0014685,O004833,P00225,5,5080.97,10
I0014686,O004833,P00332,4,1349.79,50
I0014687,O004833,P00477,5,2229.1,10
I0014688,O004833,P00131,2,71393.03,20
I0014689,O004834,P00408,3,44391.41,50
I0014690,O004834,P00025,5,140300.79,20
I0014691,O979245,P00320,4,113.07,30
I0014692,O004835,P00422,5,49732.55,15
I0014693,O004835,P00171,5,10344.43,50
I0014694,O004835,P00497,2,3865.61,40
I0014695,O004836,P00026,3,4592.36,70
I0014696,O004836,P00415,3,34914.79,30
I0014697,O004836,P00247,3,4681.99,10
I0014698,O004836,P00338,5,1136.1,5
I0014699,O004837,P00486,1,9090.4,30
I0014700,O004838,P00434,4,19627.64,20
I0014701,O004838,P00131,3,88147.9,30
I0014702,O004839,P00131,4,87998.07,50
I0014703,O004839,P00388,1,12204.94,20
I0014704,O004840,P00398,3,1567.44,0
I0014705,O004840,P00397,1,39430.0,15
I0014706,O004840,P00177,3,9083.82,40
I0014707,O004840,P00131,4,75991.43,15
I0014708,O004841,P00197,4,4662.55,15
I0014709,O004841,P00127,4,222252.0,10
I0014710,O004842,P00430,4,42212.81,5
I0014711,O004842,P00224,5,5469.29,15
I0014712,O004842,P00538,5,1208.15,40
I0014713,O004842,P00475,5,1226.45,40
I0014714,O004843,P00224,5,4244.17,40
I0014715,O004843,P00145,2,144128.81,30
I0014716,O004843,P00337,3,521.36,10
I0014717,O004844,P00016,5,235827.88,15
I0014718,O004844,P00331,1,1632.06,70
I0014719,O004844,P00172,5,5504.18,70
I0014720,O004845,P00072,5,40745.2,40
I0014721,O004845,P00197,4,3051.01,15
I0014722,O004845,P00505,1,23186.91,0
I0014723,O004846,P00190,4,7118.83,20
I0014724,O004846,P00538,1,1539.75,10
I0014725,O004846,P00131,4,73325.8,40
I0014726,O004846,P00026,1,5162.73,5
I0014727,O004847,P00320,5,160.88,5
I0014728,O004847,P00145,5,143134.27,0
I0014729,O004847,P00438,4,26500.33,10
I0014730,O004847,P00005,1,63721.44,0
I0014731,O004847,P00051,3,128194.5,15
I0014732,O004848,P00007,4,60335.75,50
I0014733,O004849,P00546,1,4412.25,40
I0014734,O004850,P00281,4,1953.12,70
I0014735,O004850,P00131,2,101699.51,10
I0014736,O004850,P00092,5,150271.75,40
I0014737,O004850,P00412,4,11490.24,20
I0014738,O004850,P00496,1,1627.21,10
I0014739,O004851,P00414,2,51588.04,40
I0014740,O004851,P00546,2,6787.81,5
I0014741,O004851,P00534,1,6079.01,70
I0014742,O004851,P00373,5,26561.57,5
I0014743,O004852,P00426,5,19560.71,10
I0014744,O004852,P00505,1,31106.65,0
I0014745,O004852,P00195,3,5811.62,50
I0014746,O004853,P00529,4,5557.72,30
I0014747,O004853,P00018,5,38079.61,10
I0014748,O004854,P00020,4,132742.29,0
I0014749,O004854,P00514,5,8672.35,0
I0014750,O004854,P00012,3,119360.07,5
I0014751,O004854,P00384,5,8506.77,10
I0014752,O004855,P00273,1,10710.05,15
I0014753,O004855,P00497,3,2844.91,30
I0014754,O004855,P00047,2,71088.06,15
I0014755,O004855,P00091,5,138610.33,20
I0014756,O004855,P00170,2,7457.16,30
I0014757,O004856,P00533,1,6683.61,20
I0014758,O004856,P00466,5,1654.57,70
I0014759,O004856,P00171,2,7690.05,40
I0014760,O004856,P00444,5,2005.4,50
I0014761,O004856,P00209,1,9376.78,15
I0014762,O004857,P00546,2,7082.46,70
I0014763,O004857,P00430,1,51178.97,30
I0014764,O004857,P00457,1,942.62,5
I0014765,O004857,P00096,4,158494.09,40
I0014766,O004858,P00307,2,371.69,40
I0014767,O004858,P00154,3,70977.36,40
I0014768,O004859,P00229,4,3640.25,20
I0014769,O004859,P00154,5,88822.7,5
I0014770,O004860,P00384,3,7835.89,5
I0014771,O004861,P00407,1,34050.57,0
I0014772,O004861,P00414,3,33561.24,5
I0014773,O004862,P00415,3,28299.47,50
I0014774,O004862,P00320,5,168.74,148
I0014775,O004862,P00063,3,1802.01,144
I0014776,O004862,P00070,4,124180.0,134
I0014777,O004862,P00026,1,8538.83,5
I0014778,O004863,P00332,1,1360.37,40
I0014779,O004863,P00422,3,54171.76,0
I0014780,O004864,P00018,1,38278.64,15
I0014781,O004864,P00320,4,141.6,0
I0014782,O004864,P00479,3,1675.21,20
I0014783,O004865,P00281,4,2441.69,15
I0014784,O004866,P00197,3,5611.91,15
I0014785,O004866,P00047,1,52008.82,0
I0014786,O004866,P00255,4,1884.28,70
I0014787,O004866,P00311,4,1352.16,5
I0014788,O004866,P00065,1,107978.6,15
I0014789,O004867,P00428,3,16431.08,10
I0014790,O004867,P00470,5,2556.91,30
I0014791,O004867,P00096,2,142144.39,10
I0014792,O004867,P00514,5,11434.47,40
I0014793,O004868,P00018,4,43673.62,20
I0014794,O004868,P00533,5,6483.48,30
I0014795,O004868,P00047,5,73090.06,70
I0014796,O004869,P00415,1,20808.34,10
I0014797,O004869,P00513,1,31266.86,30
I0014798,O004869,P00131,2,80755.97,15
I0014799,O004869,P00212,1,4508.87,30
I0014800,O004869,P00202,4,2420.36,15
I0014801,O004870,P00430,4,44283.55,30
I0014802,O004870,P00209,1,9173.39,10
I0014803,O004870,P00188,2,508.78,70
I0014804,O004871,P00209,3,8791.87,15
I0014805,O930310,P00018,2,31326.16,15
I0014806,O004873,P00289,5,1619.53,10
I0014807,O004873,P00387,1,8673.24,20
I0014808,O004873,P00155,3,107708.7,50
I0014809,O004874,P00249,5,6712.51,15
I0014810,O004874,P00121,5,58903.75,40
I0014811,O004874,P00544,2,3944.28,0
I0014812,O004874,P00546,3,4240.08,30
I0014813,O004875,P00441,3,1557.56,5
I0014814,O004875,P00171,5,9433.77,20
I0014815,O004876,P00072,3,76521.31,10
I0014816,O004877,P00546,5,5321.99,50
I0014817,O004877,P00422,2,41102.81,10
I0014818,O004877,P00521,5,13247.87,10
I0014819,O004877,P00212,3,3620.04,70
I0014820,O004878,P00534,-5,3633.94,20
I0014821,O004878,P00245,4,3865.21,30
I0014822,O004879,P00467,1,1424.86,50
I0014823,O004879,P00546,4,4559.25,15
I0014824,O004879,P00390,5,16190.42,50
I0014825,O004879,P00281,4,2993.33,10
I0014826,O004880,P00026,2,5710.97,20
I0014827,O004880,P00398,2,1514.89,0
I0014828,O004880,P00209,1,6757.49,5
I0014829,O004881,P00188,3,517.49,40
I0014830,O004881,P00317,1,265.44,30
I0014831,O004881,P00390,3,9997.37,30
I0014832,O004882,P00453,5,1914.66,30
I0014833,O004882,P00390,3,12966.68,0
I0014834,O004883,P00047,5,72924.24,124
I0014835,O004884,P00529,2,5981.12,10
I0014836,O004884,P00338,5,912.56,40
I0014837,O004884,P00047,3,54721.72,70
I0014838,O004885,P00462,1,469.27,70
I0014839,O004885,P00012,5,100472.1,20
I0014840,O004885,P00068,5,6605.25,20
I0014841,O004885,P00323,3,346.24,10
I0014842,O004886,P00170,5,5342.8,5
I0014843,O004887,P00046,4,86687.94,15
I0014844,O004887,P00519,2,27492.93,50
I0014845,O004888,P00141,5,152901.52,40
I0014846,O004888,P00390,2,18221.41,50
I0014847,O004888,P00082,5,195554.71,10
I0014848,O004889,P00474,5,1113.65,70
I0014849,O004889,P00078,-2,173016.95,0
I0014850,O004890,P00413,2,25144.21,20
I0014851,O004890,P00463,2,2259.06,70
I0014852,O004890,P00338,1,808.72,10
I0014853,O004890,P00202,3,1476.51,40
I0014854,O004890,P00404,2,783.84,50
I0014855,O004891,P00415,1,34583.21,70
I0014856,O004891,P00473,1,2234.98,20
I0014857,O004892,P00546,3,5677.32,0
I0014858,O004892,P00467,3,2153.86,70
I0014859,O004892,P00474,5,1213.29,20
I0014860,O004893,P00400,1,25920.0,10
I0014861,O004893,P00407,4,30568.95,40
I0014862,O004893,P00415,2,28644.58,50
I0014863,O004893,P00154,5,61437.63,30
I0014864,O004894,P00197,1,3643.3,20
I0014865,O004895,P00080,3,103371.35,20
I0014866,O004895,P00497,1,2948.14,30
I0014867,O004895,P00270,2,6968.07,5
I0014868,O004895,P00390,5,14352.77,15
I0014869,O004896,P00407,-2,24787.99,5
I0014870,O004896,P00102,2,197375.8,30
I0014871,O004896,P00332,2,1990.75,10
I0014872,O004896,P00190,5,6019.28,70
I0014873,O004896,P00397,3,35215.82,50
I0014874,O004897,P00281,1,1900.46,40
I0014875,O004897,P00047,3,59051.29,40
I0014876,O004897,P00121,2,61401.59,15
I0014877,O004897,P00529,4,5730.92,10
I0014878,O004898,P00202,2,1572.61,50
I0014879,O004898,P00127,5,168574.56,5
I0014880,O004898,P00047,2,49079.65,20
I0014881,O004898,P00466,2,3058.77,10
I0014882,O004898,P00154,3,85135.8,15
I0014883,O004899,P00088,5,36885.47,10
I0014884,O004899,P00314,1,463.49,5
I0014885,O004900,P00333,3,1768.88,30
I0014886,O004900,P00145,3,90495.16,15
I0014887,O004900,P00440,3,8067.62,70
I0014888,O004900,P00486,3,9878.63,15
I0014889,O004900,P00197,4,5559.41,10
I0014890,O004901,P00505,3,30892.48,0
I0014891,O004901,P00047,4,61348.26,20
I0014892,O004901,P00409,2,15860.65,20
I0014893,O004901,P00239,1,7393.21,30
I0014894,O004902,P00452,5,1024.74,70
I0014895,O004902,P00384,5,7218.65,10
I0014896,O004903,P00407,5,31622.03,10
I0014897,O004903,P00505,0,27833.84,5
I0014898,O004903,P00390,2,16873.5,20
I0014899,O004903,P00437,2,19163.88,15
I0014900,O004904,P00281,5,2369.94,50
I0014901,O004904,P00454,1,222.99,0
I0014902,O004904,P00526,1,295.23,15
I0014903,O004905,P00078,4,147338.83,5
I0014904,O004905,P00065,5,86810.06,0
I0014905,O004905,P00080,1,112022.88,5
I0014906,O004905,P00343,4,504.63,20
I0014907,O004905,P00229,3,2214.32,30
I0014908,O004906,P00393,5,44116.38,50
I0014909,O004906,P00407,4,26922.94,40
I0014910,O004906,P00026,5,4544.64,50
I0014911,O004906,P00467,3,1990.87,0
I0014912,O004907,P00398,3,1534.66,5
I0014913,O004907,P00224,4,4875.26,30
I0014914,O004907,P00062,1,142595.31,70
I0014915,O004908,P00082,3,180509.1,10
I0014916,O004908,P00407,1,36111.0,20
I0014917,O004908,P00417,2,25216.46,15
I0014918,O004909,P00398,3,1434.37,20
I0014919,O004909,P00209,4,8730.46,70
I0014920,O004909,P00505,3,25120.6,30
I0014921,O004910,P00320,1,127.21,0
I0014922,O004910,P00497,-1,3697.25,50
I0014923,O004910,P00422,5,60706.81,106
I0014924,O004910,P00197,2,3537.11,30
I0014925,O004911,P00108,3,104773.02,15
I0014926,O004911,P00068,3,11299.16,40
I0014927,O004911,P00057,1,185456.14,5
I0014928,O004911,P00028,1,239746.97,40
I0014929,O004912,P00141,1,129766.04,30
I0014930,O004912,P00213,-1,6423.81,70
I0014931,O004912,P00481,1,1088.45,15
I0014932,O004912,P00127,5,156004.21,10
I0014933,O004913,P00277,3,3228.51,5
I0014934,O004913,P00512,5,1736.11,15
I0014935,O004913,P00233,2,5912.56,0
I0014936,O004913,P00393,1,58983.34,15
I0014937,O004914,P00188,2,620.4,5
I0014938,O004914,P00487,4,6923.78,10
I0014939,O004915,P00409,1,18442.3,10
I0014940,O004915,P00546,4,6467.01,0
I0014941,O004915,P00090,5,34780.8,0
I0014942,O004915,P00141,4,176448.69,10
I0014943,O004916,P00463,4,2165.74,30
I0014944,O004916,P00474,3,1617.2,40
I0014945,O004916,P00065,4,93819.49,30
I0014946,O004916,P00318,4,1975.96,20
I0014947,O004917,P00320,2,162.79,0
I0014948,O004917,P00188,5,685.84,10
I0014949,O004917,P00470,3,2309.42,40
I0014950,O004917,P00070,5,136143.46,5
I0014951,O004918,P00466,4,1768.51,15
I0014952,O004918,P00331,2,948.59,5
I0014953,O004918,P00047,1,65400.15,50
I0014954,O004918,P00127,1,208383.9,20
I0014955,O004919,P00407,4,31231.18,20
I0014956,O004919,P00193,5,4048.47,70
I0014957,O004919,P00026,2,7090.57,0
I0014958,O004920,P00306,2,973.58,40
I0014959,O004920,P00193,3,4144.8,20
I0014960,O004920,P00148,5,235801.3,15
I0014961,O004920,P00213,1,5936.23,70
I0014962,O004921,P00326,2,582.5,30
I0014963,O004921,P00096,2,134215.83,40
I0014964,O004921,P00461,2,888.84,15
I0014965,O004922,P00224,5,5251.39,20
I0014966,O004922,P00127,5,181709.08,20
I0014967,O004923,P00257,5,613.54,10
I0014968,O004923,P00145,5,141014.7,5
I0014969,O004923,P00023,5,53818.89,10
I0014970,O004923,P00145,-3,131162.07,50
I0014971,O004923,P00390,2,11650.74,30
I0014972,O004924,P00414,5,43878.64,10
I0014973,O004924,P00515,1,17213.02,30
I0014974,O004924,P00397,3,36917.5,15
I0014975,O004924,P00338,4,1045.13,20
I0014976,O004924,P00534,3,3709.69,15
I0014977,O004925,P00154,3,103064.86,30
I0014978,O004925,P00065,3,86468.19,15
I0014979,O004925,P00072,3,70111.3,40
I0014980,O004925,P00281,5,1616.32,70
I0014981,O004925,P00337,5,826.26,20
I0014982,O004926,P00204,3,7183.54,5
I0014983,O004927,P00131,2,64605.91,0
I0014984,O004927,P00033,5,59097.45,0
I0014985,O004927,P00533,3,7345.48,70
I0014986,O004928,P00466,4,2576.71,30
I0014987,O004928,P00437,1,19907.35,50
I0014988,O004929,P00189,5,9750.83,5
I0014989,O004929,P00118,4,123453.48,30
I0014990,O004929,P00407,3,40433.0,70
I0014991,O004929,P00384,5,6885.71,20
I0014992,O004929,P00225,5,5006.13,70
I0014993,O004930,P00229,3,2418.72,0
I0014994,O004931,P00224,3,4010.88,15
I0014995,O004931,P00080,4,160526.12,70
I0014996,O004931,P00127,2,196654.28,30
I0014997,O004932,P00155,3,105808.03,5
I0014998,O004933,P00450,2,689.92,10
I0014999,O004934,P00102,3,170542.39,0
I0015000,O004934,P00332,5,2009.6,50
I0015001,O004934,P00305,1,1573.07,30
I0015002,O004934,P00171,4,10320.93,40
I0015003,O004935,P00407,5,34173.01,30
I0015004,O004935,P00522,3,25044.01,10
I0015005,O004936,P00063,3,1807.7,0
I0015006,O004936,P00522,1,24677.67,5
I0015007,O004936,P00515,4,21916.38,5
I0015008,O004936,P00318,2,1278.91,10
I0015009,O004936,P00523,3,10682.01,15
I0015010,O004937,P00063,4,1798.04,20
I0015011,O004937,P00473,-2,2283.67,50
I0015012,O004938,P00473,5,1861.47,70
I0015013,O004938,P00332,2,1796.4,70
I0015014,O004938,P00414,2,29866.06,5
I0015015,O004939,P00089,1,114506.77,40
I0015016,O004939,P00381,1,21799.26,5
I0015017,O004939,P00467,4,1587.79,5
I0015018,O004939,P00101,3,137223.06,0
I0015019,O004940,P00097,0,71562.75,30
I0015020,O004940,P00070,2,198311.59,50
I0015021,O004941,P00393,4,37965.84,0
I0015022,O004941,P00546,2,5888.41,0
I0015023,O004942,P00437,2,13565.4,30
I0015024,O004942,P00090,4,29034.45,40
I0015025,O004943,P00381,3,22882.44,30
I0015026,O004943,P00051,2,207255.74,10
I0015027,O004943,P00388,1,6731.72,5
I0015028,O004943,P00200,1,6103.17,0
I0015029,O004943,P00295,1,463.09,15
I0015030,O004944,P00445,5,1346.21,0
I0015031,O004945,P00414,5,39567.43,0
I0015032,O004945,P00331,3,1571.24,40
I0015033,O004945,P00343,4,526.36,0
I0015034,O004946,P00398,1,1332.81,40
I0015035,O004946,P00415,3,21049.6,15
I0015036,O004946,P00155,1,141496.95,0
I0015037,O004946,P00181,3,424.69,30
I0015038,O004947,P00512,1,2803.9,10
I0015039,O004947,P00486,3,11930.04,10
I0015040,O004947,P00209,3,7276.53,70
I0015041,O004948,P00031,2,2745.88,70
I0015042,O004949,P00450,2,720.32,0
I0015043,O004949,P00311,1,2045.2,5
I0015044,O004949,P00072,4,67527.01,10
I0015045,O004950,P00141,2,134028.56,40
I0015046,O004950,P00402,1,905.4,5
I0015047,O004950,P00121,4,57776.4,70
I0015048,O004950,P00306,1,1790.41,10
I0015049,O004950,P00332,4,1442.68,15
I0015050,O004951,P00063,4,1710.45,5
I0015051,O004951,P00010,4,32878.99,15
I0015052,O004951,P00338,3,660.44,50
I0015053,O004951,P00457,-5,1236.89,50
I0015054,O004952,P00512,4,3886.09,10
I0015055,O004952,P00018,4,43833.13,0
I0015056,O004952,P00355,1,2332.26,30
I0015057,O004953,P00082,5,219796.99,70
I0015058,O004953,P00020,3,96587.89,50
I0015059,O004953,P00188,1,516.1,50
I0015060,O004954,P00437,2,15624.79,0
I0015061,O004955,P00096,4,176635.01,10
I0015062,O004955,P00474,5,1435.91,70
I0015063,O004955,P00366,1,1128.56,5
I0015064,O004955,P00295,5,497.03,0
I0015065,O004955,P00188,2,532.77,50
I0015066,O952325,P00036,5,90304.62,10
I0015067,O004956,P00457,5,1188.57,50
I0015068,O004956,P00409,5,12398.28,0
I0015069,O004957,P00187,1,4665.01,20
I0015070,O004957,P00414,4,49907.04,10
I0015071,O004958,P00317,2,255.48,40
I0015072,O004958,P00512,2,2093.86,10
I0015073,O004958,P00466,1,3040.38,20
I0015074,O004958,P00263,3,5736.47,10
I0015075,O004959,P00427,5,3089.21,50
I0015076,O004959,P00486,3,14469.77,20
I0015077,O004960,P00437,4,10785.21,119
I0015078,O004960,P00426,2,15450.8,15
I0015079,O004960,P00404,2,964.23,50
I0015080,O004961,P00050,1,66709.63,20
I0015081,O004962,P00019,3,139227.41,30
I0015082,O004962,P00080,5,163498.19,30
I0015083,O004962,P00533,3,7156.78,20
I0015084,O004963,P00409,2,12076.55,40
I0015085,O004964,P00496,0,2920.59,5
I0015086,O004964,P00470,-2,2213.59,40
I0015087,O004964,P00127,3,181451.72,15
I0015088,O004965,P00065,2,108676.2,40
I0015089,O004965,P00332,3,2189.34,70
I0015090,O004965,P00047,3,52043.26,50
I0015091,O004966,P00331,-4,1591.12,50
I0015092,O004966,P00072,3,51813.6,70
I0015093,O004966,P00197,5,3483.3,30
I0015094,O004966,P00481,1,966.77,5
I0015095,O004967,P00316,3,1896.15,15
I0015096,O004967,P00473,1,2672.79,70
I0015097,O004968,P00512,1,292.35,40
I0015098,O004968,P00533,1,4641.16,5
I0015099,O004968,P00534,3,4811.2,0
I0015100,O941045,P00212,4,4856.75,70
I0015101,O004968,P00080,5,120736.93,0
I0015102,O004969,P00145,1,120129.65,70
I0015103,O004969,P00129,3,208297.74,0
I0015104,O004970,P00131,4,120199.43,20
I0015105,O004970,P00399,3,24030.95,30
I0015106,O004970,P00082,5,167491.82,0
I0015107,O004971,P00281,3,2898.99,20
I0015108,O004971,P00007,5,37864.57,15
I0015109,O004971,P00474,3,965.15,5
I0015110,O004971,P00465,3,1279.53,15
I0015111,O004972,P00082,5,198318.81,20
I0015112,O004972,P00237,2,4330.45,10
I0015113,O004973,P00200,3,8744.72,20
I0015114,O004973,P00473,2,2667.1,30
I0015115,O004973,P00517,1,26272.07,0
I0015116,O004974,P00390,3,14997.16,70
I0015117,O004974,P00128,1,51639.01,30
I0015118,O004974,P00407,2,36551.14,50
I0015119,O004975,P00193,2,3124.71,50
I0015120,O004975,P00025,5,129752.14,30
I0015121,O004975,P00545,5,2223.34,30
I0015122,O004976,P00141,3,113137.9,10
I0015123,O004977,P00332,2,1522.13,15
I0015124,O004977,P00287,2,1620.76,50
I0015125,O004977,P00190,3,6903.06,5
I0015126,O004978,P00131,3,64911.93,20
I0015127,O004978,P00523,1,11211.11,30
I0015128,O004978,P00457,3,1028.38,5
I0015129,O004978,P00063,3,1210.33,15
I0015130,O004978,P00414,4,49111.22,30
I0015131,O004979,P00056,4,143243.62,50
I0015132,O004979,P00088,2,29716.12,20
I0015133,O004979,P00018,3,33440.18,20
I0015134,O004980,P00224,4,3317.76,50
I0015135,O004980,P00486,3,10994.17,70
I0015136,O004980,P00329,1,1135.17,70
I0015137,O004980,P00389,3,4033.82,50
I0015138,O004980,P00012,5,174440.7,30
I0015139,O004981,P00415,2,31321.16,50
I0015140,O004981,P00297,5,91.04,0
I0015141,O004982,P00273,5,6699.77,30
I0015142,O004982,P00470,1,2570.31,30
I0015143,O004982,P00194,4,1775.75,0
I0015144,O004982,P00450,5,733.82,5
I0015145,O004983,P00026,1,8400.26,123
I0015146,O004983,P00026,1,5889.71,30
I0015147,O004983,P00249,2,5269.01,40
I0015148,O004984,P00393,5,54822.72,50
I0015149,O004984,P00013,5,226704.41,50
I0015150,O004984,P00206,3,537.04,5
I0015151,O004984,P00466,1,2538.33,106
I0015152,O004985,P00222,5,11654.5,10
I0015153,O004985,P00343,2,494.83,0
I0015154,O004985,P00391,3,15947.79,15
I0015155,O004986,P00457,4,891.14,30
I0015156,O004987,P00096,-5,127622.19,30
I0015157,O004987,P00426,4,13668.81,0
I0015158,O004987,P00020,4,166653.63,70
I0015159,O004987,P00198,1,5099.96,20
I0015160,O004988,P00387,-2,9717.38,5
I0015161,O004988,P00381,5,16148.99,0
I0015162,O004988,P00072,4,59129.39,10
I0015163,O903416,P00015,4,58451.25,5
I0015164,O004989,P00070,5,118779.73,30
I0015165,O004989,P00193,4,3240.08,10
I0015166,O004990,P00073,1,18617.65,5
I0015167,O004990,P00474,5,1678.23,30
I0015168,O004990,P00078,4,163871.65,15
I0015169,O004990,P00190,1,4874.02,70
I0015170,O908644,P00303,1,1179.05,0
I0015171,O004991,P00212,1,3008.32,5
I0015172,O004991,P00497,2,3706.4,0
I0015173,O004992,P00354,4,1606.29,5
I0015174,O004992,P00414,2,33621.84,20
I0015175,O004992,P00443,3,2851.23,10
I0015176,O992602,P00102,2,169408.42,5
I0015177,O004993,P00473,3,2942.27,5
I0015178,O004993,P00063,2,1245.25,20
I0015179,O004994,P00225,2,4840.01,10
I0015180,O004994,P00188,5,488.76,5
I0015181,O004994,P00145,1,83276.85,10
I0015182,O004994,P00386,5,23410.67,70
I0015183,O004994,P00051,-2,199623.94,20
I0015184,O004995,P00171,4,7439.02,15
I0015185,O004995,P00536,3,944.07,0
I0015186,O004995,P00202,5,1874.67,30
I0015187,O004995,P00082,4,181535.62,15
I0015188,O004996,P00043,5,175626.71,30
I0015189,O004996,P00098,1,87639.6,50
I0015190,O004996,P00065,1,106625.32,15
I0015191,O004996,P00384,3,4812.59,40
I0015192,O004996,P00331,5,1488.16,5
I0015193,O004997,P00306,1,1262.26,15
I0015194,O004997,P00533,5,6667.28,20
I0015195,O004997,P00477,4,1497.03,40
I0015196,O004997,P00512,4,2736.43,15
I0015197,O004997,P00331,2,1355.21,10
I0015198,O004998,P00365,4,1464.58,30
I0015199,O004999,P00005,1,55730.64,5
I0015200,O004999,P00026,1,5324.29,30
I0015201,O005000,P00088,3,25646.32,30
I0015202,O005001,P00080,1,127113.02,10
I0015203,O005002,P00073,2,19619.19,70
I0015204,O005002,P00063,1,1785.09,138
I0015205,O005002,P00202,3,1520.41,15
I0015206,O005003,P00171,5,9646.46,50
I0015207,O005003,P00229,4,2250.7,30
I0015208,O005004,P00314,5,550.59,40
I0015209,O005004,P00440,2,7032.86,5
I0015210,O005004,P00178,1,7728.69,15
I0015211,O005004,P00233,2,5960.55,15
I0015212,O005005,P00118,5,133197.04,50
I0015213,O005005,P00212,2,4305.92,30
I0015214,O005005,P00341,1,953.22,40
I0015215,O005006,P00193,1,2394.24,70
I0015216,O005007,P00486,4,12586.12,0
I0015217,O005007,P00437,3,16415.52,50
I0015218,O005007,P00544,3,2746.53,0
I0015219,O005007,P00096,5,179528.74,70
I0015220,O005007,P00198,3,6481.33,40
I0015221,O005008,P00063,1,1786.18,40
I0015222,O005008,P00474,1,1769.52,50
I0015223,O005008,P00281,3,2182.14,30
I0015224,O005008,P00224,4,4035.7,5
I0015225,O005008,P00414,5,30064.38,50
I0015226,O005009,P00546,2,6886.37,10
I0015227,O005009,P00381,-5,15669.98,15
I0015228,O005009,P00070,4,186795.62,15
I0015229,O005010,P00255,4,2838.97,5
I0015230,O005011,P00422,2,42391.34,20
I0015231,O005012,P00422,1,37945.71,5
I0015232,O925763,P00037,2,71380.94,0
I0015233,O005013,P00212,1,4837.87,30
I0015234,O005013,P00072,2,57509.58,5
I0015235,O005013,P00430,4,58110.72,70
I0015236,O005013,P00519,1,29339.39,15
I0015237,O005014,P00212,5,4665.65,50
I0015238,O989819,P00409,4,14388.86,20
I0015239,O005015,P00025,4,172372.55,20
I0015240,O005015,P00096,5,148991.2,10
I0015241,O005015,P00441,4,2194.46,10
I0015242,O005016,P00393,1,49805.63,124
I0015243,O005016,P00026,3,8519.75,10
I0015244,O905236,P00343,5,487.72,5
I0015245,O005018,P00158,1,92700.14,15
I0015246,O005018,P00141,3,137008.62,30
I0015247,O005018,P00384,5,7897.11,10
I0015248,O005018,P00338,4,895.57,20
I0015249,O005018,P00090,4,37435.22,10
I0015250,O005019,P00473,1,3193.86,5
I0015251,O005019,P00273,4,8350.1,70
I0015252,O005019,P00497,4,2544.73,40
I0015253,O005020,P00481,4,922.42,5
I0015254,O005021,P00534,4,4990.57,70
I0015255,O005022,P00197,5,5118.19,50
I0015256,O005023,P00206,1,505.35,30
I0015257,O005023,P00546,2,6152.81,70
I0015258,O005024,P00171,2,7140.24,15
I0015259,O005024,P00145,2,98163.02,5
I0015260,O005024,P00393,4,53066.21,5
I0015261,O005024,P00310,4,1121.35,0
I0015262,O005024,P00249,1,6410.07,0
I0015263,O005025,P00171,5,10184.94,20
I0015264,O005025,P00427,1,2735.36,40
I0015265,O005026,P00414,2,27292.73,15
I0015266,O005026,P00190,2,4858.44,20
I0015267,O005026,P00047,3,63942.16,10
I0015268,O005026,P00178,-1,9617.15,0
I0015269,O005027,P00121,3,66577.0,30
I0015270,O005027,P00417,4,29273.12,0
I0015271,O005027,P00281,5,2986.74,0
I0015272,O005027,P00226,5,4472.79,10
I0015273,O005027,P00345,4,1085.59,40
I0015274,O005028,P00197,0,3378.72,50
I0015275,O005028,P00118,5,112440.61,70
I0015276,O005028,P00314,1,503.08,40
I0015277,O005028,P00026,5,6634.42,5
I0015278,O005028,P00538,5,859.67,40
I0015279,O005029,P00140,2,200865.01,40
I0015280,O005029,P00145,2,85574.85,20
I0015281,O005029,P00414,5,42928.3,10
I0015282,O005029,P00097,5,103846.87,70
I0015283,O005029,P00170,3,6767.47,30
I0015284,O005030,P00077,4,60839.43,50
I0015285,O005030,P00171,1,7919.84,20
I0015286,O005030,P00343,1,551.84,30
I0015287,O005031,P00538,5,1436.09,10
I0015288,O005031,P00198,3,8356.47,5
I0015289,O005031,P00131,1,101901.75,0
I0015290,O005031,P00338,4,648.35,15
I0015291,O005031,P00393,1,49862.26,70
I0015292,O005032,P00096,4,121999.86,70
I0015293,O005033,P00188,3,516.67,15
I0015294,O005033,P00121,4,60228.54,10
I0015295,O005033,P00407,4,39381.89,10
I0015296,O005033,P00053,2,152800.06,70
I0015297,O005034,P00314,2,649.37,10
I0015298,O005034,P00497,2,3744.34,70
I0015299,O005034,P00533,1,5207.01,40
I0015300,O005035,P00076,3,187319.57,5
I0015301,O005035,P00131,4,111656.62,50
I0015302,O005036,P00058,2,31106.03,50
I0015303,O005036,P00350,3,512.22,40
I0015304,O005036,P00530,2,1043.22,40
I0015305,O005037,P00367,3,96.25,0
I0015306,O005037,P00473,4,2794.53,70
I0015307,O005037,P00190,4,8119.79,40
I0015308,O005037,P00386,5,27561.3,5
I0015309,O005038,P00529,2,6843.06,5
I0015310,O005038,P00289,5,2001.94,0
I0015311,O005038,P00398,5,1517.82,40
I0015312,O005038,P00393,5,50167.74,20
I0015313,O005038,P00018,3,49461.03,10
I0015314,O005039,P00341,1,642.83,70
I0015315,O005039,P00016,4,142944.04,30
I0015316,O005040,P00250,2,1691.5,40
I0015317,O005040,P00474,2,1419.76,40
I0015318,O005040,P00463,3,1470.83,30
I0015319,O005040,P00139,1,164286.37,15
I0015320,O005040,P00110,3,21035.53,70
I0015321,O005041,P00470,1,1792.21,70
I0015322,O005041,P00422,4,51657.15,5
I0015323,O005041,P00426,1,15945.82,40
I0015324,O005042,P00381,5,14405.53,70
I0015325,O005043,P00407,4,31400.86,5
I0015326,O005043,P00410,5,51323.63,5
I0015327,O005043,P00145,4,127232.38,10
I0015328,O005044,P00070,3,153044.94,40
I0015329,O005044,P00281,2,2238.11,20
I0015330,O005045,P00194,1,1391.83,15
I0015331,O005045,P00444,4,2440.67,70
I0015332,O005045,P00233,2,5256.72,10
I0015333,O005045,P00422,1,59229.46,20
I0015334,O005046,P00377,3,18741.39,50
I0015335,O005046,P00466,4,2093.08,107
I0015336,O005047,P00466,3,1897.31,70
I0015337,O005048,P00384,2,6186.02,30
I0015338,O005048,P00317,3,221.27,30
I0015339,O005048,P00024,5,129634.49,15
I0015340,O005049,P00519,1,17805.55,15
I0015341,O005049,P00096,3,186851.0,40
I0015342,O005050,P00173,2,463.1,30
I0015343,O005051,P00127,5,171745.28,70
I0015344,O005051,P00512,2,4822.62,40
I0015345,O977308,P00513,4,32061.1,70
I0015346,O005052,P00546,0,7277.32,15
I0015347,O005053,P00393,5,36810.75,15
I0015348,O005054,P00470,4,2239.25,30
I0015349,O005054,P00486,2,16574.76,20
I0015350,O005054,P00490,4,1021.86,5
I0015351,O005055,P00414,1,47945.33,10
I0015352,O005055,P00407,5,28475.23,70
I0015353,O005055,P00486,4,16425.85,40
I0015354,O932953,P00238,5,9030.42,15
I0015355,O005056,P00414,2,36357.38,20
I0015356,O005056,P00026,5,4612.81,50
I0015357,O005056,P00141,2,135862.3,10
I0015358,O005056,P00457,3,995.78,10
I0015359,O005057,P00317,2,259.75,70
I0015360,O005058,P00063,5,1689.62,30
I0015361,O005058,P00480,3,508.25,0
I0015362,O005058,P00331,5,1050.68,40
I0015363,O005058,P00497,4,3170.1,70
I0015364,O005058,P00224,4,5268.74,70
I0015365,O005059,P00273,3,6291.12,5
I0015366,O005059,P00365,4,1871.69,70
I0015367,O005059,P00198,2,6725.11,0
I0015368,O005059,P00497,4,3201.76,70
I0015369,O005060,P00066,3,35412.58,50
I0015370,O005060,P00212,2,4894.9,40
I0015371,O005060,P00404,4,625.96,40
I0015372,O005060,P00145,3,109389.54,5
I0015373,O005060,P00343,1,395.71,30
I0015374,O005061,P00398,0,1629.16,5
I0015375,O005061,P00228,4,5973.21,50
I0015376,O005061,P00486,3,15544.61,50
I0015377,O005061,P00422,5,43190.22,15
I0015378,O005061,P00080,4,129924.28,30
I0015379,O005062,P00426,3,18052.94,20
I0015380,O005062,P00148,2,223642.48,15
I0015381,O005062,P00229,4,3135.0,70
I0015382,O005062,P00063,5,1207.6,5
I0015383,O919574,P00281,3,1711.17,50
I0015384,O005063,P00129,1,172312.81,70
I0015385,O005063,P00477,5,1376.34,50
I0015386,O005064,P00337,5,889.01,20
I0015387,O005064,P00532,3,4725.93,30
I0015388,O005064,P00316,1,2264.91,10
I0015389,O005064,P00440,1,6371.58,40
I0015390,O005065,P00026,5,5295.17,15
I0015391,O005065,P00012,1,172750.02,40
I0015392,O005066,P00065,3,130254.48,50
I0015393,O005066,P00414,1,28445.09,70
I0015394,O005066,P00424,2,51356.64,0
I0015395,O005066,P00088,4,24125.26,0
I0015396,O005066,P00229,3,2609.53,15
I0015397,O005067,P00188,1,759.88,20
I0015398,O005067,P00078,2,133145.57,70
I0015399,O005067,P00202,3,1826.05,10
I0015400,O005067,P00212,4,4630.56,40
I0015401,O005068,P00121,2,50190.99,20
I0015402,O005068,P00091,5,209382.03,10
I0015403,O005068,P00079,5,6947.34,70
I0015404,O005068,P00272,4,3534.82,40
I0015405,O005069,P00141,4,176261.88,15
I0015406,O005069,P00316,2,2117.56,5
I0015407,O005070,P00338,3,1060.18,30
I0015408,O005070,P00078,0,228637.07,50
I0015409,O005070,P00381,4,18219.77,15
I0015410,O005071,P00078,3,243316.58,5
I0015411,O005071,P00409,5,10129.37,30
I0015412,O005071,P00415,1,30115.18,30
I0015413,O005072,P00229,3,1971.25,70
I0015414,O005072,P00202,2,1291.81,0
I0015415,O005072,P00497,4,3261.72,30
I0015416,O005073,P00519,4,21580.98,5
I0015417,O005073,P00108,3,115511.62,30
I0015418,O005073,P00057,4,132422.22,10
I0015419,O005073,P00063,5,1099.83,5
I0015420,O005074,P00148,3,207675.29,5
I0015421,O005074,P00281,1,2864.24,20
I0015422,O005074,P00172,3,8747.37,50
I0015423,O005074,P00497,4,3365.53,0
I0015424,O005075,P00388,1,10879.13,0
I0015425,O005076,P00154,2,90519.8,70
I0015426,O005076,P00242,1,697.78,50
I0015427,O005077,P00188,5,654.53,15
I0015428,O005077,P00212,3,2828.84,10
I0015429,O005077,P00331,5,1454.16,10
I0015430,O005077,P00338,-3,643.0,50
I0015431,O005078,P00019,2,212996.91,10
I0015432,O005078,P00377,3,20175.46,70
I0015433,O005079,P00047,5,85334.34,30
I0015434,O005079,P00497,3,3122.26,20
I0015435,O005079,P00400,2,35311.52,20
I0015436,O005080,P00198,4,8242.91,15
I0015437,O005080,P00304,2,340.86,50
I0015438,O005081,P00486,1,12188.53,70
I0015439,O005081,P00538,4,1067.88,10
I0015440,O005081,P00486,3,13055.5,15
I0015441,O005081,P00287,4,1854.88,40
I0015442,O005081,P00188,2,865.87,10
I0015443,O005082,P00512,5,5907.86,0
I0015444,O005082,P00229,3,3202.9,0
I0015445,O005082,P00082,5,137382.16,30
I0015446,O005083,P00483,5,1555.06,10
I0015447,O005084,P00497,3,2301.62,10
I0015448,O005085,P00486,4,15339.94,50
I0015449,O005086,P00120,5,9342.88,30
I0015450,O005086,P00046,1,65695.36,20
I0015451,O005086,P00505,-4,28473.79,20
I0015452,O005086,P00224,2,5391.55,30
I0015453,O005086,P00480,2,855.77,10
I0015454,O005087,P00337,5,771.79,30
I0015455,O005087,P00477,1,1328.5,30
I0015456,O005087,P00390,2,14870.94,5
I0015457,O943118,P00092,4,154997.39,20
I0015458,O005088,P00065,2,117344.34,30
I0015459,O005088,P00022,2,91303.48,30
I0015460,O005088,P00123,1,32043.52,50
I0015461,O005088,P00302,1,1838.91,50
I0015462,O005089,P00498,4,829.63,5
I0015463,O005090,P00169,2,2759.03,40
I0015464,O005090,P00072,4,73883.74,30
I0015465,O005090,P00031,3,2385.57,20
I0015466,O005091,P00171,1,7259.51,70
I0015467,O005091,P00370,1,607.1,30
I0015468,O005091,P00444,3,1765.82,20
I0015469,O005091,P00026,5,5608.98,10
I0015470,O005091,P00332,2,1791.69,102
I0015471,O005092,P00237,3,4800.74,70
I0015472,O005092,P00143,2,101242.49,70
I0015473,O005092,P00497,4,3413.99,5
I0015474,O005092,P00289,3,2235.05,70
I0015475,O005093,P00422,2,57216.61,50
I0015476,O005093,P00065,2,145184.73,117
I0015477,O005093,P00053,4,129868.97,50
I0015478,O005094,P00145,1,79895.26,50
I0015479,O005094,P00281,5,2416.82,5
I0015480,O005094,P00112,4,222360.66,5
I0015481,O005094,P00529,3,7206.98,70
I0015482,O005094,P00197,4,4013.35,50
I0015483,O005095,P00105,4,96835.39,10
I0015484,O005095,P00224,0,4499.3,5
I0015485,O005095,P00422,3,35854.56,0
I0015486,O005095,P00281,1,2293.2,40
I0015487,O005096,P00193,2,3890.43,30
I0015488,O005096,P00470,4,2407.81,15
I0015489,O005096,P00415,5,24433.01,50
I0015490,O005097,P00229,2,2126.03,70
I0015491,O005097,P00328,4,268.69,70
I0015492,O005097,P00194,-1,2561.68,15
I0015493,O005097,P00453,4,1476.73,20
I0015494,O005097,P00188,5,765.66,15
I0015495,O005098,P00512,4,5846.26,5
I0015496,O005098,P00096,-1,119410.9,40
I0015497,O005098,P00475,4,1805.69,20
I0015498,O005098,P00541,1,5016.56,0
I0015499,O005098,P00198,4,8037.13,50
I0015500,O005099,P00529,1,4431.41,30
I0015501,O005099,P00538,4,1033.48,0
I0015502,O005100,P00338,5,1112.52,70
I0015503,O005100,P00407,2,35453.78,10
I0015504,O005101,P00415,4,27512.3,5
I0015505,O005101,P00332,2,1652.08,20
I0015506,O005101,P00466,2,2253.35,70
I0015507,O005102,P00381,5,20199.54,40
I0015508,O005102,P00141,5,143933.09,50
I0015509,O005102,P00037,4,42447.6,15
I0015510,O005102,P00350,4,439.1,20
I0015511,O005102,P00018,4,49881.04,10
I0015512,O005103,P00398,2,1386.83,10
I0015513,O005103,P00393,5,33512.15,20
I0015514,O005103,P00197,2,5396.9,50
I0015515,O005104,P00422,1,37472.15,70
I0015516,O005104,P00415,5,31563.17,0
I0015517,O005104,P00250,1,1570.62,15
I0015518,O005104,P00248,2,6899.82,15
I0015519,O005105,P00131,3,69744.24,5
I0015520,O005105,P00111,5,37609.9,40
I0015521,O005105,P00095,1,21615.56,40
I0015522,O005105,P00242,3,918.48,20
I0015523,O005106,P00141,5,187790.64,40
I0015524,O005106,P00080,4,167758.89,50
I0015525,O005106,P00398,4,1236.9,0
I0015526,O005106,P00248,1,5467.63,113
I0015527,O005107,P00167,5,6794.59,30
I0015528,O005107,P00407,1,22208.6,10
I0015529,O005107,P00457,2,1124.65,50
I0015530,O005107,P00120,2,8171.3,15
I0015531,O005108,P00511,2,2765.1,30
I0015532,O005108,P00381,2,15013.79,10
I0015533,O005108,P00229,3,3371.94,20
I0015534,O005108,P00202,1,2256.5,70
I0015535,O005108,P00172,1,8720.25,0
I0015536,O005109,P00331,4,858.73,70
I0015537,O005109,P00072,2,42843.63,20
I0015538,O005109,P00470,1,2079.21,40
I0015539,O005110,P00409,2,10087.72,50
I0015540,O005111,P00386,5,16022.61,70
I0015541,O005111,P00193,2,3248.5,15
I0015542,O005111,P00121,3,64933.62,10
I0015543,O005111,P00525,1,9444.7,70
I0015544,O005111,P00121,4,81654.6,50
I0015545,O005112,P00129,2,144192.33,50
I0015546,O005112,P00333,4,2565.85,50
I0015547,O005113,P00188,4,909.75,40
I0015548,O005113,P00348,4,2371.19,50
I0015549,O005113,P00171,5,8892.55,10
I0015550,O005113,P00012,1,134769.31,50
I0015551,O005113,P00284,-1,2979.47,40
I0015552,O005114,P00072,3,56764.39,50
I0015553,O005114,P00329,2,898.07,15
I0015554,O005114,P00377,0,20102.19,20
I0015555,O005115,P00065,2,127103.6,15
I0015556,O005115,P00407,1,30044.25,30
I0015557,O005116,P00512,1,6712.75,30
I0015558,O005116,P00473,4,2762.22,0
I0015559,O005116,P00413,4,27783.0,30
I0015560,O005117,P00188,3,756.87,20
I0015561,O005117,P00129,3,190005.2,40
I0015562,O005117,P00222,4,11348.28,5
I0015563,O005118,P00120,2,10719.23,30
I0015564,O005118,P00311,2,1325.93,122
I0015565,O005118,P00457,1,947.0,30
I0015566,O005118,P00081,3,28946.77,10
I0015567,O005118,P00193,1,3982.93,40
I0015568,O005119,P00382,1,44475.49,70
I0015569,O005119,P00145,1,91750.4,30
I0015570,O005120,P00352,5,421.81,10
I0015571,O005120,P00194,4,1541.42,0
I0015572,O005120,P00497,3,2820.14,50
I0015573,O005121,P00078,4,199052.28,40
I0015574,O005121,P00169,4,2013.16,70
I0015575,O005121,P00538,3,1034.83,5
I0015576,O005121,P00085,1,90486.89,20
I0015577,O005121,P00193,5,3253.22,15
I0015578,O005122,P00193,5,2455.36,10
I0015579,O005122,P00025,5,105187.97,40
I0015580,O005123,P00070,4,123286.81,70
I0015581,O005123,P00127,4,136867.17,40
I0015582,O005123,P00513,2,19160.1,30
I0015583,O005123,P00409,3,18580.18,50
I0015584,O005124,P00422,1,56740.9,20
I0015585,O005125,P00123,4,35756.47,20
I0015586,O005125,P00131,4,110344.56,20
I0015587,O005125,P00381,3,14502.29,70
I0015588,O005125,P00190,3,7874.71,5
I0015589,O005126,P00415,4,25731.23,10
I0015590,O005126,P00533,2,7022.6,20
I0015591,O005126,P00382,1,44920.53,30
I0015592,O005126,P00409,5,15565.68,0
I0015593,O005126,P00212,4,3471.15,50
I0015594,O005127,P00230,1,6605.67,10
I0015595,O005127,P00320,1,146.15,5
I0015596,O005127,P00263,3,6302.02,20
I0015597,O005127,P00190,5,6874.22,15
I0015598,O005128,P00538,0,1416.92,0
I0015599,O005129,P00388,3,10346.24,15
I0015600,O005129,P00343,4,558.3,50
I0015601,O005129,P00181,3,278.11,40
I0015602,O005129,P00522,2,33141.61,10
I0015603,O005129,P00332,4,2087.04,20
I0015604,O005130,P00467,1,1506.42,10
I0015605,O005131,P00035,4,114198.14,50
I0015606,O005131,P00388,3,8337.08,30
I0015607,O005131,P00140,5,230491.33,30
I0015608,O005132,P00541,2,4450.49,15
I0015609,O005132,P00013,2,128178.3,10
I0015610,O005132,P00200,1,5906.54,50
I0015611,O005132,P00546,5,5828.49,15
I0015612,O005132,P00170,-5,6418.78,30
I0015613,O005133,P00474,1,1556.72,30
I0015614,O005134,P00398,5,907.43,15
I0015615,O005134,P00527,4,6672.56,10
I0015616,O005135,P00025,1,153384.36,0
I0015617,O005135,P00414,3,34203.42,30
I0015618,O005136,P00171,1,9002.94,40
I0015619,O005136,P00229,2,2043.16,40
I0015620,O005136,P00012,1,166640.17,30
I0015621,O005137,P00131,2,108606.61,30
I0015622,O005137,P00457,1,1281.96,40
I0015623,O005137,P00513,1,26869.88,10
I0015624,O005137,P00467,4,2101.89,50
I0015625,O005137,P00007,3,45303.64,40
I0015626,O005138,P00141,5,144149.65,5
I0015627,O005139,P00026,5,7807.06,15
I0015628,O005140,P00171,4,8872.07,50
I0015629,O005141,P00388,5,12440.82,30
I0015630,O005141,P00085,1,76649.87,70
I0015631,O005141,P00390,5,15947.17,15
I0015632,O005141,P00032,3,211679.08,0
I0015633,O005141,P00384,5,5744.66,50
I0015634,O005142,P00018,4,49996.02,15
I0015635,O005142,P00228,3,10716.94,5
I0015636,O005142,P00474,4,1447.64,50
I0015637,O005143,P00397,2,32967.38,70
I0015638,O005143,P00063,-3,1755.34,10
I0015639,O005144,P00007,4,40174.23,20
I0015640,O005144,P00145,5,89076.77,70
I0015641,O005145,P00247,2,7741.84,0
I0015642,O005145,P00474,1,1032.67,50
I0015643,O005146,P00396,5,52310.22,20
I0015644,O005146,P00200,5,8279.71,10
I0015645,O005146,P00407,2,21716.52,20
I0015646,O005146,P00072,5,67297.75,0
I0015647,O005146,P00533,1,4797.71,30
I0015648,O005147,P00145,5,89872.46,40
I0015649,O005147,P00544,1,3003.69,40
I0015650,O005147,P00199,0,4866.98,0
I0015651,O005147,P00457,-1,753.93,15
I0015652,O005147,P00197,2,4908.52,50
I0015653,O005148,P00034,2,12043.66,30
I0015654,O005149,P00070,2,151988.46,20
I0015655,O005149,P00080,4,126810.43,70
I0015656,O005149,P00202,5,1463.74,50
I0015657,O005149,P00295,2,306.92,5
I0015658,O005150,P00343,5,446.2,40
I0015659,O005150,P00466,2,2687.71,30
I0015660,O005150,P00198,4,7094.49,20
I0015661,O005150,P00339,5,1375.06,30
I0015662,O005151,P00331,5,1361.18,70
I0015663,O005151,P00229,5,1995.3,30
I0015664,O005152,P00526,1,291.07,50
I0015665,O005152,P00212,5,3150.74,40
I0015666,O005152,P00202,4,2331.96,10
I0015667,O005152,P00171,5,9176.16,0
I0015668,O005153,P00078,2,174351.63,30
I0015669,O005153,P00193,1,3399.49,50
I0015670,O005153,P00224,3,3931.32,20
I0015671,O005153,P00171,2,9157.35,5
I0015672,O005153,P00399,2,29568.13,40
I0015673,O005154,P00538,1,825.93,5
I0015674,O005154,P00409,5,16006.19,20
I0015675,O005155,P00171,1,10441.09,30
I0015676,O005155,P00080,1,172619.26,50
I0015677,O005155,P00367,4,110.65,30
I0015678,O005156,P00530,3,813.37,40
I0015679,O005157,P00193,3,3667.05,30
I0015680,O005158,P00533,1,4645.11,15
I0015681,O005159,P00085,4,52655.11,40
I0015682,O005159,P00389,2,3837.57,20
I0015683,O005159,P00431,2,28955.41,70
I0015684,O005159,P00079,3,5863.62,20
I0015685,O005160,P00183,5,7593.3,20
I0015686,O005160,P00198,4,6774.86,0
I0015687,O005160,P00287,3,1584.24,15
I0015688,O005160,P00337,1,789.2,10
I0015689,O005161,P00420,2,27084.92,20
I0015690,O005161,P00047,5,75371.72,10
I0015691,O005162,P00379,4,14709.7,50
I0015692,O005163,P00171,4,8856.45,40
I0015693,O005163,P00512,1,2550.07,0
I0015694,O005163,P00043,1,126285.45,5
I0015695,O005164,P00015,2,35428.32,30
I0015696,O005164,P00486,2,13866.27,70
I0015697,O005164,P00078,3,194593.78,20
I0015698,O005165,P00473,1,1925.41,30
I0015699,O005165,P00467,4,2269.18,15
I0015700,O005165,P00212,2,3964.8,70
I0015701,O005165,P00500,2,10922.26,30
I0015702,O005165,P00214,3,4614.01,30
I0015703,O005166,P00082,2,148832.67,20
I0015704,O005166,P00078,5,182644.51,10
I0015705,O005166,P00367,4,65.54,70
I0015706,O005166,P00354,2,1371.41,15
I0015707,O005166,P00338,1,1069.51,0
I0015708,O005167,P00512,2,3731.94,50
I0015709,O005168,P00262,2,8238.58,20
I0015710,O005168,P00407,3,36627.41,20
I0015711,O005169,P00160,3,61352.16,10
I0015712,O005169,P00170,3,8680.56,15
I0015713,O005169,P00127,2,162366.73,40
I0015714,O005170,P00393,1,40641.2,50
I0015715,O005170,P00007,5,41170.68,20
I0015716,O005170,P00513,5,26448.05,50
I0015717,O005170,P00388,4,11704.66,40
I0015718,O005171,P00141,1,138162.09,40
I0015719,O005171,P00013,3,200731.25,50
I0015720,O005171,P00316,4,2179.22,50
I0015721,O005172,P00171,3,8360.1,50
I0015722,O005172,P00237,3,4210.37,5
I0015723,O005172,P00024,2,123830.12,50
I0015724,O005172,P00197,4,5225.21,70
I0015725,O005172,P00546,4,4230.03,70
I0015726,O005173,P00413,1,17264.34,50
I0015727,O005173,P00397,1,24530.13,15
I0015728,O005173,P00198,1,7149.46,30
I0015729,O005174,P00073,3,13993.57,20
I0015730,O005174,P00338,-4,782.32,40
I0015731,O005174,P00526,5,264.84,70
I0015732,O005174,P00170,2,5645.03,30
I0015733,O970079,P00387,5,9538.63,70
I0015734,O005175,P00437,2,11416.06,10
I0015735,O005175,P00188,1,633.21,40
I0015736,O005176,P00281,-2,2426.91,5
I0015737,O005176,P00466,3,2440.11,70
I0015738,O005177,P00085,4,71398.38,0
I0015739,O005178,P00367,-2,105.22,10
I0015740,O005178,P00341,5,851.91,40
I0015741,O005178,P00018,3,48112.88,15
I0015742,O005178,P00381,5,20425.87,40
I0015743,O005179,P00063,1,1093.68,15
I0015744,O005179,P00474,-5,1041.73,5
I0015745,O005179,P00212,2,4740.9,70
I0015746,O005179,P00096,5,103042.91,0
I0015747,O005179,P00228,3,6846.44,20
I0015748,O005180,P00398,1,1227.93,20
I0015749,O005180,P00453,2,1945.26,50
I0015750,O005180,P00522,2,31293.06,10
I0015751,O005181,P00188,3,679.26,0
I0015752,O005182,P00437,3,17318.5,30
I0015753,O005182,P00384,2,4872.0,30
I0015754,O005182,P00407,2,31477.7,10
I0015755,O005183,P00193,4,3833.25,5
I0015756,O005183,P00229,5,2912.92,5
I0015757,O005183,P00072,3,63033.47,20
I0015758,O005183,P00304,1,390.18,30
I0015759,O005183,P00332,1,2024.74,40
I0015760,O005184,P00070,4,168460.91,0
I0015761,O005184,P00224,1,3398.28,50
I0015762,O005184,P00512,4,378.1,70
I0015763,O005184,P00065,5,145702.55,10
I0015764,O005184,P00407,5,36025.23,15
I0015765,O005185,P00063,4,1261.81,50
I0015766,O005185,P00198,3,6362.79,50
I0015767,O005185,P00202,4,1487.86,40
I0015768,O005185,P00033,3,65225.85,50
I0015769,O005185,P00096,2,163476.4,50
I0015770,O005186,P00546,5,5812.62,50
I0015771,O005186,P00172,1,5383.58,5
I0015772,O005186,P00141,3,113670.4,10
I0015773,O005186,P00247,0,6632.14,30
I0015774,O005186,P00444,5,1386.92,15
I0015775,O005187,P00314,1,486.56,5
I0015776,O005187,P00188,4,800.35,50
I0015777,O005187,P00262,1,6699.98,0
I0015778,O005187,P00096,5,174485.1,70
I0015779,O005188,P00393,2,60228.62,30
I0015780,O005188,P00295,3,488.2,40
I0015781,O005188,P00538,2,1452.69,0
I0015782,O005189,P00311,5,1443.64,20
I0015783,O005189,P00197,3,5452.53,15
I0015784,O005189,P00229,2,3269.98,0
I0015785,O005189,P00188,1,716.06,70
I0015786,O005189,P00065,-5,137879.68,50
I0015787,O005190,P00434,1,23580.57,30
I0015788,O005190,P00409,2,12801.44,0
I0015789,O005191,P00200,4,6350.72,70
I0015790,O005191,P00248,5,4962.16,10
I0015791,O005191,P00194,5,1404.23,50
I0015792,O005191,P00157,5,40521.59,15
I0015793,O005191,P00072,5,48912.46,50
I0015794,O005192,P00390,5,13237.69,15
I0015795,O005192,P00388,4,9759.27,40
I0015796,O005192,P00188,2,516.17,20
I0015797,O005193,P00131,3,93829.49,30
I0015798,O005193,P00018,5,31255.78,50
I0015799,O005193,P00166,5,3361.83,20
I0015800,O005193,P00212,4,3567.22,15
I0015801,O005193,P00381,4,23611.58,50
I0015802,O005194,P00415,1,23221.14,30
I0015803,O005194,P00145,1,76352.26,15
I0015804,O005194,P00497,5,2838.19,20
I0015805,O005195,P00417,5,28632.48,50
I0015806,O005195,P00398,4,1591.01,15
I0015807,O913988,P00070,3,200445.84,0
I0015808,O005195,P00338,2,731.91,40
I0015809,O005196,P00131,3,74382.48,0
I0015810,O005196,P00450,3,579.3,40
I0015811,O005196,P00398,2,1554.18,50
I0015812,O005196,P00281,2,2843.34,20
I0015813,O005197,P00402,5,1174.91,70
I0015814,O005198,P00409,3,14036.65,10
I0015815,O005198,P00377,3,12599.64,30
I0015816,O005198,P00013,3,180600.57,40
I0015817,O005198,P00170,4,7282.89,15
I0015818,O005198,P00145,5,139987.35,15
I0015819,O005199,P00254,2,9962.8,70
I0015820,O005199,P00384,4,8254.41,10
I0015821,O005199,P00333,5,2182.37,20
I0015822,O005199,P00146,3,95206.51,20
I0015823,O005200,P00121,1,60398.48,40
I0015824,O005200,P00473,3,2003.18,0
I0015825,O005201,P00512,4,3104.79,0
I0015826,O005202,P00315,4,1736.78,40
I0015827,O005202,P00096,2,139744.78,50
I0015828,O005202,P00077,1,54112.69,20
I0015829,O005203,P00463,4,2330.28,40
I0015830,O005203,P00117,5,77462.75,30
I0015831,O005204,P00082,1,150942.61,10
I0015832,O005204,P00096,2,125889.63,50
I0015833,O005204,P00418,1,46167.78,30
I0015834,O005205,P00145,1,105369.11,70
I0015835,O005206,P00204,-3,11251.52,30
I0015836,O005206,P00202,-1,1392.15,30
I0015837,O005206,P00190,2,8284.72,50
I0015838,O005207,P00245,1,4575.18,15
I0015839,O005207,P00430,5,37885.79,5
I0015840,O005207,P00198,4,6108.76,15
I0015841,O005207,P00343,3,501.43,30
I0015842,O005207,P00497,4,2994.29,10
I0015843,O005208,P00527,2,7874.63,30
I0015844,O005208,P00473,3,2145.42,5
I0015845,O005209,P00304,3,424.43,5
I0015846,O005209,P00262,4,5672.24,5
I0015847,O005209,P00047,5,70270.63,50
I0015848,O005209,P00529,0,7175.79,30
I0015849,O005209,P00497,3,3223.13,30
I0015850,O005210,P00355,1,1512.33,20
I0015851,O005210,P00390,1,14693.16,5
I0015852,O005210,P00229,4,2645.28,0
I0015853,O005210,P00512,2,520.8,0
I0015854,O005211,P00480,2,752.67,30
I0015855,O005212,P00252,5,4008.13,0
I0015856,O005212,P00523,5,12849.84,50
I0015857,O005212,P00338,3,948.62,30
I0015858,O005212,P00312,4,707.92,70
I0015859,O005212,P00519,4,19349.61,0
I0015860,O005213,P00533,2,7173.0,5
I0015861,O005213,P00141,3,122281.63,10
I0015862,O005213,P00381,4,21680.78,50
I0015863,O005213,P00007,-2,44477.1,50
I0015864,O005213,P00170,4,8713.63,40
I0015865,O005214,P00410,-5,40403.01,50
I0015866,O005214,P00197,4,3374.55,5
I0015867,O005214,P00384,5,7798.7,30
I0015868,O005214,P00229,5,3562.58,50
I0015869,O005214,P00145,2,108530.94,70
I0015870,O993348,P00097,4,114011.59,15
I0015871,O005216,P00198,4,5521.32,30
I0015872,O005216,P00522,4,30721.35,30
I0015873,O005216,P00453,2,1972.21,15
I0015874,O005216,P00474,4,1042.8,15
I0015875,O005216,P00078,3,207912.64,15
I0015876,O005217,P00198,1,7413.25,40
I0015877,O005217,P00415,2,28780.99,15
I0015878,O005217,P00080,3,115432.66,50
I0015879,O005218,P00169,3,2665.77,5
I0015880,O005218,P00343,2,396.93,70
I0015881,O005218,P00012,5,129293.88,0
I0015882,O005218,P00388,2,12229.77,10
I0015883,O005219,P00281,3,2297.72,10
I0015884,O005220,P00473,4,1981.12,50
I0015885,O974908,P00470,5,1864.68,40
I0015886,O005220,P00546,2,7088.64,50
I0015887,O005220,P00355,1,2076.44,15
I0015888,O005221,P00133,1,201313.36,40
I0015889,O005221,P00197,1,3741.06,20
I0015890,O005222,P00018,3,55949.22,15
I0015891,O005222,P00005,1,61695.4,5
I0015892,O005223,P00248,3,4387.26,30
I0015893,O005223,P00012,5,121336.33,15
I0015894,O005223,P00110,5,20136.84,10
I0015895,O005223,P00541,4,4685.48,40
I0015896,O005224,P00422,3,48403.74,30
I0015897,O005224,P00295,5,420.54,50
I0015898,O005224,P00036,1,159266.2,15
I0015899,O005225,P00013,4,207186.64,70
I0015900,O005225,P00078,4,193830.44,70
I0015901,O005225,P00409,4,10080.03,20
I0015902,O005225,P00437,3,11706.34,70
I0015903,O005225,P00407,4,25746.52,20
I0015904,O005226,P00538,3,1288.08,20
I0015905,O005226,P00332,3,1438.14,50
I0015906,O005226,P00198,5,4523.88,30
I0015907,O005226,P00072,1,62999.66,0
I0015908,O005226,P00127,5,146257.05,40
I0015909,O005227,P00407,1,38878.99,20
I0015910,O005227,P00486,5,10187.39,50
I0015911,O005227,P00170,3,4807.0,50
I0015912,O005228,P00533,3,5492.63,30
I0015913,O005228,P00035,5,148548.52,30
I0015914,O005229,P00389,3,3906.47,40
I0015915,O005229,P00188,-3,571.32,0
I0015916,O005229,P00145,1,88108.87,30
I0015917,O005229,P00051,5,151813.66,30
I0015918,O005229,P00518,1,18211.72,0
I0015919,O005230,P00133,1,169972.09,50
I0015920,O005230,P00467,1,2280.48,10
I0015921,O005230,P00170,5,6206.6,0
I0015922,O005231,P00331,1,1151.06,50
I0015923,O005232,P00381,1,25069.86,50
I0015924,O005232,P00314,-2,438.46,15
I0015925,O005232,P00091,5,172474.49,70
I0015926,O005232,P00486,4,16340.48,15
I0015927,O005232,P00354,2,1186.33,5
I0015928,O005233,P00393,-1,38547.1,40
I0015929,O005233,P00365,4,1590.26,10
I0015930,O005233,P00131,1,70849.39,20
I0015931,O005233,P00202,1,1573.4,5
I0015932,O005233,P00393,4,60364.73,20
I0015933,O005234,P00088,5,26375.04,70
I0015934,O005234,P00212,1,4382.33,40
I0015935,O005234,P00070,3,124601.81,10
I0015936,O005235,P00393,4,37677.43,30
I0015937,O005235,P00474,5,1532.29,40
I0015938,O005235,P00148,4,132408.94,30
I0015939,O005235,P00108,4,94194.79,0
I0015940,O005236,P00193,2,4526.43,5
I0015941,O005236,P00141,4,186493.82,5
I0015942,O005237,P00229,4,2749.62,30
I0015943,O005237,P00248,4,5185.94,20
I0015944,O005237,P00063,-2,1524.56,40
I0015945,O005238,P00381,3,25801.27,0
I0015946,O005238,P00216,1,8015.25,5
I0015947,O005238,P00386,2,24416.45,40
I0015948,O005239,P00333,5,2099.5,0
I0015949,O005239,P00063,2,1491.78,10
I0015950,O005239,P00546,4,7011.95,70
I0015951,O005239,P00131,3,117941.54,50
I0015952,O005240,P00224,1,4447.1,10
I0015953,O005240,P00250,1,1531.54,40
I0015954,O005241,P00013,2,166448.22,10
I0015955,O005241,P00393,5,36216.72,0
I0015956,O005242,P00486,3,14166.51,70
I0015957,O005242,P00015,2,47579.23,50
I0015958,O005242,P00141,3,168413.77,20
I0015959,O005242,P00460,3,300.38,40
I0015960,O005243,P00486,2,13790.47,0
I0015961,O005243,P00026,1,5699.81,5
I0015962,O005244,P00470,4,2592.35,70
I0015963,O936767,P00414,5,49072.29,50
I0015964,O005244,P00274,2,6972.63,0
I0015965,O005244,P00338,1,910.98,5
I0015966,O005245,P00467,3,2201.26,15
I0015967,O005245,P00131,1,105420.21,5
I0015968,O005246,P00463,3,1898.56,70
I0015969,O005246,P00317,1,177.94,10
I0015970,O005247,P00037,1,66464.47,0
I0015971,O005247,P00320,1,117.08,0
I0015972,O005248,P00381,2,16698.76,30
I0015973,O005248,P00018,5,36792.0,30
I0015974,O005249,P00018,4,50807.55,20
I0015975,O005249,P00545,1,3305.0,15
I0015976,O005249,P00131,2,108503.56,20
I0015977,O005249,P00457,3,1118.09,15
I0015978,O005249,P00505,3,23901.27,50
I0015979,O005250,P00486,5,17185.17,40
I0015980,O005250,P00127,2,223465.5,10
I0015981,O005250,P00393,1,50593.13,20
I0015982,O005250,P00145,5,120174.38,20
I0015983,O005251,P00224,2,3360.5,0
I0015984,O005251,P00188,2,547.02,15
I0015985,O005252,P00533,5,5524.72,30
I0015986,O005253,P00486,2,9939.92,50
I0015987,O005254,P00476,1,2286.59,40
I0015988,O953786,P00198,4,5326.61,70
I0015989,O005255,P00254,4,7791.19,50
I0015990,O005255,P00391,3,17330.86,0
I0015991,O005255,P00470,4,2016.71,0
I0015992,O005256,P00120,2,7217.64,5
I0015993,O005257,P00237,3,3363.57,20
I0015994,O005257,P00289,4,1423.4,30
I0015995,O005257,P00212,2,4660.07,70
I0015996,O005258,P00503,5,14700.93,30
I0015997,O005258,P00541,1,3921.55,20
I0015998,O005258,P00228,5,7619.59,40
I0015999,O005259,P00414,5,42204.23,30
I0016000,O005259,P00082,3,165729.75,40
I0016001,O005259,P00127,4,198893.64,30
I0016002,O005259,P00533,3,5145.2,40
I0016003,O005260,P00415,5,29399.57,15
I0016004,O005261,P00390,2,12351.77,0
I0016005,O005261,P00007,4,54471.52,0
I0016006,O005262,P00343,4,517.45,70
I0016007,O005262,P00197,1,3992.59,70
I0016008,O005263,P00193,1,3008.77,40
I0016009,O005263,P00113,5,143391.81,5
I0016010,O005263,P00188,3,668.05,0
I0016011,O005264,P00343,4,563.39,70
I0016012,O005264,P00096,3,153162.42,10
I0016013,O005264,P00467,5,2063.38,10
I0016014,O005265,P00431,5,28027.31,15
I0016015,O005265,P00409,3,18305.55,50
I0016016,O005265,P00058,3,32019.44,30
I0016017,O005266,P00171,5,6803.25,30
I0016018,O005266,P00047,4,59531.9,20
I0016019,O005267,P00025,3,102840.47,15
I0016020,O005267,P00501,4,21648.34,50
I0016021,O005268,P00295,1,289.49,0
I0016022,O005268,P00387,3,5890.6,40
I0016023,O005268,P00127,4,191131.15,5
I0016024,O005268,P00263,1,6161.84,10
I0016025,O005269,P00131,1,119330.65,0
I0016026,O005270,P00475,1,1851.17,5
I0016027,O005270,P00145,2,137521.58,70
I0016028,O005271,P00515,5,24146.0,70
I0016029,O005272,P00437,2,13503.08,0
I0016030,O005272,P00273,1,7448.32,10
I0016031,O005273,P00097,4,99640.74,10
I0016032,O005273,P00072,5,67675.27,20
I0016033,O005274,P00131,2,110812.04,5
I0016034,O005274,P00390,4,10252.07,40
I0016035,O005274,P00546,3,7106.2,10
I0016036,O005274,P00007,5,59856.17,20
I0016037,O005274,P00358,3,4483.13,10
I0016038,O005275,P00377,4,14864.19,5
I0016039,O005276,P00410,4,44369.4,70
I0016040,O005276,P00229,5,3561.65,10
I0016041,O005276,P00519,1,22576.58,0
I0016042,O005276,P00254,5,10781.75,30
I0016043,O005277,P00070,5,113698.33,15
I0016044,O005277,P00177,1,8771.45,0
I0016045,O005277,P00047,1,70697.77,10
I0016046,O005278,P00512,3,1643.34,70
I0016047,O005278,P00333,3,1663.62,5
I0016048,O005278,P00533,2,4282.06,50
I0016049,O005279,P00409,5,18298.06,40
I0016050,O005279,P00145,4,87496.57,5
I0016051,O005280,P00195,3,7477.67,30
I0016052,O005280,P00164,1,7009.04,20
I0016053,O954461,P00388,1,9786.79,20
I0016054,O005280,P00343,4,490.35,70
I0016055,O005280,P00473,-5,2488.89,40
I0016056,O005281,P00481,1,1015.77,50
I0016057,O005282,P00112,5,205344.81,15
I0016058,O005282,P00171,2,6693.63,50
I0016059,O005282,P00131,4,86418.57,15
I0016060,O005282,P00145,1,92230.88,0
I0016061,O005283,P00097,3,90773.28,15
I0016062,O005284,P00331,5,1522.38,20
I0016063,O005284,P00072,1,44734.42,10
I0016064,O005284,P00384,2,4679.21,0
I0016065,O005284,P00466,1,2552.75,70
I0016066,O005285,P00198,3,8436.75,50
I0016067,O005285,P00242,1,954.51,70
I0016068,O005285,P00188,3,562.63,0
I0016069,O005285,P00080,5,156629.26,15
I0016070,O005286,P00486,1,9317.34,70
I0016071,O005286,P00088,3,37398.22,70
I0016072,O005286,P00414,5,39027.0,10
I0016073,O005287,P00141,1,128357.08,15
I0016074,O005287,P00415,1,36732.7,20
I0016075,O005288,P00398,4,1173.21,40
I0016076,O005288,P00422,2,52124.69,10
I0016077,O005288,P00267,4,2187.6,0
I0016078,O005289,P00444,1,1978.16,70
I0016079,O005289,P00142,2,48331.52,20
I0016080,O005290,P00127,4,153344.93,0
I0016081,O005290,P00015,2,44932.92,5
I0016082,O005290,P00229,1,3089.5,15
I0016083,O005290,P00131,3,105622.46,70
I0016084,O005291,P00534,1,4728.18,10
I0016085,O005291,P00466,2,2526.14,50
I0016086,O005291,P00131,2,77236.12,15
I0016087,O005291,P00512,1,3851.93,40
I0016088,O005291,P00080,1,119895.05,15
I0016089,O005292,P00193,2,2562.4,50
I0016090,O005292,P00187,4,4174.85,50
I0016091,O005293,P00316,2,1641.81,10
I0016092,O005293,P00339,5,1114.63,15
I0016093,O005293,P00397,2,38411.62,20
I0016094,O005294,P00409,1,17195.86,70
I0016095,O005295,P00197,5,4248.45,70
I0016096,O005296,P00538,4,1102.82,5
I0016097,O005297,P00082,5,212569.63,15
I0016098,O005297,P00078,1,227346.89,15
I0016099,O005297,P00080,1,175783.15,5
I0016100,O005298,P00102,4,203662.39,15
I0016101,O005298,P00393,5,56049.44,0
I0016102,O005299,P00197,2,4713.47,50
I0016103,O005299,P00546,4,7372.13,50
I0016104,O005299,P00082,1,219551.34,0
I0016105,O005300,P00238,3,10448.55,20
I0016106,O005301,P00388,-5,8848.31,10
I0016107,O005302,P00145,3,112016.77,15
I0016108,O005302,P00338,4,719.8,30
I0016109,O005303,P00012,5,127575.95,20
I0016110,O005303,P00188,-3,587.07,40
I0016111,O005303,P00266,2,10100.85,0
I0016112,O005304,P00343,1,508.13,30
I0016113,O005305,P00538,3,942.09,0
I0016114,O005305,P00121,1,75254.57,5
I0016115,O005305,P00473,3,1863.13,0
I0016116,O005305,P00145,3,107352.03,5
I0016117,O005306,P00127,2,182224.79,15
I0016118,O005306,P00486,2,16423.09,15
I0016119,O005306,P00415,4,24563.14,10
I0016120,O005306,P00133,2,139419.76,20
I0016121,O005307,P00519,2,20720.66,30
I0016122,O005307,P00212,1,3244.24,141
I0016123,O005307,P00415,5,29051.41,10
I0016124,O005307,P00497,4,3784.65,30
I0016125,O005308,P00190,1,4934.89,15
I0016126,O005308,P00012,1,138430.02,70
I0016127,O005308,P00073,3,21629.5,0
I0016128,O005308,P00198,4,4662.81,40
I0016129,O005309,P00343,1,375.75,10
I0016130,O005309,P00320,1,97.51,20
I0016131,O005309,P00533,5,7400.42,40
I0016132,O005310,P00512,3,2578.01,40
I0016133,O005310,P00072,3,57767.3,10
I0016134,O005310,P00352,3,450.41,70
I0016135,O005311,P00304,4,343.12,0
I0016136,O005311,P00414,5,33983.01,10
I0016137,O005312,P00155,1,156194.69,20
I0016138,O005312,P00140,5,182562.87,0
I0016139,O005312,P00520,4,22321.33,15
I0016140,O005312,P00177,2,5975.67,0
I0016141,O005313,P00080,5,129405.16,40
I0016142,O005314,P00533,5,4830.57,0
I0016143,O005314,P00467,5,1591.31,50
I0016144,O005314,P00317,1,153.97,20
I0016145,O005314,P00145,1,130601.97,50
I0016146,O005314,P00304,5,541.57,20
I0016147,O005315,P00351,4,2165.71,20
I0016148,O005315,P00062,0,89792.33,5
I0016149,O005315,P00428,2,9298.52,70
I0016150,O005315,P00523,1,11412.04,20
I0016151,O005315,P00005,1,46493.72,70
I0016152,O005316,P00417,5,27719.12,15
I0016153,O005316,P00238,1,11038.02,40
I0016154,O005317,P00046,1,83155.71,40
I0016155,O005317,P00172,1,7438.88,5
I0016156,O005317,P00018,5,33506.67,20
I0016157,O005317,P00172,4,7243.55,15
I0016158,O005317,P00226,2,5170.73,40
I0016159,O005318,P00065,4,118204.49,0
I0016160,O005318,P00428,4,13471.58,5
I0016161,O005318,P00249,4,5004.37,70
I0016162,O005318,P00467,2,2284.12,70
I0016163,O005318,P00415,2,28930.18,5
I0016164,O005319,P00407,4,39471.63,10
I0016165,O005319,P00283,4,9473.24,50
I0016166,O005319,P00072,4,63237.17,5
I0016167,O005319,P00314,3,377.8,70
I0016168,O005320,P00103,1,109629.88,0
I0016169,O005320,P00426,2,18990.99,70
I0016170,O005320,P00390,1,14536.56,5
I0016171,O005321,P00161,2,9004.31,30
I0016172,O005321,P00281,4,2860.65,40
I0016173,O005321,P00295,1,479.1,30
I0016174,O005321,P00457,2,902.65,10
I0016175,O005321,P00234,3,3979.29,40
I0016176,O005322,P00170,4,5856.23,20
I0016177,O005322,P00026,2,7868.55,15
I0016178,O005322,P00466,1,1764.63,5
I0016179,O005322,P00169,1,2983.67,15
I0016180,O005323,P00437,5,13687.63,15
I0016181,O005323,P00078,1,134137.95,15
I0016182,O005323,P00494,2,4134.84,40
I0016183,O005323,P00474,1,948.82,70
I0016184,O005324,P00208,1,6539.24,30
I0016185,O005324,P00546,3,5955.2,15
I0016186,O005324,P00063,1,994.7,10
I0016187,O005324,P00140,4,227325.39,5
I0016188,O005325,P00470,3,2089.37,15
I0016189,O005325,P00470,1,1671.95,70
I0016190,O005325,P00343,4,405.32,70
I0016191,O005325,P00046,1,83431.1,15
I0016192,O005325,P00474,1,1547.05,40
I0016193,O005326,P00131,2,79525.61,20
I0016194,O005327,P00198,1,6708.24,50
I0016195,O005328,P00409,1,12988.48,50
I0016196,O005328,P00404,5,760.81,15
I0016197,O005328,P00072,2,70874.7,5
I0016198,O005328,P00398,3,1275.13,10
I0016199,O005329,P00457,2,1149.84,70
I0016200,O005329,P00530,1,1137.02,30
I0016201,O005329,P00189,1,10573.18,0
I0016202,O005330,P00082,1,179783.64,30
I0016203,O005330,P00224,3,3301.63,70
I0016204,O005331,P00145,4,119786.74,10
I0016205,O005331,P00332,4,1410.55,10
I0016206,O005332,P00281,5,2736.54,50
I0016207,O005332,P00273,2,9499.73,50
I0016208,O005332,P00442,4,1911.66,20
I0016209,O005333,P00061,1,139417.17,50
I0016210,O005333,P00226,5,5294.17,50
I0016211,O005333,P00053,2,104867.33,0
I0016212,O005334,P00407,4,23772.56,30
I0016213,O005334,P00486,5,15633.31,10
I0016214,O005334,P00473,-4,2130.63,70
I0016215,O005334,P00185,4,8567.4,20
I0016216,O005334,P00212,5,3881.38,0
I0016217,O005335,P00467,1,2015.17,30
I0016218,O005335,P00390,1,9790.81,50
I0016219,O005335,P00193,3,4417.16,40
I0016220,O005335,P00311,5,2016.5,30
I0016221,O005336,P00332,3,2459.77,5
I0016222,O005336,P00082,3,118324.47,20
I0016223,O005336,P00224,3,5491.63,30
I0016224,O005336,P00398,5,1522.2,15
I0016225,O005337,P00141,1,155547.75,50
I0016226,O005337,P00229,0,3077.16,40
I0016227,O005337,P00467,4,2273.53,40
I0016228,O005337,P00467,3,2158.11,70
I0016229,O005338,P00198,3,5230.65,20
I0016230,O005338,P00065,2,126253.15,5
I0016231,O005338,P00121,3,56826.03,15
I0016232,O005338,P00338,1,695.83,5
I0016233,O005338,P00457,2,1276.48,30
I0016234,O005339,P00193,1,4192.49,0
I0016235,O005339,P00544,1,4335.25,0
I0016236,O005339,P00473,3,3012.13,5
I0016237,O005340,P00289,3,1345.97,5
I0016238,O005340,P00304,3,554.67,20
I0016239,O005340,P00281,5,2539.65,5
I0016240,O005341,P00065,2,124419.06,40
I0016241,O005341,P00224,5,5802.5,20
I0016242,O005341,P00505,1,30111.53,50
I0016243,O005342,P00090,4,25092.58,5
I0016244,O005342,P00171,1,8208.93,30
I0016245,O005342,P00141,2,133525.04,40
I0016246,O005342,P00025,2,138564.86,30
I0016247,O005343,P00188,1,701.75,15
I0016248,O005344,P00430,5,40331.33,10
I0016249,O005345,P00538,1,1266.36,50
I0016250,O005345,P00473,1,3216.05,0
I0016251,O005346,P00531,3,2695.5,30
I0016252,O005346,P00273,2,11392.25,50
I0016253,O005346,P00470,3,1694.67,30
I0016254,O005346,P00320,2,178.6,0
I0016255,O005346,P00496,2,2926.62,20
I0016256,O005347,P00072,4,47648.24,15
I0016257,O005347,P00393,5,37525.88,70
I0016258,O005347,P00390,2,15145.39,50
I0016259,O005348,P00393,4,38937.29,15
I0016260,O005348,P00320,1,157.3,40
I0016261,O005348,P00141,4,204856.46,20
I0016262,O005348,P00398,2,1688.48,0
I0016263,O005348,P00437,4,18983.51,10
I0016264,O005349,P00188,3,676.34,10
I0016265,O005349,P00257,4,736.97,40
I0016266,O005349,P00466,4,2272.96,30
I0016267,O005349,P00007,2,57121.75,20
I0016268,O005350,P00208,2,8413.25,15
I0016269,O005350,P00269,1,5560.14,20
I0016270,O005350,P00112,4,132765.25,50
I0016271,O005350,P00390,3,18094.36,10
I0016272,O005350,P00012,5,131217.52,10
I0016273,O005351,P00414,3,40171.57,40
I0016274,O005351,P00486,3,14582.0,30
I0016275,O005352,P00128,4,32561.56,10
I0016276,O005352,P00021,5,142109.43,10
I0016277,O005352,P00311,3,1538.88,70
I0016278,O005352,P00166,3,4286.32,40
I0016279,O929588,P00461,3,764.18,5
I0016280,O005353,P00209,5,6099.4,0
I0016281,O005353,P00111,-5,44484.67,15
I0016282,O005353,P00407,4,29703.16,20
I0016283,O005353,P00248,1,6696.4,5
I0016284,O005354,P00453,1,1674.26,0
I0016285,O005354,P00202,1,1916.08,10
I0016286,O005354,P00467,4,2106.04,15
I0016287,O005354,P00514,2,14056.89,10
I0016288,O005355,P00224,2,5192.41,10
I0016289,O005355,P00065,3,101266.51,30
I0016290,O005355,P00529,3,5592.28,20
I0016291,O909522,P00544,2,3171.76,20
I0016292,O005355,P00131,1,66888.77,10
I0016293,O005356,P00229,2,2437.23,0
I0016294,O005356,P00415,4,21773.98,50
I0016295,O005356,P00206,2,565.33,0
I0016296,O005356,P00409,-2,13246.16,20
I0016297,O005357,P00514,-5,11637.62,40
I0016298,O005358,P00206,3,555.41,50
I0016299,O005358,P00046,5,52600.04,50
I0016300,O005358,P00251,3,7299.25,10
I0016301,O005359,P00486,4,12505.23,0
I0016302,O005359,P00474,4,1592.15,30
I0016303,O005360,P00165,5,8959.1,15
I0016304,O005360,P00121,4,46009.38,5
I0016305,O005360,P00387,3,6649.06,50
I0016306,O005361,P00390,1,16542.5,50
I0016307,O005362,P00414,2,34387.98,5
I0016308,O005362,P00011,4,102748.01,5
I0016309,O005362,P00332,4,2410.01,70
I0016310,O005362,P00388,3,11750.05,30
I0016311,O005363,P00018,3,37481.39,40
I0016312,O005363,P00417,4,18905.57,40
I0016313,O005364,P00119,4,31964.06,20
I0016314,O005365,P00398,4,1484.4,30
I0016315,O005365,P00154,4,94189.14,10
I0016316,O005365,P00197,2,3879.11,0
I0016317,O005365,P00268,1,2766.37,40
I0016318,O005365,P00121,4,50203.88,5
I0016319,O005366,P00018,3,31419.82,5
I0016320,O005366,P00481,3,1094.76,5
I0016321,O005366,P00365,5,1524.3,70
I0016322,O005367,P00096,4,192774.83,15
I0016323,O005367,P00213,1,7035.5,20
I0016324,O005367,P00080,5,118217.49,10
I0016325,O005367,P00247,1,6853.42,10
I0016326,O005367,P00384,4,6926.45,50
I0016327,O005368,P00422,5,49204.4,40
I0016328,O005368,P00516,3,1880.08,10
I0016329,O005369,P00440,3,7990.9,5
I0016330,O005369,P00393,3,54758.25,50
I0016331,O005369,P00276,3,9511.11,20
I0016332,O005369,P00106,5,99835.07,0
I0016333,O005370,P00393,1,49835.54,0
I0016334,O005370,P00338,1,902.73,135
I0016335,O005371,P00466,1,2922.89,30
I0016336,O005372,P00065,3,134238.4,30
I0016337,O005372,P00202,4,1322.64,70
I0016338,O005373,P00470,4,2598.19,15
I0016339,O005373,P00224,2,4058.07,50
I0016340,O005373,P00190,1,6831.39,0
I0016341,O005373,P00190,5,6569.14,20
I0016342,O005373,P00035,5,125038.06,50
I0016343,O005374,P00224,3,3713.79,40
I0016344,O005374,P00328,1,251.2,0
I0016345,O005374,P00063,3,1416.09,5
I0016346,O005374,P00193,1,3471.42,20
I0016347,O005374,P00082,1,157950.49,40
I0016348,O005375,P00141,3,155908.41,20
I0016349,O005376,P00149,5,101534.45,50
I0016350,O005376,P00474,4,1212.62,15
I0016351,O005376,P00078,5,220380.77,0
I0016352,O978590,P00088,4,23484.67,30
I0016353,O005376,P00343,4,407.85,40
I0016354,O005377,P00398,1,1395.26,0
I0016355,O005377,P00533,0,4464.03,20
I0016356,O005377,P00026,4,6958.63,10
I0016357,O005377,P00080,5,122879.53,5
I0016358,O005378,P00121,3,59485.43,15
I0016359,O005379,P00412,3,14490.02,70
I0016360,O005379,P00118,4,98960.35,30
I0016361,O929172,P00229,2,3467.77,40
I0016362,O005380,P00070,1,133808.56,20
I0016363,O005380,P00426,2,21958.83,0
I0016364,O005380,P00212,4,3135.45,40
I0016365,O005380,P00065,5,110043.72,30
I0016366,O005381,P00190,3,6742.56,0
I0016367,O005381,P00422,1,56809.2,50
I0016368,O005381,P00197,2,3588.33,20
I0016369,O005382,P00415,1,34199.95,20
I0016370,O005382,P00462,4,331.49,5
I0016371,O005382,P00065,3,136263.37,70
I0016372,O005382,P00248,2,4385.74,10
I0016373,O005383,P00404,3,880.48,30
I0016374,O005383,P00080,4,112466.34,5
I0016375,O005383,P00365,2,1293.43,10
I0016376,O005383,P00070,0,123144.72,50
I0016377,O005384,P00422,2,54983.36,30
I0016378,O005384,P00338,1,864.61,15
I0016379,O005384,P00338,5,1111.28,5
I0016380,O005384,P00224,3,5197.39,50
I0016381,O005384,P00396,2,38340.5,15
I0016382,O005385,P00170,4,7603.78,10
I0016383,O005385,P00466,5,1878.05,40
I0016384,O005386,P00497,2,3389.77,50
I0016385,O005386,P00406,3,40583.9,70
I0016386,O005387,P00518,3,13759.73,70
I0016387,O005387,P00065,3,128490.72,40
I0016388,O005387,P00080,3,160557.71,70
I0016389,O005388,P00082,5,124910.64,10
I0016390,O005388,P00414,1,47715.94,5
I0016391,O005388,P00202,2,1982.47,50
I0016392,O005388,P00409,3,16582.22,30
I0016393,O005389,P00065,3,90312.31,133
I0016394,O005389,P00229,2,3024.5,40
I0016395,O005390,P00343,3,338.38,5
I0016396,O005390,P00295,3,278.37,30
I0016397,O005390,P00422,3,36316.45,40
I0016398,O005391,P00447,1,410.62,70
I0016399,O005391,P00188,1,895.85,15
I0016400,O005391,P00212,1,3920.18,40
I0016401,O005391,P00019,2,155923.99,5
I0016402,O005391,P00216,1,6796.0,30
I0016403,O005392,P00202,1,1305.44,50
I0016404,O005392,P00530,5,1497.98,40
I0016405,O005392,P00467,5,2295.91,10
I0016406,O005393,P00359,1,536.98,20
I0016407,O005393,P00168,3,3797.91,40
I0016408,O005393,P00121,-3,81640.75,10
I0016409,O005394,P00470,1,2299.17,10
I0016410,O005394,P00409,4,17531.79,5
I0016411,O005394,P00198,3,4752.05,50
I0016412,O005395,P00078,1,197042.33,10
I0016413,O005396,P00145,3,90883.52,10
I0016414,O005396,P00018,5,50117.68,0
I0016415,O005397,P00013,1,139330.33,40
I0016416,O005397,P00407,3,24553.47,5
I0016417,O005397,P00131,5,103323.8,15
I0016418,O005397,P00011,5,76966.47,20
I0016419,O005397,P00043,3,161882.78,5
I0016420,O005398,P00257,2,612.94,15
I0016421,O005398,P00525,3,10754.13,5
I0016422,O005399,P00078,5,169839.98,70
I0016423,O005399,P00079,2,6726.72,0
I0016424,O005399,P00414,1,50967.99,15
I0016425,O005399,P00012,5,105772.92,15
I0016426,O005400,P00473,1,2700.4,15
I0016427,O005401,P00422,2,39288.04,30
I0016428,O005401,P00320,4,105.76,5
I0016429,O005401,P00145,3,85713.28,30
I0016430,O005402,P00193,2,3340.85,40
I0016431,O005402,P00163,1,7718.63,70
I0016432,O005402,P00072,2,42768.48,15
I0016433,O005403,P00546,1,4801.87,0
I0016434,O005403,P00281,4,1829.69,30
I0016435,O005403,P00206,2,800.91,50
I0016436,O005403,P00171,4,6012.85,10
I0016437,O005404,P00096,5,144540.99,70
I0016438,O005405,P00393,3,33022.09,15
I0016439,O005405,P00377,4,12454.95,40
I0016440,O005405,P00473,1,2739.38,20
I0016441,O005405,P00127,1,161554.96,0
I0016442,O005406,P00389,2,2227.0,30
I0016443,O005407,P00457,5,1391.12,0
I0016444,O005407,P00172,3,8171.07,0
I0016445,O005408,P00096,3,136659.81,20
I0016446,O005408,P00393,5,59251.18,40
I0016447,O005408,P00417,2,28492.33,0
I0016448,O005408,P00149,5,83399.41,5
I0016449,O005408,P00343,1,467.4,70
I0016450,O005409,P00328,3,208.89,15
I0016451,O005410,P00224,4,4397.72,50
I0016452,O005410,P00121,5,49266.13,30
I0016453,O005410,P00078,4,193908.06,5
I0016454,O005410,P00225,4,3210.87,70
I0016455,O005411,P00384,5,5780.3,50
I0016456,O005411,P00505,1,19633.68,5
I0016457,O005412,P00202,4,1741.75,10
I0016458,O005412,P00393,5,57985.53,15
I0016459,O005412,P00437,4,17943.01,5
I0016460,O005413,P00480,4,922.67,70
I0016461,O005414,P00341,3,778.47,20
I0016462,O005414,P00457,1,1241.83,20
I0016463,O005414,P00072,1,59007.23,15
I0016464,O005415,P00407,5,33464.65,0
I0016465,O005415,P00441,1,2813.66,70
I0016466,O005415,P00415,4,25228.63,70
I0016467,O005416,P00072,1,46208.4,20
I0016468,O005416,P00473,5,2131.27,40
I0016469,O005416,P00338,4,956.72,40
I0016470,O005417,P00148,5,198983.78,20
I0016471,O005417,P00026,2,6736.1,40
I0016472,O005417,P00450,1,661.6,5
I0016473,O005417,P00343,4,381.32,30
I0016474,O005418,P00065,1,90913.24,5
I0016475,O005418,P00398,5,1368.93,10
I0016476,O005418,P00164,1,11044.82,40
I0016477,O005418,P00202,2,2176.27,50
I0016478,O005418,P00404,1,753.32,15
I0016479,O005419,P00122,3,210187.89,15
I0016480,O005419,P00314,3,476.49,0
I0016481,O005419,P00035,2,171600.12,20
I0016482,O005419,P00111,3,46180.4,5
I0016483,O005419,P00096,3,138420.83,0
I0016484,O005420,P00522,3,29593.52,15
I0016485,O005421,P00047,2,64148.43,15
I0016486,O005421,P00033,3,102990.83,40
I0016487,O005421,P00112,2,182992.3,30
I0016488,O005421,P00437,5,15664.15,40
I0016489,O005422,P00388,1,7187.96,15
I0016490,O005422,P00318,5,1544.67,30
I0016491,O005422,P00470,3,1839.88,10
I0016492,O005423,P00338,4,984.54,0
I0016493,O005423,P00131,2,116279.09,50
I0016494,O005424,P00330,2,916.35,20
I0016495,O005425,P00026,2,6510.37,30
I0016496,O005426,P00538,1,1504.07,30
I0016497,O005426,P00097,4,76473.34,0
I0016498,O005426,P00079,-4,6090.3,10
I0016499,O005426,P00224,3,4416.94,5
I0016500,O005427,P00018,1,54884.49,70
I0016501,O005427,P00406,2,35164.03,30
I0016502,O005428,P00331,2,1620.62,40
I0016503,O005428,P00381,1,24008.48,20
I0016504,O005428,P00202,3,2415.85,70
I0016505,O005429,P00188,5,773.79,30
I0016506,O005429,P00141,1,141216.86,10
I0016507,O005429,P00131,2,95350.11,30
I0016508,O005429,P00332,4,2001.29,5
I0016509,O005430,P00381,-5,21345.0,30
I0016510,O005431,P00486,5,11311.86,15
I0016511,O005431,P00063,5,1554.51,10
I0016512,O005431,P00406,3,43531.48,20
I0016513,O005431,P00107,3,133092.43,20
I0016514,O005431,P00390,1,9728.37,0
I0016515,O005432,P00165,3,6214.02,50
I0016516,O005433,P00036,4,153098.11,70
I0016517,O005433,P00430,1,43599.02,15
I0016518,O005433,P00337,2,866.31,20
I0016519,O005433,P00141,1,134840.94,20
I0016520,O005433,P00121,3,72385.99,20
I0016521,O005434,P00090,1,39749.32,30
I0016522,O005434,P00380,-3,38392.21,0
I0016523,O005434,P00332,5,2365.0,15
I0016524,O005434,P00415,2,29634.34,0
I0016525,O005434,P00018,3,46095.54,50
I0016526,O005435,P00171,2,9537.74,40
I0016527,O005435,P00470,2,2475.17,30
I0016528,O005435,P00188,4,841.29,0
I0016529,O005435,P00486,4,13624.2,30
I0016530,O005435,P00131,2,114710.58,20
I0016531,O005436,P00311,1,1557.65,5
I0016532,O005436,P00088,3,34656.66,50
I0016533,O005437,P00080,-4,108876.4,70
I0016534,O005438,P00082,2,214682.51,40
I0016535,O005439,P00070,5,125839.88,20
I0016536,O005439,P00416,5,981.97,10
I0016537,O005439,P00197,5,5608.22,30
I0016538,O005440,P00414,1,51172.77,20
I0016539,O005440,P00233,4,5946.27,30
I0016540,O906096,P00391,1,10518.42,0
I0016541,O005440,P00407,3,28871.68,15
I0016542,O005441,P00220,-5,3600.96,70
I0016543,O005441,P00202,5,1856.71,30
I0016544,O005441,P00273,3,8023.38,70
I0016545,O005442,P00035,2,154586.0,40
I0016546,O005442,P00102,2,145227.35,0
I0016547,O005442,P00224,4,3350.87,30
I0016548,O005442,P00190,1,6641.91,20
I0016549,O005443,P00051,5,189365.91,10
I0016550,O005444,P00063,3,1309.37,30
I0016551,O005444,P00112,2,226581.98,20
I0016552,O005445,P00393,3,47473.33,10
I0016553,O005446,P00337,4,547.0,5
I0016554,O005446,P00497,2,3354.27,0
I0016555,O005446,P00202,1,1577.83,30
I0016556,O005447,P00387,3,9971.61,30
I0016557,O005447,P00332,5,1555.21,0
I0016558,O005447,P00072,1,69238.0,5
I0016559,O005447,P00225,2,3915.52,0
I0016560,O005447,P00190,-3,7474.75,15
I0016561,O005448,P00533,5,5171.5,70
I0016562,O005448,P00457,4,859.89,70
I0016563,O005448,P00413,1,21332.24,50
I0016564,O005448,P00404,4,611.66,70
I0016565,O005448,P00257,1,779.59,5
I0016566,O005449,P00512,1,508.97,30
I0016567,O005449,P00219,5,7508.1,20
I0016568,O005449,P00388,4,7706.26,30
I0016569,O005449,P00120,1,12914.49,10
I0016570,O005450,P00080,5,146206.76,40
I0016571,O005450,P00466,3,1979.82,40
I0016572,O005450,P00470,1,2300.63,5
I0016573,O005450,P00546,1,5288.02,0
I0016574,O005450,P00407,3,27794.25,0
I0016575,O005451,P00090,2,37432.95,15
I0016576,O005452,P00390,2,10367.85,20
I0016577,O005453,P00047,2,82743.58,0
I0016578,O005453,P00318,2,1927.64,70
I0016579,O005454,P00550,3,6443.23,50
I0016580,O005455,P00140,5,182361.12,20
I0016581,O005455,P00295,1,353.28,70
I0016582,O005456,P00486,3,14234.62,70
I0016583,O005456,P00301,3,1713.52,5
I0016584,O005456,P00497,4,2502.5,70
I0016585,O005456,P00546,4,7811.65,15
I0016586,O005457,P00225,1,5161.57,50
I0016587,O005457,P00005,2,75045.06,5
I0016588,O005457,P00145,2,135229.02,30
I0016589,O005457,P00257,3,686.61,15
I0016590,O005458,P00466,2,2670.89,50
I0016591,O005458,P00441,5,2346.14,30
I0016592,O005458,P00426,0,19423.6,20
I0016593,O005458,P00080,5,186605.7,70
I0016594,O005458,P00025,2,114426.39,40
I0016595,O005459,P00477,5,1970.63,50
I0016596,O005459,P00414,5,28790.38,30
I0016597,O005459,P00012,3,125095.68,10
I0016598,O005459,P00281,5,2434.07,20
I0016599,O005460,P00422,3,40573.78,10
I0016600,O005460,P00467,1,2051.67,0
I0016601,O005460,P00384,-4,7536.94,50
I0016602,O005460,P00467,3,1600.8,40
I0016603,O005461,P00512,2,7337.38,5
I0016604,O005461,P00080,-3,158695.67,0
I0016605,O005461,P00072,5,65280.5,40
I0016606,O005461,P00443,3,2643.23,0
I0016607,O005461,P00181,1,237.28,50
I0016608,O005462,P00161,1,6732.18,0
I0016609,O005462,P00116,4,251039.2,40
I0016610,O005462,P00224,3,4765.72,30
I0016611,O005463,P00343,5,372.44,70
I0016612,O005464,P00082,1,194273.09,30
I0016613,O005464,P00121,-4,51643.18,50
I0016614,O005464,P00478,4,2247.73,50
I0016615,O005464,P00546,1,5336.23,20
I0016616,O005464,P00314,1,564.95,0
I0016617,O005465,P00005,3,41838.84,50
I0016618,O005465,P00437,5,14371.98,50
I0016619,O005465,P00072,4,72624.01,20
I0016620,O005465,P00082,3,167521.24,20
I0016621,O005466,P00096,5,147775.83,30
I0016622,O005466,P00331,4,1587.52,70
I0016623,O005466,P00102,3,197300.29,40
I0016624,O005466,P00212,4,3069.33,40
I0016625,O005466,P00171,1,8072.59,0
I0016626,O005467,P00068,4,7669.84,50
I0016627,O005467,P00065,3,126463.79,5
I0016628,O005468,P00063,5,1428.07,15
I0016629,O005468,P00005,3,60058.19,0
I0016630,O906892,P00170,5,8595.94,0
I0016631,O005469,P00538,4,1204.12,40
I0016632,O005469,P00170,2,8009.9,5
I0016633,O005469,P00048,5,85409.73,50
I0016634,O005470,P00170,3,8137.34,5
I0016635,O005470,P00316,1,2348.77,30
I0016636,O005471,P00422,2,55426.82,10
I0016637,O005471,P00249,2,7188.94,5
I0016638,O005471,P00411,2,1751.35,20
I0016639,O005471,P00486,5,15014.29,10
I0016640,O005472,P00082,3,162071.42,5
I0016641,O005472,P00525,3,10535.31,0
I0016642,O005472,P00046,3,71418.06,5
I0016643,O005472,P00466,5,2888.53,40
I0016644,O005472,P00486,5,15237.79,5
I0016645,O005473,P00273,1,8153.56,30
I0016646,O005473,P00407,5,21821.05,70
I0016647,O005473,P00329,4,853.07,40
I0016648,O005474,P00426,4,22053.36,0
I0016649,O005474,P00037,2,71229.58,10
I0016650,O005475,P00371,5,5479.39,70
I0016651,O005476,P00092,3,133731.77,10
I0016652,O005476,P00078,5,180338.77,15
I0016653,O005476,P00193,2,2609.14,5
I0016654,O005476,P00415,5,34240.01,70
I0016655,O005477,P00415,5,30965.92,30
I0016656,O005477,P00387,3,8260.95,50
I0016657,O005477,P00343,4,389.47,70
I0016658,O005477,P00224,4,5953.6,15
I0016659,O005478,P00466,5,2003.67,40
I0016660,O005478,P00515,4,25200.99,50
I0016661,O005478,P00398,2,1330.35,40
I0016662,O005479,P00183,4,9267.3,15
I0016663,O005479,P00212,4,2659.47,15
I0016664,O005480,P00329,5,776.94,10
I0016665,O005480,P00082,3,122828.55,50
I0016666,O005480,P00306,5,985.89,50
I0016667,O005481,P00268,0,3915.35,20
I0016668,O005481,P00128,1,41488.75,40
I0016669,O005481,P00170,2,5995.81,15
I0016670,O005482,P00533,1,4730.26,15
I0016671,O005482,P00240,5,9228.63,50
I0016672,O005483,P00417,5,27341.82,0
I0016673,O005484,P00065,1,124643.49,20
I0016674,O005484,P00002,3,35652.58,20
I0016675,O005484,P00070,2,158899.86,70
I0016676,O005485,P00407,5,25595.42,30
I0016677,O005485,P00415,2,34921.76,50
I0016678,O005486,P00384,4,5142.62,15
I0016679,O005486,P00398,3,1491.17,40
I0016680,O005486,P00193,5,2919.28,0
I0016681,O005487,P00337,1,662.19,5
I0016682,O005487,P00427,4,3464.84,30
I0016683,O005488,P00268,5,2691.74,5
I0016684,O005488,P00305,2,1479.14,50
I0016685,O005489,P00393,1,54816.59,10
I0016686,O005489,P00070,3,132296.11,40
I0016687,O005490,P00486,4,16888.9,30
I0016688,O005490,P00194,3,1741.29,20
I0016689,O005490,P00229,2,3429.3,5
I0016690,O005491,P00384,5,7140.94,20
I0016691,O005491,P00065,1,118964.98,10
I0016692,O005491,P00494,2,3302.5,15
I0016693,O005491,P00141,5,184512.03,50
I0016694,O005492,P00338,2,983.48,20
I0016695,O005493,P00026,2,7852.43,5
I0016696,O005493,P00443,1,1734.1,30
I0016697,O005494,P00157,1,31704.36,50
I0016698,O005495,P00281,4,2552.05,30
I0016699,O005495,P00082,3,139525.06,10
I0016700,O005495,P00437,3,12037.27,20
I0016701,O005496,P00129,3,132006.8,0
I0016702,O005496,P00311,5,2123.88,0
I0016703,O005496,P00023,-1,75240.79,10
I0016704,O005497,P00530,5,974.34,10
I0016705,O005497,P00127,1,206641.08,70
I0016706,O005497,P00414,1,50681.69,0
I0016707,O005497,P00063,2,1321.79,20
I0016708,O005497,P00224,3,3714.2,50
I0016709,O005498,P00529,4,4978.66,30
I0016710,O005498,P00118,4,97172.51,40
I0016711,O005498,P00090,2,35901.07,40
I0016712,O005498,P00546,2,4880.02,70
I0016713,O942730,P00121,1,54429.72,10
I0016714,O005499,P00388,4,9369.5,30
I0016715,O005499,P00072,3,41454.63,0
I0016716,O005500,P00199,1,3073.76,0
I0016717,O005500,P00057,4,151485.65,20
I0016718,O005500,P00224,-2,4024.19,50
I0016719,O005500,P00127,-1,149755.89,30
I0016720,O005500,P00389,-4,3461.71,0
I0016721,O005501,P00080,1,168066.51,0
I0016722,O005501,P00527,4,8554.21,40
I0016723,O005501,P00200,1,6976.05,70
I0016724,O957397,P00172,3,8218.5,5
I0016725,O005502,P00466,5,1644.37,50
I0016726,O005502,P00121,1,48130.95,5
I0016727,O005502,P00529,4,5580.73,30
I0016728,O005502,P00474,4,1074.29,70
I0016729,O005503,P00414,1,45240.51,20
I0016730,O005503,P00533,1,6287.35,5
I0016731,O005504,P00020,4,103864.01,5
I0016732,O005504,P00247,4,7979.69,10
I0016733,O005505,P00112,4,147825.64,120
I0016734,O005505,P00199,5,3287.3,70
I0016735,O005505,P00025,2,111532.4,50
I0016736,O005505,P00053,2,168104.52,50
I0016737,O005506,P00486,4,14661.89,0
I0016738,O005506,P00141,1,114931.34,30
I0016739,O005506,P00070,2,139655.45,15
I0016740,O005507,P00414,5,27593.79,50
I0016741,O005507,P00467,5,1984.99,50
I0016742,O005507,P00080,3,179434.19,70
I0016743,O005507,P00063,-3,952.24,133
I0016744,O005508,P00422,4,53570.96,20
I0016745,O005508,P00212,1,2977.46,70
I0016746,O005509,P00486,3,11505.66,5
I0016747,O005509,P00486,3,11900.63,40
I0016748,O005509,P00188,1,547.26,30
I0016749,O005509,P00272,2,4304.31,5
I0016750,O005510,P00393,2,58167.93,40
I0016751,O005510,P00486,3,9301.72,20
I0016752,O005511,P00407,1,23120.78,0
I0016753,O005512,P00012,4,184503.17,30
I0016754,O005512,P00198,2,7408.25,10
I0016755,O005512,P00388,5,10322.65,10
I0016756,O005512,P00197,2,3478.69,40
I0016757,O005513,P00197,1,3687.01,10
I0016758,O005513,P00331,5,1166.82,70
I0016759,O005514,P00121,5,75108.96,5
I0016760,O005515,P00128,2,50350.8,5
I0016761,O005515,P00129,2,181326.78,0
I0016762,O005515,P00155,2,171360.66,20
I0016763,O005515,P00361,5,1061.35,0
I0016764,O005516,P00213,4,6012.16,5
I0016765,O005516,P00190,5,8600.77,20
I0016766,O005516,P00042,5,39943.66,30
I0016767,O005517,P00155,2,165145.68,50
I0016768,O005518,P00467,1,1644.45,15
I0016769,O005519,P00053,1,113834.05,5
I0016770,O005519,P00384,3,7807.09,10
I0016771,O912633,P00111,5,35729.1,50
I0016772,O005520,P00096,1,120479.4,40
I0016773,O005520,P00533,2,6466.22,5
I0016774,O005520,P00388,1,7964.67,70
I0016775,O005520,P00470,2,1968.71,20
I0016776,O005521,P00497,2,3987.14,15
I0016777,O005522,P00212,5,3445.77,15
I0016778,O005522,P00070,2,153745.66,70
I0016779,O005522,P00430,1,41547.03,30
I0016780,O005522,P00442,1,2745.44,5
I0016781,O005523,P00381,4,20274.15,0
I0016782,O005523,P00202,4,2225.18,0
I0016783,O005524,P00026,3,5378.93,70
I0016784,O005524,P00320,3,167.78,5
I0016785,O005524,P00207,3,9469.87,40
I0016786,O005524,P00414,5,38391.89,40
I0016787,O005525,P00422,5,56196.31,70
I0016788,O005525,P00443,1,2858.76,20
I0016789,O005526,P00453,2,2060.62,5
I0016790,O005526,P00281,5,2505.01,50
I0016791,O005526,P00013,3,137245.08,0
I0016792,O005526,P00390,4,17206.33,0
I0016793,O005527,P00457,4,993.87,70
I0016794,O005527,P00101,2,169777.5,40
I0016795,O005527,P00534,2,3817.87,20
I0016796,O005527,P00200,5,7851.53,50
I0016797,O005528,P00267,1,2115.28,5
I0016798,O005528,P00398,3,1413.83,0
I0016799,O005528,P00254,4,8568.76,15
I0016800,O005528,P00170,3,7893.89,70
I0016801,O005528,P00070,2,154434.2,40
I0016802,O005529,P00486,2,14292.62,0
I0016803,O005529,P00320,3,100.05,20
I0016804,O005529,P00088,5,37720.31,20
I0016805,O005529,P00357,1,1241.31,20
I0016806,O005529,P00121,1,53107.06,5
I0016807,O005530,P00096,1,137274.0,30
I0016808,O005530,P00332,3,1287.4,10
I0016809,O005531,P00057,5,147882.28,30
I0016810,O005531,P00142,3,55870.21,30
I0016811,O005531,P00512,3,615.29,10
I0016812,O005532,P00437,4,19599.52,50
I0016813,O005532,P00120,5,12836.22,70
I0016814,O005532,P00343,1,558.77,0
I0016815,O005532,P00005,4,45114.94,30
I0016816,O005533,P00409,3,18522.05,0
I0016817,O005533,P00444,5,1414.51,0
I0016818,O005533,P00393,3,58185.23,0
I0016819,O005534,P00012,2,140976.97,15
I0016820,O005534,P00096,2,147420.77,40
I0016821,O005535,P00032,2,211741.6,70
I0016822,O005535,P00171,2,6218.61,40
I0016823,O005535,P00341,2,1058.09,10
I0016824,O005535,P00466,3,2528.91,10
I0016825,O005536,P00415,3,30380.29,50
I0016826,O005536,P00155,5,110500.98,10
I0016827,O005536,P00144,4,147713.03,70
I0016828,O005536,P00214,3,1390.82,5
I0016829,O005536,P00341,5,1127.43,30
I0016830,O005537,P00037,1,43980.4,10
I0016831,O005537,P00092,1,141120.35,30
I0016832,O005537,P00517,3,18438.66,15
I0016833,O005538,P00467,3,1574.75,30
I0016834,O005538,P00034,-2,12741.39,5
I0016835,O005538,P00467,5,1713.1,0
I0016836,O005538,P00414,2,38967.4,40
I0016837,O005538,P00197,1,4425.24,40
I0016838,O005539,P00007,2,53470.99,50
I0016839,O005539,P00063,1,969.27,70
I0016840,O005539,P00348,2,1501.24,70
I0016841,O005540,P00415,5,30553.94,70
I0016842,O005540,P00141,5,179372.47,0
I0016843,O005540,P00131,4,81416.28,0
I0016844,O005540,P00222,1,10735.23,10
I0016845,O005540,P00390,2,9848.92,5
I0016846,O005541,P00412,2,9321.87,20
I0016847,O005542,P00281,2,2812.22,40
I0016848,O005542,P00188,1,870.89,5
I0016849,O005542,P00393,1,47485.25,30
I0016850,O005542,P00391,1,17417.52,20
I0016851,O005542,P00433,3,40459.43,30
I0016852,O005543,P00072,-1,73555.82,50
I0016853,O005543,P00381,4,19334.31,70
I0016854,O005544,P00188,1,879.43,5
I0016855,O005544,P00184,5,12471.46,5
I0016856,O005544,P00497,1,3512.79,0
I0016857,O005544,P00496,2,3014.8,70
I0016858,O005544,P00177,3,8733.62,70
I0016859,O005545,P00202,2,1790.72,70
I0016860,O005545,P00242,5,850.27,15
I0016861,O005545,P00466,5,2230.07,50
I0016862,O005545,P00037,5,66760.43,40
I0016863,O005545,P00133,2,199919.57,10
I0016864,O005546,P00212,2,3597.86,0
I0016865,O005546,P00389,4,3334.93,10
I0016866,O005547,P00145,5,92614.57,10
I0016867,O005547,P00422,2,60104.89,50
I0016868,O005547,P00229,2,2094.22,20
I0016869,O005547,P00078,5,227901.99,0
I0016870,O005548,P00206,5,471.55,30
I0016871,O005548,P00229,4,3347.3,70
I0016872,O005548,P00012,1,160867.89,40
I0016873,O005548,P00047,4,56430.01,15
I0016874,O005549,P00420,4,27834.56,70
I0016875,O005549,P00064,1,169589.74,40
I0016876,O005549,P00397,3,36758.79,0
I0016877,O005549,P00216,5,5015.31,50
I0016878,O005550,P00437,2,11565.64,5
I0016879,O005551,P00522,2,24263.41,40
I0016880,O005551,P00398,4,1035.56,10
I0016881,O005551,P00534,3,4543.67,50
I0016882,O005552,P00299,4,36.25,70
I0016883,O005552,P00131,0,73235.42,50
I0016884,O005553,P00333,1,2293.17,10
I0016885,O005553,P00538,1,1421.02,5
I0016886,O005553,P00457,3,814.05,20
I0016887,O005553,P00170,3,5375.61,5
I0016888,O005554,P00391,2,13153.86,10
I0016889,O005555,P00018,2,50190.22,15
I0016890,O005555,P00332,3,1395.45,40
I0016891,O005556,P00225,4,4989.1,15
I0016892,O005556,P00033,5,82303.86,5
I0016893,O005556,P00141,5,142744.63,0
I0016894,O005556,P00455,4,1440.54,10
I0016895,O005556,P00190,1,5943.03,20
I0016896,O005557,P00538,3,863.96,20
I0016897,O005557,P00338,5,978.27,50
I0016898,O005557,P00046,4,90671.44,50
I0016899,O005557,P00164,4,10639.8,0
I0016900,O005558,P00511,2,4395.16,50
I0016901,O005558,P00193,0,4214.04,10
I0016902,O005558,P00188,5,771.65,5
I0016903,O005559,P00072,5,69158.64,50
I0016904,O005559,P00197,1,4868.83,5
I0016905,O005559,P00430,4,41136.64,5
I0016906,O005559,P00472,4,2228.37,20
I0016907,O005559,P00475,5,1946.44,5
I0016908,O005560,P00320,4,171.47,70
I0016909,O005560,P00457,3,815.21,30
I0016910,O005561,P00080,5,165956.23,5
I0016911,O005561,P00026,3,8252.59,0
I0016912,O005561,P00527,2,5916.69,15
I0016913,O005562,P00381,4,14335.09,30
I0016914,O005562,P00212,4,4492.64,5
I0016915,O005563,P00170,3,6650.32,20
I0016916,O005564,P00111,2,46964.57,10
I0016917,O005564,P00224,3,4140.31,0
I0016918,O005564,P00381,5,15832.37,10
I0016919,O005565,P00386,1,16537.47,0
I0016920,O005565,P00224,4,4966.33,15
I0016921,O005566,P00398,4,1369.3,15
I0016922,O005566,P00129,-1,124016.49,15
I0016923,O005566,P00384,-3,5826.88,5
I0016924,O005566,P00050,1,51032.5,5
I0016925,O005566,P00477,-3,2037.45,30
I0016926,O005567,P00505,2,17162.87,70
I0016927,O005568,P00538,3,1480.32,0
I0016928,O005569,P00190,1,8457.35,30
I0016929,O005569,P00519,3,29731.91,70
I0016930,O005569,P00281,2,1602.6,20
I0016931,O005570,P00080,5,174957.29,50
I0016932,O005570,P00525,1,7283.21,70
I0016933,O005570,P00224,3,5093.35,20
I0016934,O005571,P00145,3,92570.38,30
I0016935,O005571,P00292,4,2032.38,50
I0016936,O005571,P00127,2,225506.1,5
I0016937,O005572,P00228,2,8652.78,20
I0016938,O005572,P00015,4,47503.48,40
I0016939,O005572,P00063,5,1051.86,10
I0016940,O005572,P00273,2,6210.01,5
I0016941,O005572,P00470,-1,2343.36,50
I0016942,O005573,P00224,2,6100.68,10
I0016943,O005573,P00390,2,17558.16,103
I0016944,O005573,P00229,3,2066.03,40
I0016945,O005573,P00009,5,193155.47,70
I0016946,O005574,P00214,5,4742.0,20
I0016947,O005575,P00170,5,6708.67,20
I0016948,O005576,P00440,1,7241.0,15
I0016949,O005576,P00197,4,4565.61,10
I0016950,O005576,P00384,1,6316.83,15
I0016951,O005577,P00414,1,37042.82,15
I0016952,O005578,P00091,2,179542.99,30
I0016953,O005578,P00202,-3,1712.04,10
I0016954,O005579,P00407,2,27181.8,30
I0016955,O005579,P00486,4,9753.97,50
I0016956,O005580,P00398,3,1294.78,20
I0016957,O005580,P00473,1,1958.13,50
I0016958,O005580,P00437,2,17635.06,40
I0016959,O005580,P00171,5,7089.76,30
I0016960,O005581,P00343,1,337.66,30
I0016961,O005581,P00534,1,6481.79,15
I0016962,O005581,P00012,4,117579.25,10
I0016963,O005581,P00082,5,220278.55,0
I0016964,O005581,P00332,5,2351.77,30
I0016965,O005582,P00534,1,5092.6,10
I0016966,O005582,P00398,5,899.88,30
I0016967,O005582,P00331,1,1491.79,5
I0016968,O005583,P00268,5,3197.85,5
I0016969,O961564,P00190,5,8750.22,10
I0016970,O005583,P00338,2,849.4,0
I0016971,O005583,P00486,2,13177.6,10
I0016972,O005583,P00026,5,5204.68,15
I0016973,O005584,P00202,3,1929.19,5
I0016974,O005584,P00228,2,6084.39,70
I0016975,O005584,P00427,4,2951.81,0
I0016976,O005585,P00237,1,5008.67,40
I0016977,O005585,P00467,1,1402.03,0
I0016978,O005585,P00474,2,1741.48,40
I0016979,O005585,P00320,2,155.5,70
I0016980,O005586,P00527,2,8092.91,40
I0016981,O005586,P00486,4,14672.68,70
I0016982,O005586,P00486,3,15373.18,70
I0016983,O005586,P00422,4,60526.28,0
I0016984,O005587,P00149,5,79998.32,20
I0016985,O005588,P00041,3,38553.42,20
I0016986,O005589,P00029,5,112008.25,30
I0016987,O005589,P00088,5,31227.99,40
I0016988,O005589,P00437,3,14695.88,0
I0016989,O005589,P00377,4,16920.85,15
I0016990,O005589,P00088,4,27533.19,40
I0016991,O005590,P00477,4,2470.19,15
I0016992,O005590,P00225,1,3360.63,70
I0016993,O005590,P00512,5,6598.51,40
I0016994,O005590,P00486,5,13227.45,50
I0016995,O005591,P00520,3,26677.23,30
I0016996,O005591,P00078,1,196404.32,20
I0016997,O005591,P00145,3,132210.36,20
I0016998,O005592,P00078,3,182840.25,20
I0016999,O005592,P00533,5,6944.76,70
I0017000,O005593,P00473,1,1857.16,10
I0017001,O005593,P00311,2,1190.36,10
I0017002,O005593,P00078,3,135908.52,50
I0017003,O005594,P00078,3,168897.15,70
I0017004,O005595,P00102,5,213295.59,70
I0017005,O005595,P00047,1,87457.9,10
I0017006,O005595,P00523,4,16637.6,50
I0017007,O005595,P00249,1,5794.16,5
I0017008,O005595,P00229,2,3432.39,15
I0017009,O005596,P00131,3,81712.79,10
I0017010,O005596,P00070,3,176414.26,10
I0017011,O005596,P00332,3,2141.27,10
I0017012,O005596,P00148,3,189211.94,70
I0017013,O005597,P00268,4,2495.43,20
I0017014,O005597,P00080,3,164472.5,5
I0017015,O005597,P00470,3,2238.93,10
I0017016,O005597,P00475,5,1845.07,20
I0017017,O005598,P00141,5,120898.73,30
I0017018,O005598,P00330,3,833.18,0
I0017019,O005598,P00470,3,1554.24,0
I0017020,O005599,P00250,5,1115.9,40
I0017021,O005600,P00388,2,10874.96,40
I0017022,O005600,P00016,2,220737.01,20
I0017023,O005600,P00254,4,11305.1,20
I0017024,O005601,P00538,4,1487.31,50
I0017025,O005601,P00519,2,21983.32,15
I0017026,O005602,P00316,5,1602.15,10
I0017027,O005602,P00407,1,40642.71,0
I0017028,O005603,P00036,4,117660.3,0
I0017029,O005603,P00387,1,8278.31,30
I0017030,O005603,P00388,1,12232.88,70
I0017031,O005604,P00484,2,922.13,20
I0017032,O005604,P00343,3,466.53,20
I0017033,O005604,P00141,5,175469.1,40
I0017034,O005604,P00007,4,36345.77,70
I0017035,O005604,P00065,2,97589.35,20
I0017036,O005605,P00029,4,81591.73,30
I0017037,O005605,P00365,-4,1725.02,0
I0017038,O005605,P00322,4,610.35,20
I0017039,O005605,P00407,5,26069.27,30
I0017040,O005605,P00188,4,670.11,30
I0017041,O005606,P00393,2,53766.73,70
I0017042,O005606,P00544,1,3181.62,40
I0017043,O005606,P00170,2,4785.34,30
I0017044,O005606,P00249,5,4147.1,15
I0017045,O005606,P00080,3,139745.8,30
I0017046,O005607,P00193,5,4225.57,20
I0017047,O005608,P00466,4,2443.47,30
I0017048,O005608,P00466,3,1811.49,40
I0017049,O005608,P00318,2,1776.11,20
I0017050,O005608,P00120,4,12054.89,40
I0017051,O005608,P00320,2,116.6,20
I0017052,O005609,P00409,5,10474.17,40
I0017053,O005610,P00320,2,142.89,50
I0017054,O005610,P00409,5,17422.36,50
I0017055,O912753,P00148,5,221081.08,0
I0017056,O005610,P00480,3,809.9,5
I0017057,O005610,P00519,2,26312.15,70
I0017058,O005611,P00145,3,104298.4,20
I0017059,O005612,P00466,5,3075.98,0
I0017060,O005612,P00190,5,6711.23,50
I0017061,O005612,P00020,3,132389.86,50
I0017062,O005613,P00193,5,3129.4,50
I0017063,O005613,P00384,0,6575.99,20
I0017064,O005613,P00414,3,49182.67,15
I0017065,O005614,P00122,3,148239.87,15
I0017066,O005614,P00020,4,94934.9,10
I0017067,O005614,P00169,3,3309.38,40
I0017068,O005615,P00341,1,986.7,70
I0017069,O005615,P00384,1,6808.57,15
I0017070,O005616,P00229,4,3161.92,0
I0017071,O005616,P00474,1,1501.6,20
I0017072,O005616,P00406,4,34511.08,5
I0017073,O005617,P00422,3,35492.5,40
I0017074,O005618,P00538,0,859.12,40
I0017075,O005619,P00437,3,17539.93,0
I0017076,O005620,P00331,2,1036.92,50
I0017077,O005620,P00512,5,8918.51,15
I0017078,O005620,P00523,4,18158.05,20
I0017079,O005620,P00016,1,163393.5,30
I0017080,O005621,P00466,2,2106.18,0
I0017081,O005621,P00026,1,5315.66,40
I0017082,O005621,P00158,3,110691.58,10
I0017083,O005621,P00385,1,23646.89,10
I0017084,O005622,P00198,4,6430.8,0
I0017085,O005623,P00409,3,17326.93,15
I0017086,O005623,P00477,2,1467.04,5
I0017087,O005623,P00188,4,520.66,15
I0017088,O005623,P00493,4,28547.98,10
I0017089,O005624,P00415,4,31442.61,20
I0017090,O005624,P00026,4,8588.46,70
I0017091,O005624,P00497,1,2894.04,70
I0017092,O005624,P00082,3,195839.36,0
I0017093,O005624,P00390,1,13947.36,50
I0017094,O005625,P00101,2,114770.02,40
I0017095,O005625,P00470,1,1708.47,10
I0017096,O005626,P00497,3,3965.25,50
I0017097,O005627,P00269,2,3967.07,50
I0017098,O005627,P00417,2,20794.72,15
I0017099,O005627,P00390,4,14562.02,30
I0017100,O005627,P00224,3,5897.39,15
I0017101,O005627,P00530,5,1454.61,10
I0017102,O005628,P00153,5,67269.58,70
I0017103,O005628,P00443,3,2120.47,30
I0017104,O005628,P00080,4,159004.29,0
I0017105,O005628,P00164,4,6036.7,30
I0017106,O005628,P00024,3,96087.06,30
I0017107,O005629,P00012,3,159673.39,70
I0017108,O005629,P00473,2,3182.14,0
I0017109,O005629,P00187,4,3808.92,10
I0017110,O005629,P00474,3,1292.98,70
I0017111,O005629,P00170,3,5936.95,40
I0017112,O005630,P00171,3,9804.64,15
I0017113,O005630,P00281,2,2180.2,15
I0017114,O005630,P00477,5,2094.63,40
I0017115,O005630,P00350,5,412.1,5
I0017116,O005631,P00131,2,71406.62,5
I0017117,O005631,P00073,3,19370.53,70
I0017118,O005631,P00193,5,3114.46,50
I0017119,O005631,P00127,5,134371.21,10
I0017120,O005632,P00026,3,5225.2,30
I0017121,O005632,P00409,4,18185.41,15
I0017122,O005632,P00164,-3,10029.68,70
I0017123,O005633,P00332,2,1683.82,70
I0017124,O005633,P00026,3,5579.96,50
I0017125,O005634,P00170,5,6608.94,0
I0017126,O005634,P00474,3,1115.44,0
I0017127,O005634,P00112,2,211819.02,10
I0017128,O005635,P00190,2,4698.33,0
I0017129,O005635,P00229,3,3697.85,15
I0017130,O005635,P00224,1,4260.67,70
I0017131,O005636,P00422,3,42961.79,70
I0017132,O005636,P00466,3,2997.14,10
I0017133,O005637,P00390,5,13192.93,50
I0017134,O005637,P00181,1,248.93,10
I0017135,O005637,P00229,5,2499.31,0
I0017136,O005637,P00414,3,43239.8,50
I0017137,O005638,P00437,4,16789.23,10
I0017138,O005638,P00457,5,1149.91,10
I0017139,O005638,P00041,2,28268.38,20
I0017140,O005638,P00409,4,16315.06,30
I0017141,O005639,P00427,5,2668.06,30
I0017142,O005639,P00212,1,2734.89,15
I0017143,O005639,P00105,2,69421.65,15
I0017144,O005640,P00541,1,3941.75,0
I0017145,O005640,P00398,5,1336.85,5
I0017146,O005640,P00407,3,27449.14,10
I0017147,O005640,P00427,2,2042.85,20
I0017148,O005640,P00398,4,1494.99,15
I0017149,O005641,P00070,5,108309.5,40
I0017150,O005641,P00198,2,7321.24,40
I0017151,O005641,P00170,3,8634.64,20
I0017152,O005641,P00080,2,174555.67,0
I0017153,O005641,P00332,1,1364.18,50
I0017154,O005642,P00320,2,142.86,70
I0017155,O005642,P00522,3,26768.22,30
I0017156,O005642,P00096,2,143287.47,5
I0017157,O005642,P00390,2,11089.29,70
I0017158,O005643,P00281,4,2523.18,50
I0017159,O005643,P00398,1,1040.54,15
I0017160,O005644,P00409,4,18548.03,30
I0017161,O005644,P00486,4,14895.44,40
I0017162,O005644,P00121,-2,60860.68,70
I0017163,O005645,P00170,1,8522.09,0
I0017164,O005646,P00397,2,36828.71,5
I0017165,O005646,P00398,1,1390.69,0
I0017166,O005647,P00005,4,50775.4,5
I0017167,O005647,P00193,3,4505.74,40
I0017168,O005647,P00172,2,8992.77,5
I0017169,O005647,P00481,3,645.88,0
I0017170,O005647,P00148,4,167634.25,15
I0017171,O005648,P00101,3,149543.86,30
I0017172,O005648,P00205,2,5745.76,15
I0017173,O005648,P00311,2,1922.23,30
I0017174,O005649,P00538,2,1366.11,70
I0017175,O005649,P00512,1,128.86,10
I0017176,O005649,P00224,4,3542.48,50
I0017177,O005649,P00331,4,1005.18,15
I0017178,O005650,P00063,1,1701.36,15
I0017179,O005650,P00193,4,4090.0,0
I0017180,O005651,P00183,5,8687.07,40
I0017181,O005652,P00181,2,336.91,20
I0017182,O005652,P00431,1,44820.38,15
I0017183,O005652,P00257,3,584.62,70
I0017184,O005652,P00072,1,45463.17,20
I0017185,O005653,P00131,1,96128.01,0
I0017186,O005654,P00169,5,2860.45,40
I0017187,O005654,P00333,3,1389.88,0
I0017188,O005654,P00145,-1,135298.04,15
I0017189,O005654,P00289,2,1729.36,40
I0017190,O005654,P00422,5,61894.98,5
I0017191,O005655,P00546,1,7349.81,50
I0017192,O005655,P00386,4,26792.87,10
I0017193,O005655,P00169,2,2130.3,10
I0017194,O005656,P00343,4,560.61,30
I0017195,O005656,P00343,1,445.7,50
I0017196,O005657,P00529,5,5515.43,15
I0017197,O005657,P00496,2,2545.49,50
I0017198,O005657,P00550,2,4560.58,10
I0017199,O005658,P00141,4,156807.22,40
I0017200,O005658,P00065,2,91763.97,110
I0017201,O005658,P00023,2,48620.54,30
I0017202,O005658,P00005,1,76831.29,0
I0017203,O005659,P00415,2,32966.76,70
I0017204,O005659,P00343,3,384.49,70
I0017205,O005660,P00417,5,17826.28,40
I0017206,O005660,P00018,5,55199.09,20
I0017207,O005660,P00466,4,1869.45,15
I0017208,O005660,P00154,5,91830.52,10
I0017209,O005660,P00410,1,40645.0,70
I0017210,O005661,P00546,3,8032.7,30
I0017211,O005661,P00024,4,145737.91,15
I0017212,O005661,P00443,-5,2031.36,5
I0017213,O005662,P00065,4,95531.25,10
I0017214,O005662,P00329,2,1309.83,15
I0017215,O005662,P00145,2,117098.61,15
I0017216,O005663,P00181,2,239.23,50
I0017217,O005663,P00199,2,2958.1,20
I0017218,O005663,P00078,2,227329.33,40
I0017219,O005663,P00474,4,1738.0,40
I0017220,O005664,P00080,2,122176.06,10
I0017221,O005664,P00145,2,140065.34,15
I0017222,O005664,P00120,5,13346.66,15
I0017223,O005664,P00274,1,5464.57,5
I0017224,O005665,P00415,3,33835.77,30
I0017225,O005665,P00065,1,99473.92,10
I0017226,O005665,P00170,4,5031.96,5
I0017227,O005665,P00102,3,165644.67,70
I0017228,O979614,P00491,-5,14297.54,10
I0017229,O005666,P00320,4,175.47,10
I0017230,O005666,P00515,3,20368.86,5
I0017231,O005666,P00466,3,3030.45,10
I0017232,O005667,P00317,3,191.47,30
I0017233,O005667,P00320,1,125.11,70
I0017234,O005668,P00409,1,14949.65,20
I0017235,O005668,P00183,1,10483.6,40
I0017236,O005668,P00033,5,87756.32,0
I0017237,O005668,P00409,1,17219.18,149
I0017238,O005669,P00171,3,8964.99,40
I0017239,O005669,P00148,1,213416.7,70
I0017240,O005669,P00225,3,3263.7,0
I0017241,O005670,P00475,1,1933.64,50
I0017242,O005670,P00388,5,12409.66,124
I0017243,O005670,P00003,0,139152.41,0
I0017244,O005670,P00161,2,8235.48,0
I0017245,O005671,P00332,2,2318.33,20
I0017246,O005671,P00101,2,186683.82,10
I0017247,O005672,P00467,1,1654.28,20
I0017248,O005672,P00463,1,2183.47,50
I0017249,O005672,P00053,5,113634.16,70
I0017250,O005672,P00437,5,19194.51,10
I0017251,O005673,P00120,5,11870.47,30
I0017252,O005673,P00039,2,14927.18,30
I0017253,O005673,P00092,3,188625.72,30
I0017254,O005673,P00535,2,3899.43,10
I0017255,O005673,P00010,4,48721.97,5
I0017256,O005674,P00538,-1,1302.15,40
I0017257,O005674,P00422,2,50708.42,0
I0017258,O005674,P00148,3,233468.04,5
I0017259,O005674,P00456,3,833.02,15
I0017260,O005675,P00127,5,202141.18,50
I0017261,O005675,P00141,2,186367.94,40
I0017262,O005675,P00198,-2,6069.44,30
I0017263,O005676,P00546,4,7550.72,30
I0017264,O005676,P00229,1,2974.36,10
I0017265,O005676,P00127,3,226096.69,50
I0017266,O005676,P00076,5,114713.59,0
I0017267,O005676,P00236,5,2654.4,40
I0017268,O005677,P00331,4,1591.78,15
I0017269,O005678,P00512,2,1799.59,0
I0017270,O005678,P00365,3,1630.1,30
I0017271,O005679,P00398,5,954.66,30
I0017272,O005679,P00398,3,1120.63,0
I0017273,O005679,P00398,4,1168.86,15
I0017274,O005679,P00188,1,644.14,30
I0017275,O005679,P00473,1,3000.19,20
I0017276,O005680,P00437,4,10982.06,5
I0017277,O005680,P00239,4,6942.7,0
I0017278,O005680,P00381,1,16252.25,5
I0017279,O005680,P00332,4,1599.28,30
I0017280,O005681,P00090,4,39808.8,15
I0017281,O005681,P00141,3,188248.11,70
I0017282,O005681,P00012,1,121106.51,30
I0017283,O005681,P00171,2,8260.84,20
I0017284,O005681,P00528,5,2495.27,30
I0017285,O005682,P00458,2,1799.45,0
I0017286,O005682,P00141,4,124628.44,0
I0017287,O005682,P00486,3,14815.69,10
I0017288,O005683,P00026,2,5579.2,50
I0017289,O005683,P00463,2,2091.21,70
I0017290,O005683,P00391,2,16145.99,10
I0017291,O005683,P00474,5,1384.19,30
I0017292,O005683,P00023,1,69460.32,15
I0017293,O005684,P00381,5,16141.52,10
I0017294,O005684,P00165,3,5818.12,20
I0017295,O005684,P00381,3,14940.64,40
I0017296,O005685,P00242,3,813.71,50
I0017297,O005685,P00388,5,8899.45,20
I0017298,O005685,P00289,2,2136.88,30
I0017299,O005686,P00440,5,5517.4,0
I0017300,O005686,P00237,2,5167.96,10
I0017301,O005686,P00343,5,414.34,50
I0017302,O005686,P00072,5,71240.18,40
I0017303,O005686,P00409,4,18401.58,15
I0017304,O005687,P00190,4,5446.85,30
I0017305,O005688,P00381,-1,24601.67,15
I0017306,O005688,P00141,4,157186.96,0
I0017307,O005688,P00505,1,18136.09,20
I0017308,O005688,P00203,5,4821.85,50
I0017309,O005688,P00384,4,4996.95,70
I0017310,O005689,P00032,0,147713.4,50
I0017311,O005689,P00389,5,3276.69,15
I0017312,O005689,P00441,2,1602.18,10
I0017313,O005689,P00414,5,41787.28,20
I0017314,O005689,P00331,1,873.87,30
I0017315,O005690,P00544,5,3202.9,40
I0017316,O005690,P00331,4,1553.47,10
I0017317,O005690,P00070,2,191214.64,70
I0017318,O005690,P00388,5,11899.07,50
I0017319,O005691,P00415,4,30130.26,0
I0017320,O005691,P00154,4,81065.43,30
I0017321,O005691,P00314,4,471.24,5
I0017322,O005691,P00437,2,16984.77,0
I0017323,O005691,P00281,4,2911.17,50
I0017324,O005692,P00072,3,46069.56,50
I0017325,O005693,P00473,5,2802.48,10
I0017326,O005693,P00473,5,2467.65,20
I0017327,O005693,P00057,2,133875.92,5
I0017328,O005694,P00212,3,3667.9,20
I0017329,O005695,P00078,5,158956.31,0
I0017330,O005695,P00497,3,3703.43,5
I0017331,O005695,P00268,4,2578.03,10
I0017332,O005696,P00145,4,130378.1,40
I0017333,O005696,P00398,1,1568.84,0
I0017334,O005696,P00407,4,26582.49,30
I0017335,O005697,P00538,-1,1230.55,15
I0017336,O005697,P00316,0,2194.09,40
I0017337,O005697,P00193,3,4029.39,20
I0017338,O005697,P00188,2,607.22,5
I0017339,O005697,P00072,3,64133.94,0
I0017340,O005698,P00198,4,6131.85,0
I0017341,O005699,P00131,1,91375.4,15
I0017342,O005699,P00384,3,6243.75,15
I0017343,O005699,P00471,2,1429.91,50
I0017344,O005699,P00381,4,24352.0,40
I0017345,O005699,P00019,2,242907.36,15
I0017346,O005700,P00443,5,2882.27,10
I0017347,O005701,P00480,5,885.06,30
I0017348,O005701,P00205,2,6120.86,0
I0017349,O005701,P00202,2,1913.79,40
I0017350,O005702,P00427,4,2132.57,70
I0017351,O005702,P00007,4,37671.01,5
I0017352,O005703,P00112,4,131749.01,40
I0017353,O005703,P00377,1,15703.68,5
I0017354,O005703,P00268,4,2684.16,0
I0017355,O005703,P00414,3,42969.42,15
I0017356,O005704,P00474,4,1258.68,0
I0017357,O005704,P00538,2,1197.69,50
I0017358,O005704,P00019,1,193780.93,40
I0017359,O005704,P00381,3,14362.26,70
I0017360,O005704,P00190,3,5106.32,10
I0017361,O005705,P00228,4,10357.7,40
I0017362,O005705,P00140,1,249427.84,50
I0017363,O005705,P00365,2,1977.24,40
I0017364,O005705,P00170,2,8004.26,70
I0017365,O005705,P00415,2,20493.07,15
I0017366,O005706,P00474,5,977.58,20
I0017367,O005706,P00388,3,6826.94,5
I0017368,O005706,P00407,1,23136.74,15
I0017369,O005707,P00048,5,77126.05,15
I0017370,O005707,P00281,1,1850.27,50
I0017371,O005707,P00142,2,63398.67,10
I0017372,O005708,P00144,5,174081.32,30
I0017373,O005708,P00320,2,127.7,0
I0017374,O005708,P00171,4,10498.18,20
I0017375,O005709,P00171,3,9744.56,0
I0017376,O005710,P00129,3,132609.14,10
I0017377,O005710,P00306,5,1546.77,0
I0017378,O005710,P00309,1,1587.3,10
I0017379,O005710,P00430,1,49692.36,50
I0017380,O005710,P00398,3,1240.23,40
I0017381,O005711,P00546,4,4696.67,0
I0017382,O005711,P00198,3,6429.38,10
I0017383,O005711,P00114,5,81384.49,70
I0017384,O005711,P00198,4,8113.91,70
I0017385,O005712,P00012,5,131000.09,50
I0017386,O005713,P00012,1,171782.19,0
I0017387,O005713,P00467,2,2010.9,50
I0017388,O005713,P00020,4,142609.57,10
I0017389,O005714,P00108,3,121226.88,0
I0017390,O005714,P00199,2,3466.59,50
I0017391,O005714,P00148,3,228040.09,20
I0017392,O005715,P00466,1,2826.79,20
I0017393,O005715,P00486,4,10706.38,20
I0017394,O005715,P00197,1,4321.42,0
I0017395,O005715,P00212,4,3787.1,0
I0017396,O005715,P00211,1,9125.26,50
I0017397,O005716,P00079,1,4939.33,5
I0017398,O005716,P00381,4,23162.85,0
I0017399,O005716,P00197,3,4630.0,5
I0017400,O005716,P00120,2,11817.77,20
I0017401,O005717,P00197,2,3227.39,70
I0017402,O005717,P00047,1,55649.17,50
I0017403,O005718,P00393,5,59363.9,20
I0017404,O005718,P00017,3,159847.73,15
I0017405,O005718,P00197,2,3778.82,30
I0017406,O005718,P00078,2,226384.64,10
I0017407,O005718,P00473,1,1972.31,70
I0017408,O005719,P00198,3,7422.92,70
I0017409,O005719,P00467,5,1340.47,40
I0017410,O005719,P00390,5,15833.22,10
I0017411,O005720,P00164,2,9009.26,30
I0017412,O005720,P00212,3,4316.13,30
I0017413,O005720,P00065,5,137998.1,50
I0017414,O005721,P00425,1,29617.67,30
I0017415,O005722,P00272,5,3408.49,20
I0017416,O005723,P00541,5,3977.69,20
I0017417,O005723,P00497,5,3394.48,70
I0017418,O005723,P00065,5,78792.65,30
I0017419,O005724,P00343,3,560.1,0
I0017420,O005724,P00197,1,5357.72,0
I0017421,O005724,P00170,2,6340.3,70
I0017422,O005724,P00170,1,6568.51,5
I0017423,O005725,P00111,3,28460.55,20
I0017424,O005725,P00171,3,11237.41,5
I0017425,O005725,P00198,3,6927.17,70
I0017426,O005726,P00218,3,3384.22,0
I0017427,O005726,P00550,5,6476.84,30
I0017428,O005726,P00332,5,1678.2,70
I0017429,O005726,P00190,3,7588.92,0
I0017430,O005726,P00129,3,151864.67,10
I0017431,O005727,P00541,4,4711.3,0
I0017432,O005728,P00012,-5,167783.15,5
I0017433,O005728,P00409,2,13466.76,15
I0017434,O005728,P00101,1,154920.26,0
I0017435,O005729,P00035,2,138887.89,10
I0017436,O005729,P00262,4,6275.19,40
I0017437,O005729,P00178,4,9576.53,0
I0017438,O005729,P00047,4,68159.66,10
I0017439,O005730,P00443,1,2224.93,20
I0017440,O005730,P00318,2,1313.8,70
I0017441,O005730,P00188,1,908.28,30
I0017442,O005731,P00415,2,26791.13,50
I0017443,O005731,P00133,5,176433.21,5
I0017444,O005731,P00193,5,3316.78,70
I0017445,O005732,P00359,2,759.07,30
I0017446,O005732,P00111,1,46923.85,10
I0017447,O005732,P00385,-4,20562.58,5
I0017448,O905711,P00497,3,3553.42,5
I0017449,O005733,P00193,5,2603.65,10
I0017450,O005733,P00316,4,2331.0,15
I0017451,O005733,P00381,5,18244.93,20
I0017452,O005733,P00043,3,140183.39,146
I0017453,O005734,P00090,5,32587.85,40
I0017454,O005734,P00031,3,2883.35,0
I0017455,O005735,P00121,5,71009.98,50
I0017456,O005735,P00397,1,27187.51,50
I0017457,O005735,P00172,5,8485.32,0
I0017458,O005736,P00457,3,1116.1,40
I0017459,O005737,P00331,2,1064.23,70
I0017460,O005737,P00305,5,1615.53,70
I0017461,O005737,P00200,1,5990.25,10
I0017462,O005737,P00131,1,121335.28,0
I0017463,O005737,P00533,4,7522.45,5
I0017464,O005738,P00393,1,61259.18,15
I0017465,O005739,P00417,5,19391.59,50
I0017466,O005739,P00114,2,60409.33,40
I0017467,O005739,P00422,1,37724.95,20
I0017468,O005740,P00331,4,1482.83,15
I0017469,O005740,P00333,1,1796.61,20
I0017470,O005741,P00467,5,2052.26,10
I0017471,O005741,P00202,3,2098.36,70
I0017472,O005741,P00273,5,11415.09,0
I0017473,O005741,P00190,5,7064.38,10
I0017474,O005742,P00440,-4,5144.25,30
I0017475,O005742,P00320,3,176.78,40
I0017476,O005743,P00170,5,6556.33,10
I0017477,O005743,P00546,4,6639.67,15
I0017478,O005743,P00012,2,116396.26,5
I0017479,O005743,P00193,2,4420.97,50
I0017480,O005744,P00091,2,177860.32,40
I0017481,O005745,P00131,4,106459.82,70
I0017482,O005745,P00118,3,80365.59,5
I0017483,O005746,P00233,4,5422.87,5
I0017484,O005746,P00164,1,7321.63,30
I0017485,O005746,P00013,4,119994.41,0
I0017486,O005747,P00486,5,14309.11,70
I0017487,O005747,P00519,3,23613.75,50
I0017488,O005747,P00328,4,205.25,20
I0017489,O005747,P00427,4,2437.43,50
I0017490,O005747,P00120,5,13414.77,30
I0017491,O005748,P00320,2,166.95,0
I0017492,O005749,P00112,5,215064.5,10
I0017493,O005750,P00365,4,1577.64,0
I0017494,O005750,P00441,2,1479.68,10
I0017495,O005750,P00538,5,836.18,15
I0017496,O005750,P00384,2,5256.33,0
I0017497,O005750,P00198,2,8083.5,15
I0017498,O005751,P00161,5,9519.26,20
I0017499,O005752,P00133,5,140261.19,40
I0017500,O005752,P00470,0,2051.45,50
I0017501,O005752,P00446,3,573.63,70
I0017502,O005752,P00320,5,108.88,20
I0017503,O005753,P00037,4,64949.81,10
I0017504,O005753,P00407,4,22658.93,0
I0017505,O005753,P00412,5,9276.43,70
I0017506,O005753,P00141,2,121460.39,30
I0017507,O005754,P00320,4,126.12,70
I0017508,O005754,P00205,1,3311.69,15
I0017509,O005755,P00037,3,53272.0,70
I0017510,O005755,P00397,1,27791.31,50
I0017511,O005755,P00129,2,163708.02,50
I0017512,O005755,P00414,5,30110.56,50
I0017513,O005756,P00096,1,106354.71,30
I0017514,O005756,P00475,1,1890.32,15
I0017515,O005756,P00121,5,56307.97,15
I0017516,O005756,P00257,3,741.32,15
I0017517,O005757,P00229,4,2725.4,70
I0017518,O005757,P00332,5,1667.27,20
I0017519,O005758,P00170,5,6015.19,50
I0017520,O005758,P00188,1,774.01,50
I0017521,O005759,P00198,1,5175.46,20
I0017522,O005760,P00026,3,6259.16,10
I0017523,O005760,P00533,5,6292.4,20
I0017524,O005760,P00187,1,3966.24,20
I0017525,O005760,P00102,2,181791.52,5
I0017526,O005760,P00264,3,11137.14,40
I0017527,O005761,P00096,2,192588.72,15
I0017528,O005761,P00145,5,95405.71,40
I0017529,O005761,P00538,4,1031.3,10
I0017530,O005762,P00467,0,2287.46,40
I0017531,O005762,P00331,1,893.79,50
I0017532,O005762,P00262,4,8903.58,0
I0017533,O005763,P00121,4,48216.69,30
I0017534,O005763,P00497,3,3395.82,50
I0017535,O005763,P00393,5,45853.26,20
I0017536,O005763,P00486,5,9472.69,40
I0017537,O005763,P00367,2,88.62,50
I0017538,O005764,P00343,1,434.09,70
I0017539,O005764,P00409,3,17609.14,123
I0017540,O005764,P00018,4,39815.0,5
I0017541,O005764,P00341,2,626.65,30
I0017542,O005764,P00533,3,5988.02,70
I0017543,O005765,P00437,1,11934.05,5
I0017544,O005766,P00202,2,1431.61,40
I0017545,O005766,P00314,4,686.06,30
I0017546,O005767,P00072,4,50828.82,20
I0017547,O005767,P00335,1,218.62,5
I0017548,O005767,P00202,4,1602.46,15
I0017549,O005768,P00412,2,15926.28,20
I0017550,O005768,P00133,-2,136951.15,20
I0017551,O005768,P00412,2,10728.9,10
I0017552,O954222,P00097,5,105919.22,142
I0017553,O005769,P00054,4,132275.57,10
I0017554,O005769,P00373,2,28712.18,15
I0017555,O005770,P00133,4,230795.73,0
I0017556,O005771,P00437,0,19589.84,0
I0017557,O005771,P00338,3,877.84,40
I0017558,O005771,P00398,1,1288.98,0
I0017559,O005772,P00170,2,8225.13,10
I0017560,O005772,P00258,4,5284.76,20
I0017561,O005772,P00444,4,2345.56,50
I0017562,O005773,P00133,1,226398.06,70
I0017563,O005773,P00329,4,1301.19,40
I0017564,O005773,P00317,5,243.2,70
I0017565,O005773,P00546,-5,5389.94,20
I0017566,O005774,P00526,2,341.67,20
I0017567,O005775,P00511,2,4367.65,0
I0017568,O005775,P00474,3,974.4,20
I0017569,O005775,P00091,5,126073.29,10
I0017570,O902724,P00186,5,5601.33,40
I0017571,O005776,P00096,5,143463.14,5
I0017572,O005776,P00137,4,125702.65,0
I0017573,O005776,P00091,5,215362.45,70
I0017574,O005776,P00422,4,62574.23,5
I0017575,O005777,P00388,4,7864.14,40
I0017576,O005778,P00197,1,4755.38,50
I0017577,O005779,P00020,4,164632.93,0
I0017578,O005779,P00141,4,185399.18,50
I0017579,O005779,P00197,2,4867.36,10
I0017580,O005779,P00437,2,12646.86,70
I0017581,O005780,P00092,5,157396.53,15
I0017582,O005780,P00332,3,1595.45,10
I0017583,O005780,P00341,1,975.42,20
I0017584,O005780,P00127,3,194943.12,40
I0017585,O005780,P00228,1,10167.82,40
I0017586,O005781,P00481,1,673.05,20
I0017587,O005781,P00484,5,577.7,5
I0017588,O005781,P00202,4,1702.27,30
I0017589,O005781,P00390,1,15280.53,20
I0017590,O005782,P00272,1,4552.36,50
I0017591,O005782,P00353,1,361.83,40
I0017592,O005783,P00212,3,3148.79,10
I0017593,O005783,P00065,3,88189.78,0
I0017594,O005783,P00233,3,7305.37,50
I0017595,O005783,P00233,3,8951.51,50
I0017596,O005783,P00023,5,57477.11,70
I0017597,O005784,P00546,3,7714.36,5
I0017598,O005784,P00329,2,706.82,70
I0017599,O005784,P00145,1,142670.44,30
I0017600,O005785,P00327,5,1187.08,5
I0017601,O005785,P00082,1,134394.43,70
I0017602,O005785,P00190,1,4670.24,30
I0017603,O005785,P00012,5,133207.78,40
I0017604,O005786,P00188,3,800.12,10
I0017605,O005786,P00438,1,20739.41,5
I0017606,O005786,P00332,1,1501.38,50
I0017607,O005786,P00526,5,315.63,40
I0017608,O005787,P00486,5,14638.11,70
I0017609,O005787,P00012,-5,177528.98,70
I0017610,O005787,P00037,4,71160.29,5
I0017611,O005788,P00108,3,99264.9,40
I0017612,O005788,P00329,3,799.38,70
I0017613,O005788,P00012,1,119335.48,15
I0017614,O005788,P00512,1,7463.44,20
I0017615,O005788,P00070,1,189992.73,5
I0017616,O005789,P00390,4,15233.27,15
I0017617,O005789,P00063,1,1688.1,70
I0017618,O005789,P00476,5,1658.63,15
I0017619,O005789,P00108,4,125002.28,70
I0017620,O005789,P00097,1,94167.77,0
I0017621,O005790,P00171,1,8827.13,40
I0017622,O005790,P00001,1,14394.11,0
I0017623,O005790,P00197,1,5655.05,5
I0017624,O005791,P00224,4,5329.79,50
I0017625,O005792,P00281,4,2935.99,20
I0017626,O005793,P00190,5,8727.65,40
I0017627,O005794,P00384,1,7400.09,20
I0017628,O005795,P00257,-3,788.4,0
I0017629,O005795,P00224,1,3945.07,20
I0017630,O005795,P00493,4,30950.12,70
I0017631,O005796,P00047,1,75520.38,5
I0017632,O005796,P00197,2,5424.52,15
I0017633,O005796,P00198,3,7335.53,50
I0017634,O005797,P00388,5,8560.79,5
I0017635,O005797,P00013,2,222877.34,10
I0017636,O005797,P00365,4,1758.75,50
I0017637,O005797,P00338,1,812.92,30
I0017638,O005798,P00390,2,10170.85,0
I0017639,O005798,P00430,2,49779.81,50
I0017640,O005798,P00198,1,6865.82,10
I0017641,O005798,P00014,1,73351.84,70
I0017642,O005799,P00165,3,6144.04,20
I0017643,O005799,P00332,3,1519.41,10
I0017644,O005800,P00527,3,9851.25,30
I0017645,O005800,P00538,1,1197.57,0
I0017646,O005800,P00065,5,124772.65,40
I0017647,O005801,P00131,3,64630.06,30
I0017648,O005801,P00486,1,12410.32,5
I0017649,O005801,P00197,-5,3629.27,15
I0017650,O005801,P00463,4,2177.58,50
I0017651,O005801,P00320,0,169.02,70
I0017652,O005802,P00512,-3,6942.1,0
I0017653,O005802,P00291,4,1850.28,50
I0017654,O005803,P00026,1,4799.39,40
I0017655,O005803,P00145,4,135831.38,30
I0017656,O005804,P00527,3,10865.33,20
I0017657,O005804,P00426,1,17158.93,40
I0017658,O005805,P00092,4,177667.69,10
I0017659,O005805,P00112,1,151606.91,20
I0017660,O005805,P00082,5,158524.77,5
I0017661,O005805,P00080,4,134433.84,40
I0017662,O005805,P00466,4,2605.07,0
I0017663,O005806,P00200,1,7483.85,20
I0017664,O005806,P00398,2,1132.83,30
I0017665,O005807,P00486,3,14636.24,20
I0017666,O005807,P00337,2,894.46,0
I0017667,O005807,P00377,-4,17864.7,70
I0017668,O005807,P00414,4,42091.85,30
I0017669,O005807,P00473,5,3064.02,15
I0017670,O005808,P00063,5,1374.1,0
I0017671,O005808,P00430,1,52826.91,15
I0017672,O005808,P00212,1,4673.5,40
I0017673,O005808,P00355,3,1818.15,5
I0017674,O005808,P00015,4,56164.64,0
I0017675,O005809,P00162,3,3131.74,5
I0017676,O005810,P00320,-4,107.06,40
I0017677,O005810,P00005,3,56071.44,0
I0017678,O005811,P00082,2,225009.94,50
I0017679,O005811,P00141,3,135561.79,70
I0017680,O005811,P00122,3,196665.21,40
I0017681,O005811,P00229,2,2718.93,15
I0017682,O005812,P00070,5,122165.2,50
I0017683,O005812,P00438,2,19540.89,50
I0017684,O005812,P00338,1,1034.45,20
I0017685,O005812,P00331,5,1126.65,70
I0017686,O005812,P00422,2,48125.45,20
I0017687,O005813,P00526,3,273.06,0
I0017688,O005813,P00317,3,234.3,20
I0017689,O005814,P00079,1,5174.66,0
I0017690,O005815,P00081,3,40703.58,40
I0017691,O005815,P00013,2,137735.28,20
I0017692,O005815,P00229,4,2477.67,20
I0017693,O005815,P00470,1,1679.81,0
I0017694,O005815,P00517,1,31493.31,70
I0017695,O005816,P00329,4,808.24,0
I0017696,O005816,P00413,2,25284.25,15
I0017697,O005816,P00404,3,899.62,5
I0017698,O973051,P00415,2,30311.5,15
I0017699,O005817,P00541,2,4258.0,40
I0017700,O005817,P00496,3,2895.22,10
I0017701,O005818,P00381,4,24283.18,0
I0017702,O005819,P00121,4,72097.44,20
I0017703,O005819,P00288,3,1986.87,5
I0017704,O005819,P00497,1,2842.46,70
I0017705,O005820,P00305,1,2235.51,5
I0017706,O005820,P00194,5,1574.13,70
I0017707,O005820,P00414,3,36022.52,40
I0017708,O005821,P00197,3,4830.51,15
I0017709,O005821,P00250,4,1682.99,10
I0017710,O005821,P00331,3,1445.28,10
I0017711,O005822,P00331,2,1143.91,20
I0017712,O005822,P00170,4,5279.43,10
I0017713,O005823,P00407,-5,23005.4,40
I0017714,O005823,P00505,2,28371.89,50
I0017715,O005824,P00480,4,806.15,30
I0017716,O005824,P00012,3,167646.57,10
I0017717,O005824,P00112,1,202876.6,10
I0017718,O005824,P00320,2,136.0,50
I0017719,O005824,P00457,1,1249.76,15
I0017720,O005825,P00320,1,160.62,40
I0017721,O005825,P00333,-4,1503.91,15
I0017722,O005825,P00398,3,1388.13,70
I0017723,O005825,P00338,3,716.3,40
I0017724,O005826,P00512,2,2673.75,10
I0017725,O005826,P00224,1,3500.94,0
I0017726,O005826,P00122,1,133111.98,10
I0017727,O005826,P00078,3,176265.45,40
I0017728,O005826,P00203,4,3694.76,70
I0017729,O005827,P00199,2,4414.33,40
I0017730,O005828,P00519,5,28565.54,70
I0017731,O005828,P00329,5,1138.21,10
I0017732,O005828,P00546,1,5127.11,70
I0017733,O005828,P00497,3,3444.55,0
I0017734,O005828,P00273,2,9267.99,40
I0017735,O005829,P00131,5,118447.25,0
I0017736,O005829,P00512,4,5628.87,70
I0017737,O005830,P00082,3,221707.76,5
I0017738,O005830,P00193,1,4264.62,5
I0017739,O005831,P00018,1,42193.96,10
I0017740,O005832,P00384,3,6102.64,5
I0017741,O005832,P00533,2,4923.91,40
I0017742,O005833,P00174,0,468.89,10
I0017743,O005833,P00481,1,775.28,5
I0017744,O005833,P00384,4,8379.83,10
I0017745,O005834,P00437,5,16644.7,10
I0017746,O005834,P00529,5,4851.79,30
I0017747,O005834,P00229,2,2575.92,50
I0017748,O005834,P00443,1,2803.57,10
I0017749,O005835,P00320,5,114.92,0
I0017750,O005835,P00033,3,107425.51,20
I0017751,O005835,P00381,3,21546.35,0
I0017752,O005835,P00078,4,240512.11,15
I0017753,O005836,P00131,4,106046.04,20
I0017754,O005836,P00018,2,56344.66,10
I0017755,O005836,P00194,4,2300.31,0
I0017756,O005836,P00450,5,469.51,70
I0017757,O005836,P00070,5,152534.04,15
I0017758,O005837,P00229,0,3576.84,10
I0017759,O005837,P00470,3,1500.57,50
I0017760,O005837,P00536,4,602.22,0
I0017761,O005837,P00437,4,13917.33,10
I0017762,O005838,P00031,4,3097.81,15
I0017763,O005839,P00497,5,2703.97,0
I0017764,O005839,P00316,1,1965.3,5
I0017765,O005839,P00198,4,5549.27,50
I0017766,O005839,P00331,1,1528.11,50
I0017767,O005839,P00527,1,8608.18,20
I0017768,O005840,P00202,5,1847.91,30
I0017769,O005840,P00212,4,2988.29,10
I0017770,O005840,P00304,1,398.62,15
I0017771,O005840,P00177,4,5561.22,15
I0017772,O005840,P00497,3,3962.48,10
I0017773,O005841,P00351,4,2302.46,70
I0017774,O005842,P00457,-3,783.5,30
I0017775,O005842,P00422,3,64382.38,50
I0017776,O005843,P00145,3,142838.5,5
I0017777,O005843,P00080,1,121062.1,10
I0017778,O005844,P00086,4,211420.08,70
I0017779,O005844,P00474,1,1571.05,70
I0017780,O005844,P00047,1,49222.91,0
I0017781,O005844,P00120,3,12443.69,15
I0017782,O005845,P00294,1,1133.79,50
I0017783,O005845,P00443,4,1587.34,15
I0017784,O005845,P00198,1,7204.87,30
I0017785,O005845,P00200,1,8424.04,20
I0017786,O005846,P00118,4,85430.16,10
I0017787,O005846,P00109,2,104966.65,5
I0017788,O005846,P00512,1,2986.95,20
I0017789,O005846,P00486,2,17021.76,10
I0017790,O005846,P00466,4,2966.31,70
I0017791,O005847,P00012,3,98743.69,0
I0017792,O005847,P00538,2,1546.59,70
I0017793,O005847,P00226,5,6039.43,0
I0017794,O005847,P00018,4,39943.24,15
I0017795,O005848,P00076,1,183788.69,0
I0017796,O005848,P00053,4,105932.07,70
I0017797,O005848,P00332,5,1755.24,40
I0017798,O005848,P00091,1,189562.87,15
I0017799,O005848,P00467,2,2040.1,20
I0017800,O005849,P00437,1,10847.95,10
I0017801,O005849,P00522,3,27470.5,10
I0017802,O005850,P00193,3,4177.03,10
I0017803,O005850,P00190,4,5146.2,15
I0017804,O005850,P00388,5,8007.76,40
I0017805,O005850,P00154,5,90132.94,40
I0017806,O005850,P00530,2,1324.33,0
I0017807,O005851,P00415,4,20814.19,70
I0017808,O005851,P00023,2,60042.16,15
I0017809,O005851,P00329,4,1295.49,10
I0017810,O005852,P00512,1,4016.73,5
I0017811,O005852,P00474,4,1294.25,20
I0017812,O005852,P00473,3,2148.72,30
I0017813,O005852,P00332,-2,1578.24,30
I0017814,O005852,P00397,5,38938.04,70
I0017815,O005853,P00078,1,170227.72,0
I0017816,O005853,P00212,2,4704.62,5
I0017817,O005853,P00178,1,7625.38,15
I0017818,O005854,P00193,2,4003.59,20
I0017819,O005854,P00129,1,201730.84,20
I0017820,O005854,P00466,1,2892.33,40
I0017821,O005854,P00198,1,6373.0,15
I0017822,O005855,P00349,2,1660.2,70
I0017823,O005855,P00450,2,718.9,70
I0017824,O005855,P00546,2,7395.29,5
I0017825,O005855,P00126,4,91072.24,20
I0017826,O005856,P00338,4,1150.42,10
I0017827,O005856,P00266,1,7899.45,30
I0017828,O005857,P00390,1,16742.28,0
I0017829,O005857,P00169,2,1993.77,70
I0017830,O005857,P00484,-2,966.8,15
I0017831,O005857,P00128,5,33122.38,10
I0017832,O005857,P00316,5,1712.15,30
I0017833,O005858,P00188,1,600.27,5
I0017834,O005859,P00467,4,1218.4,30
I0017835,O005859,P00513,3,18908.8,10
I0017836,O005860,P00393,3,60038.41,10
I0017837,O005861,P00193,1,2888.39,50
I0017838,O005861,P00242,2,707.17,122
I0017839,O005861,P00188,5,662.36,15
I0017840,O005861,P00041,5,51818.64,70
I0017841,O005861,P00121,2,71578.71,70
I0017842,O005862,P00519,3,20266.44,70
I0017843,O005862,P00435,5,14614.35,5
I0017844,O005862,P00074,3,129022.38,70
I0017845,O005863,P00481,2,901.63,0
I0017846,O005863,P00065,3,109863.4,0
I0017847,O005863,P00474,1,1277.37,20
I0017848,O005864,P00148,2,174179.78,50
I0017849,O005864,P00224,4,4099.27,5
I0017850,O005864,P00212,5,4480.56,40
I0017851,O005864,P00012,4,97540.5,40
I0017852,O005864,P00250,0,1552.21,20
I0017853,O005865,P00512,3,1324.59,40
I0017854,O005866,P00414,1,31781.67,40
I0017855,O005866,P00286,4,7858.68,30
I0017856,O005866,P00327,5,1149.75,15
I0017857,O005866,P00156,5,101184.95,40
I0017858,O005866,P00430,5,32432.56,70
I0017859,O005867,P00388,4,10675.83,30
I0017860,O005867,P00096,4,132065.23,20
I0017861,O005867,P00202,2,1488.95,5
I0017862,O005867,P00424,2,50183.1,30
I0017863,O005868,P00088,5,38286.32,5
I0017864,O005868,P00063,3,1318.06,5
I0017865,O005868,P00213,3,4954.82,30
I0017866,O005869,P00190,1,7077.11,5
I0017867,O005869,P00312,5,759.7,15
I0017868,O005869,P00498,5,940.62,50
I0017869,O005870,P00218,1,2456.12,10
I0017870,O005870,P00007,3,55658.87,70
I0017871,O005870,P00065,5,84928.56,10
I0017872,O005871,P00512,5,4018.23,10
I0017873,O005871,P00533,4,6047.14,15
I0017874,O005871,P00426,4,17167.86,20
I0017875,O005871,P00194,1,2402.78,70
I0017876,O005872,P00281,4,1613.09,70
I0017877,O005872,P00457,5,880.46,15
I0017878,O005872,P00386,2,22973.84,5
I0017879,O005873,P00026,0,5292.68,15
I0017880,O005873,P00145,3,84876.62,15
I0017881,O005874,P00065,5,142381.73,10
I0017882,O005874,P00244,1,6795.41,30
I0017883,O005874,P00202,1,2203.95,40
I0017884,O005875,P00202,4,1296.66,70
I0017885,O005876,P00076,3,118254.94,5
I0017886,O005876,P00546,4,5031.66,15
I0017887,O005876,P00116,4,192592.97,40
I0017888,O005876,P00121,2,64903.81,15
I0017889,O005876,P00165,5,9480.31,50
I0017890,O005877,P00440,4,5109.62,70
I0017891,O005877,P00281,3,1856.23,20
I0017892,O005877,P00188,2,793.88,20
I0017893,O005877,P00332,5,1314.59,30
I0017894,O005878,P00430,3,43791.28,40
I0017895,O005878,P00144,2,223716.35,0
I0017896,O005878,P00437,3,16740.89,50
I0017897,O005878,P00437,5,18463.53,40
I0017898,O005879,P00053,5,105181.78,10
I0017899,O005879,P00226,4,5817.36,10
I0017900,O005879,P00538,3,1439.59,20
I0017901,O005879,P00317,5,161.89,10
I0017902,O005879,P00145,2,133699.55,70
I0017903,O005880,P00526,2,447.17,10
I0017904,O005880,P00407,5,27010.95,70
I0017905,O005880,P00481,4,1059.04,70
I0017906,O005881,P00317,2,211.95,0
I0017907,O005881,P00546,2,4900.53,70
I0017908,O005881,P00121,5,49954.19,40
I0017909,O005881,P00026,3,7133.49,40
I0017910,O005881,P00111,3,26466.89,40
I0017911,O005882,P00281,1,2744.17,50
I0017912,O005882,P00367,4,90.32,15
I0017913,O005882,P00197,2,5504.44,5
I0017914,O005883,P00384,3,5158.67,10
I0017915,O005883,P00080,4,104385.22,30
I0017916,O005884,P00178,2,10853.64,40
I0017917,O005884,P00254,2,10048.66,0
I0017918,O005884,P00320,2,103.62,40
I0017919,O005884,P00013,2,171486.21,30
I0017920,O005884,P00026,3,7632.66,20
I0017921,O005885,P00199,4,4988.74,0
I0017922,O005885,P00072,1,56763.61,40
I0017923,O005885,P00063,4,1571.74,15
I0017924,O005886,P00470,0,2579.97,10
I0017925,O005886,P00188,3,494.99,10
I0017926,O005886,P00331,5,920.39,20
I0017927,O005887,P00254,2,7314.88,20
I0017928,O005888,P00155,3,136336.79,20
I0017929,O005888,P00437,3,17421.67,50
I0017930,O005888,P00341,3,762.02,20
I0017931,O005888,P00377,5,16297.77,5
I0017932,O005889,P00188,3,759.43,10
I0017933,O005890,P00012,3,145370.87,15
I0017934,O005890,P00391,2,11540.67,15
I0017935,O005890,P00331,3,1120.02,20
I0017936,O005890,P00333,1,1364.11,20
I0017937,O005890,P00141,3,126189.21,30
I0017938,O005891,P00398,5,1286.72,40
I0017939,O005891,P00186,5,5044.98,30
I0017940,O005891,P00031,3,4007.08,50
I0017941,O005892,P00179,1,6884.5,50
I0017942,O005892,P00443,2,2197.22,70
I0017943,O005892,P00190,4,8435.36,15
I0017944,O005892,P00263,1,5089.11,10
I0017945,O005893,P00474,3,1474.17,30
I0017946,O005893,P00486,0,14921.46,30
I0017947,O005893,P00320,5,174.34,50
I0017948,O005893,P00398,4,1523.75,5
I0017949,O005893,P00237,1,3330.75,40
I0017950,O005894,P00209,3,6076.01,15
I0017951,O005895,P00538,-3,1216.09,40
I0017952,O005895,P00398,3,1427.98,0
I0017953,O005895,P00320,3,140.81,70
I0017954,O005895,P00388,3,12191.7,20
I0017955,O005895,P00390,-2,13201.12,50
I0017956,O005896,P00047,1,66236.35,20
I0017957,O005896,P00528,4,3982.61,10
I0017958,O005896,P00229,5,2871.51,15
I0017959,O005897,P00409,5,16812.31,5
I0017960,O005897,P00332,4,2410.58,50
I0017961,O005897,P00090,4,32885.33,5
I0017962,O005897,P00486,5,17187.84,0
I0017963,O005897,P00229,5,3662.65,70
I0017964,O005898,P00338,4,1092.82,15
I0017965,O005899,P00388,1,7410.32,70
I0017966,O005899,P00490,5,1001.44,20
I0017967,O005899,P00318,2,1411.2,50
I0017968,O005900,P00389,5,2523.96,40
I0017969,O005900,P00193,1,3879.34,70
I0017970,O005901,P00201,1,2178.54,50
I0017971,O005901,P00070,4,135532.37,20
I0017972,O005901,P00486,2,13371.68,40
I0017973,O005902,P00120,4,10641.38,15
I0017974,O005903,P00212,3,2808.35,30
I0017975,O005904,P00096,2,105006.65,20
I0017976,O005904,P00317,5,274.04,15
I0017977,O005904,P00526,3,462.81,50
I0017978,O005905,P00533,2,7413.9,40
I0017979,O005905,P00381,1,25179.72,0
I0017980,O005905,P00332,5,1916.92,70
I0017981,O005906,P00381,3,19343.36,30
I0017982,O005906,P00005,1,51150.41,70
I0017983,O005907,P00076,5,200949.5,10
I0017984,O005907,P00102,1,189836.91,141
I0017985,O005907,P00414,3,32732.96,0
I0017986,O005908,P00023,4,55945.09,20
I0017987,O005908,P00082,1,121852.84,30
I0017988,O005908,P00474,5,1551.2,50
I0017989,O005908,P00063,4,1034.06,40
I0017990,O005908,P00466,1,1945.0,5
I0017991,O005909,P00538,3,1316.97,50
I0017992,O005910,P00421,4,27958.96,50
I0017993,O005910,P00453,5,1970.85,0
I0017994,O005910,P00320,3,111.15,20
I0017995,O005910,P00467,4,1318.94,50
I0017996,O005911,P00546,1,7644.73,40
I0017997,O005911,P00072,1,75687.24,10
I0017998,O005911,P00311,5,1868.36,10
I0017999,O005911,P00170,2,5726.92,15
I0018000,O005912,P00388,4,7634.6,5
I0018001,O005912,P00456,2,1424.04,20
I0018002,O005912,P00388,4,8593.74,40
I0018003,O005912,P00393,4,33532.8,50
I0018004,O005912,P00497,4,2291.04,5
I0018005,O005913,P00332,4,1611.2,50
I0018006,O005913,P00437,2,13229.68,0
I0018007,O005913,P00197,2,5291.01,20
I0018008,O005914,P00491,3,20893.3,5
I0018009,O005914,P00202,4,1342.58,40
I0018010,O005914,P00018,5,36280.15,20
I0018011,O005914,P00505,5,23085.59,30
I0018012,O005915,P00070,5,173446.42,5
I0018013,O005915,P00338,3,1083.6,70
I0018014,O005915,P00171,5,7595.94,10
I0018015,O005916,P00304,5,303.05,50
I0018016,O005916,P00331,5,1250.06,70
I0018017,O005917,P00072,1,50612.23,40
I0018018,O005918,P00281,4,1679.92,10
I0018019,O005919,P00522,5,28577.54,0
I0018020,O005920,P00543,5,439.3,0
I0018021,O005921,P00072,4,67979.79,70
I0018022,O005922,P00393,4,42508.72,40
I0018023,O005922,P00470,4,1744.08,10
I0018024,O005922,P00388,4,7407.12,10
I0018025,O005922,P00047,3,67848.84,10
I0018026,O005923,P00259,5,2062.6,20
I0018027,O005924,P00197,2,4430.77,10
I0018028,O005924,P00350,5,306.52,40
I0018029,O005924,P00486,2,14972.68,0
I0018030,O005924,P00217,2,3801.17,5
I0018031,O005924,P00331,5,1493.06,20
I0018032,O005925,P00141,2,111422.93,30
I0018033,O005926,P00188,-1,678.15,50
I0018034,O005927,P00121,5,75111.19,0
I0018035,O005928,P00131,5,100292.57,40
I0018036,O005928,P00065,4,114251.67,15
I0018037,O005928,P00170,5,5738.24,40
I0018038,O005928,P00026,1,8308.18,0
I0018039,O005929,P00145,-5,104627.06,50
I0018040,O005929,P00289,5,1236.91,5
I0018041,O005929,P00082,1,128531.12,20
I0018042,O005930,P00546,5,4684.16,40
I0018043,O005930,P00078,4,171883.08,20
I0018044,O005930,P00479,1,2207.54,0
I0018045,O005931,P00343,-1,431.48,40
I0018046,O005932,P00224,2,3716.55,0
I0018047,O005933,P00141,4,165723.44,70
I0018048,O005934,P00012,1,133839.82,10
I0018049,O005935,P00343,3,341.62,0
I0018050,O005936,P00533,2,7447.51,40
I0018051,O005936,P00457,4,1352.6,5
I0018052,O005937,P00530,3,1168.07,40
I0018053,O005937,P00198,1,8344.94,20
I0018054,O005937,P00105,4,83006.51,10
I0018055,O005937,P00224,5,4676.8,20
I0018056,O005938,P00188,5,670.97,5
I0018057,O005938,P00414,1,42796.15,30
I0018058,O005938,P00320,2,174.86,50
I0018059,O005938,P00082,-5,196159.14,103
I0018060,O005938,P00384,3,6855.56,0
I0018061,O005939,P00332,1,2200.06,70
I0018062,O005939,P00080,3,192799.84,30
I0018063,O005939,P00198,3,8250.15,5
I0018064,O005940,P00140,1,244022.66,15
I0018065,O005940,P00331,1,1007.97,50
I0018066,O005940,P00292,3,2079.93,50
I0018067,O005941,P00015,3,59573.56,5
I0018068,O005941,P00112,2,133632.12,40
I0018069,O005941,P00302,3,1316.55,30
I0018070,O005941,P00171,1,6487.52,30
I0018071,O005941,P00473,3,2353.98,10
I0018072,O005942,P00414,2,39937.12,70
I0018073,O005942,P00202,3,1731.13,0
I0018074,O005942,P00388,4,12086.94,20
I0018075,O005942,P00211,1,8298.68,70
I0018076,O005943,P00212,5,4348.05,30
I0018077,O005943,P00306,1,1117.47,70
I0018078,O005943,P00085,5,67500.19,10
I0018079,O005944,P00314,-4,624.65,40
I0018080,O005944,P00112,4,147582.51,20
I0018081,O005945,P00250,1,1716.52,70
I0018082,O005945,P00197,1,3727.97,15
I0018083,O005946,P00533,2,4901.55,50
I0018084,O005946,P00131,2,104615.77,20
I0018085,O005947,P00393,2,53331.97,20
I0018086,O005947,P00188,1,761.53,0
I0018087,O005947,P00422,5,58808.84,30
I0018088,O005948,P00422,2,45266.38,70
I0018089,O005948,P00512,-3,5033.3,0
I0018090,O005948,P00078,5,137960.67,15
I0018091,O005948,P00384,3,4791.6,10
I0018092,O005948,P00047,5,73402.28,70
I0018093,O005949,P00024,5,129741.09,10
I0018094,O005949,P00357,4,701.76,20
I0018095,O005949,P00422,2,64130.85,10
I0018096,O005949,P00198,2,5661.21,30
I0018097,O005950,P00016,3,159953.23,70
I0018098,O005950,P00473,5,3132.31,15
I0018099,O005950,P00284,5,4044.95,15
I0018100,O005950,P00320,3,117.65,5
I0018101,O005951,P00320,5,130.06,10
I0018102,O005951,P00505,3,23572.18,0
I0018103,O005952,P00145,4,94323.46,50
I0018104,O005953,P00229,3,2573.78,70
I0018105,O005953,P00407,4,30602.6,10
I0018106,O005953,P00422,4,47974.24,5
I0018107,O005953,P00080,4,106518.8,30
I0018108,O005953,P00249,3,4561.47,40
I0018109,O005954,P00190,5,7890.48,50
I0018110,O005954,P00388,2,11059.84,50
I0018111,O005954,P00202,5,1920.52,10
I0018112,O005954,P00118,5,113607.44,5
I0018113,O005954,P00467,4,1476.78,15
I0018114,O005955,P00043,2,165752.14,15
I0018115,O005956,P00082,1,184974.24,50
I0018116,O005957,P00171,2,9836.36,0
I0018117,O005957,P00096,4,169843.61,5
I0018118,O005957,P00072,3,50573.05,15
I0018119,O005957,P00332,2,1443.42,0
I0018120,O005958,P00331,3,1600.09,40
I0018121,O005958,P00457,1,1041.61,5
I0018122,O005958,P00154,5,107511.91,30
I0018123,O005958,P00381,1,25549.04,30
I0018124,O005958,P00341,4,1142.66,10
I0018125,O005959,P00121,4,58878.12,70
I0018126,O984954,P00281,1,2958.95,5
I0018127,O005959,P00018,4,53873.23,20
I0018128,O005959,P00388,4,8565.81,10
I0018129,O005960,P00470,1,2412.67,40
I0018130,O005960,P00224,3,4229.5,5
I0018131,O005960,P00332,2,1760.36,20
I0018132,O005960,P00121,2,79103.34,70
I0018133,O005961,P00070,5,200824.69,15
I0018134,O005961,P00224,3,3495.2,30
I0018135,O005961,P00390,4,14663.85,0
I0018136,O005961,P00469,5,473.02,50
I0018137,O005962,P00320,2,123.1,40
I0018138,O005962,P00188,3,551.44,10
I0018139,O005962,P00400,4,21676.86,129
I0018140,O005962,P00026,3,7720.52,15
I0018141,O005962,P00331,4,1396.63,70
I0018142,O005963,P00470,1,2665.81,10
I0018143,O005963,P00202,2,1747.85,40
I0018144,O005964,P00085,2,52068.5,15
I0018145,O005964,P00444,1,2115.26,70
I0018146,O005965,P00259,5,1540.15,20
I0018147,O005965,P00428,3,14035.99,10
I0018148,O005965,P00127,4,159892.87,20
I0018149,O005965,P00150,3,104250.37,5
I0018150,O005965,P00188,1,901.63,50
I0018151,O005966,P00415,3,31755.01,50
I0018152,O005966,P00338,5,664.7,0
I0018153,O005966,P00382,5,36907.12,40
I0018154,O005966,P00080,2,125366.14,5
I0018155,O005967,P00466,3,2830.68,70
I0018156,O005968,P00247,3,5424.63,30
I0018157,O005968,P00414,2,48214.6,10
I0018158,O005969,P00384,1,6389.41,70
I0018159,O005969,P00202,1,1858.39,0
I0018160,O005970,P00188,2,731.44,15
I0018161,O005971,P00409,1,17653.87,30
I0018162,O005971,P00126,2,136481.96,70
I0018163,O005971,P00248,5,6041.01,10
I0018164,O005972,P00096,5,155535.89,15
I0018165,O005972,P00422,5,44047.95,0
I0018166,O005972,P00156,1,84617.19,15
I0018167,O005972,P00337,5,898.39,50
I0018168,O005973,P00398,2,1360.46,5
I0018169,O005974,P00474,1,1283.35,20
I0018170,O005975,P00404,5,761.7,70
I0018171,O005975,P00414,4,30892.42,70
I0018172,O005976,P00519,4,21038.54,0
I0018173,O005977,P00171,-1,7041.74,118
I0018174,O005978,P00384,1,4567.95,20
I0018175,O005979,P00451,1,1682.07,133
I0018176,O005979,P00437,4,14197.42,40
I0018177,O005979,P00018,5,58230.48,15
I0018178,O005980,P00281,4,2072.46,20
I0018179,O005980,P00338,4,807.19,70
I0018180,O005980,P00197,2,3113.72,20
I0018181,O005981,P00224,5,4900.65,0
I0018182,O005981,P00338,5,809.85,0
I0018183,O005981,P00171,3,9539.7,70
I0018184,O005982,P00086,5,179939.0,5
I0018185,O005982,P00282,2,6089.49,10
I0018186,O005982,P00415,5,29615.27,50
I0018187,O005982,P00084,5,128993.46,5
I0018188,O005983,P00208,1,9543.43,70
I0018189,O005983,P00415,1,33438.57,20
I0018190,O005983,P00467,4,2252.61,5
I0018191,O005983,P00415,3,32830.81,50
I0018192,O005984,P00437,3,13116.77,40
I0018193,O005984,P00145,2,91506.43,40
I0018194,O005984,P00320,1,132.82,20
I0018195,O005984,P00546,5,7107.39,10
I0018196,O005984,P00466,5,2245.21,40
I0018197,O005985,P00070,3,176857.41,20
I0018198,O005985,P00526,1,383.19,5
I0018199,O005985,P00082,4,143277.8,70
I0018200,O005986,P00145,3,118493.59,15
I0018201,O976813,P00273,4,11242.7,15
I0018202,O005986,P00018,-5,57600.67,15
I0018203,O005986,P00320,1,180.56,15
I0018204,O005987,P00354,1,1676.11,70
I0018205,O005987,P00007,5,39857.51,20
I0018206,O005987,P00304,4,490.95,30
I0018207,O005988,P00453,4,2168.08,10
I0018208,O005989,P00193,1,4317.36,0
I0018209,O005989,P00198,1,6039.4,50
I0018210,O005989,P00149,4,82774.59,50
I0018211,O005990,P00170,-5,8294.06,20
I0018212,O005990,P00141,3,148289.67,5
I0018213,O005990,P00170,3,6610.94,70
I0018214,O005990,P00546,1,5244.12,20
I0018215,O005991,P00063,5,1090.84,50
I0018216,O980857,P00124,1,12604.17,15
I0018217,O005991,P00092,3,223236.68,5
I0018218,O005991,P00078,5,161635.85,149
I0018219,O005992,P00070,4,119318.37,40
I0018220,O005993,P00328,5,237.24,10
I0018221,O005993,P00188,2,817.31,10
I0018222,O005993,P00181,3,336.0,30
I0018223,O005993,P00474,5,1133.08,5
I0018224,O005994,P00473,2,2374.15,15
I0018225,O005994,P00198,2,5756.88,30
I0018226,O005994,P00539,1,7044.33,15
I0018227,O005994,P00170,4,5075.53,10
I0018228,O005995,P00329,5,879.25,20
I0018229,O005995,P00419,5,9294.48,70
I0018230,O005995,P00199,3,3173.64,30
I0018231,O005995,P00441,3,2223.63,0
I0018232,O005996,P00338,1,662.58,20
I0018233,O005996,P00415,5,27485.16,40
I0018234,O005996,P00304,2,409.54,70
I0018235,O005996,P00202,4,2090.88,30
I0018236,O005996,P00332,4,1719.34,30
I0018237,O005997,P00212,1,3577.08,40
I0018238,O005997,P00412,1,15960.83,40
I0018239,O005998,P00262,5,9020.66,10
I0018240,O005998,P00065,1,94648.66,20
I0018241,O005998,P00188,3,648.04,50
I0018242,O005999,P00254,1,10727.09,20
I0018243,O005999,P00178,1,8678.39,40
I0018244,O005999,P00415,5,34994.66,20
I0018245,O005999,P00457,5,1372.76,5
I0018246,O006000,P00332,5,1777.58,10
I0018247,O006000,P00384,3,6662.02,10
I0018248,O006000,P00470,1,2550.51,70
I0018249,O006000,P00470,1,2438.85,40
I0018250,O006001,P00343,3,536.24,50
I0018251,O006001,P00372,5,5906.52,5
I0018252,O006001,P00473,3,2615.86,50
I0018253,O006002,P00343,5,421.37,30
I0018254,O929182,P00070,4,127572.01,70
I0018255,O006004,P00533,3,5026.35,10
I0018256,O006004,P00078,2,200381.2,70
I0018257,O006004,P00389,4,3226.29,5
I0018258,O006004,P00407,1,33848.05,5
I0018259,O006004,P00078,5,149920.72,20
I0018260,O006005,P00155,5,102472.8,10
I0018261,O006005,P00096,2,142850.95,0
I0018262,O006005,P00470,4,1933.17,5
I0018263,O006006,P00381,5,22326.77,40
I0018264,O006006,P00200,3,8609.49,50
I0018265,O006007,P00334,1,1165.09,0
I0018266,O006007,P00131,4,117618.68,5
I0018267,O006007,P00536,4,626.25,5
I0018268,O006007,P00105,1,105612.51,5
I0018269,O006007,P00012,1,142065.55,70
I0018270,O006008,P00224,3,5619.12,50
I0018271,O006008,P00233,4,7857.34,70
I0018272,O006008,P00538,1,1555.33,30
I0018273,O006008,P00224,4,4980.03,30
I0018274,O006009,P00226,5,6230.42,30
I0018275,O006010,P00268,2,2780.19,40
I0018276,O006011,P00437,5,10702.46,20
I0018277,O006012,P00441,0,1604.69,15
I0018278,O006012,P00215,4,4028.94,0
I0018279,O006012,P00331,2,903.46,70
I0018280,O006013,P00343,2,476.3,10
I0018281,O006013,P00332,3,1441.8,5
I0018282,O006013,P00512,5,5550.75,70
I0018283,O006013,P00131,2,71417.48,10
I0018284,O006014,P00213,5,4325.86,40
I0018285,O006015,P00474,2,1414.7,5
I0018286,O006015,P00078,1,222501.43,40
I0018287,O006016,P00415,4,19554.68,15
I0018288,O006016,P00162,2,3329.61,50
I0018289,O006016,P00393,5,42976.45,5
I0018290,O006016,P00337,5,530.3,70
I0018291,O006016,P00282,2,5652.54,70
I0018292,O006017,P00072,2,65261.73,50
I0018293,O006017,P00090,3,34882.29,30
I0018294,O006018,P00512,1,196.56,70
I0018295,O006018,P00415,3,32004.36,5
I0018296,O006018,P00384,1,8252.98,30
I0018297,O006019,P00304,5,519.06,40
I0018298,O006020,P00295,2,483.85,30
I0018299,O006020,P00256,5,314.28,20
I0018300,O006020,P00522,4,36971.75,20
I0018301,O006020,P00527,5,8345.02,30
I0018302,O006020,P00384,2,7869.9,15
I0018303,O006021,P00473,5,2453.27,10
I0018304,O006021,P00385,3,25932.6,40
I0018305,O006021,P00381,5,13925.18,40
I0018306,O006021,P00343,1,541.9,5
I0018307,O006021,P00390,4,13448.28,5
I0018308,O006022,P00171,1,7158.21,5
I0018309,O006022,P00388,4,8062.41,5
I0018310,O006022,P00497,3,2157.65,20
I0018311,O006022,P00546,2,7325.04,15
I0018312,O006022,P00080,3,186553.2,15
I0018313,O006023,P00015,5,51917.5,0
I0018314,O006023,P00024,4,147578.95,15
I0018315,O006023,P00155,2,118117.41,50
I0018316,O006024,P00120,4,7485.24,30
I0018317,O006024,P00026,4,8382.78,15
I0018318,O006025,P00153,4,58183.05,20
I0018319,O006025,P00063,4,1171.94,30
I0018320,O006025,P00538,4,1402.85,70
I0018321,O006025,P00312,4,764.62,30
I0018322,O006025,P00473,2,2930.94,0
I0018323,O006026,P00475,1,1533.88,0
I0018324,O006026,P00079,3,5549.23,50
I0018325,O006026,P00057,1,193889.52,20
I0018326,O006026,P00228,4,6088.28,40
I0018327,O006027,P00384,2,6677.84,40
I0018328,O006027,P00407,4,22772.8,15
I0018329,O006027,P00180,4,648.51,15
I0018330,O006027,P00381,4,18066.32,15
I0018331,O006028,P00078,5,203655.53,50
I0018332,O006028,P00051,1,193283.85,20
I0018333,O006029,P00131,3,66916.91,15
I0018334,O006030,P00538,2,1426.0,40
I0018335,O006030,P00120,1,10354.26,50
I0018336,O006031,P00496,5,2362.23,50
I0018337,O006031,P00481,1,606.19,0
I0018338,O006032,P00096,1,130320.57,70
I0018339,O006032,P00127,2,169536.17,0
I0018340,O006032,P00202,2,2291.48,30
I0018341,O006032,P00384,1,6582.9,10
I0018342,O006032,P00012,5,184553.3,40
I0018343,O006033,P00496,3,1892.41,5
I0018344,O006033,P00190,4,6889.09,30
I0018345,O006034,P00409,0,10657.45,0
I0018346,O006034,P00467,3,2015.52,0
I0018347,O006034,P00012,3,156076.02,10
I0018348,O006034,P00212,2,2635.88,40
I0018349,O006034,P00022,1,62703.54,70
I0018350,O006035,P00409,1,13113.59,10
I0018351,O006035,P00281,1,2081.63,50
I0018352,O006035,P00242,2,634.15,20
I0018353,O006035,P00020,3,129364.21,10
I0018354,O006035,P00417,3,19999.05,70
I0018355,O006036,P00197,5,3296.53,10
I0018356,O006036,P00202,2,2288.15,70
I0018357,O006036,P00152,2,24592.47,50
I0018358,O006036,P00388,3,10836.79,40
I0018359,O006036,P00121,1,65770.06,15
I0018360,O006037,P00473,2,2924.79,30
I0018361,O006037,P00203,4,4935.17,10
I0018362,O006038,P00533,5,5294.25,70
I0018363,O006038,P00149,1,103919.58,50
I0018364,O006039,P00538,2,1028.44,15
I0018365,O006040,P00070,5,126259.37,70
I0018366,O006041,P00145,1,119189.29,0
I0018367,O006041,P00388,4,7450.61,70
I0018368,O006041,P00097,4,93979.26,0
I0018369,O006042,P00316,3,1734.64,15
I0018370,O006042,P00063,2,1111.11,30
I0018371,O006042,P00080,3,138324.91,5
I0018372,O006043,P00224,4,5191.24,15
I0018373,O006043,P00404,3,771.25,20
I0018374,O006043,P00065,2,136229.48,0
I0018375,O006043,P00072,2,74118.67,0
I0018376,O006044,P00181,5,325.15,5
I0018377,O006044,P00410,1,63856.43,30
I0018378,O006045,P00338,4,708.19,40
I0018379,O006045,P00305,3,2012.62,20
I0018380,O006046,P00541,5,4911.11,20
I0018381,O006046,P00523,2,12277.03,0
I0018382,O006046,P00384,2,4927.08,30
I0018383,O006047,P00170,2,5015.82,50
I0018384,O006047,P00170,3,8080.35,10
I0018385,O006048,P00253,2,716.86,10
I0018386,O006048,P00386,1,27484.23,15
I0018387,O006049,P00481,3,602.37,50
I0018388,O006049,P00247,1,6997.94,70
I0018389,O006049,P00422,1,57012.88,40
I0018390,O006050,P00320,3,169.61,30
I0018391,O006050,P00329,5,770.07,40
I0018392,O006050,P00381,4,20589.44,5
I0018393,O006051,P00112,2,214306.31,10
I0018394,O006051,P00546,4,5848.75,20
I0018395,O006052,P00474,5,1496.51,50
I0018396,O006052,P00431,1,41311.85,40
I0018397,O006052,P00072,1,43946.51,0
I0018398,O006052,P00343,5,310.91,5
I0018399,O006052,P00406,4,35287.87,15
I0018400,O006053,P00202,4,1395.2,10
I0018401,O006053,P00391,2,15242.86,30
I0018402,O006053,P00301,4,1157.23,0
I0018403,O006053,P00409,3,18186.85,70
I0018404,O006054,P00108,3,93187.2,20
I0018405,O006055,P00072,2,48586.88,20
I0018406,O006055,P00466,1,2459.13,141
I0018407,O006055,P00026,1,7434.26,15
I0018408,O006055,P00525,1,8583.11,40
I0018409,O006055,P00525,5,12120.85,5
I0018410,O006056,P00026,3,4801.54,122
I0018411,O006056,P00526,3,410.23,10
I0018412,O006056,P00331,3,1253.36,10
I0018413,O006056,P00467,2,1717.66,40
I0018414,O006057,P00131,1,99381.51,108
I0018415,O006058,P00415,4,26439.97,70
I0018416,O006058,P00512,3,1172.74,20
I0018417,O006058,P00533,2,5720.62,5
I0018418,O006058,P00525,4,8700.3,70
I0018419,O006059,P00463,1,2574.0,30
I0018420,O006059,P00384,1,7829.08,40
I0018421,O006059,P00508,4,7933.66,15
I0018422,O006059,P00197,5,4813.99,70
I0018423,O006060,P00096,-5,125303.47,0
I0018424,O006060,P00457,3,747.34,70
I0018425,O006060,P00164,1,9708.2,40
I0018426,O006060,P00496,1,2312.09,40
I0018427,O006060,P00414,-3,34622.53,15
I0018428,O006061,P00063,5,1723.44,15
I0018429,O006061,P00229,1,2353.93,10
I0018430,O006061,P00546,0,7354.57,70
I0018431,O006061,P00121,3,67352.05,40
I0018432,O006061,P00426,4,17135.79,5
I0018433,O006062,P00409,-2,13430.93,40
I0018434,O006063,P00474,-4,1668.82,10
I0018435,O006063,P00177,4,6618.34,20
I0018436,O006063,P00202,4,2010.33,15
I0018437,O006064,P00522,4,27481.9,5
I0018438,O911427,P00229,3,2181.93,70
I0018439,O006065,P00233,1,7324.84,70
I0018440,O006066,P00186,4,8030.43,0
I0018441,O006066,P00486,1,9451.76,30
I0018442,O006067,P00170,5,4946.82,15
I0018443,O006067,P00508,1,9337.08,20
I0018444,O006067,P00415,2,36257.14,15
I0018445,O006067,P00470,2,2227.21,10
I0018446,O006068,P00415,1,25161.27,15
I0018447,O006068,P00237,2,4968.57,5
I0018448,O006069,P00188,5,488.42,70
I0018449,O006069,P00200,5,5013.49,40
I0018450,O006069,P00393,5,43849.23,20
I0018451,O006070,P00437,4,18810.54,10
I0018452,O006070,P00031,2,3609.94,0
I0018453,O006070,P00281,3,2639.14,70
I0018454,O006070,P00192,2,750.99,15
I0018455,O006070,P00121,-1,51504.78,15
I0018456,O006071,P00073,1,22185.91,50
I0018457,O006071,P00316,1,1950.8,50
I0018458,O006071,P00131,4,88628.4,50
I0018459,O006071,P00470,4,1522.89,20
I0018460,O006072,P00398,1,1488.4,30
I0018461,O006072,P00212,5,3603.02,107
I0018462,O006072,P00202,3,1811.46,30
I0018463,O006072,P00407,1,40299.76,15
I0018464,O006073,P00457,5,819.26,5
I0018465,O006074,P00035,4,167380.38,5
I0018466,O006075,P00202,5,1296.79,10
I0018467,O006075,P00481,3,1036.64,0
I0018468,O006075,P00550,3,4786.74,15
