order_id,customer_id,order_date,status,region_code
O000001,C00001,2024-07-26 02:29:06,DELIVERED,NORTH
O000002,C00001,2024-11-10 15:18:16,SHIPPED,CENTRAL
O000003,C00001,2024-02-25 00:53:36,Placed,NORTH
O000004,C00001,2024-11-12 00:06:27,SHIPPED,WEST
O000005,C00001,2024-12-17 05:26:28,RETURNED,NORTH
O000006,C00001,2025-11-13 12:24:18,DELIVERED,NORTH
O000007,C00002,2025-12-11 01:10:42,DELIVERED,WEST
O000008,C00002,2025-05-19 16:41:28,DELIVERED,EAST
O000009,,2024-02-02 20:36:41,DELIVERED,EAST
O000010,C00002,2024-01-13 11:20:19,DELIVERED,NORTH
O000011,C00002,2024-11-23 07:42:52,SHIPPED,WEST
O000012,C00003,02-11-2024 08:12:59,DELIVERED,WEST
O000013,C00003,2024-12-10 12:22:48,DELIVERED,NORTH
O000014,NULL,2025-01-18 15:39:29,PLACED,NORTH
O000015,C00004,2024-06-05 12:40:06,DELIVERED,SOUTH
O000016,C00004,2024-07-21 10:14:15,DELIVERED,NORTH
O000017,C00004,2025-10-04 04:40:47,RETURNED,NORTH
O000018,C00004,2025-11-24 15:48:12,DELIVERED,EAST
O000019,C00004,2026-05-20 11:12:53,DELIVERED,NORTH
O000020,C00004,2026-02-21 17:36:49,CANCELLED,CENTRAL
O000021,C00004,2024-10-22 10:49:52,RETURNED,NORTH
O000022,C00004,2025-08-29 05:27:32,SHIPPED,SOUTH
O000023,C00004,2025-12-08 12:04:14,DELIVERED,NORTH
O000024,C00005,2024-11-02 20:09:56,PLACED,CENTRAL
O000025,C00005,2025-12-20 11:20:05,SHIPPED,NORTH
O000026,C00005,2024-01-17 04:02:43,SHIPPED,WEST
O000027,C00005,2026-06-25 01:33:15,DELIVERED,SOUTH
O000028,C00005,2024-12-08 18:01:10,DELIVERED,WEST
O000029,C00005,2024-08-18 10:17:57,SHIPPED,NORTH
O000030,C00005,2025-03-14 03:22:18,DELIVERED,NORTH
O000031,C00005,24-10-2025 16:08:46,DELIVERED,NORTH
O000032,C00006,05-11-2024 20:38:00,DELIVERED,EAST
O000033,C00006,2025-10-10 10:30:09,DELIVERED,NORTH
O000034,C00006,2025-10-01 07:01:14,SHIPPED,WEST
O000035,C00006,2024-06-23 14:53:56,CANCELLED,NORTH
O000036,C00006,2024-05-11 17:44:01,DELIVERED,SOUTH
O000037,C00007,2025-03-21 20:20:33,DELIVERED,EAST
O000038,C00007,2024-10-25 20:09:20,CANCELLED,NORTH
O000039,C00007,2024-08-12 17:36:26,DELIVERED,WEST
O000040,C00007,2025-06-02 00:28:54,DELIVERED,WEST
O000041,C00007,2024-12-23 11:17:27,DELIVERED,SOUTH
O000042,C00007,2024-10-28 00:23:35,RETURNED,EAST
O000043,C00007,2025-10-27 17:59:58,DELIVERED,SOUTH
O000044,C00007,2025-10-21 18:17:22,PLACED,EAST
O000045,C00007,02-05-2024 17:05:00,DELIVERED,WEST
O000046,,2025-06-08 00:50:04,SHIPPED,SOUTH
O000047,C00008,2024-10-13 13:43:56,DELIVERED,NORTH
O000048,C00008,2024-12-13 04:47:13,DELIVERED,WEST
O000049,C00009,2025-09-21 07:13:04,DELIVERED,NORTH
O000050,C00009,2025-06-05 03:17:24,PLACED,SOUTH
O000051,C00009,2024-02-20 06:43:17,PLACED,WEST
O000052,C00009,2025-10-12 09:25:32,CANCELLED,NORTH
O000053,,2024-06-05 21:39:37,DELIVERED,EAST
O000054,C00009,2025-10-21 02:45:14,DELIVERED,CENTRAL
O000055,C00009,2026-03-23 21:33:23,DELIVERED,EAST
O000056,C00009,2025-08-25 04:03:11,CANCELLED,CENTRAL
O000057,C00009,2025-12-28 02:31:06,PLACED,NORTH
O000058,C00009,2025-12-16 17:40:30,RETURNED,NORTH
O000059,C00009,2024-03-02 12:07:14,DELIVERED,WEST
O000060,C00009,2025-05-02 05:32:54,DELIVERED,SOUTH
O000061,C00009,2025-01-15 07:25:52,SHIPPED,WEST
O000062,C00009,2025-12-03 11:29:29,PLACED,EAST
O000063,C00009,2024-11-05 20:49:04,DELIVERED,SOUTH
O000064,C00009,2026-04-26 18:06:03,DELIVERED,WEST
O000065,C00009,2025-07-15 13:25:36,SHIPPED,SOUTH
O000066,C00009,2024-10-05 02:17:25,DELIVERED,EAST
O000067,C00009,2025-11-25 09:10:12,DELIVERED,SOUTH
O000068,C00009,2025-08-27 12:06:53,SHIPPED,WEST
O000069,C00009,2025-05-06 16:32:43,DELIVERED,SOUTH
O000070,NULL,2024-11-27 04:40:28,DELIVERED,SOUTH
O000071,C00009,2024-12-01 18:10:55,Delivered,NORTH
O000072,C00009,2024-07-12 18:50:37,DELIVERED,WEST
O000073,C00009,2024-06-25 03:06:45,DELIVERED,WEST
O000074,C00009,2025-11-10 14:56:46,RETURNED,NORTH
O000075,C00009,2024-12-14 03:31:47,DELIVERED,NORTH
O000076,C00009,2024-12-12 05:32:42,DELIVERED,NORTH
O000077,C00009,2026-12-03 00:00:00,DELIVERED,NORTH
O000078,,2024-01-07 11:00:17,SHIPPED,EAST
O000079,C00010,2025-06-04 13:03:30,DELIVERED,WEST
O000080,C00010,2025-10-21 12:46:11,SHIPPED,NORTH
O000081,C00010,2025-08-31 23:16:23,DELIVERED,NORTH
O000082,C00010,2026-07-10 15:23:13,CANCELLED,NORTH
O000083,C00010,2025-07-10 07:43:54,SHIPPED,SOUTH
O000084,C00010,2025-02-08 15:23:16,DELIVERED,WEST
O000085,C00010,2026-07-14 16:33:18,SHIPPED,EAST
O000086,C00010,2024-11-26 00:26:04,DELIVERED,SOUTH
O000087,C00010,2025-10-06 21:36:40,CANCELLED,WEST
O000088,C00010,2025-10-07 19:01:34,DELIVERED,NORTH
O000089,C00011,2024-11-09 15:12:05,DELIVERED,WEST
O000090,C00011,2024-10-22 22:17:25,SHIPPED,SOUTH
O000091,C00011,2026-07-15 08:47:08,DELIVERED,WEST
O000092,C00011,2024-04-09 20:01:10,DELIVERED,WEST
O000093,C00011,04-04-2026 02:24:21,DELIVERED,NORTH
O000094,,2025-07-31 19:50:01,DELIVERED,NORTH
O000095,C00011,2024-12-03 12:18:38,DELIVERED,SOUTH
O000096,C00011,2025-10-17 03:59:05,SHIPPED,WEST
O000097,C00012,2024-07-11 18:30:37,SHIPPED,NORTH
O000098,C00012,2024-01-08 05:15:11,DELIVERED,EAST
O000099,C00012,2024-04-17 21:26:13,DELIVERED,NORTH
O000100,C00013,2024-03-14 03:00:00,DELIVERED,NORTH
O000101,C00013,2024-02-15 11:56:33,CANCELLED,SOUTH
O000102,C00013,2025-12-01 22:55:03,RETURNED,NORTH
O000103,C00014,2024-10-19 14:07:08,DELIVERED,SOUTH
O000104,C00014,2025-01-08 15:21:50,DELIVERED,NORTH
O000105,C00014,2024-11-18 07:42:41,CANCELLED,NORTH
O000106,C00014,2024-10-18 22:04:10,DELIVERED,NORTH
O000107,C00014,2024-08-27 05:29:45,RETURNED,WEST
O000108,C00014,2025-10-03 08:27:10,SHIPPED,NORTH
O000109,C00014,2025-10-09 00:30:42,DELIVERED,NORTH
O000110,C00014,2025-06-02 10:42:38,DELIVERED,WEST
O000111,C00014,2026-07-11 19:45:29,SHIPPED,NORTH
O000112,C00014,2024-12-09 07:04:34,DELIVERED,NORTH
O000113,C00014,2025-02-20 17:43:00,DELIVERED,north
O000114,C00014,2026-01-10 14:50:19,SHIPPED,NORTH
O000115,,2024-01-20 18:47:19,CANCELLED,NORTH
O000116,C00014,2025-11-19 00:31:55,DELIVERED,EAST
O000117,C00014,2024-10-04 09:51:47,DELIVERED,NORTH
O000118,C00014,2025-04-12 19:05:25,DELIVERED,WEST
O000119,C00014,2024-02-02 04:46:08,CANCELLED,NORTH
O000120,C00014,2025-10-31 02:25:28,CANCELLED,CENTRAL
O000121,C00014,2025-11-28 21:58:30,RETURNED,NORTH
O000122,C00014,2025-03-05 03:14:22,DELIVERED,WEST
O000123,C00014,2025-06-23 01:00:58,DELIVERED,NORTH
O000124,C00014,2024-09-09 14:25:18,PLACED,NORTH
O000125,C00014,2026-11-02 00:00:00,DELIVERED,CENTRAL
O000126,C00014,2025-02-24 11:16:04,RETURNED,NORTH
O000127,C00014,2025-11-13 03:57:16,DELIVERED,SOUTH
O000128,C00014,2025-01-23 09:26:16,PLACED,WEST
O000129,C00014,2025-11-09 16:32:41,DELIVERED,NORTH
O000130,NULL,2025-09-29 07:33:00,DELIVERED,NORTH
O000131,C00015,2026-06-20 11:59:16,DELIVERED,SOUTH
O000132,C00015,2024-01-10 05:56:17,DELIVERED,NORTH
O000133,C00015,2024-11-19 15:44:21,DELIVERED,SOUTH
O000134,C00016,2027-01-01 00:00:00,PLACED,EAST
O000135,C00016,2024-11-01 16:28:25,CANCELLED,EAST
O000136,C00016,2025-11-13 03:56:50,DELIVERED,EAST
O000137,C00016,2024-11-16 09:18:42,DELIVERED,SOUTH
O000138,C00017,2025-11-04 18:24:00,DELIVERED,EAST
O000139,C00017,2025-11-01 05:22:32,DELIVERED,NORTH
O000140,C00017,2026-05-24 19:40:13,DELIVERED,NORTH
O000141,C00017,2026-01-21 11:18:29,DELIVERED,SOUTH
O000142,C00018,2026-07-03 17:59:50,DELIVERED,EAST
O000143,C00018,2024-11-22 15:20:48,DELIVERED,EAST
O000144,C00018,2025-10-14 12:49:42,PLACED,WEST
O000145,C00018,2024-02-15 18:19:40,DELIVERED,WEST
O000146,C00018,2025-12-10 07:12:47,SHIPPED,WEST
O000147,C00018,2024-10-12 13:36:34,CANCELLED,WEST
O000148,C00018,2025-12-12 11:39:57,DELIVERED,NORTH
O000149,C00018,2025-04-08 06:42:28,DELIVERED,EAST
O000150,C00018,2025-08-29 12:09:05,CANCELLED,WEST
O000151,C00018,2026-02-15 19:06:13,RETURNED,CENTRAL
O000152,C00018,2024-02-20 03:17:20,DELIVERED,WEST
O000153,C00018,2024-04-06 19:46:30,RETURNED,SOUTH
O000154,C00018,2025-10-08 14:33:30,DELIVERED,NORTH
O000155,C00018,2024-12-12 13:30:19,RETURNED,SOUTH
O000156,C00018,2025-08-12 08:37:27,PLACED,SOUTH
O000157,C00018,2024-08-02 00:27:14,RETURNED,NORTH
O000158,C00018,2024-12-01 07:26:47,PLACED,EAST
O000159,C00018,2024-10-15 05:18:02,CANCELLED,WEST
O000160,C00018,2024-04-28 15:34:24,DELIVERED,EAST
O000161,C00019,2026-05-06 13:53:59,DELIVERED,WEST
O000162,C00019,2026-01-25 07:08:12,CANCELLED,SOUTH
O000163,C00019,2024-08-08 12:41:54,DELIVERED,NORTH
O000164,,2025-11-27 02:03:17,DELIVERED,NORTH
O000165,C00019,2026-04-07 04:44:18,DELIVERED,WEST
O000166,C00019,2025-02-11 19:55:47,DELIVERED,WEST
O000167,C00019,2024-03-29 17:32:07,RETURNED,CENTRAL
O000168,C00019,2026-06-01 19:52:24,DELIVERED,NORTH
O000169,C00019,2025-10-08 17:18:21,DELIVERED,SOUTH
O000170,NULL,28-11-2025 05:28:29,DELIVERED,WEST
O000171,C00021,2025-03-05 10:38:29,DELIVERED,SOUTH
O000172,C00021,2024-12-19 06:47:30,PLACED,NORTH
O000173,C00021,2026-06-19 19:53:34,CANCELLED,Central
O000174,C00021,2024-03-10 11:46:10,DELIVERED,NORTH
O000175,C00021,2025-10-08 04:28:24,PLACED,NORTH
O000176,C00021,2025-08-05 02:24:37,SHIPPED,CENTRAL
O000177,C00021,2024-11-17 22:49:47,SHIPPED,NORTH
O000178,C00021,2024-05-01 20:38:25,DELIVERED,SOUTH
O000179,C00021,2024-07-07 08:14:35,DELIVERED,WEST
O000180,C00021,2025-03-31 06:15:59,CANCELLED,NORTH
O000181,C00021,2025-11-22 07:04:53,DELIVERED,EAST
O000182,C00021,2025-11-28 10:44:27,CANCELLED,NORTH
O000183,C00021,2024-08-02 14:14:17,SHIPPED,WEST
O000184,,2024-11-03 17:51:37,SHIPPED,WEST
O000185,,2024-07-15 08:27:25,SHIPPED,WEST
O000186,C00021,2025-10-18 02:40:23,DELIVERED,EAST
O000187,C00021,2024-06-16 10:01:24,DELIVERED,WEST
O000188,C00021,2025-03-25 09:33:19,DELIVERED,EAST
O000189,C00021,2024-12-19 11:43:41,DELIVERED,SOUTH
O000190,C00021,2024-03-16 00:18:18,DELIVERED,NORTH
O000191,C00021,2024-10-27 23:56:46,DELIVERED,NORTH
O000192,C00021,2025-10-06 09:58:16,DELIVERED,NORTH
O000193,C00021,2024-02-12 11:41:11,DELIVERED,WEST
O000194,C00021,2025-03-13 19:39:51,DELIVERED,NORTH
O000195,C00021,2024-07-05 07:42:33,DELIVERED,SOUTH
O000196,C00021,2024-05-02 19:50:03,SHIPPED,WEST
O000197,C00021,2024-04-25 02:13:10,DELIVERED,SOUTH
O000198,C00021,2024-02-25 08:36:47,DELIVERED,NORTH
O000199,C00021,2026-01-22 15:44:11,SHIPPED,CENTRAL
O000200,C00021,2024-01-05 23:13:09,DELIVERED,SOUTH
O000201,C00021,2024-12-30 14:50:19,SHIPPED,NORTH
O000202,C00021,2025-09-01 06:39:02,SHIPPED,EAST
O000203,C00021,2025-11-25 15:48:52,DELIVERED,NORTH
O000204,C00022,2026-01-21 11:05:13,DELIVERED,NORTH
O000205,C00022,2025-09-27 08:50:32,DELIVERED,WEST
O000206,C00023,2024-11-21 01:19:28,SHIPPED,CENTRAL
O000207,C00024,2024-12-01 12:05:49,DELIVERED,WEST
O000208,C00024,2024-12-13 22:14:18,SHIPPED,CENTRAL
O000209,C00024,13-12-2024 15:02:10,DELIVERED,SOUTH
O000210,C00024,2025-09-14 13:04:40,PLACED,SOUTH
O000211,C00024,2024-01-23 21:36:48,PLACED,WEST
O000212,C00024,2025-05-17 21:24:26,DELIVERED,CENTRAL
O000213,C00024,2025-10-29 06:12:34,DELIVERED,WEST
O000214,C00024,2025-12-13 11:48:34,PLACED,WEST
O000215,C00024,2025-11-05 20:05:06,DELIVERED,WEST
O000216,C00024,2026-05-30 05:50:26,DELIVERED,EAST
O000217,C00024,19-07-2026 02:16:32,DELIVERED,WEST
O000218,C00024,2025-05-14 22:59:19,DELIVERED,EAST
O000219,C00024,2024-10-06 16:47:07,PLACED,NORTH
O000220,C00024,29-04-2026 20:48:32,CANCELLED,EAST
O000221,C00024,2025-12-21 05:09:18,DELIVERED,NORTH
O000222,C00024,2024-07-29 05:48:46,DELIVERED,WEST
O000223,C00024,2024-10-23 03:34:29,SHIPPED,WEST
O000224,C00024,2024-10-26 06:09:52,DELIVERED,WEST
O000225,C00024,2024-10-19 04:06:46,SHIPPED,SOUTH
O000226,C00024,2026-07-08 21:41:48,DELIVERED,north
O000227,C00024,2024-05-21 21:20:14,delivered,EAST
O000228,C00024,2025-11-14 00:47:41,DELIVERED,WEST
O000229,C00024,2025-07-05 11:02:50,RETURNED,CENTRAL
O000230,C00024,2024-08-09 23:06:05,DELIVERED,WEST
O000231,C00024,2024-11-28 14:49:42,RETURNED,NORTH
O000232,C00024,2024-01-17 13:53:48,DELIVERED,EAST
O000233,C00024,2024-01-21 04:28:12,DELIVERED,SOUTH
O000234,C00024,2026-06-07 20:27:02,CANCELLED,WEST
O000235,NULL,2026-04-27 12:58:12,RETURNED,SOUTH
O000236,C00024,2025-10-02 14:40:45,CANCELLED,WES
O000237,C00024,2025-05-06 15:14:24,DELIVERED,NORTH
O000238,C00024,2024-04-05 12:16:03,DELIVERED,WEST
O000239,C00024,2025-10-21 23:53:53,SHIPPED,EAST
O000240,C00024,2024-05-16 22:54:57,SHIPPED,CENTRAL
O000241,C00024,2024-12-03 21:57:05,RETURNED,SOUTH
O000242,C00024,2024-07-25 04:42:45,DELIVERED,WEST
O000243,C00024,2024-10-10 08:44:28,DELIVERED,WEST
O000244,C00024,2024-02-27 01:26:03,DELIVERED,WEST
O000245,C00024,2025-03-24 11:06:22,DELIVERED,NORTH
O000246,C00024,2025-11-02 03:33:42,DELIVERED,SOUTH
O000247,C00024,2024-12-12 00:10:26,SHIPPED,NORTH
O000248,C00024,2025-11-12 23:25:51,DELIVERED,EAST
O000249,NULL,2025-06-08 21:00:52,RETURNED,CENTRAL
O000250,C00024,2025-11-19 12:37:01,DELIVERED,WEST
O000251,C00024,2024-08-04 18:46:17,CANCELLED,SOUTH
O000252,C00024,2024-09-13 20:23:58,SHIPPED,NORTH
O000253,C00024,2025-01-15 04:17:23,PLACED,NORTH
O000254,C00024,2024-11-26 02:16:16,DELIVERED,NORTH
O000255,C00024,2024-07-26 10:13:12,DELIVERED,WEST
O000256,C00024,2024-10-20 05:49:15,DELIVERED,EAST
O000257,C00025,2024-03-09 17:40:55,DELIVERED,NORTH
O000258,C00025,2024-02-24 02:25:55,DELIVERED,NORTH
O000259,C00025,2024-12-28 12:51:51,DELIVERED,WEST
O000260,C00025,2024-03-25 16:19:41,DELIVERED,WEST
O000261,C00025,2025-06-04 12:04:22,SHIPPED,SOUTH
O000262,C00025,2024-11-23 18:16:12,DELIVERED,NORTH
O000263,C00025,2024-03-18 18:52:32,DELIVERED,EAST
O000264,C00026,2025-10-15 10:19:40,DELIVERED,NORTH
O000265,C00026,2024-12-16 13:57:17,RETURNED,CENTRAL
O000266,C00026,2024-03-04 03:12:20,CANCELLED,EAST
O000267,C00026,2024-05-02 08:34:01,DELIVERED,SOUTH
O000268,C00026,2024-05-03 03:53:41,SHIPPED,NORTH
O000269,C00026,2025-01-13 15:44:53,SHIPPED,NORTH
O000270,,2024-12-13 05:43:18,DELIVERED,NORTH
O000271,C00027,2024-10-23 10:14:04,DELIVERED,WEST
O000272,C00027,2026-05-16 06:57:52,DELIVERED,SOUTH
O000273,C00027,2025-08-28 22:32:15,CANCELLED,WEST
O000274,C00027,2025-11-10 10:28:43,DELIVERED,WEST
O000275,C00027,2025-03-17 00:05:59,RETURNED,WEST
O000276,C00027,2024-10-04 18:18:11,CANCELLED,NORTH
O000277,C00027,2025-03-09 05:23:22,RETURNED,SOUTH
O000278,C00027,2025-09-01 05:16:58,DELIVERED,NORTH
O000279,C00027,2024-01-06 04:25:35,SHIPPED,WEST
O000280,C00027,29-09-2025 08:51:42,DELIVERED,NORTH
O000281,C00028,2025-05-19 21:38:07,DELIVERED,NORTH
O000282,C00028,2025-08-27 19:37:27,SHIPPED,EAST
O000283,C00028,2024-11-06 08:32:09,SHIPPED,NORTH
O000284,C00028,2024-10-01 18:29:08,DELIVERED,EAST
O000285,C00029,2026-09-07 00:00:00,DELIVERED,WEST
O000286,C00029,2026-04-14 17:32:28,DELIVERED,WEST
O000287,C00029,2025-12-25 01:23:25,DELIVERED,NORTH
O000288,C00029,2024-06-22 15:35:58,SHIPPED,WEST
O000289,C00029,2024-11-23 15:48:15,DELIVERED,NORTH
O000290,C00029,2024-10-17 09:01:14,DELIVERED,WEST
O000291,C00029,2025-04-03 01:54:32,DELIVERED,NORTH
O000292,C00029,2026-06-25 00:24:15,DELIVERED,CENTRAL
O000293,C00029,2024-09-21 17:20:59,DELIVERED,NORTH
O000294,C00029,2026-03-26 22:14:59,DELIVERED,NORTH
O000295,,2024-12-07 11:31:29,DELIVERED,SOUTH
O000296,C00029,2025-07-18 18:30:41,DELIVERED,WEST
O000297,C00030,2024-03-27 22:53:30,DELIVERED,CENTRAL
O000298,C00031,2025-12-09 11:22:29,DELIVERED,SOUTH
O000299,C00031,2024-07-24 21:46:57,DELIVERED,WEST
O000300,C00031,2025-05-10 07:54:01,DELIVERED,NORTH
O000301,C00031,2025-04-10 23:21:18,SHIPPED,SOUTH
O000302,C00031,2025-12-09 18:23:53,DELIVERED,NORTH
O000303,C00031,2025-11-28 17:15:21,DELIVERED,CENTRAL
O000304,C00031,2025-11-06 05:04:48,DELIVERED,WEST
O000305,C00031,2024-12-26 02:14:05,DELIVERED,NORTH
O000306,C00032,2024-11-26 05:54:10,CANCELLED,SOUTH
O000307,C00032,2025-11-28 09:23:09,DELIVERED,WEST
O000308,C00033,2025-09-19 17:14:08,SHIPPED,NORTH
O000309,C00033,2025-11-27 11:01:20,DELIVERED,WEST
O000310,C00033,2024-10-06 10:46:30,RETURNED,WEST
O000311,C00033,2025-01-23 02:56:19,SHIPPED,NORTH
O000312,C00033,2024-06-21 11:31:40,CANCELLED,EAST
O000313,C00034,2026-05-22 18:46:43,DELIVERED,WEST
O000314,C00034,2024-12-23 23:20:54,SHIPPED,NORTH
O000315,C00034,2025-11-20 23:59:01,DELIVERED,EAST
O000316,NULL,2025-08-03 04:08:00,DELIVERED,SOUTH
O000317,C00034,2024-04-14 06:01:21,DELIVERED,SOUTH
O000318,C00034,2025-12-21 06:48:04,DELIVERED,SOUTH
O000319,C00034,2025-11-17 22:47:52,DELIVERED,West
O000320,C00034,2025-02-06 02:44:14,DELIVERED,NORTH
O000321,C00034,2026-06-15 02:45:12,SHIPPED,WEST
O000322,C00035,2024-04-17 14:27:23,SHIPPED,WEST
O000323,C00035,03-12-2024 11:08:16,RETURNED,CENTRAL
O000324,C00035,2024-11-20 00:35:17,SHIPPED,EAST
O000325,C00035,2024-10-25 06:07:31,DELIVERED,NORTH
O000326,,2026-03-01 07:01:30,DELIVERED,EAST
O000327,C00035,2024-04-11 10:46:09,CANCELLED,SOUTH
O000328,NULL,2025-03-02 18:09:34,DELIVERED,NORTH
O000329,C00035,2025-10-02 19:51:13,DELIVERED,NORTH
O000330,C00035,2024-10-09 03:05:11,PLACED,WEST
O000331,NULL,13-05-2025 18:27:33,DELIVERED,NORTH
O000332,C00035,2026-07-18 17:58:33,DELIVERED,WEST
O000333,C00035,2025-12-22 11:19:44,SHIPPED,SOUTH
O000334,C00035,2025-02-03 00:29:43,DELIVERED,WEST
O000335,C00035,2024-10-31 22:06:48,SHIPPED,SOUTH
O000336,C00035,2024-10-08 08:11:46,DELIVERED,WEST
O000337,C00035,2024-07-23 14:23:47,DELIVERED,SOUTH
O000338,C00035,03-11-2024 10:06:11,DELIVERED,West
O000339,C00035,2025-06-18 05:35:14,DELIVERED,WEST
O000340,C00035,2025-03-09 21:15:08,CANCELLED,NORTH
O000341,C00036,2025-06-15 20:39:57,DELIVERED,WEST
O000342,C00036,2024-06-21 15:29:11,DELIVERED,WEST
O000343,C00036,2026-02-23 01:27:51,DELIVERED,SOUTH
O000344,C00036,2025-12-20 04:36:55,DELIVERED,CENTRAL
O000345,C00037,2024-12-21 19:14:53,CANCELLED,NORTH
O000346,C00037,2025-09-14 17:37:22,RETURNED,NORTH
O000347,C00037,2025-12-18 21:19:13,PLACED,NORTH
O000348,C00037,2025-01-11 15:40:41,DELIVERED,NORTH
O000349,C00037,2024-08-06 03:59:42,RETURNED,WEST
O000350,C00037,2024-01-17 17:29:55,DELIVERED,NORTH
O000351,C00037,2026-04-20 19:36:57,CANCELLED,NORTH
O000352,C00038,2025-01-31 19:57:17,RETURNED,SOUTH
O000353,C00039,2024-05-17 14:14:20,DELIVERED,SOUTH
O000354,C00039,2025-10-17 01:09:02,DELIVERED,EAST
O000355,C00040,2025-01-25 07:14:38,DELIVERED,WEST
O000356,C00040,2024-06-10 12:06:46,DELIVERED,WEST
O000357,C00040,2024-03-06 09:38:51,CANCELLED,NORTH
O000358,C00041,2026-07-26 23:30:39,DELIVERED,EAST
O000359,C00041,2025-09-11 08:20:33,DELIVERED,WEST
O000360,NULL,2024-06-02 11:41:15,DELIVERED,NORTH
O000361,C00042,2025-01-21 08:14:54,DELIVERED,SOUTH
O000362,C00042,2026-04-30 03:59:31,DELIVERED,WEST
O000363,C00042,2026-04-16 02:50:47,DELIVERED,SOUTH
O000364,C00043,2024-10-16 05:44:46,DELIVERED,WEST
O000365,C00043,2024-11-01 03:12:37,DELIVERED,NORTH
O000366,C00043,2024-10-23 19:58:56,DELIVERED,NORTH
O000367,C00044,2024-05-07 17:04:14,SHIPPED,CENTRAL
O000368,C00044,08-10-2024 14:41:51,PLACED,EAST
O000369,C00044,2026-06-01 11:46:12,DELIVERED,EAST
O000370,C00045,2025-07-19 09:44:41,RETURNED,NORTH
O000371,C00045,2024-07-27 22:15:18,DELIVERED,NORTH
O000372,C00045,2026-01-09 00:47:14,SHIPPED,SOUTH
O000373,C00046,2026-06-11 01:55:58,DELIVERED,CENTRAL
O000374,C00046,2024-03-30 09:27:41,PLACED,CENTRAL
O000375,C00046,2024-12-20 15:27:45,DELIVERED,SOUTH
O000376,C00046,25-10-2025 17:43:37,DELIVERED,NORTH
O000377,C00046,2026-04-02 23:19:51,CANCELLED,CENTRAL
O000378,C00046,2025-12-04 10:05:06,DELIVERED,SOUTH
O000379,C00046,2024-11-12 05:45:27,DELIVERED,CENTRAL
O000380,C00046,2024-12-09 00:56:38,placed,NORTH
O000381,C00047,2026-06-01 11:30:26,SHIPPED,NORTH
O000382,C00048,2024-12-12 18:11:57,DELIVERED,WEST
O000383,C00048,2024-07-05 20:28:41,DELIVERED,WEST
O000384,C00048,2026-07-26 12:14:11,DELIVERED,EAST
O000385,C00048,2026-05-11 07:50:09,CANCELLED,SOUTH
O000386,C00048,2025-12-23 18:06:54,DELIVERED,WEST
O000387,C00048,2024-11-08 03:17:28,DELIVERED,WEST
O000388,C00048,2026-02-02 02:43:57,DELIVERED,SOUTH
O000389,C00048,2026-03-30 12:29:39,RETURNED,WEST
O000390,C00048,2024-12-01 01:19:24,DELIVERED,SOUTH
O000391,C00048,2025-12-23 01:58:13,DELIVERED,NORTH
O000392,C00048,2024-01-25 05:20:18,SHIPPED,EAST
O000393,C00048,2025-05-28 19:16:46,DELIVERED,NORTH
O000394,C00048,2025-11-22 18:45:55,DELIVERED,West
O000395,C00048,2024-10-21 08:56:31,DELIVERED,SOUTH
O000396,C00048,2024-12-12 09:05:43,DELIVERED,WEST
O000397,C00048,2025-09-10 14:08:28,DELIVERED,WEST
O000398,C00048,2024-12-28 15:12:08,SHIPPED,WEST
O000399,C00048,2024-04-14 16:52:05,SHIPPED,NORTH
O000400,NULL,2024-10-20 13:17:26,PLACED,EAST
O000401,C00048,2025-10-21 01:25:24,SHIPPED,SOUTH
O000402,C00048,2024-04-17 18:46:52,SHIPPED,NORTH
O000403,C00048,2024-12-24 05:46:59,delivered,WEST
O000404,NULL,2024-07-04 20:34:49,Delivered,CENTRAL
O000405,C00048,2025-11-24 07:43:31,DELIVERED,NORTH
O000406,C00048,2024-08-12 07:53:53,DELIVERED,NORTH
O000407,C00048,2025-04-10 19:30:14,DELIVERED,WEST
O000408,C00048,2025-09-22 09:02:08,DELIVERED,NORTH
O000409,C00048,2026-04-03 05:28:29,SHIPPED,SOUTH
O000410,C00048,2026-05-01 14:34:58,DELIVERED,WEST
O000411,C00048,2025-10-02 04:52:01,SHIPPED,WEST
O000412,C00048,2024-11-16 17:08:10,DELIVERED,NORTH
O000413,C00048,2024-11-03 06:52:55,DELIVERED,WEST
O000414,C00048,2026-04-04 05:45:30,DELIVERED,NORTH
O000415,C00048,2024-11-12 06:47:09,DELIVERED,EAST
O000416,C00048,2024-11-10 03:51:35,SHIPPED,WEST
O000417,C00048,2025-03-12 21:11:10,DELIVERED,WEST
O000418,C00048,2025-11-13 15:10:49,RETURNED,NORTH
O000419,C00048,2026-05-30 11:12:07,DELIVERED,WEST
O000420,C00048,2024-06-21 09:19:44,CANCELLED,SOUTH
O000421,C00048,2025-10-20 18:26:10,CANCELLED,NORTH
O000422,C00048,2024-12-10 08:28:27,DELIVERED,NORTH
O000423,C00048,17-01-2024 14:06:00,RETURNED,NORTH
O000424,C00048,2025-06-05 09:22:35,DELIVERED,NORTH
O000425,C00048,2024-11-10 08:05:58,RETURNED,EAST
O000426,C00048,2024-10-03 05:23:04,delivered,SOUTH
O000427,C00048,2024-04-19 08:03:36,DELIVERED,SOUTH
O000428,C00048,2024-10-24 02:11:05,DELIVERED,SOUTH
O000429,C00048,2024-10-26 06:05:13,DELIVERED,NORTH
O000430,C00048,2024-04-05 04:10:29,CANCELLED,EAST
O000431,C00048,2024-12-25 02:12:11,DELIVERED,NORTH
O000432,C00048,2024-12-05 01:15:23,DELIVERED,CENTRAL
O000433,C00049,2024-11-12 23:03:39,RETURNED,CENTRAL
O000434,C00049,2025-12-22 19:43:04,DELIVERED,NORTH
O000435,C00050,2024-10-19 05:02:44,RETURNED,CENTRAL
O000436,C00050,2025-12-03 10:21:30,RETURNED,SOUTH
O000437,C00050,20-08-2024 01:26:11,DELIVERED,WEST
O000438,C00050,2025-11-05 08:21:12,CANCELLED,NORTH
O000439,C00051,2024-09-05 06:32:44,SHIPPED,SOUTH
O000440,C00051,2025-10-14 15:00:19,DELIVERED,WEST
O000441,C00051,2025-12-28 04:23:36,DELIVERED,NORTH
O000442,C00051,2025-04-30 12:13:31,DELIVERED,SOUTH
O000443,C00052,2025-12-19 07:45:37,DELIVERED,NORTH
O000444,C00052,2024-08-18 11:05:32,DELIVERED,CENTRAL
O000445,C00052,2024-10-27 02:20:11,DELIVERED,NORTH
O000446,C00052,2025-12-05 08:20:31,DELIVERED,CENTRAL
O000447,C00052,2024-12-07 16:51:32,Delivered,NORTH
O000448,C00052,2025-10-12 14:49:58,SHIPPED,NORTH
O000449,C00052,2024-11-03 05:47:54,SHIPPED,NORTH
O000450,C00052,2025-07-26 22:40:50,PLACED,NORTH
O000451,C00052,2024-02-23 15:31:13,PLACED,SOUTH
O000452,C00052,2024-04-15 11:17:46,DELIVERED,NORTH
O000453,C00052,2025-10-16 12:34:03,SHIPPED,EAST
O000454,C00052,2025-10-08 01:41:43,SHIPPED,NORTH
O000455,C00052,2024-12-11 10:24:48,DELIVERED,SOUTH
O000456,C00052,2024-12-02 06:14:37,RETURNED,EAST
O000457,C00052,2024-12-24 19:18:17,SHIPPED,NORTH
O000458,C00052,2024-12-10 14:01:28,DELIVERED,NORTH
O000459,C00052,2024-11-15 08:41:48,DELIVERED,EAST
O000460,C00052,2024-03-25 10:58:09,DELIVERED,north
O000461,C00052,2024-11-16 13:23:10,DELIVERED,SOUTH
O000462,C00052,2026-07-16 00:05:37,SHIPPED,EAST
O000463,C00052,2024-01-18 10:00:36,DELIVERED,NORTH
O000464,C00052,24-11-2024 11:04:17,RETURNED,NORTH
O000465,C00052,2024-11-13 22:30:00,DELIVERED,CENTRAL
O000466,C00052,28-11-2024 18:44:35,PLACED,NORTH
O000467,C00052,2024-02-27 17:28:07,CANCELLED,NORTH
O000468,C00052,2025-03-12 05:50:14,DELIVERED,CENTRAL
O000469,C00052,2024-01-04 00:38:54,DELIVERED,SOUTH
O000470,C00052,2024-03-14 11:16:04,DELIVERED,NORTH
O000471,C00052,2026-04-20 01:15:20,SHIPPED,WEST
O000472,C00052,2025-12-18 13:23:27,RETURNED,WEST
O000473,C00052,2024-03-07 10:02:57,SHIPPED,SOUTH
O000474,C00052,2026-06-10 04:48:36,DELIVERED,WEST
O000475,C00052,2024-03-06 05:04:08,DELIVERED,SOUTH
O000476,C00052,2026-01-29 21:57:07,DELIVERED,SOUTH
O000477,C00052,2025-09-25 19:17:04,DELIVERED,SOUTH
O000478,C00052,2026-02-22 17:32:11,DELIVERED,SOUTH
O000479,C00052,2024-10-01 00:01:18,PLACED,CENTRAL
O000480,C00052,2025-09-18 00:57:33,DELIVERED,WEST
O000481,NULL,2026-07-10 17:10:35,DELIVERED,SOUTH
O000482,C00052,2026-04-17 08:01:17,RETURNED,SOUTH
O000483,C00052,2026-01-27 05:23:36,PLACED,EAST
O000484,C00052,2025-12-11 07:38:30,DELIVERED,west
O000485,C00052,2024-02-13 20:42:17,DELIVERED,WEST
O000486,C00052,2024-03-16 16:13:20,SHIPPED,EAST
O000487,C00052,2025-10-24 21:42:26,SHIPPED,NORTH
O000488,C00052,2024-10-01 09:18:12,DELIVERED,EAST
O000489,C00052,2024-06-29 08:07:54,RETURNED,WEST
O000490,C00052,2024-02-01 21:41:50,DELIVERED,NORTH
O000491,C00052,2024-04-13 23:39:00,DELIVERED,EAST
O000492,C00052,2024-07-06 23:36:45,SHIPPED,WEST
O000493,NULL,2024-10-15 04:19:15,SHIPPED,SOUTH
O000494,C00052,2026-03-03 13:29:11,delivered,NORTH
O000495,C00052,2024-11-27 18:07:59,PLACED,SOUTH
O000496,C00052,2024-08-14 23:27:53,DELIVERED,CENTRAL
O000497,NULL,2025-12-12 07:52:16,DELIVERED,NORTH
O000498,C00052,2025-11-29 18:48:57,SHIPPED,SOUTH
O000499,C00052,2024-09-01 08:00:52,PLACED,WEST
O000500,C00052,2024-08-14 03:00:40,DELIVERED,CENTRAL
O000501,C00052,2026-07-29 07:03:56,DELIVERED,EAST
O000502,C00052,2026-07-29 03:40:15,DELIVERED,CENTRAL
O000503,C00052,2024-04-07 18:21:48,DELIVERED,NORTH
O000504,C00052,2026-05-29 06:33:57,DELIVERED,NORTH
O000505,C00052,2024-10-19 14:18:02,DELIVERED,SOUTH
O000506,C00052,2025-05-13 21:03:35,SHIPPED,NORTH
O000507,C00052,2025-06-08 02:08:32,SHIPPED,NORTH
O000508,C00052,2024-08-15 07:56:51,DELIVERED,WEST
O000509,C00052,2025-01-30 20:02:14,DELIVERED,WEST
O000510,C00052,2025-12-16 19:06:30,SHIPPED,CENTRAL
O000511,C00053,2025-10-26 03:59:47,Delivered,CENTRAL
O000512,C00053,2024-10-08 19:38:36,SHIPPED,WEST
O000513,C00053,2025-10-18 19:01:10,DELIVERED,NORTH
O000514,C00053,06-12-2025 05:58:14,DELIVERED,EAST
O000515,C00053,2024-11-23 14:28:09,DELIVERED,NORTH
O000516,C00053,24-03-2026 21:43:36,DELIVERED,NORTH
O000517,C00054,2025-08-09 16:20:40,DELIVERED,SOUTH
O000518,C00054,2025-12-30 16:10:14,DELIVERED,SOUTH
O000519,C00054,2025-07-12 11:53:54,RETURNED,NORTH
O000520,C00054,2025-02-07 16:14:56,DELIVERED,EAST
O000521,C00054,2025-07-20 08:13:24,SHIPPED,WEST
O000522,C00054,2025-01-31 08:30:26,DELIVERED,NORTH
O000523,C00054,2024-12-26 02:42:47,DELIVERED,EAST
O000524,C00054,2025-11-06 07:01:51,DELIVERED,SOUTH
O000525,C00054,2026-05-09 17:41:18,RETURNED,NORTH
O000526,C00054,2026-03-08 07:11:39,DELIVERED,WEST
O000527,C00054,2025-12-26 08:29:15,SHIPPED,NORTH
O000528,C00054,2025-11-17 15:43:48,DELIVERED,CENTRAL
O000529,C00054,2025-09-21 10:53:57,DELIVERED,SOUTH
O000530,C00054,2025-07-24 21:26:24,DELIVERED,NORTH
O000531,C00054,2024-11-30 21:02:53,DELIVERED,SOUTH
O000532,C00054,2024-10-01 07:57:28,DELIVERED,NORTH
O000533,C00054,2024-12-04 09:23:03,RETURNED,NORTH
O000534,C00055,2026-01-14 19:30:32,delivered,NORTH
O000535,C00055,2024-12-07 20:33:23,DELIVERED,NORTH
O000536,C00055,2024-07-10 12:52:29,DELIVERED,WEST
O000537,C00055,2024-08-26 04:33:24,DELIVERED,NORTH
O000538,C00055,2024-05-24 18:21:36,placed,NORTH
O000539,C00055,2024-08-23 13:47:22,SHIPPED,NORTH
O000540,C00055,2024-04-12 15:58:45,DELIVERED,SOUTH
O000541,C00055,2025-11-09 18:35:35,DELIVERED,SOUTH
O000542,C00055,2025-03-09 08:33:16,DELIVERED,NORTH
O000543,C00055,2025-10-19 09:51:55,DELIVERED,CENTRAL
O000544,C00055,2024-12-18 16:23:26,PLACED,WEST
O000545,NULL,2025-10-14 12:52:27,RETURNED,NORTH
O000546,C00055,2025-09-07 16:48:01,DELIVERED,NORTH
O000547,C00055,2025-10-04 02:05:50,RETURNED,SOUTH
O000548,C00055,2024-10-16 05:02:08,RETURNED,SOUTH
O000549,C00055,2025-11-04 01:37:05,SHIPPED,WEST
O000550,C00055,2025-12-27 16:04:53,DELIVERED,SOUTH
O000551,C00055,2024-12-13 15:34:01,DELIVERED,EAST
O000552,C00055,2025-04-01 04:11:14,RETURNED,EAST
O000553,C00055,2025-10-23 04:02:05,CANCELLED,SOUTH
O000554,C00055,2025-12-08 22:30:27,DELIVERED,NORTH
O000555,C00055,2024-02-22 13:30:08,PLACED,SOUTH
O000556,C00055,2025-12-21 00:40:46,DELIVERED,NORTH
O000557,C00055,2025-05-04 00:09:40,SHIPPED,NORTH
O000558,C00055,2025-10-02 04:15:32,DELIVERED,SOUTH
O000559,C00055,2025-08-02 11:20:19,CANCELLED,NORTH
O000560,C00055,2026-02-23 11:03:41,DELIVERED,NORTH
O000561,C00055,2024-03-02 05:52:45,DELIVERED,NORTH
O000562,C00055,2024-04-07 13:17:47,RETURNED,NORTH
O000563,C00055,2025-11-28 22:02:58,DELIVERED,WEST
O000564,C00055,2026-09-11 00:00:00,DELIVERED,WEST
O000565,C00055,2025-04-20 16:07:01,DELIVERED,WEST
O000566,C00056,2025-08-27 07:57:35,SHIPPED,NORTH
O000567,C00056,2024-02-02 03:24:45,SHIPPED,NORTH
O000568,C00057,2024-11-04 09:19:34,SHIPPED,CENTRAL
O000569,C00057,2025-10-04 14:21:07,DELIVERED,WEST
O000570,C00057,2024-05-22 23:07:51,RETURNED,EAST
O000571,C00057,2024-05-14 06:07:39,DELIVERED,NORTH
O000572,C00058,2025-11-04 16:49:51,DELIVERED,SOUTH
O000573,C00058,2026-02-06 23:38:32,DELIVERED,NORTH
O000574,C00058,2024-01-27 14:19:45,DELIVERED,CENTRAL
O000575,C00059,2024-12-17 17:49:07,DELIVERED,NORTH
O000576,C00060,2025-11-02 03:03:19,DELIVERED,NORTH
O000577,C00060,2026-04-04 19:42:37,DELIVERED,NORTH
O000578,C00060,2024-12-20 19:54:06,DELIVERED,NORTH
O000579,C00061,2025-11-27 17:48:34,RETURNED,WEST
O000580,NULL,2024-06-05 00:30:53,RETURNED,SOUTH
O000581,C00061,2024-10-19 00:06:57,DELIVERED,WEST
O000582,C00061,2024-05-07 09:30:45,DELIVERED,EAST
O000583,C00061,2024-07-15 18:16:48,DELIVERED,NORTH
O000584,C00061,2024-11-18 07:03:27,DELIVERED,WEST
O000585,C00062,2024-12-14 08:41:38,SHIPPED,NORTH
O000586,C00062,2024-07-05 09:04:31,SHIPPED,NORTH
O000587,,2024-12-04 20:41:14,SHIPPED,SOUTH
O000588,C00062,2025-10-05 23:41:50,DELIVERED,NORTH
O000589,C00062,2024-08-14 16:07:24,DELIVERED,WEST
O000590,C00062,2026-12-26 00:00:00,DELIVERED,WEST
O000591,C00062,2025-10-10 08:11:27,PLACED,NORTH
O000592,,2025-11-13 08:10:30,SHIPPED,NORTH
O000593,C00062,2024-08-12 18:30:54,DELIVERED,SOUTH
O000594,C00063,2024-10-10 08:51:15,DELIVERED,WEST
O000595,C00063,2026-09-04 00:00:00,DELIVERED,NORTH
O000596,C00063,2025-12-25 13:16:44,DELIVERED,WEST
O000597,C00063,2024-10-31 21:25:44,DELIVERED,WEST
O000598,C00063,2026-05-23 17:06:25,SHIPPED,NORTH
O000599,C00063,2024-04-22 18:52:19,DELIVERED,NORTH
O000600,C00063,2024-12-14 03:17:41,DELIVERED,NORTH
O000601,C00063,2026-04-14 00:45:01,DELIVERED,NORTH
O000602,C00063,2026-01-30 11:43:34,DELIVERED,WEST
O000603,C00063,2025-12-12 11:48:28,CANCELLED,SOUTH
O000604,C00063,2024-12-29 20:20:16,SHIPPED,WEST
O000605,C00064,2024-02-18 22:03:57,DELIVERED,NORTH
O000606,C00064,2024-10-16 12:00:10,RETURNED,SOUTH
O000607,C00065,2025-11-06 03:45:02,DELIVERED,SOUTH
O000608,C00065,2026-06-28 17:30:48,CANCELLED,WEST
O000609,C00066,2025-11-11 08:38:13,SHIPPED,SOUTH
O000610,C00066,2024-12-05 01:14:47,DELIVERED,WEST
O000611,C00066,2024-12-08 04:15:58,PLACED,NORTH
O000612,C00066,2025-11-18 04:52:11,SHIPPED,SOUTH
O000613,C00067,2024-04-20 23:17:54,DELIVERED,SOUTH
O000614,C00067,2024-10-25 00:49:42,PLACED,SOUTH
O000615,C00067,2024-11-26 03:28:50,DELIVERED,NORTH
O000616,C00067,2025-08-11 19:49:26,DELIVERED,NORTH
O000617,C00067,2025-11-16 16:58:49,DELIVERED,NORTH
O000618,,2025-12-26 22:40:59,DELIVERED,NORTH
O000619,C00067,2026-03-12 09:47:58,SHIPPED,SOUTH
O000620,C00067,2025-07-28 02:25:48,DELIVERED,NORTH
O000621,C00067,2024-03-23 09:21:08,DELIVERED,NORTH
O000622,C00067,2026-03-27 20:03:28,PLACED,WEST
O000623,C00067,2024-11-21 23:16:54,RETURNED,NORTH
O000624,C00067,2024-11-09 07:09:43,DELIVERED,WEST
O000625,C00067,25-09-2025 05:57:57,DELIVERED,SOUTH
O000626,C00067,2024-06-10 16:51:51,RETURNED,NORTH
O000627,C00067,2025-07-04 23:16:57,RETURNED,SOUTH
O000628,C00067,2026-04-24 06:00:02,RETURNED,NORTH
O000629,C00067,2025-03-10 15:14:21,DELIVERED,NORTH
O000630,C00067,2024-12-23 16:33:11,SHIPPED,SOUTH
O000631,C00067,2025-12-21 01:54:18,DELIVERED,EAST
O000632,C00068,2024-07-08 19:12:58,SHIPPED,WEST
O000633,C00068,2024-07-11 06:48:29,DELIVERED,NORTH
O000634,C00068,2025-05-16 19:03:52,PLACED,NORTH
O000635,C00068,2026-02-10 13:03:55,DELIVERED,WEST
O000636,C00068,2024-01-14 00:30:06,CANCELLED,NORTH
O000637,C00068,2024-12-17 00:15:44,DELIVERED,CENTRAL
O000638,C00068,2025-10-07 11:22:09,DELIVERED,NORTH
O000639,C00068,2024-10-28 16:40:49,SHIPPED,NORTH
O000640,C00068,2025-10-06 23:10:13,DELIVERED,WEST
O000641,C00068,2025-04-01 15:11:24,PLACED,NORTH
O000642,C00069,2025-09-06 09:10:48,DELIVERED,SOUTH
O000643,C00069,2024-03-06 11:47:00,RETURNED,WEST
O000644,C00069,2024-02-12 08:40:53,RETURNED,CENTRAL
O000645,C00069,2025-11-02 13:32:35,DELIVERED,WEST
O000646,C00069,2026-03-25 18:29:02,SHIPPED,WEST
O000647,C00069,2024-10-28 11:25:25,RETURNED,WEST
O000648,C00069,2025-12-24 03:03:06,DELIVERED,NORTH
O000649,,2025-03-25 11:44:06,CANCELLED,WEST
O000650,C00070,2026-06-08 19:03:40,DELIVERED,SOUTH
O000651,C00070,2026-07-28 07:21:38,DELIVERED,NORTH
O000652,C00070,2025-12-13 20:36:15,DELIVERED,WEST
O000653,C00070,2024-09-29 01:04:59,DELIVERED,SOUTH
O000654,C00070,2026-05-26 00:16:48,DELIVERED,WEST
O000655,C00070,2025-10-21 14:11:47,SHIPPED,NORTH
O000656,C00070,2025-01-13 23:33:17,Delivered,EAST
O000657,C00070,2024-07-02 00:05:56,DELIVERED,SOUTH
O000658,C00070,2025-07-11 06:07:57,PLACED,WEST
O000659,C00070,2024-12-02 12:37:49,DELIVERED,NORTH
O000660,C00070,2026-06-06 19:19:33,DELIVERED,WEST
O000661,C00070,2025-04-27 17:19:39,DELIVERED,NORTH
O000662,C00070,2025-12-13 12:04:03,SHIPPED,NORTH
O000663,C00070,2024-02-09 14:09:43,DELIVERED,NORTH
O000664,C00070,2025-05-14 06:23:29,DELIVERED,WEST
O000665,C00070,2024-08-11 03:35:24,DELIVERED,WEST
O000666,C00070,2024-03-31 09:10:55,DELIVERED,SOUTH
O000667,C00070,2024-12-28 15:46:40,CANCELLED,CENTRAL
O000668,C00070,2024-02-05 07:37:29,PLACED,NORTH
O000669,C00070,2025-05-03 02:13:50,RETURNED,WEST
O000670,C00070,2024-11-14 07:51:39,SHIPPED,NORTH
O000671,C00070,2025-01-04 16:16:32,DELIVERED,CENTRAL
O000672,C00070,2025-10-22 17:18:19,DELIVERED,NORTH
O000673,C00070,2024-05-26 19:49:15,DELIVERED,EAST
O000674,C00070,2024-08-08 05:41:22,DELIVERED,NORTH
O000675,C00070,2026-02-02 15:15:23,SHIPPED,WEST
O000676,C00070,2025-12-27 15:50:46,DELIVERED,EAST
O000677,C00070,2024-12-22 10:26:01,DELIVERED,SOUTH
O000678,C00070,2025-09-17 16:46:43,DELIVERED,CENTRAL
O000679,C00070,15-08-2024 15:33:45,DELIVERED,SOUTH
O000680,,2025-11-22 05:05:25,DELIVERED,CENTRAL
O000681,C00070,2024-08-21 13:06:02,SHIPPED,NORTH
O000682,C00070,2026-07-12 00:18:23,DELIVERED,WEST
O000683,C00070,2024-01-26 02:43:21,DELIVERED,CENTRAL
O000684,C00070,2025-12-20 22:44:16,RETURNED,SOUTH
O000685,C00070,2024-05-10 12:16:25,DELIVERED,EAST
O000686,C00070,2025-07-08 11:36:29,DELIVERED,WEST
O000687,C00070,2025-11-13 02:39:04,DELIVERED,WEST
O000688,C00070,2025-11-09 00:34:43,DELIVERED,WEST
O000689,C00070,2026-04-06 15:38:31,SHIPPED,NORTH
O000690,C00070,2024-12-28 11:48:24,DELIVERED,NORTH
O000691,C00070,2025-06-16 06:13:39,DELIVERED,WEST
O000692,C00070,2025-04-01 23:13:27,DELIVERED,EAST
O000693,C00070,2024-12-11 04:06:36,RETURNED,NORTH
O000694,C00070,2025-10-18 10:46:59,SHIPPED,WEST
O000695,C00070,2024-12-11 06:50:32,SHIPPED,CENTRAL
O000696,C00070,2025-07-27 13:56:43,DELIVERED,EAST
O000697,C00070,2026-01-27 17:19:23,PLACED,WEST
O000698,C00070,2026-06-15 06:47:55,DELIVERED,NORTH
O000699,C00070,2024-11-26 01:05:53,DELIVERED,EAST
O000700,C00070,2024-11-20 06:52:26,SHIPPED,EAST
O000701,C00070,2025-02-16 20:02:34,DELIVERED,SOUTH
O000702,C00070,2024-10-02 11:08:45,SHIPPED,WEST
O000703,C00070,23-07-2024 11:41:09,SHIPPED,WEST
O000704,C00070,2024-07-31 14:07:44,DELIVERED,CENTRAL
O000705,C00070,2025-10-07 11:26:06,DELIVERED,WEST
O000706,C00070,2025-12-21 10:46:37,DELIVERED,NORTH
O000707,,2024-10-26 22:27:21,PLACED,NORTH
O000708,C00070,2024-12-26 12:55:34,DELIVERED,NORTH
O000709,C00070,2024-10-11 10:30:02,DELIVERED,NORTH
O000710,C00070,2025-08-18 01:47:37,SHIPPED,SOUTH
O000711,C00070,2025-11-16 04:03:04,DELIVERED,EAST
O000712,C00070,2025-07-26 23:08:27,SHIPPED,SOUTH
O000713,C00070,2024-10-27 02:08:12,DELIVERED,NORTH
O000714,C00071,2025-10-07 06:02:29,DELIVERED,NORTH
O000715,C00072,2024-10-01 20:50:40,DELIVERED,NORTH
O000716,NULL,2025-08-11 14:46:26,SHIPPED,EAST
O000717,C00072,2025-08-17 01:22:54,DELIVERED,NORTH
O000718,C00072,2025-10-03 14:43:13,RETURNED,CENTRAL
O000719,C00072,2025-05-21 03:32:50,RETURNED,WEST
O000720,C00072,2025-11-22 18:04:40,RETURNED,NORTH
O000721,C00073,2025-11-14 03:31:46,SHIPPED,NORTH
O000722,C00073,2025-02-09 12:11:57,DELIVERED,NORTH
O000723,C00074,2024-11-03 05:03:21,DELIVERED,NORTH
O000724,C00074,2025-05-22 18:50:57,DELIVERED,NORTH
O000725,C00074,2024-07-28 06:35:14,DELIVERED,NORTH
O000726,C00074,2025-12-26 21:56:29,DELIVERED,SOUTH
O000727,C00074,2026-03-09 23:46:55,RETURNED,EAST
O000728,C00074,2024-03-03 19:37:48,RETURNED,EAST
O000729,C00074,2024-06-19 01:44:29,CANCELLED,WEST
O000730,C00074,2024-12-19 05:49:59,PLACED,WEST
O000731,C00074,2024-10-26 14:01:00,DELIVERED,NORTH
O000732,C00074,2024-06-27 21:51:14,SHIPPED,NORTH
O000733,C00074,2025-12-16 02:53:47,SHIPPED,SOUTH
O000734,C00074,2024-06-11 08:14:55,DELIVERED,SOUTH
O000735,C00075,2024-11-03 12:09:37,DELIVERED,WEST
O000736,C00075,2024-11-21 21:51:19,DELIVERED,NORTH
O000737,,2026-03-26 06:34:22,DELIVERED,NORTH
O000738,C00075,2024-12-28 11:22:46,delivered,SOUTH
O000739,C00076,2025-10-25 03:14:29,DELIVERED,NORTH
O000740,C00076,2024-11-25 08:24:10,DELIVERED,NORTH
O000741,C00076,2024-11-20 05:30:14,DELIVERED,SOUTH
O000742,C00076,2026-07-06 19:05:34,DELIVERED,EAST
O000743,NULL,2024-12-21 20:00:14,Placed,EAST
O000744,C00076,2025-12-02 08:09:23,PLACED,SOUTH
O000745,C00076,2025-10-22 11:29:25,DELIVERED,EAST
O000746,NULL,2024-12-02 03:51:50,RETURNED,WEST
O000747,NULL,2024-05-19 18:43:23,PLACED,SOUTH
O000748,NULL,2024-12-04 10:45:03,DELIVERED,WEST
O000749,C00077,2025-03-22 23:10:36,DELIVERED,NORTH
O000750,C00077,2025-10-12 17:55:33,DELIVERED,NORTH
O000751,C00077,2024-12-13 05:52:51,DELIVERED,EAST
O000752,C00077,2026-03-25 23:05:56,PLACED,NORTH
O000753,C00077,2025-12-19 00:48:04,DELIVERED,NOR
O000754,C00077,2024-12-25 17:04:52,DELIVERED,NORTH
O000755,C00077,2024-04-12 04:24:44,DELIVERED,WEST
O000756,C00077,2026-02-10 21:59:30,CANCELLED,SOUTH
O000757,C00077,2024-07-05 20:17:10,DELIVERED,WEST
O000758,C00077,2025-10-16 15:36:17,DELIVERED,SOUTH
O000759,C00077,2025-03-25 02:38:54,Delivered,NORTH
O000760,C00077,2024-08-04 19:25:10,DELIVERED,NORTH
O000761,C00077,2024-12-22 21:01:40,RETURNED,CENTRAL
O000762,C00077,2025-10-04 02:28:01,CANCELLED,WEST
O000763,C00077,2026-04-29 03:24:07,SHIPPED,WEST
O000764,C00077,2026-03-08 03:26:41,CANCELLED,CENTRAL
O000765,C00077,2024-11-18 01:26:30,SHIPPED,WEST
O000766,C00077,2024-05-10 12:57:33,DELIVERED,NORTH
O000767,C00077,2026-02-23 00:05:03,RETURNED,EAST
O000768,C00077,2024-12-12 07:45:07,DELIVERED,NORTH
O000769,C00077,2024-10-02 00:07:48,DELIVERED,SOUTH
O000770,C00077,2025-12-15 22:58:19,DELIVERED,SOUTH
O000771,C00077,2025-03-15 16:29:43,DELIVERED,WEST
O000772,C00077,23-08-2024 15:23:26,SHIPPED,CENTRAL
O000773,,2025-09-23 16:18:03,CANCELLED,SOUTH
O000774,C00077,2026-02-18 12:47:15,CANCELLED,NORTH
O000775,C00077,2026-07-24 02:02:29,PLACED,NORTH
O000776,C00077,2025-01-20 16:44:29,DELIVERED,EAST
O000777,NULL,2024-11-24 13:57:00,DELIVERED,NORTH
O000778,C00077,2024-02-04 01:38:31,DELIVERED,NORTH
O000779,C00077,2024-02-19 00:51:29,DELIVERED,EAST
O000780,C00077,2024-04-11 11:48:44,DELIVERED,SOUTH
O000781,C00077,2024-01-05 10:18:49,PLACED,NORTH
O000782,C00077,2024-12-17 19:34:07,DELIVERED,WEST
O000783,C00077,2025-01-21 18:29:23,DELIVERED,WEST
O000784,C00077,2024-05-20 06:28:26,DELIVERED,NORTH
O000785,C00077,2024-10-07 12:33:48,DELIVERED,WEST
O000786,C00077,2024-04-19 08:05:34,SHIPPED,SOUTH
O000787,C00077,2025-10-16 09:17:40,SHIPPED,NORTH
O000788,C00077,2025-10-02 00:38:41,DELIVERED,NORTH
O000789,C00077,2025-08-05 14:40:43,DELIVERED,WEST
O000790,C00077,2025-11-06 00:52:50,DELIVERED,WEST
O000791,C00078,2025-04-24 06:30:41,DELIVERED,WEST
O000792,C00078,2025-02-04 22:14:17,DELIVERED,WEST
O000793,C00078,2025-12-11 19:38:22,DELIVERED,NORTH
O000794,C00078,2025-11-16 22:42:30,PLACED,NORTH
O000795,C00078,2024-05-23 09:11:57,CANCELLED,WEST
O000796,C00078,2024-10-16 18:33:25,SHIPPED,WEST
O000797,C00078,2024-01-22 03:47:21,DELIVERED,EAST
O000798,C00078,2024-08-16 18:48:01,DELIVERED,SOUTH
O000799,C00078,2025-12-19 23:24:55,CANCELLED,NORTH
O000800,C00078,2025-04-26 04:47:59,SHIPPED,NORTH
O000801,C00078,2025-02-20 20:59:25,DELIVERED,SOUTH
O000802,C00078,2024-10-04 04:12:09,DELIVERED,SOUTH
O000803,C00079,2024-05-11 20:03:47,SHIPPED,SOUTH
O000804,C00079,2024-10-07 17:34:24,delivered,SOUTH
O000805,C00079,2025-01-18 14:30:53,SHIPPED,CENTRAL
O000806,NULL,2024-11-20 07:21:54,RETURNED,SOUTH
O000807,C00079,2025-11-16 16:18:32,SHIPPED,EAST
O000808,C00079,2025-10-27 17:13:52,DELIVERED,SOUTH
O000809,C00079,2025-10-21 19:07:09,DELIVERED,WEST
O000810,C00079,2026-06-29 19:48:42,DELIVERED,NORTH
O000811,C00079,2024-07-25 08:49:00,DELIVERED,NORTH
O000812,C00079,2026-07-18 07:09:35,SHIPPED,NORTH
O000813,C00079,2025-10-17 07:15:36,DELIVERED,NORTH
O000814,C00079,2024-10-17 16:59:03,SHIPPED,NORTH
O000815,NULL,2024-10-03 22:33:24,PLACED,WEST
O000816,C00079,2026-01-16 23:15:17,DELIVERED,WEST
O000817,C00079,2024-12-10 10:41:15,PLACED,WEST
O000818,C00079,2024-08-02 18:26:03,DELIVERED,SOUTH
O000819,C00079,2026-11-09 00:00:00,DELIVERED,NOR
O000820,C00079,2025-12-13 13:17:05,DELIVERED,SOUTH
O000821,C00079,15-12-2024 04:58:54,DELIVERED,EAST
O000822,C00079,2025-10-17 19:00:23,DELIVERED,NORTH
O000823,C00079,2025-09-21 13:03:15,DELIVERED,WEST
O000824,C00079,2024-07-02 19:02:19,DELIVERED,NORTH
O000825,C00079,2024-10-07 13:37:55,RETURNED,WEST
O000826,C00079,2024-07-25 03:27:13,DELIVERED,WEST
O000827,C00079,2025-08-13 12:39:44,PLACED,EAST
O000828,C00079,2024-11-12 10:32:20,DELIVERED,SOUTH
O000829,C00079,2024-10-14 04:45:34,DELIVERED,NORTH
O000830,C00079,2024-08-02 00:28:00,RETURNED,WEST
O000831,C00079,2025-02-14 15:04:43,SHIPPED,SOUTH
O000832,C00079,2024-03-11 11:34:10,DELIVERED,EAST
O000833,C00079,2026-06-11 11:45:20,DELIVERED,EAST
O000834,C00079,2025-12-14 14:06:48,DELIVERED,WEST
O000835,C00079,2026-09-21 00:00:00,RETURNED,NORTH
O000836,C00079,2024-05-19 22:46:43,RETURNED,SOUTH
O000837,C00080,2025-12-21 22:48:03,DELIVERED,EAST
O000838,C00080,2024-05-13 20:47:11,PLACED,CENTRAL
O000839,C00080,2026-06-03 16:56:30,DELIVERED,South
O000840,C00080,2024-12-19 09:35:45,SHIPPED,WEST
O000841,C00080,2025-10-02 05:08:03,DELIVERED,EAST
O000842,C00080,2026-03-10 12:18:11,DELIVERED,NORTH
O000843,C00080,2024-02-25 04:20:38,DELIVERED,NORTH
O000844,C00080,2025-04-06 00:23:04,DELIVERED,SOUTH
O000845,NULL,2024-11-17 01:25:55,DELIVERED,WEST
O000846,C00080,2025-04-10 08:59:32,CANCELLED,NORTH
O000847,NULL,2025-04-07 19:05:12,DELIVERED,WEST
O000848,C00080,2025-11-20 10:22:05,SHIPPED,WEST
O000849,C00080,02-10-2025 15:40:44,SHIPPED,CENTRAL
O000850,C00080,2026-02-27 09:21:30,PLACED,NORTH
O000851,C00080,2024-03-24 20:38:50,DELIVERED,EAST
O000852,C00080,2025-02-20 09:36:01,PLACED,NORTH
O000853,C00080,2025-10-01 05:55:26,DELIVERED,EAST
O000854,C00080,2025-06-23 02:00:42,DELIVERED,WEST
O000855,C00080,2025-10-25 14:45:12,RETURNED,WEST
O000856,C00080,2024-12-25 02:03:00,SHIPPED,SOUTH
O000857,NULL,2026-11-27 00:00:00,SHIPPED,WEST
O000858,C00080,2024-12-10 20:39:58,RETURNED,NORTH
O000859,NULL,2024-11-22 18:21:09,DELIVERED,central
O000860,C00080,2025-10-27 14:38:14,PLACED,WEST
O000861,C00080,2025-01-10 08:50:22,SHIPPED,NORTH
O000862,C00080,2025-04-21 12:43:15,Shipped,WEST
O000863,C00080,2025-06-03 02:55:12,DELIVERED,NORTH
O000864,C00080,2025-10-10 03:29:34,DELIVERED,SOUTH
O000865,C00080,2025-10-03 00:47:50,DELIVERED,NOR
O000866,C00080,2025-10-05 03:12:28,RETURNED,WEST
O000867,C00081,2024-01-11 02:09:34,RETURNED,SOUTH
O000868,C00081,2026-04-23 13:38:23,PLACED,WEST
O000869,C00082,2024-12-24 18:15:35,RETURNED,EAST
O000870,C00082,2026-03-19 19:38:23,RETURNED,NORTH
O000871,C00082,2026-10-17 00:00:00,PLACED,SOUTH
O000872,C00082,2026-03-25 16:16:35,DELIVERED,WEST
O000873,C00082,2026-02-20 14:09:13,DELIVERED,EAST
O000874,C00082,2025-12-31 19:28:03,DELIVERED,SOUTH
O000875,C00082,2026-01-13 17:06:05,SHIPPED,NORTH
O000876,C00082,2026-06-22 22:13:30,DELIVERED,EAST
O000877,C00082,2024-08-02 12:49:11,PLACED,WEST
O000878,C00082,2024-12-21 04:15:35,PLACED,CENTRAL
O000879,C00082,2026-03-26 09:42:49,CANCELLED,SOUTH
O000880,C00082,2024-01-21 06:22:53,DELIVERED,NORTH
O000881,C00082,2025-11-12 04:44:56,RETURNED,WEST
O000882,C00082,2025-09-24 11:57:01,DELIVERED,SOUTH
O000883,C00082,2025-12-10 19:08:23,DELIVERED,SOUTH
O000884,C00082,2026-07-18 07:04:12,CANCELLED,NORTH
O000885,C00082,24-12-2024 16:13:07,CANCELLED,NORTH
O000886,C00082,2024-08-22 07:33:53,SHIPPED,WEST
O000887,C00082,2025-07-26 13:26:58,DELIVERED,EAST
O000888,C00082,2025-10-03 18:32:51,DELIVERED,NORTH
O000889,C00083,2025-08-31 04:47:00,SHIPPED,WES
O000890,C00083,2024-09-16 20:27:27,SHIPPED,NORTH
O000891,C00083,2024-11-22 04:58:53,DELIVERED,NORTH
O000892,C00083,2024-03-02 00:52:00,CANCELLED,SOUTH
O000893,C00084,2025-04-28 07:56:59,DELIVERED,NORTH
O000894,C00084,2024-07-27 03:03:29,DELIVERED,EAST
O000895,C00085,2024-12-15 09:21:31,PLACED,NORTH
O000896,C00085,01-04-2026 18:37:26,DELIVERED,SOUTH
O000897,C00085,2025-02-21 04:45:14,DELIVERED,CENTRAL
O000898,C00086,2025-07-14 00:08:18,CANCELLED,WEST
O000899,C00086,2025-08-16 21:27:59,DELIVERED,NORTH
O000900,C00086,2024-01-13 07:15:15,RETURNED,NORTH
O000901,C00086,2026-07-14 18:25:23,DELIVERED,WEST
O000902,C00086,2024-01-22 01:02:25,DELIVERED,CENTRAL
O000903,C00086,2025-03-20 03:41:32,DELIVERED,SOUTH
O000904,C00086,2024-06-29 17:36:58,DELIVERED,WEST
O000905,C00086,2024-12-17 02:05:41,PLACED,SOUTH
O000906,C00086,2025-07-07 10:37:42,DELIVERED,NORTH
O000907,C00086,2024-10-12 21:17:47,DELIVERED,EAST
O000908,C00087,2025-10-21 05:55:41,DELIVERED,SOUTH
O000909,C00087,2025-12-19 22:24:02,DELIVERED,WEST
O000910,C00087,2024-03-13 10:54:54,SHIPPED,WEST
O000911,NULL,2025-05-20 14:54:35,PLACED,EAST
O000912,C00088,15-11-2024 21:54:12,CANCELLED,NORTH
O000913,C00088,2026-04-01 21:46:40,SHIPPED,NORTH
O000914,C00088,2024-12-25 12:11:58,DELIVERED,SOUTH
O000915,C00088,2025-07-01 04:47:25,RETURNED,NORTH
O000916,C00088,2024-12-18 09:11:13,Delivered,EAST
O000917,C00088,2024-12-10 22:58:44,DELIVERED,CENTRAL
O000918,C00088,2024-12-15 01:32:11,DELIVERED,EAST
O000919,C00089,2025-10-05 12:06:22,SHIPPED,SOUTH
O000920,C00090,2026-02-04 20:11:26,DELIVERED,EAST
O000921,C00090,2025-05-18 19:13:19,CANCELLED,CENTRAL
O000922,C00091,2026-02-28 16:58:12,DELIVERED,WEST
O000923,C00091,2024-08-27 16:05:13,DELIVERED,CENTRAL
O000924,C00092,2025-10-12 20:03:57,DELIVERED,NORTH
O000925,,2024-11-13 21:50:31,DELIVERED,WEST
O000926,C00092,2025-10-01 21:04:14,DELIVERED,WEST
O000927,C00092,2025-07-21 14:10:04,DELIVERED,NORTH
O000928,C00093,2024-04-14 12:51:25,PLACED,EAST
O000929,C00093,2024-01-27 06:20:17,DELIVERED,WEST
O000930,C00093,2024-10-14 04:11:00,PLACED,CENTRAL
O000931,C00093,2025-10-05 23:42:05,SHIPPED,EAST
O000932,C00093,2026-05-30 01:45:01,DELIVERED,NORTH
O000933,C00093,2024-05-04 02:59:48,DELIVERED,SOUTH
O000934,C00093,2025-12-18 13:22:15,DELIVERED,SOUTH
O000935,C00094,2025-08-16 18:36:48,DELIVERED,SOUTH
O000936,C00094,2024-10-04 18:04:22,DELIVERED,WEST
O000937,C00094,11-09-2026 00:00:00,DELIVERED,NORTH
O000938,C00094,2025-09-14 19:08:45,DELIVERED,WEST
O000939,C00094,2025-10-24 17:56:04,PLACED,NORTH
O000940,C00094,2024-02-28 11:08:11,DELIVERED,WEST
O000941,C00094,2026-05-28 08:51:25,SHIPPED,SOUTH
O000942,C00094,2024-10-05 10:47:05,DELIVERED,WEST
O000943,C00094,2025-12-10 16:39:54,DELIVERED,WEST
O000944,C00094,2025-11-28 09:47:14,RETURNED,WEST
O000945,C00094,2025-01-11 15:29:29,DELIVERED,WEST
O000946,C00094,2024-01-27 16:22:30,DELIVERED,NORTH
O000947,C00094,2026-07-29 12:23:33,DELIVERED,SOUTH
O000948,C00094,2025-02-22 19:44:30,CANCELLED,WEST
O000949,C00094,2025-10-16 10:19:57,DELIVERED,NORTH
O000950,C00094,2024-10-08 00:02:19,RETURNED,WEST
O000951,C00094,2024-08-07 17:05:03,DELIVERED,EAST
O000952,C00094,2025-07-07 09:33:14,DELIVERED,EAST
O000953,C00095,2024-05-02 12:54:28,DELIVERED,NORTH
O000954,C00095,2025-10-03 02:14:59,DELIVERED,EAST
O000955,C00095,2024-07-29 20:27:02,DELIVERED,NORTH
O000956,C00095,2025-12-19 13:32:47,DELIVERED,NORTH
O000957,C00095,2025-05-02 11:02:05,DELIVERED,CENTRAL
O000958,C00095,2024-05-19 07:09:41,DELIVERED,NORTH
O000959,NULL,2025-10-05 07:34:50,SHIPPED,CENTRAL
O000960,C00095,2025-11-24 05:12:12,SHIPPED,NORTH
O000961,,30-11-2024 19:24:02,SHIPPED,WEST
O000962,C00095,2025-11-12 00:28:54,DELIVERED,NORTH
O000963,C00095,2025-10-02 02:57:11,DELIVERED,NORTH
O000964,,2025-11-03 18:51:47,DELIVERED,NORTH
O000965,C00096,2025-10-15 23:26:58,DELIVERED,EAST
O000966,C00096,2026-02-08 06:06:17,DELIVERED,EAST
O000967,C00096,2025-12-18 07:34:55,DELIVERED,EAST
O000968,C00096,2024-12-26 22:21:24,RETURNED,NORTH
O000969,C00096,2024-11-19 02:50:11,SHIPPED,WEST
O000970,C00096,2025-12-20 01:42:58,PLACED,NORTH
O000971,C00096,2024-12-16 08:33:53,DELIVERED,NORTH
O000972,C00096,2024-06-18 22:25:41,DELIVERED,NORTH
O000973,C00096,2024-09-11 01:34:39,SHIPPED,SOUTH
O000974,C00096,2025-10-07 23:47:00,DELIVERED,EAST
O000975,C00096,2025-12-20 18:59:21,PLACED,SOUTH
O000976,C00096,2024-04-20 20:55:12,DELIVERED,WEST
O000977,C00096,2024-11-20 23:39:21,DELIVERED,WEST
O000978,C00096,2024-10-12 18:09:01,PLACED,NORTH
O000979,C00096,2024-09-01 22:17:09,RETURNED,SOUTH
O000980,C00096,2025-11-25 21:44:37,DELIVERED,WEST
O000981,C00096,2024-10-06 10:36:48,DELIVERED,SOUTH
O000982,C00096,2024-12-04 07:41:34,DELIVERED,SOUTH
O000983,C00097,2024-10-27 05:50:04,RETURNED,WEST
O000984,C00097,2026-04-12 07:31:47,SHIPPED,WEST
O000985,C00097,2025-08-28 00:14:54,Delivered,NORTH
O000986,C00097,2026-02-12 08:22:25,DELIVERED,SOUTH
O000987,C00097,2025-09-12 06:49:33,DELIVERED,NORTH
O000988,C00097,2025-11-08 11:41:02,PLACED,NORTH
O000989,C00098,2024-06-24 04:17:31,RETURNED,SOUTH
O000990,C00098,2025-11-24 15:13:48,DELIVERED,WEST
O000991,C00098,2026-03-08 23:38:57,PLACED,WEST
O000992,C00099,2026-10-19 00:00:00,SHIPPED,EAS
O000993,C00099,08-11-2024 16:57:15,DELIVERED,EAST
O000994,C00100,2025-12-23 13:10:52,SHIPPED,CENTRAL
O000995,C00101,2024-11-12 15:57:12,PLACED,NORTH
O000996,C00101,2025-09-17 05:55:54,DELIVERED,NORTH
O000997,C00101,2024-10-08 22:38:09,CANCELLED,NORTH
O000998,C00101,2024-04-08 08:01:14,DELIVERED,WEST
O000999,C00102,2024-03-08 11:53:13,delivered,EAST
O001000,C00102,2024-12-05 14:38:28,DELIVERED,WEST
O001001,C00102,2025-01-18 14:57:23,SHIPPED,CENTRAL
O001002,C00102,2025-11-12 22:52:25,DELIVERED,NORTH
O001003,C00103,2026-07-10 11:13:37,SHIPPED,WEST
O001004,C00103,2025-04-07 17:04:56,DELIVERED,NORTH
O001005,C00103,2025-04-18 01:03:36,DELIVERED,WEST
O001006,C00103,2025-11-18 11:43:39,CANCELLED,WEST
O001007,C00103,2025-11-08 09:53:29,DELIVERED,WEST
O001008,C00103,2024-11-10 10:00:50,delivered,NORTH
O001009,C00103,2025-10-15 01:25:25,DELIVERED,WEST
O001010,C00103,2027-01-15 00:00:00,DELIVERED,WEST
O001011,C00103,2025-01-03 02:33:12,DELIVERED,WEST
O001012,C00103,2024-01-23 15:10:03,RETURNED,NORTH
O001013,C00103,2025-09-18 12:00:15,DELIVERED,EAST
O001014,C00103,2024-05-30 19:49:47,DELIVERED,EAST
O001015,C00103,2026-06-03 15:50:10,RETURNED,WEST
O001016,C00103,2024-02-24 05:53:32,DELIVERED,NORTH
O001017,C00103,2025-10-20 19:02:25,DELIVERED,EAST
O001018,C00103,2024-11-05 04:07:20,DELIVERED,WEST
O001019,C00103,07-10-2024 20:42:50,RETURNED,NORTH
O001020,C00103,2025-11-13 09:34:18,DELIVERED,NORTH
O001021,C00103,2024-11-01 15:53:05,SHIPPED,EAST
O001022,C00103,2024-11-05 21:11:05,DELIVERED,SOUTH
O001023,C00103,2024-08-31 23:21:28,DELIVERED,WEST
O001024,C00103,2025-10-06 18:42:19,DELIVERED,NORTH
O001025,C00103,2024-05-10 12:59:31,DELIVERED,NORTH
O001026,C00103,2025-11-09 15:14:48,DELIVERED,SOUTH
O001027,C00104,2025-10-12 18:19:44,DELIVERED,NORTH
O001028,C00104,2026-04-10 00:43:45,DELIVERED,NORTH
O001029,C00104,2026-03-20 14:27:47,PLACED,WEST
O001030,C00104,2024-04-16 03:03:23,SHIPPED,WEST
O001031,C00104,2025-05-01 22:40:14,DELIVERED,EAST
O001032,C00104,2026-03-06 03:26:41,DELIVERED,NORTH
O001033,C00104,2024-05-16 02:47:51,SHIPPED,WEST
O001034,C00104,2024-11-05 18:38:36,DELIVERED,NORTH
O001035,C00104,2024-02-15 00:56:33,DELIVERED,WEST
O001036,C00105,2025-06-12 18:18:37,DELIVERED,EAST
O001037,C00105,2025-12-17 16:19:39,DELIVERED,WEST
O001038,C00105,2026-01-31 14:53:58,DELIVERED,SOUTH
O001039,C00105,2024-10-15 23:37:29,DELIVERED,EAST
O001040,C00105,2025-12-02 22:18:31,DELIVERED,EAST
O001041,C00105,2024-11-26 06:27:31,CANCELLED,NORTH
O001042,C00105,2025-11-28 17:07:49,DELIVERED,NORTH
O001043,C00105,2024-02-05 04:58:19,CANCELLED,SOUTH
O001044,C00106,2026-06-15 11:33:23,DELIVERED,NORTH
O001045,,2025-05-01 08:30:16,DELIVERED,NORTH
O001046,C00106,2024-12-13 00:47:47,PLACED,EAST
O001047,C00106,2026-01-06 19:34:47,SHIPPED,NORTH
O001048,C00106,2026-04-11 02:40:26,PLACED,EAST
O001049,C00106,2024-11-16 22:00:45,DELIVERED,NORTH
O001050,C00106,2025-10-07 22:22:32,DELIVERED,North
O001051,C00106,2025-10-30 07:05:09,DELIVERED,NORTH
O001052,C00106,2026-06-27 10:17:48,RETURNED,NORTH
O001053,C00106,2024-03-07 03:46:15,DELIVERED,NORTH
O001054,C00106,2025-08-10 12:42:09,SHIPPED,SOUTH
O001055,C00106,2025-10-02 08:15:10,DELIVERED,NORTH
O001056,C00106,2025-11-27 08:02:23,DELIVERED,central
O001057,C00106,2024-11-19 22:35:06,SHIPPED,SOUTH
O001058,C00106,2026-06-18 11:07:03,PLACED,SOUTH
O001059,C00106,2024-01-06 13:59:09,DELIVERED,WEST
O001060,C00106,2025-06-28 15:30:06,DELIVERED,EAST
O001061,C00106,2025-12-05 12:10:51,DELIVERED,WEST
O001062,C00106,2025-11-25 23:49:53,DELIVERED,NORTH
O001063,C00106,2025-11-19 11:13:34,DELIVERED,NORTH
O001064,C00106,2025-10-08 22:00:38,DELIVERED,SOUTH
O001065,C00106,2024-11-05 11:16:50,DELIVERED,EAST
O001066,C00106,2025-07-07 04:21:03,Delivered,SOUTH
O001067,C00106,2024-10-09 11:49:15,DELIVERED,NORTH
O001068,C00106,2025-12-15 00:37:46,CANCELLED,WEST
O001069,C00106,27-11-2024 09:50:09,DELIVERED,NORTH
O001070,C00106,2024-03-21 04:26:50,PLACED,NOR
O001071,C00106,2024-09-20 19:54:57,PLACED,SOUTH
O001072,C00106,2024-07-29 13:22:13,DELIVERED,NORTH
O001073,,2024-10-16 07:08:21,DELIVERED,WEST
O001074,C00106,2025-12-02 08:03:32,DELIVERED,SOUTH
O001075,C00106,2025-11-05 05:07:01,DELIVERED,WEST
O001076,C00106,2026-06-03 15:43:54,Delivered,NORTH
O001077,C00106,2024-08-12 18:47:51,DELIVERED,NORTH
O001078,C00106,2024-01-24 22:01:57,DELIVERED,CENTRAL
O001079,C00106,2024-01-27 10:27:50,DELIVERED,NORTH
O001080,C00106,2024-11-21 20:22:20,PLACED,EAST
O001081,NULL,2024-11-12 22:22:37,SHIPPED,NORTH
O001082,C00106,2024-05-21 05:41:54,CANCELLED,SOUTH
O001083,C00106,2025-01-31 14:14:46,CANCELLED,NORTH
O001084,C00106,2024-01-16 00:35:02,PLACED,WEST
O001085,C00106,2026-05-27 00:08:25,DELIVERED,WEST
O001086,C00106,2026-04-01 21:46:30,SHIPPED,SOUTH
O001087,C00107,2024-12-24 00:13:02,DELIVERED,WEST
O001088,C00107,2026-03-30 21:12:58,delivered,CENTRAL
O001089,C00108,2024-08-18 12:10:16,RETURNED,NORTH
O001090,C00108,2025-08-08 11:58:33,DELIVERED,NOR
O001091,C00108,2026-06-01 13:21:06,DELIVERED,CENTRAL
O001092,C00108,2024-08-24 12:58:00,RETURNED,WEST
O001093,C00108,2025-12-15 07:44:48,DELIVERED,NORTH
O001094,C00108,2026-04-30 16:29:55,PLACED,WEST
O001095,C00108,2025-03-06 19:36:45,PLACED,CENTRAL
O001096,C00108,2024-11-03 21:38:35,SHIPPED,SOUTH
O001097,C00108,2025-12-01 02:23:13,PLACED,CENTRAL
O001098,C00108,2025-11-14 14:09:45,RETURNED,EAST
O001099,C00108,2024-05-22 07:10:33,SHIPPED,EAST
O001100,C00108,2025-10-02 16:22:32,RETURNED,SOUTH
O001101,C00109,2024-09-05 04:38:09,PLACED,NORTH
O001102,C00109,2024-08-04 16:32:07,DELIVERED,WEST
O001103,C00109,2025-06-21 10:00:33,DELIVERED,NORTH
O001104,C00109,2025-11-14 00:03:05,PLACED,EAST
O001105,C00109,2024-12-24 20:27:04,DELIVERED,NORTH
O001106,C00109,2025-05-20 00:41:32,RETURNED,NORTH
O001107,C00109,2025-04-19 12:25:48,DELIVERED,SOUTH
O001108,,2024-06-15 07:53:36,DELIVERED,WEST
O001109,C00110,2024-08-19 07:25:22,PLACED,WEST
O001110,C00110,2024-12-22 04:52:29,PLACED,WEST
O001111,C00110,2025-09-13 16:08:26,PLACED,EAST
O001112,C00110,2026-04-27 20:03:50,DELIVERED,EAST
O001113,C00110,2024-11-18 15:22:28,SHIPPED,WEST
O001114,C00110,2024-10-08 10:55:17,DELIVERED,NORTH
O001115,C00110,2024-11-26 20:27:53,DELIVERED,NORTH
O001116,C00110,2025-03-05 09:23:47,SHIPPED,WEST
O001117,,2024-05-04 18:05:37,DELIVERED,NORTH
O001118,C00110,2026-02-16 09:51:34,PLACED,WEST
O001119,NULL,2025-11-09 00:22:54,PLACED,NORTH
O001120,C00110,2024-05-07 18:56:22,SHIPPED,NORTH
O001121,C00110,2024-01-07 12:15:44,DELIVERED,WEST
O001122,C00110,2024-10-23 06:06:38,RETURNED,NORTH
O001123,C00110,2024-11-22 00:01:16,SHIPPED,WEST
O001124,C00110,2026-05-11 19:32:38,DELIVERED,EAST
O001125,C00110,2024-03-20 02:45:12,DELIVERED,WEST
O001126,C00110,2024-01-15 15:24:40,DELIVERED,NORTH
O001127,C00110,2024-09-15 14:22:07,delivered,SOUTH
O001128,C00110,2024-11-04 13:06:27,DELIVERED,NORTH
O001129,C00110,2026-07-02 13:09:39,DELIVERED,WEST
O001130,C00110,2026-11-11 00:00:00,DELIVERED,NORTH
O001131,C00110,2024-01-23 21:11:31,SHIPPED,NORTH
O001132,C00110,2024-11-19 01:50:24,DELIVERED,South
O001133,C00111,2024-10-19 11:44:47,PLACED,WEST
O001134,C00111,2024-10-16 00:13:12,DELIVERED,EAST
O001135,C00111,2024-06-23 18:32:10,DELIVERED,WEST
O001136,C00111,14-12-2024 19:51:51,PLACED,EAST
O001137,C00111,2026-05-04 11:19:54,DELIVERED,EAST
O001138,C00111,2025-12-03 02:00:20,RETURNED,SOUTH
O001139,C00111,2026-06-28 02:07:41,DELIVERED,NORTH
O001140,C00111,2024-07-31 12:51:37,DELIVERED,NORTH
O001141,C00111,2026-02-12 05:29:06,DELIVERED,NORTH
O001142,C00111,2024-09-06 18:10:10,DELIVERED,SOUTH
O001143,NULL,2025-10-18 21:02:47,PLACED,WEST
O001144,C00111,2024-07-09 07:14:40,DELIVERED,SOUTH
O001145,C00111,2024-12-02 08:11:27,DELIVERED,EAST
O001146,C00111,2025-12-28 10:45:29,SHIPPED,SOUTH
O001147,C00111,2024-08-17 03:13:11,DELIVERED,WEST
O001148,C00111,2025-12-07 04:30:04,SHIPPED,EAST
O001149,C00111,2025-07-10 08:13:23,DELIVERED,WEST
O001150,C00111,2024-02-16 22:17:36,CANCELLED,NORTH
O001151,C00111,2025-10-09 00:22:50,DELIVERED,WEST
O001152,C00111,2025-05-23 13:18:30,DELIVERED,SOUTH
O001153,C00111,2024-03-30 17:56:01,DELIVERED,NORTH
O001154,C00111,2024-10-27 16:16:09,DELIVERED,SOUTH
O001155,C00111,2024-09-29 12:55:18,DELIVERED,EAST
O001156,C00111,2024-07-06 11:43:27,DELIVERED,EAST
O001157,C00111,2025-12-18 07:02:23,DELIVERED,EAST
O001158,C00111,2024-12-14 18:50:35,SHIPPED,WEST
O001159,C00112,2024-04-20 23:57:20,RETURNED,NORTH
O001160,C00112,2024-03-02 02:36:51,DELIVERED,NORTH
O001161,C00112,2025-11-19 07:54:07,DELIVERED,NORTH
O001162,C00112,2026-05-24 07:30:42,DELIVERED,NORTH
O001163,C00113,2024-12-20 07:08:29,DELIVERED,EAST
O001164,C00113,2025-06-24 16:40:47,DELIVERED,EAST
O001165,C00113,2025-05-29 09:20:05,DELIVERED,NORTH
O001166,,2026-06-29 21:59:05,DELIVERED,EAST
O001167,,2025-07-18 12:05:02,placed,WEST
O001168,C00113,2024-10-06 02:57:23,SHIPPED,NORTH
O001169,C00113,06-10-2024 11:12:15,DELIVERED,SOUTH
O001170,C00113,2025-06-18 11:12:19,DELIVERED,NORTH
O001171,C00113,2024-02-21 20:52:43,DELIVERED,SOUTH
O001172,C00113,2024-10-06 09:54:15,PLACED,NORTH
O001173,C00114,2024-12-24 01:20:36,DELIVERED,EAST
O001174,C00114,2026-07-18 15:37:07,DELIVERED,NORTH
O001175,C00114,2024-11-03 17:15:10,DELIVERED,NORTH
O001176,C00114,2025-02-20 15:17:02,DELIVERED,NORTH
O001177,C00114,2024-04-28 01:59:22,DELIVERED,WEST
O001178,C00114,2024-08-22 19:05:07,DELIVERED,EAST
O001179,C00114,2025-10-23 08:07:13,PLACED,SOUTH
O001180,C00114,2025-05-04 23:09:08,DELIVERED,SOUTH
O001181,C00114,2025-05-08 16:15:30,SHIPPED,NORTH
O001182,C00114,2025-11-19 14:40:08,DELIVERED,NORTH
O001183,C00114,2025-01-02 00:40:19,DELIVERED,SOUTH
O001184,C00114,2024-01-12 12:46:26,DELIVERED,EAST
O001185,C00114,2024-10-19 18:35:27,PLACED,SOUTH
O001186,C00114,2025-03-03 02:23:55,DELIVERED,WEST
O001187,C00114,2024-09-23 21:01:40,DELIVERED,SOU
O001188,C00114,2025-10-22 18:49:10,DELIVERED,NORTH
O001189,C00114,2026-05-12 20:38:42,DELIVERED,NORTH
O001190,C00114,2025-09-22 06:53:50,SHIPPED,WEST
O001191,C00114,2024-10-28 05:50:10,DELIVERED,SOUTH
O001192,NULL,2025-09-04 17:00:21,Delivered,EAST
O001193,C00114,2025-10-30 11:03:59,delivered,WEST
O001194,C00114,2026-06-12 02:36:06,DELIVERED,NORTH
O001195,C00114,28-11-2024 00:44:02,DELIVERED,NORTH
O001196,C00114,2025-10-16 13:55:08,Returned,NORTH
O001197,C00114,2024-11-27 13:42:09,DELIVERED,WES
O001198,C00114,2024-11-10 04:12:45,DELIVERED,NORTH
O001199,C00114,2025-08-26 07:09:57,RETURNED,EAST
O001200,C00114,2025-10-20 01:52:17,DELIVERED,west
O001201,C00114,2026-02-07 01:05:58,DELIVERED,NORTH
O001202,C00114,2025-02-18 03:53:34,SHIPPED,SOUTH
O001203,C00114,2025-08-26 20:34:33,PLACED,NORTH
O001204,C00114,2025-08-10 23:30:53,PLACED,NORTH
O001205,C00115,2024-10-20 10:14:32,DELIVERED,NORTH
O001206,NULL,2024-10-19 07:30:34,DELIVERED,WEST
O001207,C00115,2025-11-07 14:03:25,DELIVERED,NORTH
O001208,C00115,2025-12-27 00:12:49,DELIVERED,EAST
O001209,C00115,2025-04-06 06:31:31,DELIVERED,NORTH
O001210,C00115,2024-09-16 07:52:06,DELIVERED,WEST
O001211,C00115,2024-02-01 17:49:47,RETURNED,EAST
O001212,C00115,2025-11-19 16:15:13,SHIPPED,WEST
O001213,C00115,2026-05-01 06:41:01,DELIVERED,EAST
O001214,C00116,2026-03-06 05:02:34,SHIPPED,SOUTH
O001215,C00117,2024-11-14 20:07:58,SHIPPED,WEST
O001216,C00117,2025-09-13 01:48:30,DELIVERED,EAST
O001217,C00117,2024-08-03 22:15:18,DELIVERED,SOUTH
O001218,C00117,2025-09-15 15:59:16,SHIPPED,SOUTH
O001219,C00117,2024-11-07 18:37:11,DELIVERED,WEST
O001220,C00117,2024-11-23 10:56:49,DELIVERED,NORTH
O001221,C00117,2025-02-11 15:31:21,SHIPPED,WEST
O001222,C00117,2024-12-25 07:20:19,SHIPPED,WEST
O001223,C00117,2025-08-13 21:38:41,DELIVERED,NORTH
O001224,C00117,2025-02-25 20:16:51,DELIVERED,EAST
O001225,C00117,2024-04-27 01:03:12,DELIVERED,WEST
O001226,C00117,2024-12-10 13:04:46,DELIVERED,EAST
O001227,C00117,2025-01-27 09:31:35,SHIPPED,WEST
O001228,C00117,2025-10-04 15:03:59,PLACED,NORTH
O001229,C00117,2026-03-15 00:49:57,DELIVERED,WEST
O001230,C00117,2024-09-27 01:43:07,DELIVERED,CENTRAL
O001231,C00117,2024-12-17 21:37:21,DELIVERED,WES
O001232,C00117,2026-07-20 19:41:08,DELIVERED,NORTH
O001233,C00117,2024-01-27 00:13:38,DELIVERED,EAST
O001234,C00117,2025-02-14 23:36:31,DELIVERED,SOUTH
O001235,,2026-01-22 17:26:38,DELIVERED,CENTRAL
O001236,C00117,2025-10-14 19:01:37,DELIVERED,NORTH
O001237,C00117,2025-09-21 06:04:07,DELIVERED,WEST
O001238,C00117,2025-01-11 08:58:00,DELIVERED,NORTH
O001239,C00117,2026-02-17 15:17:21,DELIVERED,north
O001240,C00117,2025-02-26 12:02:50,SHIPPED,WEST
O001241,C00117,2025-11-23 12:26:09,PLACED,WEST
O001242,C00117,2025-09-25 10:07:11,DELIVERED,CENTRAL
O001243,C00117,2024-09-27 13:53:09,DELIVERED,NORTH
O001244,C00117,2024-01-18 05:04:43,RETURNED,WEST
O001245,C00117,2024-12-24 19:50:46,DELIVERED,WEST
O001246,C00117,2025-12-01 12:15:16,PLACED,NORTH
O001247,C00117,2025-01-25 15:25:55,SHIPPED,NORTH
O001248,C00117,2024-11-01 00:00:57,DELIVERED,WEST
O001249,C00117,2024-04-14 14:34:17,SHIPPED,NORTH
O001250,C00117,2025-10-01 06:33:51,DELIVERED,NORTH
O001251,C00117,2025-05-23 07:49:54,DELIVERED,NORTH
O001252,C00117,2024-10-17 05:14:21,CANCELLED,CENTRAL
O001253,C00117,2026-05-17 21:49:12,DELIVERED,SOUTH
O001254,C00117,2024-02-22 17:56:33,Shipped,SOUTH
O001255,C00117,2025-11-27 19:53:53,DELIVERED,WEST
O001256,C00118,2024-01-11 10:49:18,DELIVERED,NORTH
O001257,C00118,2026-01-19 00:17:50,PLACED,WEST
O001258,C00118,2025-10-08 13:05:48,SHIPPED,WEST
O001259,C00118,2024-04-20 06:25:30,DELIVERED,SOUTH
O001260,C00118,2025-04-27 08:36:38,PLACED,WEST
O001261,C00118,2025-10-08 04:57:46,PLACED,NORTH
O001262,C00118,2024-04-28 09:33:03,DELIVERED,SOUTH
O001263,C00118,2024-05-19 13:02:46,DELIVERED,NORTH
O001264,C00118,20-10-2025 02:35:50,DELIVERED,SOUTH
O001265,C00119,2025-12-12 07:38:42,Delivered,NORTH
O001266,C00119,2024-01-20 13:48:59,DELIVERED,CENTRAL
O001267,C00119,2026-04-28 01:48:32,DELIVERED,WEST
O001268,C00119,2024-03-02 23:47:16,DELIVERED,NORTH
O001269,C00119,21-11-2025 23:56:38,SHIPPED,NORTH
O001270,C00119,2025-12-20 06:55:13,SHIPPED,WEST
O001271,C00119,2024-12-17 01:48:49,CANCELLED,CENTRAL
O001272,C00119,2024-12-23 19:05:34,CANCELLED,NORTH
O001273,C00119,2024-08-13 15:39:51,DELIVERED,WEST
O001274,C00119,2025-01-09 07:58:08,DELIVERED,WEST
O001275,C00119,2024-08-15 22:51:57,DELIVERED,CENTRAL
O001276,C00119,2025-12-23 01:55:34,DELIVERED,WEST
O001277,C00120,2026-06-08 00:42:06,RETURNED,WEST
O001278,C00120,2024-10-06 07:30:13,RETURNED,CENTRAL
O001279,C00120,2026-04-10 12:05:58,DELIVERED,NORTH
O001280,C00120,2025-05-28 15:18:19,DELIVERED,EAST
O001281,C00121,2024-05-16 06:48:44,DELIVERED,NORTH
O001282,,2024-10-02 23:15:40,DELIVERED,NORTH
O001283,C00121,2026-06-02 00:22:17,SHIPPED,NORTH
O001284,C00121,2025-10-05 14:22:58,DELIVERED,CENTRAL
O001285,C00121,2025-11-24 17:38:18,PLACED,SOUTH
O001286,C00121,2025-08-27 17:46:12,RETURNED,SOUTH
O001287,C00121,2024-09-17 18:47:44,DELIVERED,NORTH
O001288,C00121,2025-10-26 13:53:08,DELIVERED,NORTH
O001289,C00121,2024-01-25 21:50:39,DELIVERED,NORTH
O001290,C00121,2024-04-15 09:41:20,PLACED,NORTH
O001291,C00121,2025-12-02 11:08:11,DELIVERED,NORTH
O001292,C00121,2025-07-21 13:51:50,RETURNED,WEST
O001293,C00121,2026-06-08 14:40:00,DELIVERED,WEST
O001294,C00121,2025-09-20 13:10:04,SHIPPED,EAST
O001295,,2026-05-19 06:08:19,DELIVERED,NORTH
O001296,C00121,2026-01-12 23:08:57,DELIVERED,SOUTH
O001297,C00121,2024-12-12 13:31:15,DELIVERED,NORTH
O001298,C00121,2025-11-09 01:11:55,SHIPPED,SOUTH
O001299,C00121,2026-07-11 08:12:22,RETURNED,SOUTH
O001300,,2024-03-13 14:22:24,PLACED,NORTH
O001301,C00122,2024-12-09 09:08:13,DELIVERED,WEST
O001302,C00122,2025-05-13 18:48:32,DELIVERED,NORTH
O001303,C00122,2026-12-08 00:00:00,SHIPPED,SOUTH
O001304,C00122,2024-08-21 20:49:48,SHIPPED,WEST
O001305,C00122,2024-02-22 11:02:00,DELIVERED,WEST
O001306,C00122,2025-01-04 18:46:55,SHIPPED,NORTH
O001307,C00122,2024-12-16 22:19:46,DELIVERED,WEST
O001308,C00122,2025-10-26 22:01:36,PLACED,east
O001309,C00122,2025-10-26 16:42:22,RETURNED,CENTRAL
O001310,C00123,2025-02-19 04:23:27,SHIPPED,CENTRAL
O001311,C00123,2026-01-22 11:56:12,DELIVERED,NORTH
O001312,C00123,2025-10-25 17:00:34,Delivered,WEST
O001313,C00123,2025-11-10 06:08:08,DELIVERED,NORTH
O001314,C00123,2026-04-09 00:33:52,SHIPPED,WEST
O001315,C00123,2024-12-03 05:43:28,SHIPPED,EAST
O001316,C00123,2025-04-17 12:52:04,RETURNED,WEST
O001317,C00123,2026-02-02 19:43:29,SHIPPED,NORTH
O001318,C00123,2026-01-20 10:29:08,DELIVERED,NORTH
O001319,C00124,2025-01-31 18:40:00,DELIVERED,WEST
O001320,C00124,2024-12-11 16:27:43,DELIVERED,WEST
O001321,C00124,2025-11-21 22:22:39,DELIVERED,EAST
O001322,C00124,2026-12-15 00:00:00,DELIVERED,WEST
O001323,C00124,2026-03-23 01:06:15,DELIVERED,NORTH
O001324,C00124,2025-11-01 00:03:24,DELIVERED,NORTH
O001325,C00124,2025-10-06 06:00:03,SHIPPED,NORTH
O001326,C00124,03-01-2026 16:58:18,DELIVERED,WEST
O001327,C00125,2024-11-27 15:55:02,DELIVERED,WEST
O001328,C00125,2024-12-21 13:03:11,DELIVERED,NORTH
O001329,C00125,2025-03-07 19:44:03,PLACED,SOUTH
O001330,C00125,2026-01-23 02:18:57,RETURNED,NORTH
O001331,C00126,2025-11-20 08:33:00,DELIVERED,SOUTH
O001332,C00126,2024-01-22 23:57:00,SHIPPED,NORTH
O001333,C00126,2026-05-02 01:48:57,SHIPPED,NORTH
O001334,C00127,2024-05-19 20:18:39,SHIPPED,WEST
O001335,C00127,2025-04-29 22:52:23,DELIVERED,NORTH
O001336,C00127,2025-07-21 11:21:28,DELIVERED,NORTH
O001337,C00127,2024-09-03 22:42:57,SHIPPED,SOUTH
O001338,C00127,2026-03-09 22:36:13,SHIPPED,NORTH
O001339,C00128,2025-12-18 12:45:39,DELIVERED,NORTH
O001340,C00128,2024-01-04 20:45:12,DELIVERED,SOUTH
O001341,C00128,2026-04-02 18:04:37,DELIVERED,SOUTH
O001342,C00128,2025-06-11 23:51:31,DELIVERED,EAST
O001343,C00128,2024-08-12 08:03:32,DELIVERED,CENTRAL
O001344,C00128,2024-10-23 13:20:52,DELIVERED,EAST
O001345,C00128,2025-11-24 19:30:16,DELIVERED,NORTH
O001346,C00128,2026-04-26 01:52:37,DELIVERED,NORTH
O001347,C00128,2024-12-19 09:23:32,SHIPPED,NORTH
O001348,C00128,30-09-2025 12:07:10,PLACED,NORTH
O001349,C00128,2024-06-17 23:23:44,DELIVERED,NORTH
O001350,C00129,2025-12-26 03:32:49,DELIVERED,WEST
O001351,C00130,2024-03-14 03:05:42,SHIPPED,WEST
O001352,C00130,2025-12-17 21:59:54,RETURNED,NORTH
O001353,C00130,2025-12-26 23:55:14,DELIVERED,WEST
O001354,C00130,2024-12-04 16:23:25,DELIVERED,WEST
O001355,C00130,2024-05-25 10:11:18,DELIVERED,SOUTH
O001356,C00131,2024-10-03 09:04:19,DELIVERED,CENTRAL
O001357,C00131,2024-03-17 11:02:18,DELIVERED,EAST
O001358,C00131,2024-02-28 05:09:00,DELIVERED,EAST
O001359,C00131,2025-04-14 23:59:57,DELIVERED,CENTRAL
O001360,C00131,2024-11-24 13:19:52,DELIVERED,SOUTH
O001361,C00131,2024-11-19 15:23:28,DELIVERED,NORTH
O001362,C00131,2024-11-19 16:52:08,DELIVERED,SOUTH
O001363,C00131,2024-10-06 09:05:24,DELIVERED,WEST
O001364,C00131,2024-02-07 05:31:00,DELIVERED,SOUTH
O001365,C00131,2025-06-20 12:35:04,DELIVERED,WEST
O001366,C00131,2024-06-27 11:57:10,RETURNED,NORTH
O001367,C00131,2026-05-07 05:01:12,CANCELLED,SOUTH
O001368,C00131,2025-08-23 13:38:26,DELIVERED,WEST
O001369,C00131,2024-12-26 23:55:08,SHIPPED,CENTRAL
O001370,C00131,2025-06-24 09:56:20,DELIVERED,EAST
O001371,C00131,2025-10-07 15:17:31,DELIVERED,WEST
O001372,C00132,2025-09-04 07:12:45,RETURNED,EAST
O001373,NULL,2024-12-08 00:54:49,RETURNED,WEST
O001374,C00133,2026-01-28 10:14:27,DELIVERED,NORTH
O001375,C00133,2025-10-09 09:01:39,PLACED,WEST
O001376,C00134,2025-10-04 17:24:15,DELIVERED,NORTH
O001377,C00134,2025-06-04 04:18:09,DELIVERED,EAST
O001378,C00134,2024-10-07 17:20:00,PLACED,NORTH
O001379,C00134,2025-03-24 05:51:51,DELIVERED,EAST
O001380,C00134,2025-10-08 02:16:59,PLACED,NORTH
O001381,C00134,2024-10-09 22:50:37,DELIVERED,east
O001382,C00134,2025-03-19 09:02:19,PLACED,SOUTH
O001383,C00134,2024-04-02 20:33:23,SHIPPED,WEST
O001384,C00134,2025-01-23 15:02:14,DELIVERED,NORTH
O001385,C00134,2025-10-02 19:42:25,DELIVERED,NORTH
O001386,C00134,2024-01-04 13:44:06,SHIPPED,SOUTH
O001387,C00134,2024-10-13 01:03:11,RETURNED,SOUTH
O001388,C00134,2025-05-22 02:35:59,PLACED,NORTH
O001389,C00134,2024-06-09 03:43:37,Delivered,WEST
O001390,C00134,2026-03-17 17:09:37,PLACED,NORTH
O001391,C00134,2024-10-12 12:08:41,DELIVERED,NORTH
O001392,C00134,2024-11-20 18:54:53,SHIPPED,NORTH
O001393,C00134,2024-09-02 22:44:29,DELIVERED,NORTH
O001394,C00134,25-11-2025 09:39:28,DELIVERED,NORTH
O001395,C00134,2026-06-25 04:36:45,DELIVERED,EAST
O001396,C00134,2025-10-20 15:53:14,DELIVERED,CENTRAL
O001397,C00134,2026-05-24 03:44:33,DELIVERED,SOUTH
O001398,C00134,2025-10-09 02:19:17,CANCELLED,WEST
O001399,C00134,2025-03-24 05:41:05,RETURNED,SOUTH
O001400,C00135,2025-10-25 20:56:49,SHIPPED,EAST
O001401,C00135,2026-07-09 05:54:29,SHIPPED,SOUTH
O001402,C00135,2026-04-29 19:35:14,DELIVERED,NORTH
O001403,C00136,2024-02-10 14:21:13,SHIPPED,WEST
O001404,C00136,2026-04-28 18:29:07,DELIVERED,WEST
O001405,C00136,2026-03-11 10:37:21,SHIPPED,NORTH
O001406,C00136,2024-10-04 08:34:39,DELIVERED,NORTH
O001407,C00136,2024-07-02 00:49:14,DELIVERED,NORTH
O001408,C00136,2025-05-17 06:02:48,CANCELLED,WEST
O001409,C00136,2025-10-27 06:38:06,DELIVERED,NORTH
O001410,C00136,2025-02-11 09:55:42,SHIPPED,SOUTH
O001411,C00137,2024-05-17 08:57:12,DELIVERED,NORTH
O001412,C00137,2024-02-21 01:09:53,DELIVERED,NORTH
O001413,C00137,2025-12-19 01:48:48,DELIVERED,SOUTH
O001414,NULL,2025-03-01 01:44:20,DELIVERED,NORTH
O001415,C00138,2025-11-05 10:40:17,DELIVERED,North
O001416,,2026-07-06 00:32:00,DELIVERED,EAST
O001417,C00138,2025-11-04 12:58:34,DELIVERED,NORTH
O001418,C00138,2024-11-07 13:52:23,DELIVERED,NORTH
O001419,C00138,2024-11-02 22:30:36,RETURNED,EAST
O001420,C00138,2025-10-28 22:56:05,DELIVERED,SOUTH
O001421,C00138,2024-07-29 06:32:25,SHIPPED,WEST
O001422,C00139,2024-12-15 20:19:20,DELIVERED,CENTRAL
O001423,C00139,2026-02-01 12:34:06,PLACED,CENTRAL
O001424,C00139,2025-04-13 14:54:12,SHIPPED,NORTH
O001425,C00140,2025-10-03 22:15:05,DELIVERED,SOUTH
O001426,C00140,2025-01-28 10:37:24,SHIPPED,SOUTH
O001427,C00141,2025-11-16 23:51:04,DELIVERED,WEST
O001428,C00142,2025-03-14 13:53:46,CANCELLED,NORTH
O001429,C00142,2025-06-13 07:27:05,DELIVERED,SOUTH
O001430,C00142,2024-11-21 23:05:29,DELIVERED,NORTH
O001431,C00142,2024-03-07 12:56:45,DELIVERED,NORTH
O001432,C00142,2025-10-15 23:14:46,DELIVERED,NOR
O001433,C00142,2025-10-01 18:52:59,CANCELLED,NORTH
O001434,C00142,2025-11-06 06:32:46,SHIPPED,WEST
O001435,C00142,2025-03-17 00:52:34,SHIPPED,CENTRAL
O001436,C00142,2024-11-03 01:46:48,SHIPPED,NORTH
O001437,C00142,2024-11-07 10:49:28,DELIVERED,NORTH
O001438,C00142,2025-11-18 01:38:48,DELIVERED,NORTH
O001439,C00143,2025-05-26 17:58:47,DELIVERED,WEST
O001440,C00143,2025-02-11 23:49:03,DELIVERED,NORTH
O001441,C00143,2024-10-13 07:48:22,CANCELLED,NORTH
O001442,C00143,2024-08-14 15:52:50,RETURNED,CENTRAL
O001443,C00143,17-09-2025 06:11:34,DELIVERED,EAST
O001444,C00143,20-04-2025 10:46:59,SHIPPED,NORTH
O001445,C00143,2026-05-29 22:21:58,SHIPPED,west
O001446,C00143,2025-08-26 12:36:07,DELIVERED,EAST
O001447,C00143,2025-11-03 07:26:42,PLACED,SOUTH
O001448,C00144,2025-09-10 23:58:25,DELIVERED,WEST
O001449,,2024-10-07 03:56:12,DELIVERED,SOUTH
O001450,C00145,2024-10-09 02:29:45,SHIPPED,WEST
O001451,C00145,2025-11-28 18:59:01,DELIVERED,NORTH
O001452,C00145,2024-10-22 04:39:50,RETURNED,NORTH
O001453,,2026-03-27 02:52:04,DELIVERED,WEST
O001454,C00145,2026-07-21 05:08:04,CANCELLED,EAST
O001455,C00145,2025-12-25 05:57:07,DELIVERED,WEST
O001456,C00145,2024-10-27 11:48:02,SHIPPED,WEST
O001457,C00146,2024-10-14 03:42:37,SHIPPED,WEST
O001458,C00146,04-01-2024 04:51:52,DELIVERED,NORTH
O001459,C00146,2025-12-16 02:32:47,DELIVERED,WEST
O001460,C00147,2025-12-26 06:08:47,DELIVERED,WEST
O001461,C00147,2025-11-24 09:53:15,DELIVERED,NORTH
O001462,C00148,2025-12-02 03:54:40,DELIVERED,NORTH
O001463,C00148,11-10-2025 11:32:34,DELIVERED,SOUTH
O001464,C00148,2024-12-20 01:09:08,DELIVERED,WEST
O001465,C00148,2025-10-26 05:15:48,DELIVERED,NORTH
O001466,C00148,2025-08-11 01:23:47,DELIVERED,EAST
O001467,C00148,2024-12-10 06:01:02,DELIVERED,WEST
O001468,C00149,2024-04-23 15:12:50,DELIVERED,WEST
O001469,C00149,2025-12-23 08:06:31,DELIVERED,EAST
O001470,C00149,2024-10-04 03:49:17,DELIVERED,WEST
O001471,C00149,2024-12-08 06:27:35,DELIVERED,NORTH
O001472,C00149,2025-01-21 15:55:50,DELIVERED,WEST
O001473,C00149,2025-12-10 18:27:10,DELIVERED,NORTH
O001474,C00149,2024-11-19 04:36:26,SHIPPED,NORTH
O001475,C00150,2025-10-11 04:05:29,DELIVERED,WEST
O001476,C00150,2025-10-03 04:36:07,RETURNED,SOUTH
O001477,C00151,2024-01-10 17:06:19,DELIVERED,NORTH
O001478,C00151,2024-03-21 16:26:49,DELIVERED,WEST
O001479,C00151,2024-08-11 17:23:25,RETURNED,EAST
O001480,C00151,13-12-2024 15:25:49,DELIVERED,EAST
O001481,C00151,2025-10-24 07:03:06,RETURNED,NORTH
O001482,C00151,2025-12-09 04:24:52,SHIPPED,WEST
O001483,C00151,2024-02-05 15:18:03,DELIVERED,WEST
O001484,C00151,2024-11-01 10:40:43,RETURNED,NORTH
O001485,C00151,2025-03-10 20:36:41,SHIPPED,NORTH
O001486,C00151,2024-11-30 05:20:06,RETURNED,EAST
O001487,NULL,2025-12-23 22:57:45,CANCELLED,WEST
O001488,C00151,2025-03-20 00:56:03,DELIVERED,WEST
O001489,C00152,2024-11-07 16:40:41,DELIVERED,WEST
O001490,C00152,2024-01-19 16:13:19,DELIVERED,WEST
O001491,NULL,2024-02-26 01:35:45,RETURNED,SOUTH
O001492,C00153,2024-06-08 17:48:23,DELIVERED,WEST
O001493,C00153,2025-11-15 11:37:47,DELIVERED,NORTH
O001494,C00153,2024-11-07 08:22:41,DELIVERED,NORTH
O001495,C00153,2024-12-21 18:49:48,DELIVERED,EAST
O001496,C00153,2024-10-22 10:34:52,DELIVERED,EAST
O001497,C00153,2025-10-06 14:11:30,DELIVERED,NORTH
O001498,C00153,2024-04-05 02:49:12,RETURNED,CEN
O001499,C00153,22-10-2024 20:14:42,RETURNED,South
O001500,C00154,2024-09-16 07:07:30,RETURNED,NORTH
O001501,C00154,2024-08-05 19:21:13,DELIVERED,NORTH
O001502,C00155,2024-05-08 20:23:00,DELIVERED,NORTH
O001503,C00155,2024-11-24 21:30:54,PLACED,EAST
O001504,C00155,2024-07-05 21:27:51,DELIVERED,WEST
O001505,C00155,2025-12-08 05:17:02,DELIVERED,NORTH
O001506,C00155,2024-12-23 11:09:10,CANCELLED,SOUTH
O001507,C00156,2024-10-10 04:35:53,DELIVERED,SOUTH
O001508,C00156,2025-03-17 23:26:51,SHIPPED,SOUTH
O001509,NULL,2025-05-25 16:48:01,DELIVERED,NOR
O001510,C00156,2025-11-18 18:45:13,DELIVERED,EAST
O001511,C00156,2024-11-16 02:38:11,PLACED,NORTH
O001512,C00156,2025-10-03 20:00:17,DELIVERED,NORTH
O001513,C00156,2026-02-07 17:32:17,DELIVERED,NORTH
O001514,C00156,2026-09-07 00:00:00,DELIVERED,WEST
O001515,C00156,2025-10-11 02:37:01,SHIPPED,WEST
O001516,C00156,2024-11-03 19:28:22,DELIVERED,WEST
O001517,C00156,2024-01-20 23:35:06,DELIVERED,WEST
O001518,C00156,20-03-2026 09:49:17,DELIVERED,NORTH
O001519,C00157,2025-10-11 17:56:38,DELIVERED,NORTH
O001520,C00157,2025-10-21 17:52:19,DELIVERED,WEST
O001521,C00157,2024-12-21 13:33:04,DELIVERED,SOUTH
O001522,C00157,2024-01-06 19:39:23,CANCELLED,NORTH
O001523,,2024-11-25 11:19:24,DELIVERED,NORTH
O001524,C00157,2024-08-04 17:14:28,DELIVERED,WEST
O001525,C00157,2025-07-06 23:49:52,DELIVERED,SOUTH
O001526,C00157,2025-09-10 11:18:19,DELIVERED,EAST
O001527,C00157,2025-07-09 09:52:21,DELIVERED,WEST
O001528,C00157,2024-10-12 22:49:48,delivered,WEST
O001529,C00157,2025-05-19 15:49:55,DELIVERED,Central
O001530,C00157,2025-01-10 16:21:18,DELIVERED,WEST
O001531,C00157,2025-11-10 00:35:53,DELIVERED,EAST
O001532,C00157,2025-03-27 21:51:59,DELIVERED,WEST
O001533,C00157,2024-12-28 11:55:25,PLACED,CENTRAL
O001534,C00157,2025-10-01 22:38:11,DELIVERED,EAST
O001535,C00157,2024-03-18 08:17:10,delivered,SOUTH
O001536,C00157,2024-04-09 02:55:45,DELIVERED,SOUTH
O001537,C00157,2026-07-22 04:42:58,DELIVERED,NORTH
O001538,C00157,2025-08-20 05:01:42,DELIVERED,CENTRAL
O001539,C00157,2025-08-20 21:54:53,DELIVERED,NORTH
O001540,C00157,2025-03-23 19:52:15,RETURNED,SOUTH
O001541,C00158,2026-07-17 06:42:28,DELIVERED,WEST
O001542,C00158,2025-07-16 04:07:32,DELIVERED,NORTH
O001543,C00158,2026-04-13 08:38:52,DELIVERED,EAST
O001544,C00158,2026-05-22 08:38:09,DELIVERED,WEST
O001545,C00158,2026-02-07 05:10:10,DELIVERED,NORTH
O001546,C00158,20-07-2025 21:09:04,DELIVERED,SOUTH
O001547,C00158,2026-05-21 06:06:11,SHIPPED,WEST
O001548,C00158,2024-11-01 23:50:19,PLACED,NORTH
O001549,C00158,2024-01-13 17:21:57,CANCELLED,NORTH
O001550,C00159,2026-01-31 05:21:27,DELIVERED,NORTH
O001551,C00159,10-01-2025 10:49:24,DELIVERED,NORTH
O001552,C00159,2024-11-11 00:42:11,SHIPPED,EAST
O001553,C00159,2024-12-27 05:43:59,DELIVERED,NORTH
O001554,C00159,2024-06-22 11:33:29,DELIVERED,WEST
O001555,C00159,2025-02-14 09:48:26,RETURNED,NORTH
O001556,C00159,2026-02-09 08:52:18,DELIVERED,CENTRAL
O001557,C00159,2024-03-04 15:45:46,DELIVERED,NORTH
O001558,C00159,2025-06-18 09:59:46,DELIVERED,EAST
O001559,C00159,2026-04-24 18:56:23,DELIVERED,CENTRAL
O001560,C00159,2025-11-12 13:46:46,DELIVERED,SOUTH
O001561,C00159,2024-12-26 20:28:25,DELIVERED,WEST
O001562,C00160,2024-12-30 20:38:21,DELIVERED,NORTH
O001563,C00160,2026-07-05 19:14:39,DELIVERED,WEST
O001564,C00160,2024-10-09 07:52:49,DELIVERED,CENTRAL
O001565,C00160,2024-03-29 19:59:08,DELIVERED,SOUTH
O001566,C00160,2025-01-04 00:22:22,DELIVERED,WEST
O001567,C00160,2025-11-19 00:47:18,DELIVERED,NORTH
O001568,NULL,2024-12-15 13:29:51,DELIVERED,CENTRAL
O001569,C00160,2024-11-01 13:09:43,DELIVERED,SOUTH
O001570,C00160,2025-10-28 05:32:07,DELIVERED,WEST
O001571,C00160,2024-12-18 07:25:36,DELIVERED,WEST
O001572,,2026-05-27 12:15:16,DELIVERED,WEST
O001573,C00160,2025-08-02 16:25:01,PLACED,NORTH
O001574,C00160,2026-03-19 22:42:30,RETURNED,NORTH
O001575,NULL,2025-12-13 14:48:25,PLACED,SOUTH
O001576,C00160,2025-12-14 09:38:31,DELIVERED,SOUTH
O001577,C00161,2024-12-22 04:28:11,SHIPPED,NORTH
O001578,NULL,2024-10-18 21:35:10,DELIVERED,SOUTH
O001579,C00162,2026-03-23 09:48:17,delivered,SOUTH
O001580,C00163,2026-07-21 10:17:44,DELIVERED,WEST
O001581,C00163,2024-10-09 22:45:06,DELIVERED,NORTH
O001582,C00163,2026-04-08 04:38:10,DELIVERED,NORTH
O001583,C00163,2024-05-05 01:22:51,DELIVERED,WEST
O001584,C00163,2025-06-09 17:38:31,DELIVERED,WEST
O001585,C00163,2026-02-17 07:35:47,SHIPPED,NORTH
O001586,C00163,2025-08-15 22:09:54,PLACED,NORTH
O001587,C00163,2026-03-26 04:12:23,SHIPPED,SOUTH
O001588,C00164,2024-04-16 22:49:20,SHIPPED,SOU
O001589,C00164,2025-11-25 03:43:19,DELIVERED,WEST
O001590,C00164,2024-11-17 21:18:33,DELIVERED,NORTH
O001591,C00165,2026-01-20 08:53:49,DELIVERED,NORTH
O001592,C00165,2026-07-26 06:34:12,DELIVERED,NORTH
O001593,C00165,2024-08-13 04:45:21,SHIPPED,WEST
O001594,C00165,2024-11-03 01:58:16,DELIVERED,WEST
O001595,C00165,2025-10-17 06:01:05,CANCELLED,NORTH
O001596,C00165,2025-12-20 23:50:53,DELIVERED,WEST
O001597,C00165,2024-10-04 15:07:07,CANCELLED,SOUTH
O001598,,2024-06-07 11:02:23,PLACED,SOUTH
O001599,C00165,2025-05-01 19:46:04,SHIPPED,WEST
O001600,C00165,2025-07-01 10:23:26,DELIVERED,NORTH
O001601,C00165,2026-05-20 18:57:25,SHIPPED,SOUTH
O001602,C00166,2024-09-15 22:38:27,DELIVERED,WEST
O001603,C00166,2024-10-13 07:51:44,SHIPPED,EAST
O001604,C00166,2024-03-11 12:58:11,DELIVERED,NORTH
O001605,C00166,2025-06-01 03:43:12,CANCELLED,SOUTH
O001606,C00166,2024-07-11 02:28:00,SHIPPED,NORTH
O001607,C00167,2025-10-27 19:44:47,DELIVERED,EAST
O001608,C00167,2025-10-15 22:58:03,DELIVERED,NORTH
O001609,C00167,2025-10-19 19:16:22,DELIVERED,NORTH
O001610,C00167,2026-07-25 21:29:11,DELIVERED,SOUTH
O001611,C00167,2026-07-01 02:17:17,DELIVERED,NORTH
O001612,C00167,2026-05-23 15:54:59,DELIVERED,SOUTH
O001613,C00167,2024-11-13 16:04:04,SHIPPED,NORTH
O001614,C00167,2024-12-10 00:45:58,SHIPPED,NORTH
O001615,C00167,2024-12-22 13:39:08,SHIPPED,WEST
O001616,C00167,2024-12-26 09:18:17,DELIVERED,CENTRAL
O001617,C00168,2025-10-23 19:19:28,SHIPPED,WEST
O001618,C00168,2025-10-20 18:18:06,DELIVERED,NORTH
O001619,C00168,2024-11-27 10:05:43,SHIPPED,SOUTH
O001620,C00168,2024-11-13 10:39:17,PLACED,NORTH
O001621,C00168,2026-06-24 19:01:20,DELIVERED,NORTH
O001622,C00168,2025-10-27 02:40:52,PLACED,NORTH
O001623,C00168,2024-11-01 12:27:43,SHIPPED,SOUTH
O001624,C00168,2024-11-07 15:23:06,RETURNED,NORTH
O001625,C00168,2025-03-23 08:18:14,DELIVERED,NORTH
O001626,C00168,2025-10-11 00:36:55,DELIVERED,SOUTH
O001627,C00168,2026-01-15 00:56:28,DELIVERED,EAST
O001628,C00168,2025-12-04 15:25:21,Delivered,NORTH
O001629,C00168,2024-11-25 17:52:11,DELIVERED,NORTH
O001630,C00168,2026-07-04 01:06:33,DELIVERED,SOUTH
O001631,C00168,2025-12-02 02:54:16,CANCELLED,WEST
O001632,C00168,2025-11-26 23:48:07,DELIVERED,NORTH
O001633,C00168,23-02-2026 18:35:39,DELIVERED,WEST
O001634,C00168,2025-12-07 11:39:56,PLACED,EAST
O001635,C00168,2025-06-04 14:19:05,DELIVERED,NORTH
O001636,C00168,2025-02-14 13:34:33,DELIVERED,WEST
O001637,C00168,2024-07-12 04:54:38,PLACED,EAST
O001638,C00168,2026-01-31 23:15:10,DELIVERED,SOUTH
O001639,C00168,2025-01-22 09:07:07,DELIVERED,EAST
O001640,C00169,2025-10-01 23:53:05,DELIVERED,WEST
O001641,C00169,2026-11-13 00:00:00,DELIVERED,EAST
O001642,C00169,2025-08-07 04:04:46,DELIVERED,CENTRAL
O001643,C00169,2025-12-10 06:40:38,DELIVERED,NORTH
O001644,C00169,2024-08-21 20:30:31,PLACED,SOUTH
O001645,C00169,2024-07-11 16:14:36,DELIVERED,NORTH
O001646,C00169,2024-11-15 17:20:44,RETURNED,EAST
O001647,C00169,2025-08-04 12:10:29,RETURNED,SOUTH
O001648,C00170,2025-11-24 00:45:00,DELIVERED,SOUTH
O001649,C00170,16-05-2026 03:48:54,PLACED,WEST
O001650,C00170,2025-11-07 09:05:04,DELIVERED,WEST
O001651,C00171,2025-03-07 11:45:47,DELIVERED,NORTH
O001652,C00171,2024-12-26 10:41:42,RETURNED,NORTH
O001653,C00171,2024-01-21 22:31:28,DELIVERED,NORTH
O001654,C00171,2025-12-25 21:23:52,DELIVERED,SOUTH
O001655,C00171,2024-05-14 18:46:58,SHIPPED,SOUTH
O001656,C00172,2025-11-15 13:59:05,Delivered,SOUTH
O001657,C00172,2025-08-18 14:11:04,DELIVERED,NORTH
O001658,C00172,2025-08-05 10:18:03,DELIVERED,south
O001659,C00172,2024-10-15 20:11:22,DELIVERED,SOUTH
O001660,C00172,2024-08-29 15:55:22,RETURNED,NORTH
O001661,C00172,2024-10-18 18:53:05,SHIPPED,EAST
O001662,C00172,2025-12-09 09:06:01,RETURNED,WEST
O001663,C00172,2024-05-07 12:24:53,DELIVERED,EAST
O001664,C00172,2024-05-28 08:56:48,PLACED,NORTH
O001665,C00172,2025-02-19 14:27:19,DELIVERED,NORTH
O001666,C00172,2026-04-15 16:45:52,DELIVERED,EAST
O001667,C00173,2026-03-22 16:45:05,PLACED,CENTRAL
O001668,C00174,2026-03-16 23:21:21,DELIVERED,NORTH
O001669,C00174,2024-05-30 20:10:59,DELIVERED,SOUTH
O001670,C00174,2024-12-03 08:55:24,DELIVERED,NORTH
O001671,C00175,2025-01-11 04:28:47,DELIVERED,NORTH
O001672,C00175,2024-10-27 02:43:05,DELIVERED,NORTH
O001673,C00175,2024-10-31 03:06:11,PLACED,North
O001674,C00176,2024-06-04 01:07:19,DELIVERED,NORTH
O001675,C00177,2025-11-02 08:03:07,RETURNED,WEST
O001676,C00177,2024-06-01 16:09:48,DELIVERED,NORTH
O001677,C00177,2024-10-14 03:58:44,delivered,NORTH
O001678,C00177,2024-07-10 20:20:07,RETURNED,NORTH
O001679,C00177,2025-09-16 15:41:21,DELIVERED,NORTH
O001680,C00177,2026-02-10 09:26:49,PLACED,NORTH
O001681,C00177,2025-06-30 08:08:30,DELIVERED,NORTH
O001682,C00177,2025-12-20 17:10:19,DELIVERED,SOUTH
O001683,C00177,2024-08-12 20:35:54,RETURNED,NORTH
O001684,C00177,2024-02-05 20:02:18,Delivered,NORTH
O001685,C00177,2024-11-01 13:50:22,CANCELLED,CENTRAL
O001686,C00177,2024-11-28 02:40:32,DELIVERED,NORTH
O001687,C00177,2025-07-04 13:42:11,DELIVERED,WEST
O001688,C00177,2025-10-23 02:19:24,DELIVERED,WEST
O001689,C00177,2024-07-17 19:19:34,RETURNED,SOUTH
O001690,C00177,2024-01-15 04:04:28,DELIVERED,EAST
O001691,C00177,2024-11-28 22:23:36,DELIVERED,CENTRAL
O001692,C00177,2025-05-16 05:20:37,DELIVERED,WEST
O001693,C00177,2024-11-08 09:28:08,CANCELLED,NORTH
O001694,C00177,2024-12-09 09:48:50,DELIVERED,WEST
O001695,C00177,2026-04-01 08:07:48,DELIVERED,WEST
O001696,C00177,2026-04-10 18:38:42,RETURNED,EAST
O001697,C00177,2024-10-08 11:13:02,DELIVERED,CENTRAL
O001698,C00177,2026-02-08 06:43:54,DELIVERED,WEST
O001699,C00177,2025-12-16 10:09:05,DELIVERED,SOUTH
O001700,C00178,2026-02-20 07:11:59,DELIVERED,CENTRAL
O001701,C00178,2026-03-28 23:42:16,DELIVERED,NORTH
O001702,C00178,2025-11-09 10:14:17,DELIVERED,WEST
O001703,C00178,2025-11-15 10:44:52,PLACED,WEST
O001704,C00178,2024-10-12 08:17:26,DELIVERED,SOUTH
O001705,C00178,2024-08-29 03:32:04,DELIVERED,SOUTH
O001706,NULL,2024-09-17 00:51:46,DELIVERED,WEST
O001707,C00178,2026-02-25 06:40:07,SHIPPED,NORTH
O001708,C00178,2024-11-24 07:23:50,DELIVERED,NORTH
O001709,C00178,2025-06-20 00:24:29,DELIVERED,EAST
O001710,C00178,2025-09-17 21:13:21,DELIVERED,WEST
O001711,C00178,2026-06-09 17:21:50,DELIVERED,WEST
O001712,NULL,2024-08-26 13:16:34,CANCELLED,CENTRAL
O001713,C00178,2024-12-03 21:17:04,DELIVERED,WEST
O001714,C00178,2024-11-09 06:38:23,delivered,EAST
O001715,C00178,2024-12-17 02:29:30,DELIVERED,SOUTH
O001716,C00178,2024-12-04 13:58:17,DELIVERED,SOUTH
O001717,C00178,2025-11-14 11:26:57,DELIVERED,NORTH
O001718,C00178,2025-02-13 01:25:46,DELIVERED,WEST
O001719,C00178,2025-06-06 09:38:11,Shipped,SOUTH
O001720,C00178,2025-12-08 09:55:07,SHIPPED,NORTH
O001721,C00178,2025-11-15 07:49:18,DELIVERED,SOUTH
O001722,C00178,2025-11-17 10:25:16,DELIVERED,NORTH
O001723,C00178,2025-08-04 03:10:53,SHIPPED,NORTH
O001724,C00178,2026-06-23 05:15:17,DELIVERED,NORTH
O001725,C00178,2025-09-17 04:29:46,DELIVERED,SOUTH
O001726,C00178,2025-01-05 05:48:58,DELIVERED,NORTH
O001727,C00178,2025-12-23 03:16:46,DELIVERED,NORTH
O001728,C00178,2025-05-11 01:55:21,SHIPPED,NORTH
O001729,C00178,2025-10-07 19:52:24,DELIVERED,NORTH
O001730,C00178,2025-08-18 07:23:17,PLACED,SOUTH
O001731,C00178,2025-05-02 11:54:37,SHIPPED,WEST
O001732,C00178,2026-06-28 08:26:33,CANCELLED,WEST
O001733,NULL,2025-07-07 02:21:03,PLACED,WEST
O001734,C00179,2024-12-24 01:03:49,DELIVERED,NORTH
O001735,C00180,2025-12-08 13:25:54,DELIVERED,WEST
O001736,,2025-12-01 06:45:49,PLACED,SOUTH
O001737,C00180,2025-11-09 18:47:06,DELIVERED,CENTRAL
O001738,C00181,2025-12-09 22:49:51,DELIVERED,WEST
O001739,C00181,2024-10-26 05:04:16,DELIVERED,NORTH
O001740,C00181,2026-05-31 17:59:18,DELIVERED,CENTRAL
O001741,C00181,2025-02-14 06:34:58,DELIVERED,SOUTH
O001742,C00181,2024-10-17 03:51:49,DELIVERED,WEST
O001743,C00181,2024-01-29 09:54:42,DELIVERED,NORTH
O001744,C00181,2025-10-28 04:17:41,RETURNED,CENTRAL
O001745,C00181,2024-09-14 13:56:17,SHIPPED,NORTH
O001746,C00181,2024-11-06 17:13:58,RETURNED,NORTH
O001747,C00181,2024-11-22 21:30:27,DELIVERED,NORTH
O001748,C00181,2024-04-12 00:44:39,SHIPPED,WEST
O001749,C00182,2024-06-08 23:17:57,SHIPPED,NORTH
O001750,C00182,2025-09-14 07:39:44,DELIVERED,NORTH
O001751,C00182,24-12-2024 08:47:00,DELIVERED,NORTH
O001752,C00182,2026-01-25 19:37:39,DELIVERED,SOUTH
O001753,C00182,2024-07-10 16:02:42,DELIVERED,CENTRAL
O001754,C00183,2024-01-17 17:42:28,RETURNED,NORTH
O001755,,2025-06-13 14:43:15,SHIPPED,SOUTH
O001756,C00183,2026-03-03 07:49:15,SHIPPED,WEST
O001757,C00183,2026-04-26 23:53:08,DELIVERED,NORTH
O001758,C00183,2025-05-21 20:16:48,DELIVERED,SOUTH
O001759,C00183,2024-12-03 09:03:58,SHIPPED,NORTH
O001760,C00183,19-01-2026 01:23:04,DELIVERED,WEST
O001761,C00183,2026-01-24 20:52:28,DELIVERED,EAST
O001762,C00183,2025-10-11 02:25:16,DELIVERED,NORTH
O001763,C00183,2025-11-15 14:55:42,SHIPPED,CENTRAL
O001764,C00183,2025-12-07 21:21:49,PLACED,SOUTH
O001765,C00184,2025-12-27 23:46:28,CANCELLED,NORTH
O001766,C00184,2025-12-28 01:37:19,SHIPPED,NORTH
O001767,C00184,2025-11-06 15:03:29,DELIVERED,EAST
O001768,C00184,2024-07-01 07:45:33,DELIVERED,EAST
O001769,C00184,2025-06-29 09:42:24,DELIVERED,WEST
O001770,C00184,2025-11-22 00:48:13,DELIVERED,NORTH
O001771,C00184,2025-08-11 16:30:26,DELIVERED,EAST
O001772,C00184,2025-09-28 13:13:26,DELIVERED,EAST
O001773,C00185,2024-11-14 15:27:01,DELIVERED,WEST
O001774,C00185,2025-11-20 18:58:59,DELIVERED,NORTH
O001775,C00185,2024-09-24 19:12:44,CANCELLED,NORTH
O001776,C00185,2024-10-26 04:13:39,PLACED,SOUTH
O001777,C00185,2025-08-09 23:06:54,Delivered,SOUTH
O001778,C00185,2025-08-31 14:54:27,SHIPPED,WEST
O001779,C00185,2025-11-09 16:56:52,RETURNED,NORTH
O001780,C00185,2026-03-19 05:31:27,CANCELLED,west
O001781,C00185,2025-09-29 05:15:20,DELIVERED,WEST
O001782,C00185,2026-04-03 09:05:55,DELIVERED,SOUTH
O001783,C00185,2024-10-16 01:57:57,DELIVERED,EAST
O001784,C00185,2024-07-23 14:49:22,DELIVERED,WEST
O001785,C00185,2024-04-28 12:14:51,DELIVERED,WEST
O001786,C00185,2026-06-16 00:25:43,SHIPPED,WEST
O001787,C00185,2024-01-31 02:46:03,DELIVERED,NORTH
O001788,C00185,2024-12-23 20:48:00,DELIVERED,WEST
O001789,C00185,2024-04-15 20:50:43,SHIPPED,south
O001790,C00185,2025-09-22 07:35:50,SHIPPED,EAST
O001791,C00185,2025-06-14 17:47:52,Shipped,WEST
O001792,C00185,2026-05-12 18:28:00,DELIVERED,EAST
O001793,C00185,2024-08-26 11:58:55,DELIVERED,WEST
O001794,C00185,2024-01-11 19:45:38,DELIVERED,EAST
O001795,C00185,2024-11-03 18:08:02,DELIVERED,NORTH
O001796,C00185,2024-01-06 19:50:30,DELIVERED,WEST
O001797,C00185,2025-11-26 03:04:27,PLACED,CENTRAL
O001798,C00185,2025-12-14 19:02:40,CANCELLED,NORTH
O001799,C00186,2024-09-03 03:29:36,RETURNED,NORTH
O001800,C00186,2025-12-30 20:24:55,DELIVERED,WEST
O001801,C00186,2024-12-10 06:40:56,DELIVERED,CENTRAL
O001802,C00186,2025-06-08 09:05:27,SHIPPED,SOUTH
O001803,C00186,2024-10-09 17:41:01,DELIVERED,WEST
O001804,C00186,2024-01-15 17:34:49,SHIPPED,NORTH
O001805,C00186,2024-08-03 00:42:36,PLACED,WEST
O001806,C00186,2025-02-20 23:47:54,SHIPPED,WEST
O001807,C00186,2025-12-15 18:19:26,PLACED,EAST
O001808,C00186,2024-01-20 19:17:19,SHIPPED,NORTH
O001809,C00186,2025-02-27 22:21:06,DELIVERED,SOUTH
O001810,C00186,2025-10-10 04:26:32,DELIVERED,CENTRAL
O001811,C00186,2024-09-19 05:43:12,DELIVERED,NORTH
O001812,C00186,2024-10-20 18:01:36,DELIVERED,NORTH
O001813,C00186,2024-11-17 15:15:53,RETURNED,NORTH
O001814,C00186,2025-12-05 23:45:47,DELIVERED,WEST
O001815,C00186,2024-12-19 12:37:01,DELIVERED,SOUTH
O001816,C00186,2025-12-23 07:21:29,PLACED,NORTH
O001817,C00186,2024-12-27 21:13:03,DELIVERED,SOUTH
O001818,C00186,2025-10-23 14:10:03,PLACED,NORTH
O001819,C00186,2024-11-23 02:23:22,DELIVERED,SOUTH
O001820,C00186,2024-12-27 21:43:19,DELIVERED,EAST
O001821,C00187,2024-11-25 16:04:37,CANCELLED,NORTH
O001822,C00187,2025-12-09 02:39:45,DELIVERED,WEST
O001823,C00188,2024-12-24 05:55:01,CANCELLED,NORTH
O001824,C00188,2025-10-28 02:42:42,DELIVERED,NORTH
O001825,C00188,2025-10-11 01:18:09,DELIVERED,SOUTH
O001826,C00188,2024-04-30 03:41:07,DELIVERED,WEST
O001827,C00189,2024-11-25 13:46:06,DELIVERED,WEST
O001828,C00189,2024-02-29 10:37:08,SHIPPED,WEST
O001829,C00189,2026-01-04 23:38:44,DELIVERED,WEST
O001830,C00189,2024-02-24 15:46:32,DELIVERED,NORTH
O001831,C00189,2024-01-19 16:34:03,DELIVERED,CENTRAL
O001832,C00190,2024-10-27 01:21:22,DELIVERED,SOUTH
O001833,C00190,2024-12-10 18:42:48,RETURNED,WEST
O001834,C00190,2025-01-31 14:23:41,DELIVERED,NORTH
O001835,C00190,2025-11-06 09:49:46,DELIVERED,NORTH
O001836,C00190,2025-11-12 13:02:22,SHIPPED,EAST
O001837,C00190,2025-10-19 04:01:46,DELIVERED,SOUTH
O001838,C00190,2026-01-10 17:02:59,PLACED,WEST
O001839,C00190,2025-10-07 17:48:04,SHIPPED,NORTH
O001840,C00190,2025-11-11 10:01:42,PLACED,SOUTH
O001841,C00191,2026-02-09 11:18:21,DELIVERED,NORTH
O001842,C00191,17-10-2025 07:49:42,SHIPPED,NORTH
O001843,C00192,2025-03-07 19:50:03,DELIVERED,NORTH
O001844,C00193,2026-02-10 08:00:30,DELIVERED,NORTH
O001845,C00193,2025-10-01 05:08:15,PLACED,WEST
O001846,C00194,2024-12-12 16:36:47,DELIVERED,EAST
O001847,C00194,2024-11-13 13:02:45,DELIVERED,WEST
O001848,C00194,2024-02-22 06:23:38,PLACED,WEST
O001849,C00194,2025-03-13 20:03:45,DELIVERED,WEST
O001850,C00194,2025-09-02 07:51:42,SHIPPED,NORTH
O001851,C00194,2024-12-02 22:09:24,RETURNED,WEST
O001852,C00194,10-01-2024 22:39:03,DELIVERED,WEST
O001853,C00194,2024-12-26 19:08:46,DELIVERED,NORTH
O001854,C00194,2024-11-24 10:14:54,PLACED,SOUTH
O001855,C00194,2024-11-01 10:58:05,SHIPPED,SOUTH
O001856,C00194,19-02-2026 08:08:50,DELIVERED,EAST
O001857,C00194,2025-12-07 02:01:12,RETURNED,WEST
O001858,NULL,2025-12-16 19:17:50,SHIPPED,WEST
O001859,C00194,2026-03-26 23:13:01,DELIVERED,WEST
O001860,C00194,2024-05-18 04:43:41,PLACED,NORTH
O001861,C00194,2025-12-01 11:31:35,DELIVERED,EAST
O001862,C00194,2024-10-01 17:38:25,SHIPPED,NORTH
O001863,C00194,2025-11-10 16:25:29,DELIVERED,WEST
O001864,C00195,2025-12-26 22:05:53,SHIPPED,EAST
O001865,C00195,2024-04-21 13:29:39,SHIPPED,WEST
O001866,C00195,2024-10-15 16:06:07,DELIVERED,NORTH
O001867,C00196,2024-11-10 09:05:51,DELIVERED,SOUTH
O001868,C00196,2025-09-24 11:55:00,SHIPPED,NORTH
O001869,C00196,2026-09-13 00:00:00,DELIVERED,WEST
O001870,C00196,2025-12-04 23:39:30,DELIVERED,EAST
O001871,C00196,2024-08-28 10:15:24,RETURNED,SOUTH
O001872,C00197,2025-08-07 06:36:47,DELIVERED,SOUTH
O001873,C00197,2024-05-23 16:13:53,SHIPPED,SOUTH
O001874,,2025-08-29 15:31:34,DELIVERED,WEST
O001875,C00197,2024-10-23 03:24:08,DELIVERED,EAST
O001876,C00197,2025-09-14 09:05:43,DELIVERED,NORTH
O001877,C00197,2025-07-14 04:51:32,DELIVERED,NORTH
O001878,C00197,2026-04-20 10:10:53,CANCELLED,NORTH
O001879,C00197,2025-05-26 11:57:59,PLACED,NORTH
O001880,C00197,2024-03-27 00:49:10,PLACED,NORTH
O001881,C00197,2024-10-03 07:00:03,DELIVERED,NORTH
O001882,C00198,2026-05-20 23:45:01,RETURNED,NORTH
O001883,C00198,2025-12-08 20:26:54,DELIVERED,NORTH
O001884,C00198,2026-04-29 15:47:12,DELIVERED,CENTRAL
O001885,C00198,21-10-2025 20:40:45,DELIVERED,WEST
O001886,C00198,2024-10-21 00:39:10,DELIVERED,NORTH
O001887,C00198,2024-12-19 23:14:42,DELIVERED,SOUTH
O001888,C00198,2024-06-06 23:36:42,DELIVERED,WEST
O001889,C00198,2024-10-16 17:13:36,DELIVERED,WEST
O001890,C00198,2025-12-24 17:27:32,DELIVERED,NORTH
O001891,C00198,2024-11-18 15:30:05,DELIVERED,NORTH
O001892,C00198,2024-09-16 06:27:45,PLACED,WEST
O001893,C00198,2025-11-08 14:10:07,DELIVERED,NORTH
O001894,C00198,2024-10-20 10:22:42,DELIVERED,CENTRAL
O001895,C00198,2025-11-28 18:20:48,SHIPPED,NORTH
O001896,C00198,2024-11-15 00:13:45,CANCELLED,WEST
O001897,C00198,2026-05-13 02:40:44,placed,NORTH
O001898,C00198,2024-12-06 20:16:40,RETURNED,SOUTH
O001899,C00198,2026-03-21 10:28:35,SHIPPED,NORTH
O001900,,2024-08-20 00:01:07,DELIVERED,WEST
O001901,C00198,2024-04-17 17:43:57,DELIVERED,NORTH
O001902,C00198,2025-11-11 02:43:45,PLACED,NORTH
O001903,,2024-10-14 05:13:44,DELIVERED,NORTH
O001904,C00198,2026-10-17 00:00:00,RETURNED,NORTH
O001905,C00198,2026-06-11 04:02:21,DELIVERED,EAST
O001906,C00198,2025-09-07 18:41:14,DELIVERED,WEST
O001907,C00198,2024-10-28 00:16:23,DELIVERED,NORTH
O001908,C00198,2025-11-26 23:21:35,DELIVERED,WEST
O001909,C00198,2026-10-02 00:00:00,PLACED,SOUTH
O001910,C00198,2026-06-09 08:25:15,DELIVERED,EAST
O001911,C00198,2025-01-14 21:11:44,DELIVERED,WEST
O001912,C00198,2025-11-22 08:48:10,DELIVERED,EAST
O001913,C00198,2024-09-27 20:29:32,DELIVERED,NORTH
O001914,C00198,2024-11-11 16:43:27,DELIVERED,NORTH
O001915,C00199,2024-10-01 08:58:22,PLACED,WEST
O001916,C00199,2025-04-25 18:55:54,RETURNED,SOUTH
O001917,C00199,2025-07-20 04:15:15,DELIVERED,WEST
O001918,C00199,2024-05-17 02:41:41,DELIVERED,NORTH
O001919,C00200,2024-08-09 19:49:18,DELIVERED,WEST
O001920,C00200,2025-07-08 00:41:25,PLACED,EAST
O001921,C00200,2024-10-09 00:04:50,DELIVERED,NORTH
O001922,C00200,2025-11-22 23:04:08,DELIVERED,NORTH
O001923,C00200,2025-08-29 11:45:32,DELIVERED,SOUTH
O001924,C00200,2026-07-12 08:36:59,DELIVERED,NORTH
O001925,C00200,2024-11-24 03:44:05,DELIVERED,EAST
O001926,C00200,2026-05-21 04:56:24,SHIPPED,NORTH
O001927,C00200,2025-09-07 01:10:50,DELIVERED,WEST
O001928,C00200,2025-11-11 14:43:57,DELIVERED,NORTH
O001929,C00201,2024-07-29 09:29:03,DELIVERED,WEST
O001930,C00201,2025-08-30 09:30:24,DELIVERED,WEST
O001931,C00201,2026-05-31 21:05:00,DELIVERED,NORTH
O001932,C00201,2024-12-12 08:51:42,CANCELLED,NORTH
O001933,C00201,2024-12-04 18:38:37,CANCELLED,CENTRAL
O001934,C00201,2025-11-13 03:56:58,PLACED,WEST
O001935,C00201,2024-08-31 11:01:37,delivered,WEST
O001936,C00202,2025-12-25 01:46:11,RETURNED,WEST
O001937,C00202,2025-05-02 02:26:15,DELIVERED,NORTH
O001938,C00202,2024-10-09 15:31:04,PLACED,NORTH
O001939,NULL,2024-03-06 02:12:23,SHIPPED,NORTH
O001940,C00203,2025-12-09 15:51:25,SHIPPED,NORTH
O001941,C00203,2024-01-23 03:59:31,DELIVERED,NORTH
O001942,C00203,2025-01-02 22:36:19,DELIVERED,SOUTH
O001943,C00203,2025-11-12 10:51:21,SHIPPED,NORTH
O001944,C00203,2026-07-29 22:41:49,SHIPPED,WEST
O001945,C00203,2026-07-22 00:12:56,PLACED,SOUTH
O001946,C00203,2024-08-08 18:30:20,PLACED,NORTH
O001947,C00203,2025-06-07 18:11:14,DELIVERED,CENTRAL
O001948,C00203,2024-04-14 06:58:35,PLACED,NORTH
O001949,C00203,2025-12-16 05:58:07,SHIPPED,SOUTH
O001950,C00203,2024-04-22 17:32:06,DELIVERED,NORTH
O001951,C00203,2025-10-06 05:58:26,RETURNED,SOUTH
O001952,C00203,2025-10-11 09:39:35,DELIVERED,WEST
O001953,C00203,2024-08-22 03:28:07,DELIVERED,NORTH
O001954,C00203,2026-06-15 05:11:28,DELIVERED,WEST
O001955,C00203,2026-02-01 20:24:05,Delivered,EAST
O001956,C00203,2025-02-03 08:15:00,DELIVERED,WEST
O001957,C00203,2026-04-13 04:18:25,DELIVERED,NORTH
O001958,C00203,2024-03-23 02:40:46,DELIVERED,CENTRAL
O001959,C00203,2025-12-02 19:08:32,DELIVERED,SOUTH
O001960,C00203,2024-01-03 00:49:59,DELIVERED,NORTH
O001961,C00203,2026-03-11 12:11:18,CANCELLED,NORTH
O001962,C00203,2025-07-25 04:11:11,SHIPPED,NORTH
O001963,,2025-10-12 21:43:17,DELIVERED,WEST
O001964,C00203,2026-03-22 08:44:09,PLACED,SOUTH
O001965,C00203,2024-06-08 15:36:27,SHIPPED,WEST
O001966,C00203,2024-11-18 18:23:46,DELIVERED,NORTH
O001967,C00203,2024-05-22 06:45:04,PLACED,EAST
O001968,C00204,2024-10-12 01:09:22,DELIVERED,SOUTH
O001969,C00204,2024-12-06 19:57:56,DELIVERED,SOUTH
O001970,C00204,2025-06-02 11:34:34,DELIVERED,WEST
O001971,C00205,2025-12-22 21:39:48,DELIVERED,NORTH
O001972,C00205,2025-10-26 21:54:23,DELIVERED,WEST
O001973,C00205,2025-10-20 06:29:47,DELIVERED,NORTH
O001974,C00205,08-08-2025 05:17:28,DELIVERED,SOUTH
O001975,C00205,2024-03-13 02:54:15,DELIVERED,NORTH
O001976,C00205,2024-10-27 10:32:25,DELIVERED,NORTH
O001977,C00205,2024-11-20 19:48:10,SHIPPED,WEST
O001978,C00206,2024-12-17 11:51:44,DELIVERED,WEST
O001979,C00206,2026-07-15 13:25:40,DELIVERED,WEST
O001980,C00206,2025-12-06 04:50:50,RETURNED,EAST
O001981,C00206,2025-11-05 11:39:31,DELIVERED,NORTH
O001982,C00206,2026-01-22 06:52:55,DELIVERED,EAST
O001983,C00206,2025-01-31 17:26:06,DELIVERED,WEST
O001984,C00206,2026-01-18 10:01:18,CANCELLED,NORTH
O001985,C00206,2026-02-14 05:25:44,DELIVERED,EAST
O001986,C00206,2025-10-26 15:41:01,DELIVERED,WEST
O001987,C00206,2025-11-17 08:56:28,PLACED,EAST
O001988,,2024-11-26 22:17:19,DELIVERED,NORTH
O001989,C00206,2024-04-09 10:11:07,RETURNED,NORTH
O001990,C00206,2025-11-16 19:15:27,RETURNED,NORTH
O001991,C00206,2024-07-24 12:58:57,CANCELLED,NORTH
O001992,C00206,2026-03-16 09:35:30,DELIVERED,NORTH
O001993,C00206,2024-10-07 14:43:11,RETURNED,WEST
O001994,C00206,2025-11-14 06:55:04,SHIPPED,WEST
O001995,C00206,2026-01-28 12:01:34,DELIVERED,EAST
O001996,C00206,2025-05-29 16:50:47,DELIVERED,NORTH
O001997,C00206,2024-11-05 02:10:58,DELIVERED,NORTH
O001998,C00206,2025-10-18 16:56:10,DELIVERED,NORTH
O001999,C00206,2024-09-17 07:09:23,DELIVERED,SOUTH
O002000,C00206,2024-01-27 01:15:09,DELIVERED,SOUTH
O002001,C00206,2026-04-26 20:17:40,DELIVERED,WEST
O002002,C00206,2024-02-15 03:26:40,RETURNED,NORTH
O002003,C00206,2024-01-12 06:25:02,SHIPPED,NORTH
O002004,C00206,2025-07-26 02:34:56,SHIPPED,EAST
O002005,C00206,2024-02-26 18:42:28,DELIVERED,NORTH
O002006,C00206,2024-12-08 17:32:48,DELIVERED,EAST
O002007,C00206,2024-11-02 23:09:21,DELIVERED,SOUTH
O002008,C00206,2025-12-12 17:11:43,DELIVERED,EAST
O002009,C00206,2025-10-16 12:09:49,DELIVERED,WEST
O002010,C00206,2025-08-13 11:39:48,DELIVERED,NORTH
O002011,C00206,2024-12-20 14:18:08,PLACED,NORTH
O002012,,2025-12-23 17:35:19,DELIVERED,NORTH
O002013,C00206,2026-06-24 04:01:28,SHIPPED,WEST
O002014,C00206,2025-05-16 19:28:00,PLACED,NORTH
O002015,C00206,2025-01-09 21:12:22,DELIVERED,NORTH
O002016,C00206,2024-03-23 20:41:53,PLACED,NORTH
O002017,C00206,2024-11-17 02:33:36,DELIVERED,SOUTH
O002018,C00206,2025-10-11 12:23:38,RETURNED,NORTH
O002019,C00206,2025-12-19 11:23:01,DELIVERED,WEST
O002020,C00206,2025-04-11 14:19:32,DELIVERED,NORTH
O002021,C00207,2024-07-22 11:20:33,DELIVERED,WEST
O002022,C00207,2026-02-16 16:36:11,DELIVERED,WEST
O002023,NULL,2025-11-10 22:18:20,DELIVERED,SOUTH
O002024,C00207,2025-12-20 14:26:38,SHIPPED,NORTH
O002025,C00207,2025-01-10 21:23:04,DELIVERED,CEN
O002026,C00207,08-11-2024 09:41:53,SHIPPED,EAST
O002027,C00207,2024-09-12 22:55:15,PLACED,EAST
O002028,C00208,2024-10-11 09:26:00,CANCELLED,SOUTH
O002029,C00208,2024-12-28 07:11:59,PLACED,SOUTH
O002030,C00208,2025-12-18 04:42:16,SHIPPED,NORTH
O002031,C00209,2024-05-14 01:57:33,CANCELLED,NORTH
O002032,C00209,2024-09-09 20:10:32,DELIVERED,NORTH
O002033,C00209,2025-07-13 23:03:28,DELIVERED,NORTH
O002034,C00209,2024-10-25 13:29:04,DELIVERED,CENTRAL
O002035,C00209,2025-09-11 08:19:44,DELIVERED,NORTH
O002036,C00210,2024-12-04 02:46:05,SHIPPED,SOUTH
O002037,C00211,2024-02-16 20:54:42,PLACED,NORTH
O002038,C00211,2025-11-01 15:04:16,PLACED,WEST
O002039,C00211,2025-10-08 02:52:24,DELIVERED,CENTRAL
O002040,C00212,2024-11-25 22:48:28,DELIVERED,NORTH
O002041,C00212,2025-11-01 00:22:38,DELIVERED,SOUTH
O002042,NULL,2025-01-19 23:20:48,SHIPPED,west
O002043,C00212,2024-04-12 01:31:28,SHIPPED,NORTH
O002044,C00212,2025-06-08 12:19:36,RETURNED,WEST
O002045,C00212,2024-09-22 19:03:08,DELIVERED,NORTH
O002046,C00213,2024-08-07 14:46:39,DELIVERED,EAST
O002047,C00213,2026-06-13 22:52:28,RETURNED,NORTH
O002048,C00213,2026-04-22 23:52:03,SHIPPED,EAST
O002049,C00214,2024-02-20 13:14:14,DELIVERED,WEST
O002050,C00214,2026-01-15 01:05:00,DELIVERED,NORTH
O002051,C00214,2025-06-20 06:15:24,PLACED,west
O002052,C00214,2025-11-26 02:23:28,SHIPPED,NORTH
O002053,C00214,2024-06-07 09:59:45,RETURNED,WEST
O002054,C00214,2024-02-04 09:15:46,DELIVERED,EAST
O002055,C00214,2025-01-18 09:19:05,RETURNED,CENTRAL
O002056,C00214,2025-10-07 09:56:51,CANCELLED,NORTH
O002057,C00215,2024-10-28 02:05:38,DELIVERED,NORTH
O002058,C00215,2026-01-02 13:38:59,DELIVERED,SOUTH
O002059,C00215,2025-08-29 17:50:07,DELIVERED,WEST
O002060,C00215,2024-02-03 08:41:09,DELIVERED,NORTH
O002061,C00215,2024-02-21 11:47:03,DELIVERED,EAST
O002062,C00215,2025-12-21 08:35:17,Delivered,NORTH
O002063,C00215,2026-06-14 09:48:36,SHIPPED,NORTH
O002064,C00215,2026-06-13 21:44:01,DELIVERED,EAST
O002065,C00215,2025-11-06 22:34:11,CANCELLED,CENTRAL
O002066,C00215,2024-04-13 19:51:36,DELIVERED,NORTH
O002067,C00215,2024-12-29 20:54:35,SHIPPED,NORTH
O002068,C00215,2026-07-30 10:47:14,DELIVERED,WEST
O002069,C00215,2024-06-09 16:31:00,DELIVERED,CENTRAL
O002070,C00215,2025-12-10 17:18:05,DELIVERED,EAST
O002071,C00215,2024-08-20 15:08:47,SHIPPED,NORTH
O002072,C00215,2025-07-11 23:56:53,DELIVERED,NORTH
O002073,C00215,2025-08-10 18:10:32,PLACED,WEST
O002074,C00215,2024-04-10 14:01:43,CANCELLED,WEST
O002075,C00215,2024-11-24 18:07:07,DELIVERED,SOUTH
O002076,C00215,2024-10-25 18:29:23,RETURNED,CENTRAL
O002077,C00215,2026-04-29 03:28:26,SHIPPED,SOUTH
O002078,C00215,2025-11-01 01:30:35,SHIPPED,NORTH
O002079,C00215,2026-05-12 01:11:04,SHIPPED,CENTRAL
O002080,C00215,22-09-2025 11:47:28,DELIVERED,NORTH
O002081,C00215,2025-07-14 19:19:13,DELIVERED,CENTRAL
O002082,C00215,2024-10-22 23:30:00,PLACED,NORTH
O002083,NULL,2025-12-23 13:48:51,DELIVERED,SOUTH
O002084,C00215,2026-03-10 18:59:09,DELIVERED,WEST
O002085,C00216,2024-09-30 09:50:43,DELIVERED,NORTH
O002086,C00216,2024-11-16 12:23:43,DELIVERED,WEST
O002087,C00216,2024-01-06 10:12:21,DELIVERED,NORTH
O002088,C00216,2025-09-09 00:45:38,SHIPPED,SOUTH
O002089,C00216,2025-11-08 07:00:39,DELIVERED,NORTH
O002090,C00216,2024-12-18 18:54:45,DELIVERED,WEST
O002091,,2025-12-18 06:30:48,DELIVERED,EAST
O002092,C00216,2025-09-26 02:35:56,DELIVERED,NORTH
O002093,C00216,2025-09-13 18:17:01,DELIVERED,EAST
O002094,C00216,2024-10-01 12:22:15,PLACED,SOUTH
O002095,C00216,2027-01-26 00:00:00,DELIVERED,NORTH
O002096,C00216,2024-10-25 06:43:07,SHIPPED,WEST
O002097,C00216,2025-12-16 17:40:59,DELIVERED,SOUTH
O002098,C00216,2024-06-25 13:59:31,DELIVERED,SOUTH
O002099,C00216,2025-07-07 20:51:28,PLACED,SOUTH
O002100,C00216,2024-09-01 10:08:00,SHIPPED,NORTH
O002101,C00216,2025-10-27 22:13:04,DELIVERED,CENTRAL
O002102,C00216,2024-02-29 01:20:40,DELIVERED,SOUTH
O002103,C00216,04-05-2024 17:54:00,DELIVERED,WEST
O002104,C00216,2025-07-17 14:21:29,Shipped,WEST
O002105,C00216,2025-09-20 19:31:35,DELIVERED,WEST
O002106,C00216,2026-06-01 17:34:19,DELIVERED,WEST
O002107,C00216,2025-10-10 04:54:30,DELIVERED,EAST
O002108,,2025-10-20 19:16:39,DELIVERED,SOUTH
O002109,C00216,2025-07-25 16:04:42,SHIPPED,SOUTH
O002110,C00216,2025-12-27 14:42:59,DELIVERED,NORTH
O002111,C00216,2024-11-14 06:46:09,DELIVERED,WEST
O002112,C00216,2024-11-22 12:00:51,DELIVERED,WEST
O002113,C00216,2025-10-28 23:09:26,DELIVERED,WEST
O002114,C00217,2025-07-18 00:07:47,DELIVERED,EAST
O002115,C00217,2026-02-08 23:07:41,DELIVERED,NORTH
O002116,C00217,2025-11-25 15:52:15,DELIVERED,WEST
O002117,C00217,2024-12-29 05:02:28,DELIVERED,CENTRAL
O002118,C00217,2026-06-08 12:04:33,RETURNED,NORTH
O002119,C00217,2025-11-29 01:21:10,DELIVERED,WEST
O002120,C00217,2024-12-27 12:32:20,DELIVERED,NORTH
O002121,C00217,2026-07-08 03:54:04,DELIVERED,NORTH
O002122,C00217,2024-12-26 16:50:01,SHIPPED,EAST
O002123,C00217,2024-12-31 06:26:59,PLACED,NORTH
O002124,C00217,2024-01-02 01:47:27,DELIVERED,NORTH
O002125,C00217,2024-07-09 08:05:17,SHIPPED,NORTH
O002126,C00218,2025-09-21 05:44:50,DELIVERED,EAST
O002127,C00218,2024-03-09 23:53:28,DELIVERED,NORTH
O002128,C00219,2026-10-26 00:00:00,PLACED,NORTH
O002129,C00219,26-10-2024 20:24:51,RETURNED,EAST
O002130,C00219,2024-05-27 01:48:37,PLACED,SOUTH
O002131,C00219,2024-10-13 20:50:46,DELIVERED,SOUTH
O002132,C00220,2024-05-06 13:56:26,DELIVERED,SOUTH
O002133,C00220,2024-12-06 17:58:45,PLACED,SOUTH
O002134,C00220,2024-10-27 04:04:48,SHIPPED,CENTRAL
O002135,C00220,2024-10-16 21:04:59,DELIVERED,WEST
O002136,C00221,2024-04-16 02:09:28,RETURNED,SOUTH
O002137,C00221,2024-04-02 12:01:09,RETURNED,WEST
O002138,C00221,2025-10-27 20:04:34,DELIVERED,SOUTH
O002139,C00221,2024-12-10 07:47:08,RETURNED,WEST
O002140,C00222,2024-10-04 09:52:42,DELIVERED,EAST
O002141,C00222,2025-12-04 18:48:25,PLACED,NORTH
O002142,C00223,2024-01-10 03:26:14,SHIPPED,West
O002143,C00223,2025-09-24 08:39:42,DELIVERED,NORTH
O002144,C00223,2025-01-01 17:54:57,DELIVERED,EAS
O002145,NULL,2025-05-31 09:24:44,DELIVERED,WEST
O002146,C00223,2026-05-16 01:10:32,DELIVERED,NORTH
O002147,C00223,2025-03-01 22:09:24,PLACED,WEST
O002148,C00223,2025-10-31 15:46:10,DELIVERED,WEST
O002149,C00223,2025-10-02 03:25:54,DELIVERED,CENTRAL
O002150,C00224,12-05-2025 08:45:26,CANCELLED,WEST
O002151,C00224,2024-07-06 21:42:15,DELIVERED,SOUTH
O002152,C00224,2025-02-23 12:52:35,RETURNED,SOUTH
O002153,C00224,2025-11-13 05:53:31,SHIPPED,EAST
O002154,C00225,2024-11-05 08:11:12,Delivered,SOUTH
O002155,C00225,2026-07-21 09:12:19,DELIVERED,NORTH
O002156,C00226,2024-12-19 15:50:52,SHIPPED,EAS
O002157,C00226,2024-12-23 04:37:05,DELIVERED,NORTH
O002158,C00226,2025-11-24 07:46:06,DELIVERED,NORTH
O002159,C00227,2025-02-16 00:50:00,DELIVERED,EAST
O002160,C00227,2025-04-16 20:07:55,DELIVERED,NORTH
O002161,C00227,2026-05-29 00:23:59,DELIVERED,CENTRAL
O002162,C00227,2024-08-21 22:55:00,CANCELLED,WEST
O002163,C00227,2025-05-31 12:21:07,DELIVERED,EAST
O002164,C00227,2025-04-11 19:44:17,DELIVERED,EAST
O002165,C00227,2024-10-21 10:12:20,DELIVERED,WEST
O002166,C00227,2025-01-26 02:29:31,SHIPPED,NORTH
O002167,C00227,2026-01-04 11:49:30,DELIVERED,CENTRAL
O002168,C00227,2026-02-16 14:00:14,DELIVERED,NORTH
O002169,C00227,2025-12-12 19:12:06,SHIPPED,NORTH
O002170,C00227,2024-05-07 16:37:12,DELIVERED,SOUTH
O002171,C00227,2025-07-06 04:57:24,RETURNED,WEST
O002172,C00227,2024-12-26 19:54:30,SHIPPED,EAST
O002173,C00227,2024-09-12 17:45:50,PLACED,SOUTH
O002174,C00227,2025-11-20 19:31:23,DELIVERED,NORTH
O002175,C00227,2026-01-09 16:37:45,RETURNED,NORTH
O002176,C00227,2025-10-15 13:58:14,DELIVERED,NORTH
O002177,C00227,2024-12-11 08:35:02,SHIPPED,NORTH
O002178,C00227,2026-03-27 02:51:21,DELIVERED,west
O002179,C00227,2026-12-23 00:00:00,SHIPPED,EAST
O002180,C00227,2026-04-16 22:39:18,DELIVERED,EAST
O002181,C00227,2025-02-10 08:44:58,DELIVERED,North
O002182,C00227,2025-07-13 11:29:02,SHIPPED,EAST
O002183,C00227,2024-02-20 10:15:14,PLACED,SOUTH
O002184,C00227,2026-03-20 10:11:37,DELIVERED,WEST
O002185,C00227,2025-11-03 15:17:54,SHIPPED,SOUTH
O002186,C00227,06-01-2026 02:01:29,DELIVERED,NORTH
O002187,C00227,2024-05-09 04:33:29,RETURNED,EAST
O002188,C00227,2026-06-08 16:24:19,DELIVERED,EAST
O002189,C00228,2025-11-19 15:11:31,DELIVERED,NORTH
O002190,C00228,2025-10-16 08:38:04,DELIVERED,SOUTH
O002191,C00228,2025-10-07 06:38:38,SHIPPED,NORTH
O002192,C00228,2024-11-10 16:00:19,DELIVERED,SOUTH
O002193,C00228,2024-01-20 19:57:40,DELIVERED,WEST
O002194,C00228,16-12-2025 00:04:57,CANCELLED,WEST
O002195,NULL,2026-01-17 12:43:08,DELIVERED,WEST
O002196,C00228,2024-10-08 23:04:48,PLACED,NORTH
O002197,C00228,2024-10-12 16:51:24,DELIVERED,CENTRAL
O002198,C00228,2025-07-19 12:14:54,SHIPPED,WEST
O002199,C00228,2025-04-23 20:33:33,DELIVERED,SOUTH
O002200,C00229,2025-12-11 13:32:35,DELIVERED,EAST
O002201,C00229,2026-01-06 18:32:32,CANCELLED,EAST
O002202,C00229,2024-12-07 13:17:17,SHIPPED,WEST
O002203,C00229,2025-06-28 17:11:09,DELIVERED,SOUTH
O002204,C00230,2025-02-15 18:48:50,DELIVERED,NORTH
O002205,C00230,2025-05-11 15:53:12,PLACED,WEST
O002206,C00230,2026-05-18 14:55:42,DELIVERED,NORTH
O002207,C00230,2024-10-15 11:17:35,DELIVERED,WEST
O002208,C00230,2025-09-17 21:42:25,SHIPPED,NORTH
O002209,C00230,2025-10-16 07:29:13,DELIVERED,WEST
O002210,NULL,2025-02-04 02:49:28,DELIVERED,NORTH
O002211,C00230,2026-06-22 05:07:43,DELIVERED,WEST
O002212,C00230,2025-09-04 04:57:06,DELIVERED,EAST
O002213,C00231,2025-12-05 01:45:48,RETURNED,WEST
O002214,C00231,2026-04-08 11:36:28,DELIVERED,NORTH
O002215,C00231,2025-12-30 01:59:23,DELIVERED,NORTH
O002216,C00231,2025-11-23 15:33:37,RETURNED,SOUTH
O002217,C00232,2025-10-24 12:55:33,DELIVERED,EAST
O002218,C00232,2024-09-05 10:16:16,RETURNED,WEST
O002219,C00232,2025-01-28 21:09:49,DELIVERED,SOUTH
O002220,C00232,2025-01-20 23:16:40,DELIVERED,SOU
O002221,C00232,2024-12-26 12:54:41,DELIVERED,CENTRAL
O002222,C00232,2025-04-13 04:39:36,Shipped,WEST
O002223,C00232,2025-11-03 10:10:19,DELIVERED,EAST
O002224,C00232,09-03-2026 14:01:15,DELIVERED,WEST
O002225,C00232,2025-02-02 04:37:53,DELIVERED,WEST
O002226,C00232,2025-02-19 00:07:10,RETURNED,WEST
O002227,C00232,2024-02-22 07:28:10,DELIVERED,NORTH
O002228,C00232,2024-07-11 22:26:02,DELIVERED,WEST
O002229,C00232,15-08-2025 00:20:27,RETURNED,NORTH
O002230,C00232,05-01-2024 23:56:24,DELIVERED,NORTH
O002231,C00232,2024-12-15 06:59:10,DELIVERED,WEST
O002232,C00232,2025-10-07 02:42:34,DELIVERED,NORTH
O002233,C00232,2024-12-02 18:15:58,DELIVERED,NORTH
O002234,C00232,2026-01-24 01:31:33,DELIVERED,NORTH
O002235,C00232,2025-05-23 15:00:12,PLACED,NORTH
O002236,C00232,2024-08-02 12:06:55,DELIVERED,WEST
O002237,C00232,2025-12-26 12:26:08,DELIVERED,EAST
O002238,C00232,2024-12-14 23:46:54,DELIVERED,NORTH
O002239,C00232,2025-12-18 09:37:47,PLACED,SOUTH
O002240,C00232,2024-03-04 19:14:25,DELIVERED,NORTH
O002241,C00232,2024-11-22 17:40:24,DELIVERED,SOUTH
O002242,C00232,2025-05-27 05:25:34,DELIVERED,NORTH
O002243,C00232,2024-07-01 11:40:20,DELIVERED,EAST
O002244,C00232,2024-02-29 20:46:53,DELIVERED,CENTRAL
O002245,C00233,2025-10-08 07:38:33,RETURNED,NORTH
O002246,C00233,2025-12-28 15:07:09,PLACED,WEST
O002247,C00233,2024-02-02 08:17:05,DELIVERED,NORTH
O002248,C00233,2024-04-07 11:37:39,DELIVERED,NORTH
O002249,C00233,2024-03-17 18:42:33,DELIVERED,NORTH
O002250,C00233,2025-11-26 05:07:27,SHIPPED,EAST
O002251,C00233,2025-10-06 01:52:00,DELIVERED,NORTH
O002252,C00233,2024-02-16 13:20:10,SHIPPED,NORTH
O002253,C00233,2025-05-13 17:59:03,DELIVERED,WEST
O002254,C00234,2025-01-11 19:39:32,DELIVERED,EAST
O002255,C00235,2024-02-07 23:19:49,DELIVERED,NORTH
O002256,NULL,2024-09-26 01:47:40,DELIVERED,SOUTH
O002257,C00235,2025-10-16 18:02:11,DELIVERED,WEST
O002258,C00236,2024-11-24 04:09:32,DELIVERED,WEST
O002259,C00236,2025-02-28 01:01:35,DELIVERED,SOUTH
O002260,C00236,2025-11-10 15:17:09,PLACED,WEST
O002261,C00236,2026-02-07 19:23:04,DELIVERED,WEST
O002262,C00236,2025-11-20 03:36:22,SHIPPED,WEST
O002263,C00236,2025-02-03 14:44:46,DELIVERED,NORTH
O002264,C00237,2025-09-18 14:55:24,PLACED,NORTH
O002265,C00237,2026-05-12 23:15:40,CANCELLED,WEST
O002266,C00237,2024-07-08 02:37:01,DELIVERED,NORTH
O002267,C00238,2024-07-30 21:26:59,RETURNED,NORTH
O002268,C00238,2025-02-23 04:25:02,SHIPPED,EAST
O002269,C00238,2025-05-22 15:18:48,DELIVERED,WEST
O002270,C00238,2025-11-29 01:11:34,DELIVERED,SOUTH
O002271,C00238,2024-01-04 07:22:25,DELIVERED,SOUTH
O002272,C00238,2025-01-31 19:48:04,RETURNED,NORTH
O002273,C00238,2025-11-07 08:51:16,CANCELLED,WEST
O002274,C00238,2025-10-02 07:20:05,DELIVERED,NORTH
O002275,C00238,2024-06-06 08:03:22,DELIVERED,WEST
O002276,C00238,2024-10-15 15:18:36,RETURNED,CENTRAL
O002277,C00238,2026-07-07 03:42:43,SHIPPED,NORTH
O002278,C00238,2026-02-24 02:55:48,PLACED,NORTH
O002279,C00238,2025-12-25 09:37:53,DELIVERED,NORTH
O002280,C00238,2025-10-28 18:16:33,DELIVERED,EAST
O002281,C00238,2024-01-10 16:36:35,DELIVERED,NORTH
O002282,C00238,2024-08-25 21:34:28,DELIVERED,NORTH
O002283,C00238,2024-06-20 05:42:46,SHIPPED,NORTH
O002284,C00238,2024-10-14 13:26:22,DELIVERED,CENTRAL
O002285,C00238,2024-11-15 10:21:21,PLACED,WEST
O002286,C00238,2025-12-11 03:00:00,DELIVERED,WEST
O002287,C00238,2024-01-05 06:10:06,CANCELLED,WEST
O002288,C00238,2026-07-19 05:56:13,DELIVERED,SOUTH
O002289,C00238,2024-01-26 22:32:48,DELIVERED,CENTRAL
O002290,C00238,2026-01-04 21:42:49,SHIPPED,SOUTH
O002291,C00238,2024-11-22 08:26:47,DELIVERED,NORTH
O002292,NULL,2024-11-23 09:34:32,SHIPPED,SOUTH
O002293,C00238,2025-10-25 07:00:20,SHIPPED,NORTH
O002294,C00238,2025-03-13 18:34:37,DELIVERED,SOUTH
O002295,C00238,2024-01-17 15:49:10,SHIPPED,SOUTH
O002296,C00238,2024-10-21 18:47:30,DELIVERED,WEST
O002297,C00238,2025-07-04 20:40:07,CANCELLED,NORTH
O002298,C00238,2024-12-12 23:23:57,DELIVERED,SOUTH
O002299,C00238,2025-08-06 18:34:29,DELIVERED,NORTH
O002300,C00238,2025-04-04 20:14:58,CANCELLED,NORTH
O002301,C00238,2026-02-11 18:45:50,PLACED,NOR
O002302,C00239,2024-10-10 04:10:54,DELIVERED,CENTRAL
O002303,C00239,2024-04-10 17:57:54,PLACED,CENTRAL
O002304,C00239,2025-11-08 07:27:20,DELIVERED,EAST
O002305,C00240,16-10-2024 22:25:42,DELIVERED,WEST
O002306,C00240,2026-02-09 03:25:09,DELIVERED,WEST
O002307,C00240,2025-11-21 20:49:47,CANCELLED,SOUTH
O002308,C00240,2026-05-24 11:34:45,SHIPPED,EAST
O002309,C00240,2025-07-26 06:45:29,DELIVERED,WEST
O002310,C00240,2024-09-28 09:35:16,DELIVERED,EAST
O002311,C00240,2026-01-04 14:22:52,DELIVERED,WEST
O002312,C00240,2025-03-14 07:25:30,CANCELLED,SOUTH
O002313,C00240,2025-04-21 17:52:21,DELIVERED,NORTH
O002314,C00240,2024-05-04 16:04:34,DELIVERED,NORTH
O002315,C00240,2026-06-15 20:26:51,SHIPPED,SOUTH
O002316,C00240,2025-12-07 01:20:41,DELIVERED,NORTH
O002317,C00240,2025-12-06 01:08:38,DELIVERED,NORTH
O002318,C00240,2026-07-04 08:13:37,SHIPPED,SOUTH
O002319,C00240,15-12-2025 16:27:21,DELIVERED,EAST
O002320,C00240,2024-03-27 04:28:44,DELIVERED,EAST
O002321,C00240,2024-10-22 09:13:19,RETURNED,SOUTH
O002322,C00240,2024-11-06 01:39:17,DELIVERED,WEST
O002323,C00240,2025-02-02 14:04:21,DELIVERED,WES
O002324,C00240,2025-05-19 02:43:29,DELIVERED,EAST
O002325,C00240,2024-10-10 04:54:31,SHIPPED,WEST
O002326,C00240,2024-06-14 21:56:59,RETURNED,WEST
O002327,C00240,2024-11-28 15:15:58,DELIVERED,CENTRAL
O002328,C00240,2026-02-20 01:38:11,DELIVERED,NORTH
O002329,C00240,2024-05-23 16:58:10,RETURNED,WEST
O002330,,2025-05-17 06:46:43,SHIPPED,NORTH
O002331,C00240,2024-09-20 11:47:10,DELIVERED,SOUTH
O002332,C00240,2025-11-13 01:58:51,DELIVERED,SOUTH
O002333,C00240,2025-01-23 02:32:12,PLACED,SOUTH
O002334,C00241,2024-11-21 23:05:47,DELIVERED,WEST
O002335,C00241,2025-11-09 21:53:05,SHIPPED,NORTH
O002336,C00242,2025-12-26 02:21:57,SHIPPED,NORTH
O002337,C00243,2026-05-28 23:17:04,DELIVERED,NORTH
O002338,C00243,2024-12-10 05:36:37,shipped,NORTH
O002339,C00243,2025-09-08 08:42:40,DELIVERED,north
O002340,NULL,2024-02-17 10:11:33,PLACED,SOUTH
O002341,C00243,2026-02-20 16:31:23,DELIVERED,SOUTH
O002342,C00243,2024-10-22 12:29:56,RETURNED,NORTH
O002343,C00243,26-10-2025 04:46:07,SHIPPED,EAST
O002344,C00243,2026-04-08 22:48:16,SHIPPED,south
O002345,C00243,2025-11-06 12:30:53,PLACED,NORTH
O002346,C00243,2025-01-28 05:40:06,PLACED,WEST
O002347,C00243,2024-12-21 21:42:37,RETURNED,EAST
O002348,NULL,2026-02-14 11:46:34,DELIVERED,NORTH
O002349,C00244,2024-12-02 11:54:04,DELIVERED,CENTRAL
O002350,C00244,2024-08-01 16:57:01,RETURNED,EAST
O002351,C00244,2024-11-18 03:13:39,DELIVERED,SOUTH
O002352,C00244,2024-10-14 19:44:51,SHIPPED,WEST
O002353,C00244,2024-09-15 12:17:26,DELIVERED,CENTRAL
O002354,C00244,2024-11-15 20:14:05,PLACED,WEST
O002355,C00244,2024-12-07 10:15:19,DELIVERED,Central
O002356,C00244,2026-05-17 17:44:15,DELIVERED,WEST
O002357,C00244,2025-11-13 16:26:45,Delivered,EAST
O002358,C00244,2025-02-03 13:17:21,SHIPPED,WEST
O002359,C00244,2024-12-02 23:20:39,SHIPPED,NORTH
O002360,C00244,2024-06-03 13:42:40,SHIPPED,EAST
O002361,C00244,2025-12-20 00:54:21,DELIVERED,NORTH
O002362,C00244,2025-12-26 14:55:02,DELIVERED,EAST
O002363,C00244,2025-11-16 14:39:28,DELIVERED,SOUTH
O002364,C00244,2025-11-19 08:43:18,SHIPPED,NORTH
O002365,C00244,2026-06-22 02:04:54,DELIVERED,NORTH
O002366,C00244,2024-10-18 16:25:10,DELIVERED,WEST
O002367,C00244,2024-02-11 13:21:05,DELIVERED,WEST
O002368,C00244,2024-05-23 23:20:36,DELIVERED,SOUTH
O002369,C00244,2024-10-17 08:27:04,DELIVERED,NORTH
O002370,,2026-06-10 14:07:15,DELIVERED,NORTH
O002371,C00244,2025-02-01 09:23:35,SHIPPED,NORTH
O002372,C00244,2025-10-03 00:40:18,DELIVERED,WEST
O002373,C00244,2024-08-15 22:54:31,CANCELLED,EAST
O002374,C00244,2024-11-13 02:45:33,RETURNED,SOUTH
O002375,C00244,2026-02-01 21:46:42,DELIVERED,WEST
O002376,C00244,2024-12-18 02:34:36,SHIPPED,WEST
O002377,C00244,2026-06-30 18:17:15,RETURNED,NORTH
O002378,C00244,2024-12-12 22:57:42,PLACED,WEST
O002379,C00244,2024-10-21 20:50:06,DELIVERED,WEST
O002380,C00244,2025-05-20 07:39:59,DELIVERED,NORTH
O002381,C00244,2024-11-03 21:36:20,DELIVERED,WEST
O002382,C00244,2025-12-03 11:12:29,RETURNED,SOUTH
O002383,C00244,2025-05-11 11:56:38,DELIVERED,WEST
O002384,C00244,2025-12-27 23:42:41,CANCELLED,EAST
O002385,C00244,2024-07-29 08:58:52,PLACED,SOUTH
O002386,C00244,2025-10-25 19:19:31,SHIPPED,SOUTH
O002387,C00244,2024-01-25 06:30:35,PLACED,NORTH
O002388,C00244,2026-03-21 14:44:06,DELIVERED,NORTH
O002389,C00245,18-12-2025 13:30:05,DELIVERED,NORTH
O002390,C00245,2024-03-14 00:31:04,DELIVERED,NORTH
O002391,C00245,2026-04-03 11:59:34,RETURNED,EAST
O002392,C00245,2024-11-26 07:32:06,DELIVERED,WEST
O002393,C00245,06-09-2024 20:41:36,SHIPPED,SOUTH
O002394,C00245,2025-03-24 00:47:28,RETURNED,EAST
O002395,C00245,2024-09-14 22:50:03,DELIVERED,NORTH
O002396,C00245,2024-11-03 06:54:29,DELIVERED,NORTH
O002397,C00245,2025-05-28 13:47:58,DELIVERED,NORTH
O002398,C00245,19-10-2024 00:40:08,DELIVERED,NORTH
O002399,C00245,2024-07-18 18:21:40,SHIPPED,SOUTH
O002400,C00245,2025-01-14 13:48:18,DELIVERED,SOUTH
O002401,C00246,2025-12-25 19:36:45,DELIVERED,NORTH
O002402,C00246,2025-11-18 04:25:33,DELIVERED,WEST
O002403,C00246,2024-02-18 18:39:22,DELIVERED,EAST
O002404,C00246,2025-06-01 16:48:39,DELIVERED,WEST
O002405,C00247,2026-02-28 21:31:06,DELIVERED,NORTH
O002406,C00247,2024-07-23 07:02:31,DELIVERED,NORTH
O002407,C00247,2025-02-14 22:53:22,DELIVERED,WEST
O002408,C00247,2026-03-04 20:43:58,SHIPPED,WEST
O002409,C00248,2025-12-08 17:22:57,PLACED,NORTH
O002410,C00248,2025-10-28 11:16:51,PLACED,NORTH
O002411,C00248,2024-12-11 17:22:05,PLACED,WEST
O002412,C00248,2024-06-10 19:05:59,DELIVERED,NORTH
O002413,C00248,2026-06-26 23:17:48,RETURNED,NORTH
O002414,C00248,2025-07-09 08:06:11,DELIVERED,EAST
O002415,C00248,2025-06-06 03:35:03,RETURNED,NORTH
O002416,C00248,2024-06-29 03:50:53,DELIVERED,SOUTH
O002417,C00248,2025-11-13 15:50:30,SHIPPED,EAST
O002418,C00248,2024-11-20 03:43:38,DELIVERED,EAST
O002419,C00248,2025-10-09 23:59:24,DELIVERED,NORTH
O002420,C00248,2024-10-23 04:34:45,DELIVERED,WEST
O002421,C00248,2026-03-27 22:33:16,RETURNED,WEST
O002422,C00248,2024-11-23 08:13:58,DELIVERED,NORTH
O002423,C00248,2025-10-11 16:46:02,CANCELLED,NORTH
O002424,C00248,2024-09-13 12:38:35,DELIVERED,WEST
O002425,C00248,2025-08-17 10:30:44,RETURNED,EAST
O002426,C00248,2024-11-06 00:35:36,PLACED,CENTRAL
O002427,C00248,2024-12-27 20:35:19,SHIPPED,WEST
O002428,C00248,2024-05-13 00:42:11,CANCELLED,SOUTH
O002429,C00248,2024-02-11 15:11:22,PLACED,NORTH
O002430,C00248,2026-01-11 21:48:42,DELIVERED,CENTRAL
O002431,C00248,2025-12-14 01:08:15,RETURNED,WEST
O002432,NULL,2025-12-15 23:08:27,shipped,SOUTH
O002433,,2025-03-15 15:21:19,CANCELLED,NORTH
O002434,C00248,2025-12-21 17:27:31,DELIVERED,NORTH
O002435,NULL,2026-06-12 07:03:31,DELIVERED,NORTH
O002436,C00248,2025-03-28 11:14:48,DELIVERED,WEST
O002437,C00248,2024-07-27 16:18:51,DELIVERED,SOUTH
O002438,C00248,2025-02-06 17:33:10,DELIVERED,EAST
O002439,NULL,2025-10-14 22:48:56,DELIVERED,SOUTH
O002440,C00248,2025-07-13 02:07:25,CANCELLED,WEST
O002441,C00248,2024-08-22 22:29:38,DELIVERED,WEST
O002442,C00248,2024-12-02 12:24:54,DELIVERED,EAST
O002443,NULL,08-11-2024 14:34:00,DELIVERED,NORTH
O002444,C00248,2025-08-02 20:30:38,RETURNED,NORTH
O002445,C00248,2024-12-08 15:40:02,CANCELLED,SOUTH
O002446,C00248,2026-01-21 12:09:02,SHIPPED,SOUTH
O002447,C00248,2026-06-13 22:50:06,SHIPPED,NORTH
O002448,C00248,2024-11-16 17:13:26,PLACED,NORTH
O002449,C00248,2025-09-22 04:11:14,DELIVERED,WEST
O002450,C00248,2025-11-20 10:22:39,PLACED,NORTH
O002451,C00248,2025-08-09 03:46:42,RETURNED,NORTH
O002452,C00248,2026-01-28 09:26:50,DELIVERED,SOUTH
O002453,C00248,2025-08-15 18:12:23,SHIPPED,NORTH
O002454,C00248,2025-04-12 15:59:11,DELIVERED,WEST
O002455,C00248,2025-11-03 08:10:31,DELIVERED,WEST
O002456,C00248,2024-12-09 21:36:11,SHIPPED,EAST
O002457,,2024-09-04 07:58:04,DELIVERED,NORTH
O002458,C00248,2024-01-11 10:34:31,RETURNED,WEST
O002459,C00248,24-10-2025 14:41:44,DELIVERED,WEST
O002460,C00248,2025-04-26 17:59:17,DELIVERED,WEST
O002461,C00248,2026-01-06 01:49:03,DELIVERED,WEST
O002462,C00248,2025-06-15 07:32:20,DELIVERED,NORTH
O002463,C00248,2025-12-05 18:35:32,DELIVERED,NORTH
O002464,C00248,2025-07-16 01:27:17,DELIVERED,SOUTH
O002465,C00248,2025-03-04 04:12:14,DELIVERED,WEST
O002466,C00248,2024-11-08 01:12:05,RETURNED,NORTH
O002467,C00248,28-02-2026 15:10:44,DELIVERED,WEST
O002468,C00248,2025-11-05 18:25:06,DELIVERED,WEST
O002469,C00248,2024-11-19 17:12:41,SHIPPED,WEST
O002470,C00248,2025-01-19 09:20:14,DELIVERED,SOUTH
O002471,C00248,2025-01-23 21:12:13,DELIVERED,EAST
O002472,C00248,2026-06-24 21:33:52,DELIVERED,WEST
O002473,C00248,2025-10-15 20:28:49,DELIVERED,WEST
O002474,C00249,2026-01-23 19:17:46,DELIVERED,EAST
O002475,C00249,2024-01-07 02:19:11,DELIVERED,SOUTH
O002476,C00249,2025-04-30 22:19:43,DELIVERED,CENTRAL
O002477,C00250,2024-07-11 22:30:45,DELIVERED,EAST
O002478,C00251,2025-12-09 13:44:11,DELIVERED,NORTH
O002479,C00251,2024-02-26 15:41:00,DELIVERED,SOUTH
O002480,C00251,2024-10-21 15:20:20,DELIVERED,EAST
O002481,C00251,2026-04-02 02:44:10,DELIVERED,SOUTH
O002482,C00252,2025-01-18 07:34:38,DELIVERED,WEST
O002483,C00252,10-10-2025 06:05:01,DELIVERED,SOUTH
O002484,C00252,2024-11-16 20:41:14,DELIVERED,WEST
O002485,C00252,2025-11-18 03:18:29,DELIVERED,SOUTH
O002486,C00252,2026-06-15 11:52:31,DELIVERED,NORTH
O002487,C00252,2024-10-09 07:40:15,DELIVERED,WEST
O002488,C00252,2025-03-23 10:13:09,RETURNED,EAST
O002489,C00252,2024-03-08 10:06:46,SHIPPED,NORTH
O002490,C00253,2024-11-26 05:05:50,CANCELLED,EAST
O002491,C00253,2025-05-20 04:25:49,DELIVERED,NORTH
O002492,C00253,2025-10-27 05:47:49,DELIVERED,SOUTH
O002493,C00253,2024-11-21 04:10:58,SHIPPED,WEST
O002494,C00253,2025-11-23 21:28:40,PLACED,NORTH
O002495,C00253,2024-10-19 01:57:03,DELIVERED,WEST
O002496,C00253,2025-05-28 17:35:55,DELIVERED,NORTH
O002497,C00253,2025-11-26 13:40:13,DELIVERED,SOUTH
O002498,C00253,2025-03-18 19:16:24,DELIVERED,NORTH
O002499,C00253,2025-05-02 03:11:25,DELIVERED,SOUTH
O002500,C00253,2025-08-23 13:40:16,DELIVERED,WEST
O002501,C00253,2024-12-21 05:17:27,SHIPPED,SOUTH
O002502,C00253,2026-10-09 00:00:00,DELIVERED,NORTH
O002503,C00253,2025-07-26 01:57:23,SHIPPED,NORTH
O002504,C00253,2025-11-07 01:11:39,DELIVERED,WEST
O002505,C00253,2024-11-21 04:19:57,DELIVERED,NORTH
O002506,C00253,2025-04-19 18:02:25,PLACED,SOUTH
O002507,C00253,2024-11-03 19:03:56,RETURNED,SOUTH
O002508,C00253,2024-02-07 08:32:45,DELIVERED,CENTRAL
O002509,C00253,2024-11-22 00:43:36,SHIPPED,NORTH
O002510,C00253,2025-06-05 00:15:19,SHIPPED,NORTH
O002511,C00253,2024-08-15 08:03:25,DELIVERED,WEST
O002512,C00253,2025-12-27 22:38:45,DELIVERED,SOUTH
O002513,C00253,2025-11-14 12:06:02,DELIVERED,WEST
O002514,C00253,2025-09-06 22:33:58,DELIVERED,WEST
O002515,C00253,2024-09-20 04:04:57,delivered,SOUTH
O002516,C00254,2025-12-23 10:26:51,DELIVERED,NORTH
O002517,C00254,25-04-2026 19:03:51,DELIVERED,WEST
O002518,C00254,2024-11-16 19:50:15,PLACED,NORTH
O002519,C00255,2026-10-08 00:00:00,SHIPPED,NORTH
O002520,,2024-12-02 20:47:15,DELIVERED,WEST
O002521,,2025-11-06 01:53:07,DELIVERED,SOUTH
O002522,,2025-09-11 14:18:59,DELIVERED,SOUTH
O002523,C00256,2024-05-03 00:08:11,CANCELLED,SOUTH
O002524,C00257,2025-02-03 12:18:55,DELIVERED,EAST
O002525,C00257,2025-04-17 22:31:50,DELIVERED,SOUTH
O002526,C00257,2024-12-06 01:54:16,DELIVERED,EAST
O002527,C00257,2025-03-15 16:12:21,DELIVERED,WEST
O002528,C00257,2024-10-09 22:04:34,SHIPPED,NORTH
O002529,C00257,2024-09-11 19:19:30,DELIVERED,NORTH
O002530,NULL,2024-09-17 03:33:31,DELIVERED,WEST
O002531,C00257,2025-12-28 10:47:25,SHIPPED,NORTH
O002532,C00257,25-11-2025 05:27:28,DELIVERED,WEST
O002533,C00258,2024-11-22 00:23:50,PLACED,NORTH
O002534,C00258,2025-12-11 05:35:18,DELIVERED,WEST
O002535,C00258,2024-12-21 23:14:01,DELIVERED,WEST
O002536,C00258,2024-01-13 02:00:13,DELIVERED,WEST
O002537,,2024-12-01 03:54:44,SHIPPED,NORTH
O002538,NULL,2024-11-18 00:04:56,DELIVERED,NORTH
O002539,C00258,2025-02-28 08:20:00,PLACED,WEST
O002540,C00258,2025-11-14 09:54:00,CANCELLED,NORTH
O002541,C00258,2025-01-30 12:47:18,PLACED,WEST
O002542,C00258,2024-12-02 03:06:48,DELIVERED,SOUTH
O002543,C00258,2024-04-20 15:31:22,DELIVERED,WEST
O002544,C00258,2025-11-29 19:38:27,DELIVERED,SOUTH
O002545,C00258,2024-11-15 10:39:19,CANCELLED,WEST
O002546,C00258,2024-07-30 05:53:02,DELIVERED,WEST
O002547,C00258,2026-03-25 05:08:48,DELIVERED,CENTRAL
O002548,C00258,2024-10-22 10:12:54,RETURNED,NORTH
O002549,C00258,2024-12-17 12:42:27,DELIVERED,NORTH
O002550,C00258,2026-06-28 14:22:12,DELIVERED,SOUTH
O002551,C00258,2026-05-08 20:00:13,CANCELLED,NORTH
O002552,C00258,2024-11-01 12:40:10,SHIPPED,NORTH
O002553,C00258,2025-11-23 06:16:56,DELIVERED,SOUTH
O002554,C00258,2024-12-03 07:54:44,DELIVERED,SOUTH
O002555,C00258,2025-04-21 02:30:16,PLACED,NORTH
O002556,C00258,2025-11-21 09:10:48,DELIVERED,SOUTH
O002557,C00258,2025-07-24 06:00:48,RETURNED,WEST
O002558,C00259,2025-03-23 19:36:38,DELIVERED,SOUTH
O002559,C00259,2026-03-31 16:54:18,DELIVERED,EAST
O002560,C00259,2024-11-12 20:04:51,DELIVERED,EAST
O002561,C00260,2026-05-16 08:45:14,PLACED,NORTH
O002562,C00260,2025-01-05 16:05:54,CANCELLED,NORTH
O002563,,2024-04-20 07:29:56,DELIVERED,WEST
O002564,C00260,2026-07-13 04:42:27,DELIVERED,EAST
O002565,NULL,2026-02-01 20:57:26,DELIVERED,EAST
O002566,C00261,2024-10-04 05:20:00,PLACED,SOUTH
O002567,C00261,2024-09-13 09:47:20,DELIVERED,WEST
O002568,C00261,2024-10-18 12:56:05,SHIPPED,WEST
O002569,C00261,2026-07-28 01:47:56,RETURNED,CENTRAL
O002570,C00261,2025-11-05 08:25:00,SHIPPED,EAST
O002571,C00262,2024-09-20 13:16:43,DELIVERED,NORTH
O002572,C00262,2025-11-09 13:42:41,DELIVERED,WEST
O002573,C00262,2025-12-16 21:52:38,Delivered,SOUTH
O002574,C00263,2026-07-29 05:08:20,PLACED,EAST
O002575,NULL,2025-06-13 17:24:23,SHIPPED,WEST
O002576,C00263,18-08-2025 01:46:01,SHIPPED,WEST
O002577,C00263,2025-11-28 02:51:10,DELIVERED,NORTH
O002578,C00263,2024-12-01 04:54:17,CANCELLED,NORTH
O002579,C00263,2024-11-21 07:30:49,PLACED,EAST
O002580,C00263,2025-05-16 08:45:40,DELIVERED,SOUTH
O002581,C00263,2024-08-28 07:59:46,RETURNED,EAST
O002582,C00263,2024-03-20 19:31:42,SHIPPED,WEST
O002583,C00263,2025-03-01 06:10:42,DELIVERED,SOUTH
O002584,,2024-10-02 07:42:33,DELIVERED,NORTH
O002585,C00263,2025-03-15 10:06:11,RETURNED,SOUTH
O002586,C00263,2024-11-09 08:31:48,DELIVERED,WEST
O002587,C00263,2025-12-06 00:17:03,SHIPPED,WEST
O002588,C00263,2026-03-27 10:55:55,DELIVERED,CENTRAL
O002589,C00263,2024-12-17 01:18:06,DELIVERED,NORTH
O002590,C00263,2024-12-25 11:29:00,PLACED,NORTH
O002591,C00263,2024-03-25 05:31:31,RETURNED,WEST
O002592,C00263,2024-12-03 01:37:15,RETURNED,WEST
O002593,C00263,2025-11-25 14:24:19,PLACED,CENTRAL
O002594,C00263,2025-10-12 23:46:07,SHIPPED,NORTH
O002595,C00263,2024-07-29 04:07:51,RETURNED,SOUTH
O002596,C00263,2025-11-24 00:29:01,DELIVERED,WEST
O002597,C00263,2024-12-27 09:19:52,RETURNED,CENTRAL
O002598,C00263,2025-12-05 14:44:56,SHIPPED,WEST
O002599,C00263,2024-09-19 08:06:37,DELIVERED,NORTH
O002600,C00264,2024-06-22 10:51:36,DELIVERED,WEST
O002601,C00264,2026-07-04 16:59:16,CANCELLED,SOUTH
O002602,C00264,2025-11-27 12:42:18,SHIPPED,NORTH
O002603,C00264,2024-09-20 21:23:59,DELIVERED,WEST
O002604,C00264,2024-10-17 18:30:48,SHIPPED,NORTH
O002605,C00264,2024-12-20 23:28:05,DELIVERED,NORTH
O002606,C00264,2025-12-03 14:30:57,DELIVERED,NORTH
O002607,C00264,10-12-2024 04:21:26,DELIVERED,SOUTH
O002608,C00264,2025-11-27 05:31:22,RETURNED,EAST
O002609,C00264,2026-01-31 00:16:10,CANCELLED,WEST
O002610,C00264,2026-02-28 06:58:46,DELIVERED,WEST
O002611,C00264,2025-10-06 00:46:27,PLACED,CENTRAL
O002612,C00264,2024-11-19 11:20:07,SHIPPED,WEST
O002613,C00264,2025-10-17 04:23:25,RETURNED,WEST
O002614,C00264,2025-04-29 12:06:14,DELIVERED,WEST
O002615,C00264,2025-09-26 08:29:05,SHIPPED,WEST
O002616,C00264,2025-08-26 19:05:03,DELIVERED,SOUTH
O002617,,2024-10-05 15:18:25,DELIVERED,NORTH
O002618,C00264,2026-02-19 11:11:05,DELIVERED,NORTH
O002619,C00264,2024-01-07 21:11:58,DELIVERED,WEST
O002620,C00264,2025-12-07 11:11:47,DELIVERED,South
O002621,C00264,2024-02-24 21:22:27,PLACED,NORTH
O002622,C00264,2025-04-18 04:32:01,DELIVERED,SOUTH
O002623,C00264,2024-05-05 14:48:47,PLACED,Central
O002624,C00264,2026-06-24 04:19:08,SHIPPED,NORTH
O002625,C00264,2024-04-09 12:53:14,DELIVERED,WEST
O002626,C00264,2024-11-20 19:44:00,DELIVERED,WEST
O002627,C00264,2025-01-17 13:21:40,DELIVERED,NORTH
O002628,C00264,2024-03-17 12:06:43,CANCELLED,NORTH
O002629,C00265,2024-11-03 11:33:57,DELIVERED,NORTH
O002630,C00265,2025-05-27 16:07:29,DELIVERED,EAST
O002631,C00265,2025-12-15 17:03:29,DELIVERED,EAST
O002632,C00265,2026-07-26 17:02:57,DELIVERED,WEST
O002633,C00265,2024-04-24 16:50:36,DELIVERED,NORTH
O002634,C00265,2025-11-14 11:08:32,RETURNED,NORTH
O002635,C00265,2025-12-19 21:52:01,DELIVERED,SOUTH
O002636,C00265,2025-02-01 17:18:40,DELIVERED,WEST
O002637,NULL,2025-11-21 10:01:49,RETURNED,SOUTH
O002638,C00265,2025-11-20 02:36:18,DELIVERED,SOUTH
O002639,,2026-07-07 07:46:15,SHIPPED,NORTH
O002640,C00265,2025-10-18 10:42:14,PLACED,NORTH
O002641,,2024-12-23 06:35:35,RETURNED,WEST
O002642,C00265,18-11-2025 23:35:28,SHIPPED,WEST
O002643,C00265,2025-10-15 06:23:58,Delivered,SOUTH
O002644,NULL,2024-10-28 00:53:31,DELIVERED,NORTH
O002645,C00265,2026-11-25 00:00:00,DELIVERED,SOUTH
O002646,C00265,2025-07-03 14:07:44,PLACED,NORTH
O002647,C00265,2024-09-30 13:23:12,DELIVERED,WEST
O002648,C00265,2025-12-02 09:00:54,DELIVERED,south
O002649,C00265,2024-10-15 06:33:32,DELIVERED,NORTH
O002650,C00265,2025-12-08 18:40:02,DELIVERED,WEST
O002651,C00265,2024-08-10 20:15:44,SHIPPED,SOUTH
O002652,C00265,2025-07-10 20:25:40,DELIVERED,SOUTH
O002653,C00265,2024-01-23 08:53:21,PLACED,WEST
O002654,C00265,2026-07-04 22:53:49,SHIPPED,SOUTH
O002655,C00266,2025-10-30 07:14:25,DELIVERED,CENTRAL
O002656,,2024-11-09 19:34:20,SHIPPED,CENTRAL
O002657,C00266,2025-03-21 11:33:53,DELIVERED,WEST
O002658,C00266,2024-11-13 17:22:37,DELIVERED,SOUTH
O002659,C00266,2024-11-04 11:59:19,SHIPPED,NORTH
O002660,C00266,2025-06-13 21:52:59,DELIVERED,CENTRAL
O002661,NULL,2026-05-17 21:12:14,SHIPPED,WEST
O002662,C00266,2025-11-11 04:21:22,RETURNED,EAST
O002663,C00266,2025-11-17 15:07:38,DELIVERED,NORTH
O002664,C00266,2024-04-09 15:28:29,DELIVERED,SOUTH
O002665,C00266,2025-05-06 10:34:11,DELIVERED,SOUTH
O002666,C00266,2026-03-16 00:11:40,DELIVERED,CENTRAL
O002667,C00267,2026-03-19 18:19:54,DELIVERED,WEST
O002668,C00267,2026-04-24 05:08:21,DELIVERED,CENTRAL
O002669,C00267,2025-12-01 19:34:12,DELIVERED,NORTH
O002670,C00267,2025-05-12 03:53:30,DELIVERED,EAST
O002671,C00267,2024-11-16 21:26:27,DELIVERED,NORTH
O002672,C00267,2025-06-10 14:54:09,DELIVERED,CENTRAL
O002673,C00267,2026-04-11 17:41:54,SHIPPED,SOUTH
O002674,C00267,2024-11-04 21:33:47,DELIVERED,NORTH
O002675,C00267,2025-01-24 19:37:11,RETURNED,WEST
O002676,C00267,2025-03-09 13:56:43,DELIVERED,NORTH
O002677,C00267,2024-12-05 05:46:36,CANCELLED,SOUTH
O002678,C00267,2024-01-02 12:24:06,SHIPPED,WEST
O002679,C00267,2025-11-11 11:17:04,RETURNED,EAST
O002680,C00267,2024-03-20 11:36:18,SHIPPED,WEST
O002681,C00267,2025-12-01 09:28:37,DELIVERED,SOUTH
O002682,C00267,2024-08-04 08:47:56,DELIVERED,NORTH
O002683,C00268,2025-08-22 12:41:13,DELIVERED,WEST
O002684,C00268,2024-11-23 14:56:25,DELIVERED,SOUTH
O002685,C00268,2024-11-27 14:40:46,PLACED,WEST
O002686,C00268,2025-10-17 00:15:13,DELIVERED,SOUTH
O002687,C00268,2024-12-03 13:51:15,CANCELLED,CENTRAL
O002688,C00268,2024-06-01 02:46:17,SHIPPED,NORTH
O002689,C00268,2025-04-20 09:30:56,DELIVERED,EAST
O002690,C00268,2025-10-25 03:40:00,DELIVERED,WEST
O002691,,2024-04-03 09:57:54,delivered,WEST
O002692,C00268,2024-12-13 04:57:19,DELIVERED,NORTH
O002693,C00268,2024-12-09 01:50:33,DELIVERED,EAST
O002694,C00268,2026-03-26 07:08:56,delivered,SOUTH
O002695,NULL,2025-10-20 16:23:01,DELIVERED,NORTH
O002696,C00268,2025-01-27 08:55:14,SHIPPED,SOUTH
O002697,C00268,2025-05-07 02:45:52,DELIVERED,WEST
O002698,C00268,18-06-2026 10:18:15,DELIVERED,WEST
O002699,C00268,2024-03-14 21:06:55,SHIPPED,EAST
O002700,C00268,2024-11-20 13:10:21,DELIVERED,SOUTH
O002701,C00268,2024-04-08 10:03:29,SHIPPED,SOUTH
O002702,C00268,2024-09-18 13:54:15,DELIVERED,NORTH
O002703,C00268,2024-11-21 12:22:16,DELIVERED,NORTH
O002704,C00268,2024-12-14 20:16:52,DELIVERED,NORTH
O002705,NULL,2024-11-22 16:54:31,DELIVERED,EAST
O002706,C00268,2024-12-02 15:16:18,SHIPPED,NORTH
O002707,C00268,2024-01-16 08:34:04,DELIVERED,SOUTH
O002708,C00268,2025-05-26 22:39:36,DELIVERED,NORTH
O002709,C00268,2024-10-13 12:46:03,DELIVERED,WEST
O002710,C00268,2024-12-21 04:22:53,DELIVERED,NORTH
O002711,C00268,2024-06-30 16:50:05,DELIVERED,WEST
O002712,C00268,2025-10-12 11:35:53,SHIPPED,WEST
O002713,C00268,2025-12-15 11:33:16,PLACED,WEST
O002714,C00268,2024-12-08 00:13:39,SHIPPED,EAST
O002715,C00268,2025-06-21 01:35:46,DELIVERED,SOUTH
O002716,C00268,2025-12-10 14:21:17,DELIVERED,NORTH
O002717,C00268,2026-06-13 15:59:10,DELIVERED,WEST
O002718,C00268,2025-12-01 04:03:03,PLACED,SOUTH
O002719,C00268,2025-09-15 15:43:51,RETURNED,SOUTH
O002720,C00268,2025-11-14 19:40:17,RETURNED,EAST
O002721,C00268,2025-12-09 20:40:18,DELIVERED,WEST
O002722,C00268,2024-10-08 05:35:30,SHIPPED,EAST
O002723,C00268,2025-10-13 19:02:57,DELIVERED,SOUTH
O002724,C00268,2024-12-27 03:10:54,DELIVERED,SOUTH
O002725,NULL,2026-06-23 21:10:22,DELIVERED,SOUTH
O002726,C00268,2025-06-03 23:48:29,PLACED,NORTH
O002727,C00268,2025-11-19 12:31:01,DELIVERED,SOUTH
O002728,C00268,2025-10-01 01:47:46,PLACED,EAST
O002729,C00268,2025-04-30 05:11:56,DELIVERED,WEST
O002730,C00268,2025-12-26 09:09:29,DELIVERED,EAST
O002731,C00268,2025-08-05 06:49:22,DELIVERED,WEST
O002732,C00268,2025-03-04 12:46:46,DELIVERED,SOUTH
O002733,C00268,2025-01-13 02:08:44,PLACED,NORTH
O002734,C00268,2025-07-04 20:40:42,DELIVERED,NORTH
O002735,C00268,2024-01-04 03:24:12,SHIPPED,NORTH
O002736,C00268,2024-04-01 10:55:20,DELIVERED,WEST
O002737,C00268,2024-01-01 22:17:12,DELIVERED,SOUTH
O002738,C00268,2026-11-13 00:00:00,SHIPPED,EAST
O002739,C00268,2024-11-24 13:29:25,DELIVERED,NORTH
O002740,C00268,2024-12-03 10:32:19,DELIVERED,NORTH
O002741,C00268,2026-03-06 22:38:39,DELIVERED,SOUTH
O002742,C00268,2025-06-29 03:17:17,PLACED,SOUTH
O002743,C00268,2024-05-25 09:32:13,PLACED,WEST
O002744,C00268,16-05-2025 17:15:19,DELIVERED,WEST
O002745,C00268,2025-10-01 19:45:38,DELIVERED,WEST
O002746,C00268,2024-11-18 02:15:33,SHIPPED,SOUTH
O002747,C00268,2026-05-20 01:42:22,SHIPPED,NORTH
O002748,,2025-06-24 06:12:02,CANCELLED,CENTRAL
O002749,C00268,2026-02-04 09:38:01,DELIVERED,SOUTH
O002750,C00268,2026-04-28 10:25:23,DELIVERED,NORTH
O002751,C00268,2024-10-13 20:11:21,DELIVERED,EAST
O002752,C00269,2024-11-17 08:37:21,DELIVERED,EAST
O002753,C00269,2024-12-03 19:31:27,DELIVERED,NORTH
O002754,C00269,2025-11-08 04:51:09,RETURNED,SOUTH
O002755,NULL,2024-10-19 23:28:04,DELIVERED,CENTRAL
O002756,C00270,2025-04-14 04:53:45,DELIVERED,NORTH
O002757,C00270,2024-06-19 19:49:00,DELIVERED,NORTH
O002758,C00270,2024-01-19 12:22:12,PLACED,NORTH
O002759,C00270,2024-02-09 02:06:50,SHIPPED,NORTH
O002760,C00271,2025-12-19 01:40:11,PLACED,WEST
O002761,C00271,2024-04-26 15:25:18,DELIVERED,WEST
O002762,C00271,2024-08-19 12:19:52,DELIVERED,SOUTH
O002763,C00271,2025-02-19 12:14:01,DELIVERED,SOUTH
O002764,C00271,2027-01-25 00:00:00,PLACED,SOUTH
O002765,C00271,2025-07-03 20:16:12,DELIVERED,EAST
O002766,C00271,2024-11-23 21:41:56,DELIVERED,EAST
O002767,C00271,2025-03-27 14:08:46,DELIVERED,SOUTH
O002768,C00271,2024-10-22 04:50:29,SHIPPED,NORTH
O002769,C00271,2026-05-08 09:49:26,SHIPPED,NORTH
O002770,C00271,2025-07-17 23:03:52,Delivered,EAST
O002771,C00271,2024-12-08 11:17:40,DELIVERED,NORTH
O002772,C00271,2026-07-04 18:34:11,DELIVERED,NORTH
O002773,C00271,2024-08-08 16:48:55,SHIPPED,NORTH
O002774,C00271,2025-10-18 06:39:47,DELIVERED,EAST
O002775,C00271,2024-02-20 19:44:43,DELIVERED,WEST
O002776,C00271,05-05-2024 07:26:08,DELIVERED,NORTH
O002777,C00271,2026-06-06 15:01:57,DELIVERED,CENTRAL
O002778,C00271,2024-12-03 00:47:13,DELIVERED,SOUTH
O002779,C00271,2026-06-09 07:24:31,DELIVERED,WEST
O002780,C00271,04-12-2024 02:42:55,DELIVERED,EAST
O002781,C00271,2024-12-18 14:30:45,SHIPPED,SOUTH
O002782,C00272,2024-12-05 04:16:08,DELIVERED,NORTH
O002783,C00272,2024-10-22 16:33:56,DELIVERED,CENTRAL
O002784,C00273,2024-12-27 12:45:49,DELIVERED,NORTH
O002785,C00273,2025-12-18 21:07:59,DELIVERED,NORTH
O002786,C00273,2025-11-25 12:07:29,DELIVERED,NORTH
O002787,C00273,2025-01-09 22:04:10,CANCELLED,WEST
O002788,C00273,2026-01-06 15:29:15,DELIVERED,SOUTH
O002789,C00273,2026-06-03 16:44:48,DELIVERED,NORTH
O002790,C00273,2025-03-27 09:28:16,SHIPPED,NORTH
O002791,C00273,2024-09-25 14:47:45,PLACED,WEST
O002792,C00273,2024-08-01 19:34:02,DELIVERED,NORTH
O002793,C00273,2026-02-05 13:41:48,DELIVERED,EAST
O002794,C00273,2024-10-26 00:06:47,DELIVERED,NORTH
O002795,C00274,2025-10-09 18:49:48,PLACED,SOUTH
O002796,C00274,2026-11-05 00:00:00,DELIVERED,NORTH
O002797,C00274,2025-03-31 03:45:50,DELIVERED,SOUTH
O002798,C00274,2024-11-04 03:57:09,DELIVERED,NORTH
O002799,C00275,2025-02-01 17:04:58,RETURNED,SOUTH
O002800,C00275,2024-11-26 09:07:53,DELIVERED,NORTH
O002801,,2024-10-10 22:41:37,RETURNED,EAST
O002802,C00276,2024-02-16 08:44:34,CANCELLED,WEST
O002803,C00276,2025-10-02 11:44:41,DELIVERED,EAST
O002804,C00276,2024-09-21 12:26:05,DELIVERED,SOUTH
O002805,C00276,2025-10-13 18:23:45,DELIVERED,WEST
O002806,C00276,2024-12-02 21:31:11,DELIVERED,NORTH
O002807,C00276,2024-04-21 19:28:25,DELIVERED,NORTH
O002808,C00276,2024-06-15 17:03:26,RETURNED,SOUTH
O002809,C00276,2024-02-29 10:03:28,DELIVERED,WEST
O002810,C00276,2025-10-13 04:45:59,PLACED,WEST
O002811,C00277,2026-02-17 22:38:49,DELIVERED,NORTH
O002812,C00278,2025-01-17 16:11:13,RETURNED,SOUTH
O002813,C00278,2026-04-25 06:27:42,DELIVERED,WEST
O002814,C00278,2024-10-23 18:58:38,DELIVERED,NORTH
O002815,C00278,2024-03-18 02:11:26,DELIVERED,CENTRAL
O002816,C00278,2026-01-01 14:51:03,SHIPPED,EAST
O002817,C00278,2026-01-18 19:21:56,PLACED,SOUTH
O002818,C00278,2025-11-25 02:30:27,DELIVERED,SOUTH
O002819,,2025-12-16 21:01:55,DELIVERED,WEST
O002820,C00278,2024-10-12 04:34:54,DELIVERED,SOUTH
O002821,C00278,2026-01-22 12:38:49,DELIVERED,WEST
O002822,C00278,2025-12-05 16:15:06,DELIVERED,SOUTH
O002823,NULL,2025-11-13 23:19:52,DELIVERED,SOUTH
O002824,C00278,2024-12-21 17:56:43,CANCELLED,WEST
O002825,C00278,2026-05-01 08:54:27,DELIVERED,SOUTH
O002826,C00278,2025-11-15 08:47:36,DELIVERED,NORTH
O002827,C00278,2024-09-21 12:04:17,PLACED,NORTH
O002828,C00278,2025-01-15 09:33:21,SHIPPED,NORTH
O002829,C00278,2025-10-25 13:01:39,SHIPPED,NORTH
O002830,C00278,2025-09-28 10:20:32,RETURNED,WEST
O002831,C00278,2026-01-22 22:31:48,SHIPPED,WEST
O002832,C00278,2025-04-10 03:53:21,RETURNED,WEST
O002833,C00278,2026-04-11 10:26:56,DELIVERED,NORTH
O002834,C00278,2025-05-12 07:25:03,DELIVERED,SOUTH
O002835,C00278,2025-12-15 14:23:24,DELIVERED,SOUTH
O002836,C00278,2025-08-02 22:06:38,CANCELLED,NORTH
O002837,,2024-02-14 05:21:46,DELIVERED,WEST
O002838,C00278,2025-03-17 18:32:49,SHIPPED,NORTH
O002839,C00278,2025-12-30 02:34:19,SHIPPED,NORTH
O002840,C00278,2025-01-02 18:30:39,DELIVERED,WEST
O002841,C00278,2026-04-21 12:07:23,DELIVERED,NORTH
O002842,C00279,2026-05-20 03:32:31,DELIVERED,NORTH
O002843,NULL,2025-12-23 11:02:49,RETURNED,WEST
O002844,C00280,2025-11-10 09:23:36,DELIVERED,WEST
O002845,C00280,2024-10-22 20:18:17,SHIPPED,CENTRAL
O002846,C00280,12-02-2024 06:10:53,SHIPPED,CENTRAL
O002847,C00280,2024-11-10 12:15:01,DELIVERED,NORTH
O002848,C00280,2025-10-09 20:20:35,DELIVERED,NORTH
O002849,C00280,2024-01-12 02:25:12,DELIVERED,NORTH
O002850,C00280,2025-10-14 16:13:55,DELIVERED,NORTH
O002851,C00280,2025-09-26 23:09:18,SHIPPED,WEST
O002852,C00280,2024-02-13 15:24:18,DELIVERED,WEST
O002853,C00280,2024-08-29 16:53:48,SHIPPED,WEST
O002854,C00280,2025-12-07 18:02:53,DELIVERED,EAST
O002855,C00281,2026-03-12 09:47:31,DELIVERED,SOUTH
O002856,C00281,2026-01-16 19:36:53,DELIVERED,EAST
O002857,C00281,2024-11-24 20:42:56,CANCELLED,NORTH
O002858,C00281,2026-04-08 06:53:26,PLACED,NORTH
O002859,C00281,2024-11-24 03:14:00,DELIVERED,NORTH
O002860,C00281,2024-10-26 09:05:23,DELIVERED,NORTH
O002861,C00281,2024-07-03 16:15:47,DELIVERED,WEST
O002862,NULL,2025-10-23 08:28:42,DELIVERED,NORTH
O002863,C00281,2024-08-02 00:46:23,RETURNED,NORTH
O002864,C00281,2025-12-08 10:27:41,DELIVERED,EAST
O002865,C00281,2024-11-24 00:49:46,RETURNED,NORTH
O002866,C00282,2026-03-24 23:18:04,DELIVERED,SOUTH
O002867,C00283,2025-09-24 05:00:00,DELIVERED,NORTH
O002868,C00283,2026-05-02 11:44:23,DELIVERED,WEST
O002869,,2024-09-14 10:22:09,DELIVERED,WEST
O002870,,2025-11-26 15:49:54,DELIVERED,EAST
O002871,C00283,2026-05-21 09:45:08,DELIVERED,WEST
O002872,C00283,2025-07-20 18:00:44,RETURNED,NORTH
O002873,C00283,2025-10-14 03:08:28,DELIVERED,SOUTH
O002874,C00283,2026-02-12 21:10:54,DELIVERED,WEST
O002875,C00283,2025-12-02 03:38:25,PLACED,WEST
O002876,C00283,2025-10-13 02:16:53,DELIVERED,NORTH
O002877,C00283,2025-10-30 04:47:41,DELIVERED,WEST
O002878,C00283,2025-03-19 23:38:12,DELIVERED,EAST
O002879,C00283,2025-12-20 02:25:59,DELIVERED,WEST
O002880,C00283,2025-11-21 02:36:37,SHIPPED,EAST
O002881,C00283,2025-11-22 21:07:19,PLACED,SOUTH
O002882,C00283,2024-11-12 10:24:05,DELIVERED,NORTH
O002883,C00283,2025-11-03 00:36:42,DELIVERED,EAST
O002884,C00283,2026-04-20 16:10:50,DELIVERED,north
O002885,NULL,2024-08-23 00:45:39,DELIVERED,NORTH
O002886,C00283,2024-10-14 15:10:28,DELIVERED,WEST
O002887,C00283,2025-06-05 13:24:37,DELIVERED,SOUTH
O002888,C00283,2025-12-12 04:11:13,DELIVERED,WEST
O002889,C00283,2025-11-21 15:10:55,DELIVERED,WEST
O002890,C00284,2025-11-21 16:13:48,RETURNED,NORTH
O002891,C00284,2024-01-24 00:17:54,DELIVERED,NORTH
O002892,C00284,2024-12-01 03:25:25,DELIVERED,EAST
O002893,C00285,2025-07-21 13:46:31,DELIVERED,NORTH
O002894,C00285,2025-07-12 10:21:58,DELIVERED,NORTH
O002895,C00286,2025-10-08 22:24:22,DELIVERED,NORTH
O002896,C00286,2026-02-07 02:41:17,RETURNED,SOUTH
O002897,C00286,2025-10-24 04:10:57,SHIPPED,WEST
O002898,C00286,2024-02-21 12:30:40,RETURNED,SOUTH
O002899,C00286,2026-03-24 03:45:23,DELIVERED,CENTRAL
O002900,C00286,2025-08-04 06:02:16,PLACED,EAST
O002901,C00286,2025-10-15 07:30:12,RETURNED,WEST
O002902,C00286,2024-10-02 10:54:50,placed,CENTRAL
O002903,C00286,2026-03-08 22:51:10,DELIVERED,WEST
O002904,C00286,2025-10-18 03:56:21,SHIPPED,WEST
O002905,C00286,2025-05-24 11:44:55,DELIVERED,SOUTH
O002906,C00287,2025-07-25 09:37:26,DELIVERED,WEST
O002907,C00287,2025-12-27 18:11:47,DELIVERED,WEST
O002908,C00287,2025-07-21 19:00:27,DELIVERED,NOR
O002909,C00288,2024-02-18 16:45:55,DELIVERED,SOUTH
O002910,C00288,2025-12-23 16:00:18,DELIVERED,west
O002911,C00288,2025-10-03 19:43:12,PLACED,NORTH
O002912,C00288,2024-03-25 18:05:24,DELIVERED,WEST
O002913,C00288,2024-11-04 09:03:57,PLACED,WEST
O002914,NULL,2025-05-06 13:34:45,DELIVERED,SOUTH
O002915,C00288,17-07-2026 23:40:48,DELIVERED,SOUTH
O002916,C00288,2025-10-26 13:14:23,SHIPPED,NORTH
O002917,C00288,2024-12-26 12:30:06,PLACED,NORTH
O002918,C00288,2025-11-14 23:35:16,PLACED,WEST
O002919,C00288,2025-12-20 19:54:53,SHIPPED,NORTH
O002920,C00288,2026-03-25 04:08:39,DELIVERED,NORTH
O002921,C00289,2024-06-25 01:05:26,SHIPPED,SOUTH
O002922,C00289,2025-04-19 08:24:25,DELIVERED,NORTH
O002923,,2025-02-13 15:21:53,DELIVERED,NORTH
O002924,C00290,2026-09-30 00:00:00,RETURNED,EAST
O002925,C00290,2024-11-16 11:17:17,SHIPPED,NORTH
O002926,C00290,16-05-2024 11:12:27,DELIVERED,NORTH
O002927,C00290,2024-10-19 02:42:49,DELIVERED,WEST
O002928,C00290,2025-11-10 22:09:53,PLACED,NORTH
O002929,C00290,2025-04-15 15:03:01,DELIVERED,CENTRAL
O002930,C00290,2025-11-05 08:58:48,PLACED,CENTRAL
O002931,C00290,2024-05-03 02:03:47,SHIPPED,CENTRAL
O002932,C00290,2025-12-05 07:17:58,DELIVERED,WEST
O002933,C00290,2024-12-28 22:00:30,DELIVERED,WEST
O002934,C00290,2025-03-23 09:08:37,CANCELLED,NORTH
O002935,C00290,2025-10-22 16:01:54,Delivered,WEST
O002936,C00290,2025-12-14 18:53:43,SHIPPED,WEST
O002937,C00290,2025-12-28 08:40:18,DELIVERED,CENTRAL
O002938,C00290,2025-12-29 06:02:23,PLACED,SOUTH
O002939,C00290,2025-01-10 00:46:43,DELIVERED,NOR
O002940,C00290,2024-10-24 03:33:20,Delivered,NORTH
O002941,C00290,2025-07-04 09:34:36,SHIPPED,NORTH
O002942,C00290,2026-02-23 23:56:11,DELIVERED,NORTH
O002943,C00290,2024-05-27 08:14:13,DELIVERED,EAST
O002944,C00290,2025-08-15 05:15:45,RETURNED,CENTRAL
O002945,C00290,2024-03-24 18:29:01,SHIPPED,EAST
O002946,C00290,2026-07-25 05:22:50,RETURNED,CENTRAL
O002947,C00290,13-02-2026 04:33:00,DELIVERED,NORTH
O002948,C00290,2025-10-21 14:55:06,CANCELLED,NORTH
O002949,C00290,2026-02-07 06:41:02,SHIPPED,NORTH
O002950,C00290,2025-12-05 00:38:16,DELIVERED,SOUTH
O002951,C00290,2025-03-22 14:20:41,DELIVERED,SOUTH
O002952,C00290,2024-12-12 11:44:54,DELIVERED,NORTH
O002953,C00290,2026-01-28 22:57:57,SHIPPED,NORTH
O002954,C00290,2024-04-20 23:34:21,SHIPPED,SOUTH
O002955,C00290,2024-10-16 10:12:23,DELIVERED,NORTH
O002956,C00290,2025-03-23 22:20:16,SHIPPED,NORTH
O002957,C00290,2026-05-16 09:09:20,RETURNED,WEST
O002958,C00290,2026-06-13 00:58:47,Shipped,WEST
O002959,C00290,2026-01-15 05:26:32,SHIPPED,SOUTH
O002960,C00290,2024-03-25 00:25:34,SHIPPED,NORTH
O002961,C00290,2026-04-24 05:31:20,DELIVERED,WEST
O002962,C00290,2025-11-10 21:33:25,PLACED,WEST
O002963,C00290,2025-09-06 16:20:15,PLACED,East
O002964,C00290,2025-07-07 03:30:33,DELIVERED,WEST
O002965,C00290,2024-12-18 05:36:41,DELIVERED,EAST
O002966,C00290,2026-05-09 13:46:12,DELIVERED,NORTH
O002967,C00290,2024-06-04 20:00:32,SHIPPED,SOUTH
O002968,C00290,2026-02-05 11:57:21,SHIPPED,NORTH
O002969,C00290,2025-10-31 03:29:05,DELIVERED,NORTH
O002970,C00290,2024-06-26 05:32:33,DELIVERED,central
O002971,C00290,2024-11-24 02:23:06,SHIPPED,NORTH
O002972,C00290,2024-07-20 07:28:39,SHIPPED,CENTRAL
O002973,C00290,2025-11-08 04:23:56,RETURNED,WEST
O002974,C00290,26-11-2024 14:39:40,SHIPPED,SOUTH
O002975,C00290,2026-07-29 08:40:33,delivered,WEST
O002976,C00290,2025-10-05 18:23:14,DELIVERED,NORTH
O002977,C00290,2026-04-16 17:33:21,DELIVERED,CENTRAL
O002978,C00290,2025-07-15 16:02:35,RETURNED,WEST
O002979,C00290,2024-10-04 23:25:41,DELIVERED,CENTRAL
O002980,C00290,2024-05-01 20:23:29,DELIVERED,WEST
O002981,C00290,2025-02-26 04:16:56,PLACED,NORTH
O002982,C00290,2025-11-28 11:16:39,DELIVERED,WEST
O002983,C00290,2025-03-14 03:44:02,DELIVERED,NORTH
O002984,C00291,2024-12-02 22:30:38,SHIPPED,NORTH
O002985,C00292,2025-10-18 21:07:23,SHIPPED,WEST
O002986,C00292,2026-02-11 11:09:44,DELIVERED,EAST
O002987,C00292,2024-10-20 02:54:30,PLACED,NORTH
O002988,C00293,2025-11-16 01:10:23,DELIVERED,NORTH
O002989,C00293,2026-02-23 14:36:28,DELIVERED,WEST
O002990,C00294,2025-01-11 01:21:10,DELIVERED,SOUTH
O002991,C00295,2025-12-11 19:01:00,DELIVERED,EAST
O002992,,12-06-2026 15:02:04,DELIVERED,EAST
O002993,C00295,2025-10-26 18:09:41,DELIVERED,SOUTH
O002994,C00295,2025-12-21 21:51:30,RETURNED,NORTH
O002995,C00295,2025-06-28 15:43:32,SHIPPED,WEST
O002996,C00295,2025-12-12 01:26:48,PLACED,WEST
O002997,C00295,2024-09-11 06:30:04,DELIVERED,NORTH
O002998,C00296,2024-01-25 01:42:40,DELIVERED,NORTH
O002999,C00296,2024-11-26 04:42:09,DELIVERED,NORTH
O003000,C00296,2025-11-16 03:17:02,RETURNED,CENTRAL
O003001,C00296,2024-05-12 21:36:08,DELIVERED,SOUTH
O003002,C00296,2025-05-13 04:53:22,CANCELLED,NORTH
O003003,C00296,2026-05-03 17:37:34,DELIVERED,CENTRAL
O003004,C00296,2024-11-23 00:49:03,SHIPPED,CENTRAL
O003005,C00296,2025-06-14 10:35:58,SHIPPED,WEST
O003006,C00296,2024-08-10 00:05:01,RETURNED,CENTRAL
O003007,C00296,2024-09-01 19:25:08,DELIVERED,EAST
O003008,C00296,2024-10-18 02:47:47,DELIVERED,EAST
O003009,C00296,2025-03-19 11:07:35,DELIVERED,SOUTH
O003010,C00297,2025-12-26 12:18:21,SHIPPED,WEST
O003011,C00297,2024-12-14 18:21:01,DELIVERED,NORTH
O003012,C00298,2025-12-02 15:39:32,PLACED,NORTH
O003013,C00298,2024-10-07 15:19:14,DELIVERED,NORTH
O003014,C00298,2024-05-20 06:08:26,RETURNED,NORTH
O003015,C00298,2025-04-11 20:28:09,CANCELLED,WEST
O003016,C00298,2025-02-12 19:36:05,CANCELLED,NORTH
O003017,C00298,2024-11-20 12:27:43,DELIVERED,EAST
O003018,C00298,2025-11-28 21:47:56,DELIVERED,SOUTH
O003019,C00298,2025-05-19 02:22:19,DELIVERED,WEST
O003020,C00298,2025-12-06 04:26:00,DELIVERED,NORTH
O003021,C00298,2026-07-30 21:24:43,DELIVERED,WEST
O003022,C00298,2025-12-16 18:56:15,DELIVERED,NORTH
O003023,C00298,2025-11-08 14:42:49,DELIVERED,EAST
O003024,C00298,2025-11-23 05:38:24,SHIPPED,NORTH
O003025,C00298,2024-10-01 09:01:16,SHIPPED,WEST
O003026,C00298,2024-11-02 05:27:23,DELIVERED,NORTH
O003027,C00298,2024-10-22 02:01:56,DELIVERED,CENTRAL
O003028,C00298,2024-12-02 23:44:45,DELIVERED,CENTRAL
O003029,C00299,2026-09-25 00:00:00,CANCELLED,NORTH
O003030,C00299,2026-01-17 07:44:38,Returned,WEST
O003031,C00299,24-10-2024 21:57:16,DELIVERED,EAST
O003032,C00299,2024-03-23 08:04:16,CANCELLED,NORTH
O003033,C00299,2026-01-01 14:41:27,PLACED,CENTRAL
O003034,C00299,2025-12-08 02:45:07,RETURNED,WEST
O003035,C00299,2026-01-18 15:14:37,DELIVERED,EAST
O003036,C00299,2025-11-09 21:20:13,DELIVERED,NORTH
O003037,C00299,2025-10-06 09:25:55,DELIVERED,WEST
O003038,C00299,2026-02-03 08:04:41,DELIVERED,WEST
O003039,C00299,2024-11-02 11:35:01,DELIVERED,WEST
O003040,C00299,2026-05-01 21:54:24,DELIVERED,NORTH
O003041,C00299,2024-08-01 10:36:07,DELIVERED,WEST
O003042,C00299,2025-10-03 10:52:07,CANCELLED,WEST
O003043,C00299,2025-11-21 02:39:35,DELIVERED,NORTH
O003044,C00300,2025-08-16 15:38:57,PLACED,EAST
O003045,C00300,2026-01-03 20:38:20,DELIVERED,WEST
O003046,C00300,28-10-2025 14:50:05,PLACED,EAST
O003047,C00300,14-04-2026 00:30:13,DELIVERED,WEST
O003048,C00300,2025-11-09 13:06:57,DELIVERED,WEST
O003049,C00301,2024-09-04 11:57:13,DELIVERED,NOR
O003050,C00302,2024-11-06 23:23:39,DELIVERED,NORTH
O003051,NULL,2026-06-14 03:31:11,DELIVERED,SOUTH
O003052,C00303,2026-04-08 14:45:47,DELIVERED,SOUTH
O003053,C00303,2024-11-04 23:00:55,DELIVERED,NORTH
O003054,C00303,2024-03-14 10:10:57,PLACED,EAST
O003055,C00303,2024-06-13 01:23:06,DELIVERED,WEST
O003056,C00304,2025-06-23 09:17:52,SHIPPED,NORTH
O003057,C00304,2025-12-16 06:59:09,RETURNED,SOUTH
O003058,C00304,24-08-2025 12:14:50,DELIVERED,NORTH
O003059,C00304,2026-05-18 03:16:41,RETURNED,NORTH
O003060,C00304,2024-12-01 13:24:20,CANCELLED,SOUTH
O003061,C00304,2024-02-12 10:34:41,DELIVERED,SOUTH
O003062,C00304,2026-02-10 06:49:31,DELIVERED,NORTH
O003063,C00304,2025-12-02 20:53:20,DELIVERED,SOUTH
O003064,C00304,2026-09-11 00:00:00,PLACED,EAST
O003065,C00304,2026-02-01 15:39:05,Delivered,NORTH
O003066,,2026-03-04 01:36:37,SHIPPED,NORTH
O003067,C00305,2025-07-14 08:55:49,SHIPPED,NORTH
O003068,C00305,2026-05-08 20:01:49,DELIVERED,NORTH
O003069,C00305,2024-07-05 23:29:28,PLACED,EAST
O003070,C00305,2024-11-09 20:59:02,DELIVERED,EAST
O003071,C00305,2024-08-27 06:27:39,DELIVERED,EAST
O003072,NULL,2026-03-04 16:47:19,RETURNED,NORTH
O003073,C00305,2024-11-14 06:26:51,DELIVERED,WEST
O003074,C00305,2024-10-21 10:34:52,DELIVERED,WEST
O003075,C00305,2024-10-29 20:35:26,DELIVERED,CENTRAL
O003076,C00305,2026-05-07 09:11:35,DELIVERED,EAST
O003077,C00305,2024-12-15 19:35:37,CANCELLED,north
O003078,C00305,2024-11-22 12:29:32,DELIVERED,SOUTH
O003079,C00305,2025-05-18 22:21:15,DELIVERED,NORTH
O003080,C00305,2026-04-28 14:24:10,DELIVERED,WEST
O003081,C00305,2024-11-11 15:46:32,DELIVERED,CENTRAL
O003082,C00305,2026-05-11 18:42:20,SHIPPED,WEST
O003083,C00305,2026-06-21 05:23:01,DELIVERED,NORTH
O003084,C00305,2027-01-06 00:00:00,DELIVERED,EAST
O003085,C00305,2024-09-27 02:13:48,DELIVERED,NORTH
O003086,C00306,2026-02-22 05:53:16,SHIPPED,NORTH
O003087,C00306,2026-04-25 12:54:46,PLACED,NORTH
O003088,,2025-10-22 19:39:50,SHIPPED,WEST
O003089,C00306,2026-04-28 06:54:16,DELIVERED,WEST
O003090,C00307,2026-04-09 12:22:22,DELIVERED,SOUTH
O003091,C00307,2025-08-24 00:17:41,CANCELLED,WEST
O003092,C00307,2025-04-07 08:59:29,DELIVERED,NORTH
O003093,C00308,2024-01-14 09:09:40,RETURNED,NORTH
O003094,C00308,2024-10-14 23:56:55,RETURNED,CENTRAL
O003095,C00308,2024-06-01 21:45:50,PLACED,CENTRAL
O003096,C00308,2025-06-09 09:46:55,DELIVERED,NORTH
O003097,C00309,2026-04-26 00:47:27,DELIVERED,WEST
O003098,,2025-10-15 16:17:45,SHIPPED,NORTH
O003099,C00309,2025-12-22 10:53:27,DELIVERED,NORTH
O003100,C00309,2025-12-06 21:53:59,CANCELLED,CENTRAL
O003101,C00309,08-03-2024 20:11:14,DELIVERED,WEST
O003102,C00309,2024-12-28 13:10:03,CANCELLED,SOUTH
O003103,C00310,2026-03-26 03:37:03,DELIVERED,SOUTH
O003104,C00310,2025-10-31 02:46:03,DELIVERED,WEST
O003105,C00310,2025-12-03 22:19:53,SHIPPED,SOUTH
O003106,C00310,2024-08-18 21:55:23,DELIVERED,WEST
O003107,C00310,2024-12-28 02:00:03,DELIVERED,NORTH
O003108,C00310,2025-01-21 05:09:21,DELIVERED,NORTH
O003109,C00310,2025-04-08 02:33:36,DELIVERED,NORTH
O003110,C00310,2025-12-27 06:03:31,CANCELLED,SOUTH
O003111,C00310,2024-03-12 05:22:28,DELIVERED,NORTH
O003112,C00310,2024-11-27 12:05:30,DELIVERED,WEST
O003113,C00310,2025-10-15 06:23:09,DELIVERED,SOUTH
O003114,C00310,2025-07-07 05:34:06,DELIVERED,EAST
O003115,C00310,2024-01-24 02:32:10,DELIVERED,CENTRAL
O003116,C00310,2026-02-13 10:39:18,DELIVERED,CENTRAL
O003117,C00310,2024-12-12 10:10:50,SHIPPED,SOUTH
O003118,C00310,01-03-2025 07:14:53,DELIVERED,WEST
O003119,C00310,2025-04-03 03:07:41,DELIVERED,SOUTH
O003120,C00310,2025-10-27 18:53:19,DELIVERED,NORTH
O003121,C00310,2025-12-06 21:57:47,DELIVERED,WEST
O003122,C00310,2026-03-03 03:44:11,DELIVERED,WEST
O003123,C00310,2024-02-03 20:08:11,DELIVERED,WEST
O003124,C00310,2025-12-09 04:07:08,CANCELLED,SOUTH
O003125,,2024-10-06 12:26:36,DELIVERED,WEST
O003126,C00310,2026-04-01 10:46:39,DELIVERED,CENTRAL
O003127,C00310,2024-12-12 08:20:24,DELIVERED,NORTH
O003128,C00310,2024-12-02 06:02:25,DELIVERED,NORTH
O003129,C00310,2025-02-22 15:01:35,SHIPPED,EAST
O003130,C00310,2024-10-06 12:19:40,DELIVERED,WEST
O003131,C00310,2025-12-22 10:04:12,DELIVERED,NORTH
O003132,C00310,2024-02-01 00:10:25,SHIPPED,NORTH
O003133,C00310,2024-11-10 00:59:01,CANCELLED,WEST
O003134,C00310,2026-01-17 14:48:08,DELIVERED,EAST
O003135,C00310,2024-09-10 08:08:38,DELIVERED,NORTH
O003136,C00310,2025-11-09 08:06:55,CANCELLED,WEST
O003137,C00310,2026-03-30 03:27:45,PLACED,EAST
O003138,C00310,2026-06-15 18:54:46,DELIVERED,SOUTH
O003139,C00310,2025-12-08 06:13:04,SHIPPED,NORTH
O003140,C00310,2025-08-17 20:23:51,PLACED,NORTH
O003141,C00310,2024-10-26 01:10:31,DELIVERED,EAST
O003142,C00310,21-12-2025 21:36:10,SHIPPED,WEST
O003143,,2025-10-17 05:55:31,RETURNED,EAST
O003144,C00310,2024-09-22 00:35:57,DELIVERED,EAST
O003145,C00310,2025-10-06 12:58:32,PLACED,NORTH
O003146,NULL,2026-04-17 09:35:12,DELIVERED,SOUTH
O003147,C00310,2025-01-25 01:31:53,SHIPPED,NORTH
O003148,C00310,2026-06-11 17:57:20,SHIPPED,NORTH
O003149,C00310,2024-08-07 04:50:46,DELIVERED,EAST
O003150,C00310,2026-12-21 00:00:00,RETURNED,NORTH
O003151,C00310,2024-10-24 11:18:42,CANCELLED,WEST
O003152,C00310,2025-08-02 21:04:46,DELIVERED,WEST
O003153,C00310,2024-12-11 01:45:17,PLACED,SOUTH
O003154,C00310,2025-04-17 09:35:34,DELIVERED,NORTH
O003155,,2024-12-21 15:30:19,DELIVERED,SOUTH
O003156,C00310,2024-10-20 09:57:55,DELIVERED,EAST
O003157,C00310,2025-06-03 11:53:33,DELIVERED,NORTH
O003158,C00310,13-09-2024 04:29:39,DELIVERED,EAST
O003159,C00310,2025-10-12 01:30:07,DELIVERED,WEST
O003160,C00310,2024-11-04 03:29:42,DELIVERED,NORTH
O003161,C00310,2025-10-02 15:42:18,DELIVERED,NORTH
O003162,C00310,2024-10-20 16:14:01,DELIVERED,EAST
O003163,C00310,2024-08-25 21:07:27,DELIVERED,WEST
O003164,C00311,2025-01-29 00:13:17,PLACED,NORTH
O003165,C00311,2025-11-16 10:37:22,DELIVERED,WEST
O003166,C00311,2024-05-16 11:14:20,DELIVERED,NORTH
O003167,C00311,2024-10-10 12:29:46,RETURNED,EAST
O003168,C00311,2024-11-03 13:50:20,DELIVERED,SOUTH
O003169,C00311,2025-01-01 07:37:39,SHIPPED,WEST
O003170,C00311,2024-04-25 19:49:51,PLACED,WEST
O003171,C00311,2025-04-19 05:30:33,DELIVERED,NORTH
O003172,C00311,2025-10-16 17:36:56,PLACED,NORTH
O003173,C00311,2024-03-25 10:12:36,CANCELLED,WEST
O003174,C00311,2025-11-28 02:27:57,SHIPPED,SOUTH
O003175,C00311,2024-11-28 15:03:35,CANCELLED,NORTH
O003176,C00311,2025-11-23 21:37:44,PLACED,NORTH
O003177,C00311,2026-03-18 16:12:55,DELIVERED,SOUTH
O003178,C00311,2025-12-28 09:29:11,DELIVERED,NORTH
O003179,C00311,2025-10-20 18:02:05,SHIPPED,WEST
O003180,C00311,2025-12-25 15:03:34,DELIVERED,WEST
O003181,C00311,2025-02-13 23:37:35,SHIPPED,SOUTH
O003182,C00311,2025-11-13 19:17:49,SHIPPED,SOUTH
O003183,C00311,2025-01-20 21:42:42,PLACED,WEST
O003184,C00311,2024-09-16 04:04:02,SHIPPED,NORTH
O003185,C00311,2026-06-02 19:33:15,RETURNED,WEST
O003186,C00311,11-12-2024 22:31:05,DELIVERED,NORTH
O003187,C00311,2025-04-18 12:30:13,PLACED,WEST
O003188,C00311,2025-12-15 23:11:36,DELIVERED,NORTH
O003189,C00311,2025-12-20 07:07:43,DELIVERED,EAST
O003190,C00311,22-12-2024 02:26:29,SHIPPED,CENTRAL
O003191,C00311,2024-11-30 00:48:08,RETURNED,WEST
O003192,C00311,2026-04-26 08:21:54,DELIVERED,WEST
O003193,C00311,2024-01-13 06:35:15,DELIVERED,NORTH
O003194,C00311,2024-04-26 21:44:52,DELIVERED,EAST
O003195,C00311,2025-12-04 13:22:09,DELIVERED,WEST
O003196,C00311,2024-12-11 12:09:10,SHIPPED,WEST
O003197,C00311,2024-12-19 21:46:24,DELIVERED,NORTH
O003198,C00311,2026-07-09 14:31:33,DELIVERED,WEST
O003199,C00311,2024-12-05 02:24:09,PLACED,WEST
O003200,C00311,2024-06-13 08:53:06,DELIVERED,WEST
O003201,NULL,2025-10-06 22:34:36,DELIVERED,NORTH
O003202,NULL,2024-12-18 16:48:48,PLACED,NORTH
O003203,C00311,2024-09-27 22:50:33,SHIPPED,WEST
O003204,C00311,2025-11-26 08:13:51,SHIPPED,SOUTH
O003205,C00311,2025-10-09 06:52:40,DELIVERED,WEST
O003206,C00311,2025-04-17 21:57:39,PLACED,WEST
O003207,C00311,2025-12-23 08:11:07,PLACED,SOUTH
O003208,C00311,2024-12-23 07:06:07,DELIVERED,NORTH
O003209,C00312,2024-11-17 03:28:50,DELIVERED,NORTH
O003210,C00312,2024-12-11 19:51:10,SHIPPED,EAST
O003211,C00313,19-10-2024 11:14:06,PLACED,EAST
O003212,C00313,2025-12-06 04:12:34,CANCELLED,EAST
O003213,C00313,2024-05-21 07:41:59,RETURNED,WEST
O003214,C00313,2025-09-18 00:19:04,DELIVERED,SOUTH
O003215,C00314,2024-11-13 23:40:03,SHIPPED,NORTH
O003216,C00315,2025-05-20 13:58:33,DELIVERED,NORTH
O003217,C00315,2025-07-18 04:33:30,SHIPPED,NORTH
O003218,C00316,2024-11-01 15:19:05,DELIVERED,NORTH
O003219,C00316,2025-10-22 16:23:30,DELIVERED,SOUTH
O003220,C00316,2024-06-07 09:46:45,PLACED,WEST
O003221,C00316,2025-11-01 00:14:36,DELIVERED,SOUTH
O003222,C00317,2025-03-22 17:32:52,DELIVERED,NORTH
O003223,C00317,04-11-2025 19:33:35,DELIVERED,WEST
O003224,C00317,2025-06-17 16:18:41,SHIPPED,WEST
O003225,C00317,2025-03-11 20:10:25,DELIVERED,EAST
O003226,C00317,2024-12-20 21:27:22,DELIVERED,WEST
O003227,C00317,2024-11-28 17:31:05,DELIVERED,WEST
O003228,C00317,2025-10-24 22:55:47,DELIVERED,NORTH
O003229,C00317,2025-07-25 23:35:58,PLACED,EAST
O003230,C00317,2025-06-27 20:22:23,RETURNED,EAST
O003231,C00317,2024-11-11 13:10:44,DELIVERED,CENTRAL
O003232,C00317,2024-11-23 13:42:19,PLACED,WEST
O003233,C00317,2024-11-06 10:20:58,DELIVERED,WEST
O003234,C00317,2026-06-13 18:44:54,DELIVERED,WEST
O003235,C00317,2024-02-26 04:35:44,DELIVERED,WEST
O003236,NULL,2025-09-22 20:37:47,RETURNED,CENTRAL
O003237,C00317,2025-07-03 20:12:10,DELIVERED,NORTH
O003238,C00317,2026-01-14 21:24:30,DELIVERED,NORTH
O003239,C00317,2024-04-30 19:02:30,SHIPPED,CENTRAL
O003240,C00317,2025-10-19 18:56:10,DELIVERED,EAST
O003241,,2024-08-25 21:02:22,SHIPPED,EAST
O003242,C00317,2026-05-26 19:04:15,DELIVERED,WEST
O003243,C00317,25-12-2024 01:54:55,shipped,EAST
O003244,C00317,2025-03-25 17:41:01,DELIVERED,NORTH
O003245,C00317,2024-12-01 10:00:54,DELIVERED,NORTH
O003246,C00318,2025-10-28 13:37:07,DELIVERED,SOUTH
O003247,C00318,2025-05-08 02:34:34,DELIVERED,WEST
O003248,C00318,2025-09-27 06:17:07,CANCELLED,WEST
O003249,C00318,2024-05-02 11:36:36,DELIVERED,SOUTH
O003250,,2024-04-07 16:45:28,DELIVERED,EAST
O003251,C00318,2026-02-26 14:53:15,DELIVERED,NORTH
O003252,,2024-05-14 18:13:16,DELIVERED,NORTH
O003253,C00318,2024-11-30 00:33:29,CANCELLED,NORTH
O003254,C00318,2025-12-04 13:47:35,CANCELLED,EAST
O003255,C00319,2025-12-16 07:46:22,RETURNED,WEST
O003256,C00319,2024-10-28 08:38:11,DELIVERED,WEST
O003257,C00319,2024-01-30 06:10:33,DELIVERED,NORTH
O003258,C00319,2025-07-22 10:03:05,DELIVERED,NORTH
O003259,C00319,2025-10-17 21:39:02,RETURNED,NORTH
O003260,C00319,2024-11-07 08:44:24,SHIPPED,EAST
O003261,C00319,2024-05-25 12:58:10,DELIVERED,NORTH
O003262,C00319,2025-10-21 07:00:49,DELIVERED,NORTH
O003263,C00319,2026-06-20 23:29:31,CANCELLED,NORTH
O003264,C00319,2026-01-07 23:39:29,DELIVERED,WEST
O003265,C00319,2024-11-18 09:45:20,DELIVERED,NORTH
O003266,C00319,2025-09-25 22:39:43,PLACED,SOUTH
O003267,C00320,2025-11-20 00:30:10,delivered,NORTH
O003268,C00321,2024-09-26 17:32:43,DELIVERED,WEST
O003269,C00321,2024-03-30 21:17:57,DELIVERED,SOUTH
O003270,C00321,2025-10-19 10:15:52,SHIPPED,NORTH
O003271,C00321,2026-03-05 20:47:34,DELIVERED,EAST
O003272,C00321,2024-12-13 15:35:01,PLACED,SOUTH
O003273,C00321,2024-11-10 14:06:56,DELIVERED,WEST
O003274,C00321,2024-10-27 14:34:41,RETURNED,NORTH
O003275,C00321,2024-02-09 08:30:55,RETURNED,SOUTH
O003276,C00321,2026-06-02 22:16:09,DELIVERED,WEST
O003277,C00321,2025-10-07 00:05:40,DELIVERED,NORTH
O003278,C00321,2026-02-26 21:50:20,DELIVERED,WEST
O003279,C00321,2025-03-05 15:27:40,DELIVERED,SOUTH
O003280,C00322,2025-04-29 18:14:28,DELIVERED,NORTH
O003281,C00322,2025-10-06 11:53:54,CANCELLED,NORTH
O003282,C00323,2024-06-17 10:26:06,DELIVERED,WES
O003283,C00324,2025-11-03 20:10:27,DELIVERED,NORTH
O003284,C00324,2024-06-06 22:39:17,PLACED,SOUTH
O003285,C00324,2024-11-16 23:31:56,PLACED,SOUTH
O003286,C00324,2024-10-13 11:28:23,SHIPPED,NOR
O003287,C00324,2024-01-05 22:42:47,DELIVERED,NORTH
O003288,C00325,2025-10-25 00:47:27,CANCELLED,NORTH
O003289,C00325,15-11-2025 07:13:33,DELIVERED,NORTH
O003290,C00325,2026-03-03 16:04:18,RETURNED,EAST
O003291,C00325,2025-11-09 12:50:01,SHIPPED,NORTH
O003292,C00325,2025-04-27 00:39:34,DELIVERED,WEST
O003293,C00325,2024-06-28 03:15:15,PLACED,SOUTH
O003294,C00325,2025-04-20 01:17:23,DELIVERED,EAST
O003295,C00325,2024-03-28 19:20:15,DELIVERED,WEST
O003296,C00325,2024-12-06 02:50:12,DELIVERED,WEST
O003297,C00326,2025-11-26 17:31:08,RETURNED,EAST
O003298,C00326,2024-04-24 11:46:37,PLACED,WEST
O003299,C00326,2026-01-25 22:10:17,DELIVERED,SOUTH
O003300,C00326,2025-08-18 00:24:38,DELIVERED,WEST
O003301,C00327,2025-11-09 21:01:59,DELIVERED,WEST
O003302,C00327,2025-11-19 08:07:15,DELIVERED,WEST
O003303,C00327,2024-01-13 16:04:30,DELIVERED,CENTRAL
O003304,C00327,2025-05-17 14:53:48,DELIVERED,NORTH
O003305,C00327,2024-10-16 08:11:21,DELIVERED,WEST
O003306,C00327,2025-11-15 20:10:35,CANCELLED,NORTH
O003307,C00327,2024-10-15 17:10:35,DELIVERED,SOUTH
O003308,NULL,2025-12-16 15:29:00,SHIPPED,WEST
O003309,C00327,2024-09-26 06:40:58,DELIVERED,CENTRAL
O003310,C00327,2025-09-04 16:48:21,DELIVERED,WEST
O003311,C00327,2026-03-30 11:21:56,SHIPPED,NORTH
O003312,C00327,2024-10-24 13:08:19,PLACED,WEST
O003313,C00327,2025-11-01 10:14:25,DELIVERED,SOUTH
O003314,C00327,2025-11-06 01:57:34,DELIVERED,EAST
O003315,C00327,2024-10-26 21:37:10,DELIVERED,NORTH
O003316,C00327,2026-07-18 23:58:30,RETURNED,SOUTH
O003317,C00327,2024-01-23 15:36:50,DELIVERED,WEST
O003318,C00327,2025-12-18 22:55:48,DELIVERED,WEST
O003319,C00327,2026-06-05 10:11:51,SHIPPED,CENTRAL
O003320,C00327,2024-01-31 22:47:34,DELIVERED,NORTH
O003321,C00327,2024-09-29 05:41:27,DELIVERED,WEST
O003322,C00327,2025-10-21 20:56:31,DELIVERED,NORTH
O003323,C00327,2025-07-16 08:29:02,DELIVERED,SOUTH
O003324,C00327,2025-10-01 00:37:32,DELIVERED,WEST
O003325,C00327,2024-09-25 13:37:31,RETURNED,EAST
O003326,C00327,2025-10-11 20:45:52,DELIVERED,SOUTH
O003327,C00327,2024-05-11 12:15:49,DELIVERED,WEST
O003328,C00327,2025-10-15 21:17:39,DELIVERED,EAST
O003329,C00327,2025-12-11 08:26:45,PLACED,WEST
O003330,C00327,2025-06-25 19:23:36,SHIPPED,NORTH
O003331,C00327,2025-08-11 02:39:28,DELIVERED,SOUTH
O003332,C00327,2025-01-29 20:20:25,DELIVERED,NORTH
O003333,C00327,2024-03-15 07:16:33,RETURNED,NORTH
O003334,C00327,2025-12-24 20:13:11,PLACED,NORTH
O003335,C00327,2025-08-17 07:23:34,DELIVERED,NORTH
O003336,C00327,2024-12-07 04:46:46,DELIVERED,NORTH
O003337,C00327,2024-05-03 10:00:47,DELIVERED,EAST
O003338,C00327,2024-01-24 11:55:48,DELIVERED,NORTH
O003339,C00327,2024-12-20 17:27:52,DELIVERED,SOUTH
O003340,C00327,2025-12-01 10:18:01,DELIVERED,NORTH
O003341,C00327,2024-08-31 04:20:26,DELIVERED,WEST
O003342,NULL,2026-05-07 18:15:36,DELIVERED,EAST
O003343,C00327,2026-06-28 10:02:52,SHIPPED,WEST
O003344,C00327,2026-01-15 16:05:17,SHIPPED,NORTH
O003345,C00327,2025-10-21 03:36:30,DELIVERED,NORTH
O003346,C00327,2026-01-28 13:02:27,PLACED,SOUTH
O003347,C00327,2025-10-21 12:26:42,DELIVERED,NORTH
O003348,C00327,2024-07-28 23:48:19,SHIPPED,EAST
O003349,C00327,2024-10-24 12:05:40,SHIPPED,NORTH
O003350,C00327,2024-04-17 21:51:52,DELIVERED,NORTH
O003351,C00327,2024-08-18 11:32:07,DELIVERED,EAST
O003352,NULL,2025-01-26 16:13:17,PLACED,WEST
O003353,NULL,2025-12-18 19:10:04,DELIVERED,NORTH
O003354,C00327,2026-04-08 02:03:09,DELIVERED,SOUTH
O003355,C00327,2025-10-27 17:56:26,DELIVERED,NORTH
O003356,C00327,2025-09-10 23:51:26,DELIVERED,NORTH
O003357,C00327,09-05-2024 02:50:28,DELIVERED,EAST
O003358,C00327,2026-01-20 10:37:43,DELIVERED,North
O003359,C00327,2024-10-27 17:48:06,DELIVERED,SOUTH
O003360,C00327,2024-11-25 14:22:21,DELIVERED,NORTH
O003361,C00327,2024-11-23 11:54:10,DELIVERED,CENTRAL
O003362,C00327,2025-12-06 02:30:51,DELIVERED,WEST
O003363,C00327,2025-02-05 03:41:48,Cancelled,EAST
O003364,C00327,2025-12-01 09:19:44,DELIVERED,EAST
O003365,C00327,2027-01-12 00:00:00,DELIVERED,CENTRAL
O003366,C00328,2024-07-18 22:06:51,SHIPPED,north
O003367,C00328,2026-04-09 17:52:07,CANCELLED,NORTH
O003368,C00328,2025-11-18 18:21:12,SHIPPED,EAST
O003369,C00328,2026-02-02 05:28:07,DELIVERED,WEST
O003370,C00328,2024-12-21 07:42:30,DELIVERED,NORTH
O003371,C00328,2025-12-26 02:22:41,DELIVERED,SOUTH
O003372,C00328,2025-11-16 04:21:45,DELIVERED,CENTRAL
O003373,C00328,2024-12-23 04:42:25,PLACED,SOUTH
O003374,C00328,2024-01-27 21:18:35,PLACED,SOUTH
O003375,C00328,2024-10-26 20:03:10,DELIVERED,WEST
O003376,C00328,2024-11-08 10:27:33,DELIVERED,SOUTH
O003377,C00328,2024-11-23 08:06:45,DELIVERED,NORTH
O003378,C00328,2025-10-20 20:12:08,DELIVERED,CENTRAL
O003379,C00328,2024-06-10 22:38:45,PLACED,NORTH
O003380,C00328,2025-11-11 12:44:05,RETURNED,NORTH
O003381,C00328,2026-05-20 13:13:40,DELIVERED,NORTH
O003382,C00328,2025-01-26 22:47:14,DELIVERED,NORTH
O003383,C00328,2026-03-12 15:30:47,DELIVERED,NORTH
O003384,C00328,18-12-2024 09:20:16,DELIVERED,NORTH
O003385,C00328,2025-12-17 01:31:26,SHIPPED,NORTH
O003386,C00328,2026-02-08 13:55:00,DELIVERED,EAST
O003387,C00328,2025-07-16 19:48:59,DELIVERED,EAST
O003388,C00329,2025-04-25 08:25:25,DELIVERED,NORTH
O003389,C00329,2024-06-18 15:46:44,DELIVERED,SOUTH
O003390,C00329,2024-12-17 20:15:51,returned,NORTH
O003391,C00329,2025-11-23 03:58:20,DELIVERED,EAST
O003392,C00329,2025-02-25 14:56:11,returned,NORTH
O003393,C00329,2026-04-15 12:52:21,PLACED,EAST
O003394,C00329,2025-05-21 02:26:16,DELIVERED,NORTH
O003395,C00329,2025-05-10 12:39:07,RETURNED,EAST
O003396,C00329,01-10-2025 17:00:23,DELIVERED,west
O003397,C00329,2025-10-15 17:09:34,DELIVERED,SOUTH
O003398,C00330,2024-10-23 03:19:16,DELIVERED,WEST
O003399,C00330,2024-11-14 13:30:27,DELIVERED,NORTH
O003400,C00330,2024-04-15 06:20:21,PLACED,EAST
O003401,C00330,2024-12-20 09:54:52,DELIVERED,NORTH
O003402,C00330,2025-08-29 12:45:45,DELIVERED,SOUTH
O003403,C00330,2024-05-17 09:31:41,SHIPPED,NORTH
O003404,C00330,2024-12-21 07:16:25,PLACED,SOUTH
O003405,C00330,2025-11-07 00:44:40,DELIVERED,NORTH
O003406,C00330,2025-04-07 09:25:25,DELIVERED,NORTH
O003407,C00330,2024-05-28 22:37:07,PLACED,CENTRAL
O003408,C00330,2024-09-08 05:59:15,DELIVERED,WEST
O003409,C00330,2024-11-06 17:58:49,DELIVERED,WEST
O003410,C00330,21-12-2024 21:01:22,DELIVERED,CENTRAL
O003411,C00330,2025-11-24 09:38:08,SHIPPED,EAST
O003412,C00330,2025-10-17 00:55:44,DELIVERED,NORTH
O003413,C00330,2026-05-23 05:34:27,SHIPPED,NORTH
O003414,C00331,2026-11-26 00:00:00,DELIVERED,EAST
O003415,C00331,2025-10-20 11:51:30,DELIVERED,WEST
O003416,C00331,2024-03-25 10:42:06,SHIPPED,NORTH
O003417,C00331,2024-03-29 05:09:13,DELIVERED,WEST
O003418,C00331,2025-02-14 08:28:12,Shipped,EAST
O003419,C00331,2025-12-25 20:48:11,CANCELLED,NORTH
O003420,C00331,2026-05-15 23:11:47,PLACED,SOUTH
O003421,C00331,2026-01-10 22:06:32,CANCELLED,NORTH
O003422,C00331,2025-11-13 20:16:21,DELIVERED,NORTH
O003423,C00332,2024-11-27 03:44:44,DELIVERED,WEST
O003424,C00332,2024-06-13 12:23:51,DELIVERED,SOUTH
O003425,C00332,2025-06-24 23:55:09,DELIVERED,NORTH
O003426,C00333,2026-09-26 00:00:00,DELIVERED,CENTRAL
O003427,C00333,2025-12-20 00:55:37,CANCELLED,WEST
O003428,C00334,2024-12-10 15:24:44,DELIVERED,SOUTH
O003429,C00334,2026-01-16 10:52:00,DELIVERED,WEST
O003430,C00334,2025-10-05 12:43:02,DELIVERED,SOUTH
O003431,C00334,2025-10-22 02:08:26,DELIVERED,WEST
O003432,C00335,2025-07-24 15:53:01,DELIVERED,EAST
O003433,C00335,2024-10-02 15:33:15,DELIVERED,WEST
O003434,C00335,2024-12-09 10:37:45,DELIVERED,NORTH
O003435,C00335,2024-04-30 11:40:27,DELIVERED,SOUTH
O003436,C00335,2025-03-15 14:46:33,SHIPPED,NORTH
O003437,C00335,17-10-2024 23:04:02,DELIVERED,NORTH
O003438,C00335,2025-10-06 20:56:47,DELIVERED,SOUTH
O003439,C00335,2026-04-30 04:10:43,DELIVERED,SOUTH
O003440,C00335,2024-11-28 03:30:08,DELIVERED,SOUTH
O003441,C00336,2025-08-26 10:50:15,DELIVERED,NORTH
O003442,C00336,2025-02-02 09:53:29,DELIVERED,NORTH
O003443,,2024-06-29 01:57:53,DELIVERED,WEST
O003444,C00336,2024-09-13 12:30:28,DELIVERED,SOUTH
O003445,C00336,2024-12-06 02:27:19,DELIVERED,NORTH
O003446,C00336,2024-11-22 01:28:33,DELIVERED,NORTH
O003447,C00336,2026-01-28 14:18:08,SHIPPED,WEST
O003448,C00336,22-09-2025 18:51:57,PLACED,EAST
O003449,C00336,2025-10-11 13:43:53,DELIVERED,SOUTH
O003450,C00336,2025-12-16 23:45:45,PLACED,NORTH
O003451,C00336,2024-10-27 13:54:36,SHIPPED,NORTH
O003452,C00336,2024-05-21 05:23:48,PLACED,WEST
O003453,C00336,2024-12-02 00:10:10,CANCELLED,NORTH
O003454,C00336,2025-05-27 11:00:49,SHIPPED,NORTH
O003455,C00336,2024-10-01 03:12:08,DELIVERED,SOUTH
O003456,C00336,2026-01-28 13:25:21,SHIPPED,NORTH
O003457,C00336,2026-01-22 22:41:53,DELIVERED,WEST
O003458,C00336,2024-03-28 00:00:06,DELIVERED,WEST
O003459,C00336,2024-11-01 17:12:00,SHIPPED,NORTH
O003460,C00336,2024-07-08 11:46:45,DELIVERED,WEST
O003461,C00336,2025-10-28 22:16:18,DELIVERED,WEST
O003462,C00336,2026-04-24 21:44:24,RETURNED,NORTH
O003463,C00336,2024-10-17 07:12:33,RETURNED,NORTH
O003464,C00336,2025-08-20 17:42:35,DELIVERED,CENTRAL
O003465,C00336,2024-05-28 23:13:59,DELIVERED,WEST
O003466,C00336,25-08-2025 12:51:36,DELIVERED,SOUTH
O003467,C00336,2025-06-25 07:15:33,CANCELLED,NORTH
O003468,C00336,2025-10-28 10:35:52,SHIPPED,WEST
O003469,C00336,2024-05-03 18:55:43,DELIVERED,WEST
O003470,C00336,2025-11-19 11:03:32,DELIVERED,SOUTH
O003471,C00336,2025-10-18 13:55:56,DELIVERED,SOUTH
O003472,C00336,2025-06-27 19:59:03,SHIPPED,SOUTH
O003473,C00337,2025-08-14 20:19:10,DELIVERED,SOUTH
O003474,C00338,2025-07-27 04:40:21,RETURNED,NORTH
O003475,C00338,2025-07-25 14:24:53,CANCELLED,SOUTH
O003476,C00338,2026-02-27 05:15:18,DELIVERED,NORTH
O003477,C00339,2024-11-27 08:10:53,CANCELLED,WEST
O003478,C00339,2024-12-15 09:39:56,CANCELLED,NORTH
O003479,C00339,2024-11-18 17:36:06,DELIVERED,NORTH
O003480,C00339,2025-12-08 20:58:01,DELIVERED,SOUTH
O003481,C00339,2024-09-10 21:13:45,DELIVERED,WEST
O003482,C00339,2025-08-15 09:13:56,RETURNED,WEST
O003483,C00339,2024-12-02 23:04:46,CANCELLED,NORTH
O003484,C00339,2024-07-19 03:39:45,DELIVERED,NORTH
O003485,C00339,2024-12-25 23:03:28,DELIVERED,WEST
O003486,C00339,2024-10-23 13:18:03,DELIVERED,NORTH
O003487,C00339,2025-11-26 00:13:05,DELIVERED,NORTH
O003488,C00339,2025-07-09 16:53:53,SHIPPED,NORTH
O003489,C00340,2024-11-16 01:43:09,SHIPPED,NORTH
O003490,C00340,2024-09-27 13:22:38,SHIPPED,NORTH
O003491,C00340,17-10-2025 08:08:20,DELIVERED,CENTRAL
O003492,C00340,07-11-2024 15:57:04,DELIVERED,CENTRAL
O003493,C00340,01-10-2024 15:33:19,DELIVERED,WEST
O003494,C00340,2024-10-14 01:06:43,DELIVERED,NORTH
O003495,C00340,21-02-2025 16:56:56,DELIVERED,EAST
O003496,C00340,2024-06-20 19:20:15,DELIVERED,WEST
O003497,C00340,2024-04-29 10:04:19,DELIVERED,NORTH
O003498,C00340,2024-03-09 06:39:36,DELIVERED,SOUTH
O003499,NULL,2025-03-08 13:46:40,PLACED,WEST
O003500,,2025-12-28 12:30:19,DELIVERED,WEST
O003501,,13-12-2025 16:15:10,DELIVERED,CENTRAL
O003502,C00341,2025-07-10 22:14:26,SHIPPED,CENTRAL
O003503,C00342,2024-12-08 13:24:05,PLACED,EAST
O003504,C00342,2024-06-30 23:06:43,DELIVERED,WEST
O003505,C00343,15-05-2024 19:50:02,DELIVERED,SOUTH
O003506,C00343,2026-01-11 19:51:53,PLACED,NORTH
O003507,,2025-10-13 12:44:25,DELIVERED,WEST
O003508,C00343,2024-12-20 01:35:13,PLACED,SOUTH
O003509,C00343,2025-07-29 23:18:10,PLACED,NORTH
O003510,C00343,2024-11-03 12:03:23,CANCELLED,NORTH
O003511,C00343,2026-02-23 02:34:05,RETURNED,WEST
O003512,C00343,2024-10-15 14:17:36,DELIVERED,NORTH
O003513,C00343,2024-03-04 03:20:22,RETURNED,NORTH
O003514,C00343,2024-07-24 11:28:36,DELIVERED,WEST
O003515,C00343,2024-04-01 11:29:57,DELIVERED,WEST
O003516,C00344,2025-05-19 20:32:00,DELIVERED,WEST
O003517,C00344,2026-09-25 00:00:00,PLACED,NORTH
O003518,C00344,01-10-2024 07:40:09,SHIPPED,EAST
O003519,C00344,2024-02-08 04:41:37,DELIVERED,NORTH
O003520,C00344,2024-11-13 08:19:17,DELIVERED,SOUTH
O003521,C00344,2025-11-05 11:02:24,CANCELLED,EAST
O003522,C00344,2025-11-25 20:50:54,DELIVERED,SOUTH
O003523,C00344,2025-05-29 07:59:42,DELIVERED,WEST
O003524,C00345,2026-06-13 23:43:48,DELIVERED,NORTH
O003525,C00345,2024-10-08 17:18:35,DELIVERED,SOUTH
O003526,C00345,2025-11-16 07:54:34,PLACED,NORTH
O003527,C00346,2025-12-10 14:25:48,DELIVERED,NORTH
O003528,C00346,2024-09-14 18:41:40,SHIPPED,WEST
O003529,C00346,2024-10-04 13:31:25,DELIVERED,NORTH
O003530,C00346,2026-02-24 12:54:38,DELIVERED,NORTH
O003531,C00346,2026-06-14 18:29:34,DELIVERED,SOUTH
O003532,C00346,2024-01-28 14:14:15,SHIPPED,NORTH
O003533,C00346,28-08-2025 22:13:29,DELIVERED,WEST
O003534,C00346,2025-09-20 06:07:24,DELIVERED,EAST
O003535,C00346,2024-02-04 10:10:00,CANCELLED,SOUTH
O003536,C00346,13-03-2026 04:15:32,DELIVERED,SOUTH
O003537,C00347,2025-03-06 12:57:58,SHIPPED,SOUTH
O003538,C00347,2026-02-28 01:49:54,SHIPPED,SOUTH
O003539,C00347,2025-10-15 09:14:33,DELIVERED,SOUTH
O003540,C00347,2025-10-26 13:39:17,PLACED,CENTRAL
O003541,C00347,2025-08-19 04:40:46,DELIVERED,WEST
O003542,C00347,2026-01-02 20:35:28,PLACED,NORTH
O003543,C00347,2024-04-10 00:38:08,DELIVERED,SOUTH
O003544,C00347,2026-04-27 16:18:58,DELIVERED,WEST
O003545,C00348,2025-10-03 15:42:16,RETURNED,EAST
O003546,C00348,2024-12-11 19:41:58,DELIVERED,WEST
O003547,C00348,2024-10-08 09:30:48,DELIVERED,NORTH
O003548,C00348,2024-09-10 19:09:51,DELIVERED,NORTH
O003549,C00349,2025-08-26 12:04:45,DELIVERED,NORTH
O003550,C00349,2026-03-03 12:24:31,DELIVERED,NORTH
O003551,C00349,2024-10-22 01:54:37,DELIVERED,NORTH
O003552,C00349,2024-01-18 08:30:02,DELIVERED,WEST
O003553,C00350,2024-12-18 10:57:46,DELIVERED,SOUTH
O003554,C00351,2024-12-20 22:42:29,DELIVERED,SOUTH
O003555,,2025-02-07 04:05:49,DELIVERED,WEST
O003556,C00351,2026-05-16 18:36:50,DELIVERED,EAST
O003557,C00351,2024-11-15 14:06:07,DELIVERED,NORTH
O003558,C00351,2025-09-19 01:25:44,RETURNED,NORTH
O003559,C00351,2024-04-07 22:55:01,RETURNED,EAST
O003560,C00351,2024-07-05 20:39:38,DELIVERED,WEST
O003561,C00351,2026-01-14 21:45:03,PLACED,NORTH
O003562,C00351,2024-10-08 17:08:28,RETURNED,WEST
O003563,C00352,2025-10-21 08:33:42,DELIVERED,NORTH
O003564,NULL,2026-07-17 10:12:36,DELIVERED,NORTH
O003565,C00352,2025-11-05 09:30:53,DELIVERED,CENTRAL
O003566,C00352,2026-05-15 20:19:08,PLACED,NORTH
O003567,C00352,2026-01-03 11:09:48,DELIVERED,NORTH
O003568,C00352,2025-04-07 12:24:02,RETURNED,north
O003569,C00352,2025-01-15 07:49:07,CANCELLED,NORTH
O003570,C00352,2025-12-13 14:20:49,DELIVERED,WEST
O003571,C00352,2024-03-06 16:14:53,DELIVERED,SOUTH
O003572,C00352,2024-10-09 06:21:19,DELIVERED,WEST
O003573,C00352,2024-12-23 23:49:28,DELIVERED,SOUTH
O003574,C00352,2026-02-27 18:37:46,CANCELLED,SOUTH
O003575,,2024-02-12 03:07:49,SHIPPED,NORTH
O003576,C00353,2024-04-28 15:14:38,DELIVERED,SOUTH
O003577,C00353,2025-12-06 01:36:37,SHIPPED,NORTH
O003578,C00353,2026-02-23 22:11:25,RETURNED,NORTH
O003579,C00353,2025-07-24 23:19:22,DELIVERED,CENTRAL
O003580,NULL,2025-08-26 02:55:59,DELIVERED,NORTH
O003581,C00353,2025-02-23 13:42:23,DELIVERED,EAST
O003582,C00353,2024-11-01 11:31:16,SHIPPED,NORTH
O003583,C00354,2026-01-06 07:06:47,DELIVERED,WEST
O003584,C00354,2024-04-13 05:48:55,DELIVERED,West
O003585,C00354,2025-04-15 02:49:40,RETURNED,EAST
O003586,C00354,2026-03-18 13:10:05,CANCELLED,CENTRAL
O003587,C00354,2025-03-29 14:09:13,CANCELLED,EAST
O003588,C00354,2024-12-14 01:07:23,CANCELLED,NORTH
O003589,C00354,2025-12-06 09:43:35,DELIVERED,NORTH
O003590,C00355,2025-11-18 22:21:20,DELIVERED,SOUTH
O003591,C00355,2025-12-26 09:06:05,DELIVERED,NORTH
O003592,C00355,2025-09-07 20:43:13,PLACED,CENTRAL
O003593,C00355,2025-05-31 03:53:13,RETURNED,SOUTH
O003594,C00355,2024-10-26 16:43:42,RETURNED,SOUTH
O003595,C00355,2026-04-25 14:06:42,DELIVERED,NORTH
O003596,C00355,2026-05-12 02:43:09,DELIVERED,WEST
O003597,,2024-04-30 14:42:09,DELIVERED,NORTH
O003598,C00355,2024-12-04 07:45:54,PLACED,WEST
O003599,C00355,2024-06-18 13:37:47,DELIVERED,WEST
O003600,C00355,2026-06-24 03:19:25,RETURNED,WEST
O003601,C00355,2024-05-01 15:52:56,CANCELLED,SOUTH
O003602,C00356,2024-12-07 21:08:07,DELIVERED,NORTH
O003603,NULL,2024-12-29 18:54:51,DELIVERED,SOUTH
O003604,C00356,2024-04-28 16:13:50,CANCELLED,WEST
O003605,C00356,2026-09-15 00:00:00,CANCELLED,WEST
O003606,C00356,2025-07-26 17:20:25,SHIPPED,SOUTH
O003607,C00356,2025-08-26 02:17:13,DELIVERED,NORTH
O003608,C00356,2025-02-13 20:37:56,SHIPPED,EAST
O003609,C00356,2025-06-16 10:14:16,RETURNED,NORTH
O003610,C00356,05-11-2024 10:28:31,SHIPPED,EAST
O003611,C00356,2025-08-01 22:34:12,DELIVERED,WEST
O003612,C00356,2024-05-10 14:35:47,DELIVERED,SOUTH
O003613,C00356,2025-01-18 10:03:22,SHIPPED,NORTH
O003614,C00357,2024-09-23 12:36:28,RETURNED,SOUTH
O003615,C00357,2025-10-21 20:15:46,DELIVERED,NORTH
O003616,C00357,2025-11-05 23:23:14,DELIVERED,NORTH
O003617,C00357,2025-11-27 09:11:05,DELIVERED,CENTRAL
O003618,C00357,2024-08-02 12:29:16,PLACED,WEST
O003619,C00357,2025-09-12 14:29:18,DELIVERED,WEST
O003620,C00357,2026-07-08 02:19:22,Shipped,SOUTH
O003621,C00357,2025-08-13 19:03:47,SHIPPED,WEST
O003622,C00357,2024-06-13 14:27:48,DELIVERED,SOUTH
O003623,C00357,2024-11-27 00:46:18,DELIVERED,SOUTH
O003624,C00357,2024-11-08 06:07:26,DELIVERED,EAST
O003625,C00357,2025-10-04 01:35:56,DELIVERED,SOUTH
O003626,C00357,2024-10-12 15:34:57,SHIPPED,SOUTH
O003627,C00357,2024-01-17 06:05:25,RETURNED,NORTH
O003628,C00357,2025-03-19 16:11:58,DELIVERED,WEST
O003629,C00357,2024-12-22 00:22:41,CANCELLED,WEST
O003630,C00357,2024-10-24 15:52:16,DELIVERED,WEST
O003631,C00357,2024-03-22 00:40:26,CANCELLED,NORTH
O003632,C00357,2026-03-28 05:45:56,SHIPPED,WEST
O003633,C00357,2026-03-15 11:58:29,RETURNED,NORTH
O003634,C00357,2024-11-14 15:20:54,DELIVERED,SOUTH
O003635,C00357,10-12-2025 13:42:01,DELIVERED,EAST
O003636,C00357,2025-08-02 20:54:24,PLACED,SOUTH
O003637,C00357,2024-11-19 05:06:40,DELIVERED,NORTH
O003638,C00357,2024-09-09 13:31:50,DELIVERED,WEST
O003639,C00357,2025-04-23 12:20:36,SHIPPED,WEST
O003640,C00357,2024-10-02 08:04:00,DELIVERED,NORTH
O003641,C00357,2024-06-14 23:47:58,DELIVERED,NORTH
O003642,C00357,2024-10-04 23:36:21,DELIVERED,SOUTH
O003643,C00357,2025-12-13 20:07:43,DELIVERED,NORTH
O003644,NULL,2025-02-14 17:03:53,PLACED,NORTH
O003645,C00358,2025-09-19 10:54:14,DELIVERED,NORTH
O003646,C00358,2025-11-04 19:24:30,PLACED,NORTH
O003647,C00358,2024-11-06 05:02:31,DELIVERED,WEST
O003648,C00358,2025-11-20 19:55:21,DELIVERED,WEST
O003649,C00358,2025-12-21 15:42:55,DELIVERED,NORTH
O003650,C00358,2025-10-22 18:09:13,SHIPPED,NORTH
O003651,C00358,2024-02-16 13:27:49,DELIVERED,WEST
O003652,C00358,2024-12-06 13:06:25,SHIPPED,NORTH
O003653,C00359,2024-11-22 12:04:47,DELIVERED,NORTH
O003654,C00359,2025-10-25 17:39:44,DELIVERED,SOUTH
O003655,C00359,2025-11-28 01:10:39,DELIVERED,WEST
O003656,C00359,2025-10-25 08:25:42,DELIVERED,SOUTH
O003657,C00360,2024-11-11 12:46:15,DELIVERED,NORTH
O003658,C00360,2024-11-20 22:10:43,DELIVERED,NORTH
O003659,C00360,2024-08-08 15:20:30,DELIVERED,EAST
O003660,C00360,2026-01-31 03:00:32,DELIVERED,EAST
O003661,C00360,2026-03-19 12:13:51,PLACED,NORTH
O003662,C00360,2024-12-27 06:30:32,DELIVERED,EAST
O003663,C00361,2026-03-15 03:59:57,DELIVERED,NORTH
O003664,C00361,22-01-2026 16:53:07,DELIVERED,NORTH
O003665,C00361,2026-05-20 10:02:15,PLACED,NORTH
O003666,C00361,2024-11-27 18:14:37,DELIVERED,NORTH
O003667,C00361,2025-11-24 04:39:15,DELIVERED,WEST
O003668,C00361,2025-10-26 16:05:50,SHIPPED,WEST
O003669,NULL,2026-07-04 19:04:26,DELIVERED,NORTH
O003670,C00361,2024-11-05 08:49:19,DELIVERED,WEST
O003671,C00361,2026-01-22 10:48:00,DELIVERED,NORTH
O003672,C00361,2024-10-19 14:16:23,DELIVERED,SOUTH
O003673,C00361,2024-09-26 12:11:09,DELIVERED,NORTH
O003674,C00361,2024-01-08 05:28:56,DELIVERED,WEST
O003675,C00361,2025-10-22 02:32:05,DELIVERED,WEST
O003676,C00361,2025-11-11 11:55:03,DELIVERED,NORTH
O003677,C00361,2025-11-24 13:41:55,DELIVERED,WEST
O003678,C00361,2025-11-18 21:29:48,DELIVERED,WEST
O003679,C00361,2024-06-10 18:39:34,DELIVERED,SOUTH
O003680,C00361,2024-11-05 13:12:07,RETURNED,NORTH
O003681,C00361,2024-07-22 19:06:23,DELIVERED,CENTRAL
O003682,C00361,2026-06-14 07:29:56,SHIPPED,NORTH
O003683,,2026-04-19 13:24:11,DELIVERED,WEST
O003684,C00361,2025-10-07 10:41:27,CANCELLED,WEST
O003685,C00361,2024-04-10 05:00:47,SHIPPED,WEST
O003686,C00361,2025-02-08 14:58:19,DELIVERED,NORTH
O003687,C00361,2025-09-29 04:08:05,SHIPPED,WEST
O003688,NULL,2025-01-30 16:10:25,RETURNED,NORTH
O003689,C00361,2026-06-08 23:23:50,DELIVERED,NORTH
O003690,C00362,2026-07-16 06:51:52,SHIPPED,NORTH
O003691,C00362,2025-11-04 14:28:01,DELIVERED,WEST
O003692,C00362,2025-10-08 14:43:01,SHIPPED,NORTH
O003693,C00362,2025-10-10 17:24:58,SHIPPED,NORTH
O003694,C00362,13-07-2026 00:13:48,DELIVERED,CENTRAL
O003695,C00362,2024-03-22 17:57:39,SHIPPED,CENTRAL
O003696,C00362,2026-05-07 10:20:05,DELIVERED,SOUTH
O003697,C00362,2024-12-27 04:40:23,DELIVERED,NORTH
O003698,C00362,2025-04-03 04:54:36,RETURNED,WEST
O003699,C00362,2026-01-10 15:08:47,DELIVERED,NORTH
O003700,C00362,2024-04-06 00:24:03,DELIVERED,NORTH
O003701,C00362,2026-03-23 05:16:20,DELIVERED,WEST
O003702,C00362,2025-04-24 12:20:31,DELIVERED,NORTH
O003703,C00362,2025-12-25 02:51:30,DELIVERED,WEST
O003704,C00362,2025-02-23 01:38:17,DELIVERED,NORTH
O003705,C00362,2025-11-28 06:40:21,DELIVERED,SOUTH
O003706,C00362,2025-06-07 08:00:06,DELIVERED,SOUTH
O003707,C00362,2024-08-21 17:53:31,SHIPPED,SOUTH
O003708,C00362,2024-10-10 18:45:07,DELIVERED,EAST
O003709,C00362,2025-08-27 20:59:35,CANCELLED,NORTH
O003710,C00362,2024-09-03 19:38:14,DELIVERED,NORTH
O003711,C00362,2025-10-31 13:03:42,PLACED,CENTRAL
O003712,,2026-01-28 20:39:57,PLACED,NORTH
O003713,C00362,2025-03-15 12:58:20,SHIPPED,WEST
O003714,C00362,2024-12-24 02:31:03,DELIVERED,NORTH
O003715,NULL,2024-01-07 19:01:36,DELIVERED,WEST
O003716,C00363,2024-12-12 11:20:08,PLACED,EAST
O003717,C00363,2025-03-31 02:16:45,SHIPPED,NORTH
O003718,C00363,2025-12-28 13:21:04,DELIVERED,WEST
O003719,C00363,2024-11-26 01:25:42,DELIVERED,NORTH
O003720,C00364,2025-10-16 21:30:47,DELIVERED,CENTRAL
O003721,C00364,2025-10-18 23:52:09,SHIPPED,SOUTH
O003722,C00364,2026-06-02 21:00:16,DELIVERED,SOUTH
O003723,C00364,2024-12-26 01:09:59,RETURNED,SOUTH
O003724,C00364,2024-08-06 03:46:49,DELIVERED,SOUTH
O003725,C00364,2024-10-20 20:43:12,SHIPPED,WEST
O003726,C00364,2025-04-20 14:39:15,DELIVERED,NORTH
O003727,,2025-06-19 22:40:54,PLACED,SOUTH
O003728,C00364,2026-01-14 12:00:48,DELIVERED,CENTRAL
O003729,C00364,2024-05-19 05:40:56,SHIPPED,NORTH
O003730,C00364,2024-12-02 03:59:03,DELIVERED,WEST
O003731,C00364,2024-09-23 01:23:55,DELIVERED,north
O003732,C00364,2025-07-19 16:15:11,DELIVERED,NORTH
O003733,C00364,27-12-2024 22:35:54,SHIPPED,SOUTH
O003734,C00364,2024-03-25 21:32:56,DELIVERED,WEST
O003735,C00364,2024-10-01 22:17:06,DELIVERED,CENTRAL
O003736,C00364,2025-12-06 01:57:39,DELIVERED,CENTRAL
O003737,C00364,2024-12-02 15:48:38,SHIPPED,SOUTH
O003738,C00364,2025-11-14 17:39:39,DELIVERED,NORTH
O003739,C00364,2025-06-24 00:13:03,CANCELLED,WEST
O003740,C00364,2026-07-17 20:22:59,DELIVERED,NORTH
O003741,C00364,2026-02-13 07:50:59,DELIVERED,SOUTH
O003742,C00364,2024-09-29 10:25:24,DELIVERED,EAST
O003743,C00364,2026-06-25 12:34:53,delivered,WEST
O003744,C00364,2024-03-22 04:16:53,DELIVERED,NORTH
O003745,C00364,2024-01-09 03:34:03,DELIVERED,NORTH
O003746,C00364,2025-08-10 01:16:50,DELIVERED,SOUTH
O003747,C00364,2024-01-11 10:50:18,DELIVERED,NORTH
O003748,C00364,2024-06-07 18:41:29,DELIVERED,NORTH
O003749,C00364,2025-10-04 05:49:49,DELIVERED,NORTH
O003750,C00364,2024-07-27 19:21:14,DELIVERED,NORTH
O003751,C00364,2026-01-02 03:01:20,DELIVERED,NORTH
O003752,C00364,2025-01-08 10:44:26,DELIVERED,NORTH
O003753,C00365,2026-07-25 15:24:38,DELIVERED,NORTH
O003754,C00365,2025-06-11 18:42:29,DELIVERED,CENTRAL
O003755,C00365,2024-11-22 09:48:36,DELIVERED,NORTH
O003756,C00366,2024-05-29 14:16:44,DELIVERED,NORTH
O003757,C00367,2025-12-03 14:22:28,DELIVERED,WEST
O003758,C00368,2025-11-20 23:17:10,DELIVERED,EAST
O003759,C00368,2025-11-09 18:02:53,PLACED,NORTH
O003760,C00369,2026-06-10 07:32:10,Delivered,EAST
O003761,C00369,2024-02-16 00:41:29,DELIVERED,NORTH
O003762,C00369,2024-09-23 22:29:33,SHIPPED,NORTH
O003763,C00369,2025-07-20 05:11:44,PLACED,WEST
O003764,C00369,2024-11-13 18:43:42,PLACED,NORTH
O003765,C00369,08-12-2024 11:52:04,DELIVERED,WEST
O003766,C00370,2025-10-23 08:38:16,DELIVERED,WEST
O003767,C00371,2024-05-12 01:51:46,DELIVERED,NORTH
O003768,C00371,2024-10-24 07:14:50,SHIPPED,NORTH
O003769,C00371,2025-10-22 14:56:48,DELIVERED,NORTH
O003770,C00372,2024-04-16 13:17:22,PLACED,NORTH
O003771,C00372,2025-12-27 22:15:55,RETURNED,WEST
O003772,C00372,2024-06-22 01:38:16,SHIPPED,CENTRAL
O003773,C00372,2024-12-10 05:08:17,DELIVERED,EAST
O003774,C00372,2024-05-28 15:08:03,DELIVERED,EAST
O003775,C00373,2026-01-04 18:27:29,PLACED,NORTH
O003776,C00373,2025-12-06 05:03:05,CANCELLED,WEST
O003777,C00373,2025-09-19 15:52:41,PLACED,NORTH
O003778,C00374,2026-12-04 00:00:00,DELIVERED,NORTH
O003779,C00374,2024-06-29 14:54:43,PLACED,NORTH
O003780,C00374,2025-08-08 14:41:39,DELIVERED,WEST
O003781,C00374,2025-12-19 18:16:22,DELIVERED,NORTH
O003782,C00374,2024-11-16 08:50:53,DELIVERED,WEST
O003783,C00374,2025-08-19 22:47:59,DELIVERED,NORTH
O003784,C00375,2025-05-09 07:24:20,DELIVERED,SOUTH
O003785,C00375,2024-12-20 07:57:01,DELIVERED,NORTH
O003786,C00375,2025-12-20 19:31:21,DELIVERED,NORTH
O003787,C00375,2024-07-08 11:48:54,DELIVERED,NORTH
O003788,C00375,2024-11-12 05:21:24,PLACED,NORTH
O003789,C00375,2025-12-08 07:13:28,PLACED,NORTH
O003790,C00376,2025-01-01 22:28:26,DELIVERED,EAST
O003791,C00376,2025-10-04 00:33:21,DELIVERED,WEST
O003792,C00376,2025-10-06 02:33:38,RETURNED,WEST
O003793,C00376,2026-06-17 13:11:40,SHIPPED,CENTRAL
O003794,,2024-11-27 22:35:15,DELIVERED,EAST
O003795,C00376,2025-05-10 19:07:33,DELIVERED,SOUTH
O003796,C00376,2024-01-20 13:03:57,DELIVERED,NORTH
O003797,C00376,2024-10-20 20:05:43,DELIVERED,NORTH
O003798,C00376,2026-02-12 12:57:26,DELIVERED,SOUTH
O003799,C00376,2024-10-06 11:31:39,DELIVERED,NORTH
O003800,C00376,2026-02-20 13:42:36,SHIPPED,SOUTH
O003801,C00376,2025-11-15 12:44:32,DELIVERED,WEST
O003802,C00376,2026-05-28 10:25:29,DELIVERED,EAST
O003803,C00376,2024-03-16 01:22:10,DELIVERED,WEST
O003804,C00376,2024-12-11 06:54:01,DELIVERED,NORTH
O003805,C00376,2026-04-14 21:20:53,DELIVERED,CENTRAL
O003806,C00377,2025-12-01 15:34:04,DELIVERED,EAST
O003807,C00377,2024-12-18 10:23:05,DELIVERED,NORTH
O003808,C00377,2026-01-07 05:35:29,SHIPPED,CENTRAL
O003809,C00378,2024-05-14 06:25:40,PLACED,SOUTH
O003810,C00378,2024-09-27 22:34:45,DELIVERED,EAST
O003811,C00379,2025-03-08 17:51:19,DELIVERED,NORTH
O003812,C00379,2024-11-16 11:31:01,RETURNED,NORTH
O003813,C00379,2025-02-01 02:51:30,DELIVERED,EAST
O003814,C00379,2025-12-15 18:00:17,SHIPPED,SOUTH
O003815,C00379,2025-11-05 11:18:38,DELIVERED,CENTRAL
O003816,C00379,2024-10-20 16:04:54,DELIVERED,NORTH
O003817,C00379,2025-11-08 18:38:23,DELIVERED,NORTH
O003818,C00379,2024-11-01 21:47:16,DELIVERED,WEST
O003819,C00379,2026-03-05 22:30:06,RETURNED,SOUTH
O003820,C00379,2025-05-13 04:03:41,DELIVERED,SOUTH
O003821,C00380,2025-10-21 18:41:03,DELIVERED,NORTH
O003822,C00380,2026-02-07 13:28:20,DELIVERED,WEST
O003823,C00380,2026-01-17 12:45:32,DELIVERED,WEST
O003824,C00381,2026-03-22 13:55:03,DELIVERED,CENTRAL
O003825,C00381,2024-11-14 15:04:41,DELIVERED,WEST
O003826,C00381,2024-08-16 04:39:13,DELIVERED,NORTH
O003827,C00381,2026-01-24 17:44:29,SHIPPED,NORTH
O003828,C00382,2025-11-26 13:17:50,DELIVERED,SOUTH
O003829,C00382,2025-11-11 16:00:24,DELIVERED,WEST
O003830,C00382,2024-11-03 06:56:02,DELIVERED,NORTH
O003831,C00382,2026-05-07 07:54:56,SHIPPED,CENTRAL
O003832,C00382,2025-11-26 01:26:57,RETURNED,NORTH
O003833,C00382,2025-11-18 10:22:47,DELIVERED,NORTH
O003834,C00382,2025-09-10 15:00:30,Delivered,SOUTH
O003835,C00382,2025-10-27 00:06:00,SHIPPED,WEST
O003836,NULL,2024-03-05 23:49:01,RETURNED,SOUTH
O003837,C00382,2025-08-11 10:48:26,SHIPPED,EAST
O003838,C00382,2026-01-10 18:25:47,DELIVERED,NORTH
O003839,C00382,2025-10-23 01:30:03,SHIPPED,WEST
O003840,C00382,2026-07-05 15:32:18,DELIVERED,NORTH
O003841,NULL,2024-11-09 09:50:52,SHIPPED,SOUTH
O003842,C00382,2024-11-27 08:40:33,DELIVERED,NORTH
O003843,C00382,2025-12-25 04:26:13,DELIVERED,NORTH
O003844,C00382,2024-10-28 19:50:27,DELIVERED,south
O003845,C00382,2025-10-07 04:17:02,DELIVERED,EAST
O003846,C00382,2026-05-11 14:27:27,PLACED,NORTH
O003847,NULL,2025-11-13 14:48:53,SHIPPED,WEST
O003848,NULL,2026-07-18 07:10:59,DELIVERED,CENTRAL
O003849,C00382,2025-05-23 23:30:14,DELIVERED,SOUTH
O003850,C00382,2025-12-04 07:44:52,DELIVERED,SOUTH
O003851,C00382,2026-03-20 12:55:53,RETURNED,SOUTH
O003852,C00382,2025-05-12 17:52:07,SHIPPED,SOUTH
O003853,C00382,2025-12-10 10:40:17,DELIVERED,NORTH
O003854,C00382,2025-05-21 23:31:10,DELIVERED,WEST
O003855,C00382,2024-11-30 02:43:14,DELIVERED,NORTH
O003856,C00382,2024-07-24 20:10:45,DELIVERED,SOUTH
O003857,C00382,01-12-2024 07:53:44,DELIVERED,WEST
O003858,C00382,2025-12-15 15:00:06,PLACED,WEST
O003859,C00382,2024-11-25 02:51:28,DELIVERED,WEST
O003860,C00382,2025-06-08 21:00:45,RETURNED,SOUTH
O003861,C00382,2026-07-29 14:47:13,DELIVERED,SOUTH
O003862,C00382,2024-04-06 12:01:14,SHIPPED,WEST
O003863,C00383,2025-06-05 19:11:20,DELIVERED,NORTH
O003864,C00383,2024-10-28 12:51:28,PLACED,SOUTH
O003865,C00383,2025-10-09 03:17:54,DELIVERED,NORTH
O003866,C00383,2025-02-03 15:58:52,SHIPPED,EAST
O003867,C00383,2024-04-08 05:50:23,DELIVERED,EAST
O003868,C00383,2025-07-06 15:50:36,DELIVERED,WEST
O003869,C00383,2026-07-04 15:46:51,DELIVERED,EAST
O003870,C00383,2024-10-04 07:15:20,DELIVERED,SOUTH
O003871,C00383,2024-10-10 20:37:39,DELIVERED,SOUTH
O003872,C00383,2024-02-18 16:41:07,DELIVERED,CENTRAL
O003873,,2024-10-19 10:51:15,DELIVERED,NORTH
O003874,C00383,2024-10-30 10:28:39,DELIVERED,NORTH
O003875,C00383,2024-12-04 22:56:28,DELIVERED,WEST
O003876,C00383,2024-12-27 03:04:28,DELIVERED,NORTH
O003877,C00383,2024-09-30 23:06:48,DELIVERED,WEST
O003878,C00384,2024-04-16 07:35:16,SHIPPED,SOUTH
O003879,C00385,2025-06-27 10:02:39,DELIVERED,WEST
O003880,C00385,2025-10-21 11:38:04,DELIVERED,SOU
O003881,C00385,2026-05-03 10:47:10,DELIVERED,SOUTH
O003882,C00385,2025-10-13 21:28:50,RETURNED,NORTH
O003883,C00385,2024-06-10 07:29:38,DELIVERED,SOUTH
O003884,C00385,2025-03-03 15:35:10,SHIPPED,EAST
O003885,C00386,2026-04-21 20:34:02,DELIVERED,WEST
O003886,C00386,2024-01-16 04:42:33,SHIPPED,SOUTH
O003887,C00386,2024-08-12 15:36:06,DELIVERED,EAST
O003888,C00386,2025-01-08 12:40:52,DELIVERED,NORTH
O003889,C00387,2024-10-01 14:41:18,CANCELLED,WEST
O003890,C00387,2025-03-31 22:32:20,DELIVERED,WEST
O003891,C00387,2024-11-08 07:45:27,DELIVERED,NORTH
O003892,C00387,2024-03-31 15:41:16,DELIVERED,WEST
O003893,C00387,2025-07-08 18:32:04,DELIVERED,WEST
O003894,C00387,2024-11-20 22:58:27,DELIVERED,SOUTH
O003895,C00387,2024-01-22 17:57:46,DELIVERED,EAST
O003896,C00387,25-08-2025 09:20:28,DELIVERED,EAST
O003897,C00387,2024-12-02 16:18:58,DELIVERED,SOUTH
O003898,C00387,2026-02-24 23:18:27,DELIVERED,WEST
O003899,C00387,2025-11-01 03:54:33,delivered,CENTRAL
O003900,C00387,2025-05-11 04:20:52,DELIVERED,NORTH
O003901,C00387,2024-11-28 13:21:50,PLACED,WEST
O003902,C00387,2026-06-03 11:10:28,CANCELLED,SOUTH
O003903,C00387,2025-11-20 07:31:27,RETURNED,SOUTH
O003904,C00387,2024-06-20 06:26:11,DELIVERED,NORTH
O003905,C00387,2026-04-11 02:24:34,DELIVERED,NORTH
O003906,C00387,2024-12-16 09:37:26,DELIVERED,NORTH
O003907,C00387,2025-12-05 03:32:54,CANCELLED,NORTH
O003908,C00387,2025-12-18 15:30:17,SHIPPED,NORTH
O003909,C00387,2025-08-03 01:58:30,DELIVERED,EAST
O003910,C00387,2025-11-10 15:56:31,DELIVERED,WEST
O003911,NULL,2025-01-21 15:50:18,DELIVERED,EAST
O003912,C00388,2025-08-17 02:31:04,DELIVERED,EAST
O003913,C00388,2024-12-28 02:27:54,DELIVERED,EAST
O003914,C00388,2026-05-17 21:11:22,DELIVERED,WEST
O003915,C00388,2024-10-22 08:02:39,SHIPPED,NORTH
O003916,C00388,2024-10-07 02:42:00,DELIVERED,CENTRAL
O003917,C00388,2026-02-28 11:29:20,DELIVERED,NORTH
O003918,C00388,2026-02-02 16:11:47,DELIVERED,NORTH
O003919,C00388,2026-07-23 13:52:31,DELIVERED,WEST
O003920,C00388,2024-12-23 18:51:22,DELIVERED,EAST
O003921,C00388,2026-03-13 17:39:57,DELIVERED,WEST
O003922,NULL,2024-10-06 12:51:21,DELIVERED,NORTH
O003923,C00388,2025-11-12 03:51:14,DELIVERED,NORTH
O003924,C00389,2024-04-19 18:13:03,RETURNED,NORTH
O003925,C00389,2025-04-12 14:58:05,DELIVERED,NORTH
O003926,C00389,2026-02-01 14:35:53,DELIVERED,SOUTH
O003927,C00389,2025-12-08 03:22:47,SHIPPED,WEST
O003928,C00390,2025-07-17 09:21:33,CANCELLED,WEST
O003929,C00390,2025-04-29 09:12:45,DELIVERED,WEST
O003930,C00390,2024-10-11 18:49:27,SHIPPED,EAST
O003931,C00390,2025-10-26 16:36:57,PLACED,EAST
O003932,C00390,2025-04-02 05:18:50,SHIPPED,NORTH
O003933,C00390,2026-04-21 22:33:07,PLACED,North
O003934,C00390,2025-10-17 06:58:41,PLACED,CENTRAL
O003935,C00390,2025-10-14 01:15:42,DELIVERED,WEST
O003936,C00390,2025-10-20 20:03:49,DELIVERED,NORTH
O003937,C00390,2025-11-17 03:46:55,PLACED,WEST
O003938,C00390,2026-06-05 14:34:04,DELIVERED,NORTH
O003939,C00390,2025-12-01 00:08:10,SHIPPED,NORTH
O003940,C00390,26-03-2025 20:13:07,SHIPPED,WEST
O003941,C00390,2025-03-21 14:14:03,DELIVERED,SOUTH
O003942,C00390,2025-04-17 06:59:03,DELIVERED,NORTH
O003943,C00390,2024-09-16 05:10:48,DELIVERED,NORTH
O003944,C00390,2026-02-01 22:14:41,DELIVERED,WEST
O003945,C00390,2024-11-24 13:18:13,SHIPPED,west
O003946,C00390,2025-11-10 07:44:51,DELIVERED,CENTRAL
O003947,C00390,2024-06-01 07:22:24,DELIVERED,SOUTH
O003948,C00390,2024-01-04 19:00:12,CANCELLED,CENTRAL
O003949,C00390,2025-12-25 22:33:43,DELIVERED,WEST
O003950,C00390,2025-01-14 23:47:21,SHIPPED,SOUTH
O003951,C00390,2024-12-15 13:35:32,DELIVERED,NORTH
O003952,C00390,2026-05-15 17:11:29,RETURNED,NORTH
O003953,C00390,2025-12-20 22:40:39,DELIVERED,NORTH
O003954,C00390,2025-12-13 00:42:12,RETURNED,SOUTH
O003955,C00390,2024-08-27 04:18:29,DELIVERED,EAST
O003956,C00390,2025-11-21 03:49:13,DELIVERED,SOUTH
O003957,C00390,2024-04-15 00:41:54,DELIVERED,WEST
O003958,C00390,2024-12-19 16:17:22,DELIVERED,NORTH
O003959,C00390,2024-03-26 22:56:10,DELIVERED,NORTH
O003960,C00390,2025-03-01 05:54:19,DELIVERED,NORTH
O003961,C00391,2025-07-19 23:11:38,DELIVERED,NORTH
O003962,C00392,24-03-2026 01:38:51,RETURNED,EAST
O003963,,2025-07-05 07:58:13,DELIVERED,EAST
O003964,C00392,2026-06-02 01:06:31,DELIVERED,SOUTH
O003965,C00392,2025-12-01 09:32:48,DELIVERED,EAST
O003966,C00392,2025-11-20 18:25:06,DELIVERED,WEST
O003967,C00392,2025-11-28 12:46:43,SHIPPED,North
O003968,C00392,2024-04-03 00:38:45,RETURNED,WEST
O003969,NULL,2026-05-24 14:14:53,DELIVERED,NORTH
O003970,C00392,2024-01-16 04:14:11,PLACED,EAST
O003971,C00392,2024-03-25 22:00:13,DELIVERED,NORTH
O003972,C00392,2026-06-01 22:43:36,DELIVERED,NORTH
O003973,C00393,2024-10-05 03:19:47,DELIVERED,SOUTH
O003974,C00393,2024-05-12 15:43:26,SHIPPED,WEST
O003975,C00393,2026-07-01 06:32:17,DELIVERED,WEST
O003976,C00393,2025-10-14 03:41:50,DELIVERED,WEST
O003977,C00393,2024-10-23 07:36:03,DELIVERED,NORTH
O003978,C00393,2025-12-19 19:48:37,CANCELLED,SOUTH
O003979,C00393,2025-10-03 16:22:03,SHIPPED,NORTH
O003980,C00393,2025-12-17 18:26:20,CANCELLED,NORTH
O003981,C00393,2025-10-26 16:07:04,DELIVERED,SOUTH
O003982,C00393,2025-08-02 01:26:38,PLACED,NORTH
O003983,,2024-03-14 11:22:48,DELIVERED,WEST
O003984,C00393,2024-05-31 06:55:29,DELIVERED,NORTH
O003985,C00393,2025-08-07 07:49:57,DELIVERED,WEST
O003986,C00393,2025-08-01 19:59:57,RETURNED,SOUTH
O003987,C00393,2026-06-25 15:34:57,SHIPPED,WEST
O003988,C00393,2025-05-20 19:29:18,DELIVERED,CENTRAL
O003989,C00393,2024-10-05 14:27:58,DELIVERED,NORTH
O003990,C00393,2024-10-27 20:37:03,SHIPPED,NORTH
O003991,,2024-12-06 12:39:05,RETURNED,NORTH
O003992,C00393,2025-01-23 04:35:42,SHIPPED,SOUTH
O003993,C00393,2025-11-21 04:51:23,DELIVERED,WEST
O003994,C00393,2026-05-10 07:05:08,DELIVERED,EAST
O003995,C00393,2024-11-16 11:55:57,SHIPPED,SOUTH
O003996,C00393,2024-12-21 01:30:29,DELIVERED,NORTH
O003997,C00393,2026-03-18 04:44:31,DELIVERED,EAST
O003998,NULL,2025-10-20 21:38:21,DELIVERED,NORTH
O003999,C00393,2025-08-30 05:23:00,DELIVERED,NORTH
O004000,C00393,2024-12-07 11:55:46,DELIVERED,NORTH
O004001,C00394,2025-03-04 00:34:37,RETURNED,EAST
O004002,C00394,2025-02-22 11:08:02,DELIVERED,NORTH
O004003,C00394,2024-12-29 00:51:12,PLACED,NORTH
O004004,C00394,2024-11-06 03:54:30,SHIPPED,West
O004005,C00394,2026-01-07 14:37:19,DELIVERED,NORTH
O004006,C00394,2024-06-20 06:10:30,CANCELLED,NORTH
O004007,C00394,2025-06-13 22:03:59,DELIVERED,NORTH
O004008,C00394,2026-02-08 20:30:25,DELIVERED,NORTH
O004009,C00394,2025-10-14 05:54:56,DELIVERED,EAST
O004010,C00394,2024-12-10 08:09:21,DELIVERED,WEST
O004011,C00394,2024-11-05 16:27:15,DELIVERED,SOUTH
O004012,C00394,2025-08-14 07:04:30,DELIVERED,WEST
O004013,C00394,2024-02-01 04:16:52,DELIVERED,NORTH
O004014,C00394,2024-11-16 07:12:30,DELIVERED,NORTH
O004015,C00394,2024-01-25 05:39:32,DELIVERED,CENTRAL
O004016,C00394,2025-10-09 18:54:44,DELIVERED,WEST
O004017,C00394,2024-09-28 14:29:08,DELIVERED,NORTH
O004018,C00394,2024-04-16 12:58:31,DELIVERED,CENTRAL
O004019,,2024-11-01 09:46:59,placed,NORTH
O004020,C00394,03-12-2024 16:30:14,DELIVERED,CENTRAL
O004021,C00395,2024-11-08 13:39:54,RETURNED,NORTH
O004022,C00395,2024-11-07 10:53:09,DELIVERED,NORTH
O004023,C00395,2024-11-21 00:12:20,DELIVERED,NORTH
O004024,NULL,2025-11-05 13:03:40,DELIVERED,NORTH
O004025,C00395,2025-10-09 20:44:15,DELIVERED,EAST
O004026,C00395,2025-10-14 06:36:41,DELIVERED,EAST
O004027,C00395,2024-10-14 04:34:48,DELIVERED,EAST
O004028,C00395,2026-04-15 09:37:48,DELIVERED,WEST
O004029,C00395,2025-11-28 15:20:11,DELIVERED,NORTH
O004030,C00395,2025-06-01 11:58:12,DELIVERED,SOUTH
O004031,C00395,2024-10-06 04:40:04,CANCELLED,SOUTH
O004032,C00395,2025-02-10 13:39:28,SHIPPED,NORTH
O004033,C00395,2025-11-19 16:33:45,CANCELLED,NORTH
O004034,C00395,2024-11-30 04:38:07,DELIVERED,NORTH
O004035,C00395,2026-01-31 11:30:04,DELIVERED,CENTRAL
O004036,C00395,2026-06-10 16:36:34,SHIPPED,WEST
O004037,C00395,2025-05-13 11:39:20,DELIVERED,SOUTH
O004038,C00395,2024-12-05 06:37:21,DELIVERED,NORTH
O004039,C00395,2025-02-06 21:46:17,DELIVERED,NORTH
O004040,C00395,2024-06-25 18:26:49,SHIPPED,NORTH
O004041,C00395,2026-01-28 20:34:58,DELIVERED,CENTRAL
O004042,C00395,2026-07-29 14:47:03,SHIPPED,SOUTH
O004043,C00395,2025-11-20 21:02:13,DELIVERED,EAST
O004044,C00395,2026-05-31 16:37:21,SHIPPED,NORTH
O004045,C00395,2026-05-18 15:59:41,delivered,EAST
O004046,C00395,2024-10-20 19:48:39,DELIVERED,WEST
O004047,C00395,2026-06-02 21:10:57,SHIPPED,NORTH
O004048,C00395,2026-06-01 14:18:01,DELIVERED,NORTH
O004049,C00395,2024-10-05 09:05:23,DELIVERED,NORTH
O004050,C00396,2024-10-06 15:02:08,DELIVERED,WEST
O004051,C00396,2026-04-17 19:57:18,DELIVERED,NORTH
O004052,C00396,2024-05-10 20:18:18,SHIPPED,WEST
O004053,C00396,2024-11-08 03:59:15,PLACED,NORTH
O004054,NULL,2024-08-11 12:56:15,RETURNED,WEST
O004055,C00396,2025-12-02 04:06:46,DELIVERED,NORTH
O004056,C00396,2025-06-01 22:53:50,DELIVERED,WEST
O004057,C00396,2024-01-08 14:29:47,PLACED,SOUTH
O004058,C00396,2026-06-27 09:00:30,DELIVERED,NORTH
O004059,C00396,2024-12-08 21:17:30,DELIVERED,SOUTH
O004060,C00396,2024-09-23 19:39:10,DELIVERED,SOUTH
O004061,NULL,2025-10-20 23:25:00,CANCELLED,SOUTH
O004062,C00397,2026-06-06 07:47:49,DELIVERED,SOUTH
O004063,C00397,2025-11-02 21:06:59,DELIVERED,NORTH
O004064,C00397,2025-08-19 19:00:37,DELIVERED,WEST
O004065,C00398,2025-12-23 00:38:27,DELIVERED,WEST
O004066,C00398,2024-10-04 14:03:08,DELIVERED,WEST
O004067,C00399,2026-01-13 11:25:02,DELIVERED,WEST
O004068,C00399,2024-10-08 00:00:12,DELIVERED,NORTH
O004069,C00400,2024-10-04 11:05:38,DELIVERED,NORTH
O004070,C00401,07-11-2025 00:37:56,CANCELLED,SOUTH
O004071,C00401,2025-12-11 06:54:52,DELIVERED,EAST
O004072,C00401,2025-11-06 05:32:48,DELIVERED,WEST
O004073,C00401,2025-12-19 06:45:16,DELIVERED,CENTRAL
O004074,C00402,2025-10-22 12:18:00,RETURNED,SOUTH
O004075,,2026-12-23 00:00:00,DELIVERED,SOUTH
O004076,C00403,2024-11-04 00:43:22,SHIPPED,CENTRAL
O004077,C00403,2024-04-25 04:08:40,DELIVERED,NORTH
O004078,C00403,2026-01-17 07:15:34,DELIVERED,EAST
O004079,C00403,2026-09-21 00:00:00,SHIPPED,WEST
O004080,,2024-07-28 11:07:17,DELIVERED,EAST
O004081,C00403,2024-04-19 12:50:32,DELIVERED,NORTH
O004082,C00403,2024-07-10 08:36:00,DELIVERED,NORTH
O004083,C00403,2025-10-12 11:25:42,DELIVERED,SOUTH
O004084,C00403,2024-01-17 17:39:39,RETURNED,WEST
O004085,C00403,2025-12-02 20:09:40,DELIVERED,west
O004086,C00403,2024-12-11 18:07:50,DELIVERED,SOUTH
O004087,C00403,2024-11-07 00:53:53,DELIVERED,SOUTH
O004088,C00403,2024-05-31 06:02:47,CANCELLED,NORTH
O004089,C00403,2025-01-11 17:54:55,DELIVERED,NORTH
O004090,C00403,2024-12-25 19:37:31,DELIVERED,WEST
O004091,C00403,2025-08-28 21:03:52,Shipped,NORTH
O004092,C00403,2025-09-25 23:08:21,DELIVERED,WEST
O004093,C00403,2024-08-29 03:11:56,DELIVERED,WEST
O004094,C00403,2024-07-10 15:14:24,SHIPPED,NORTH
O004095,C00403,2026-03-15 05:59:30,SHIPPED,NORTH
O004096,C00403,2024-12-21 14:37:26,CANCELLED,SOUTH
O004097,C00403,2024-03-23 00:25:44,SHIPPED,EAST
O004098,C00403,2024-01-10 06:41:44,DELIVERED,NORTH
O004099,C00403,2025-12-07 21:26:51,DELIVERED,EAST
O004100,C00403,2025-10-26 15:09:39,DELIVERED,SOUTH
O004101,C00403,2024-04-28 18:33:28,SHIPPED,NORTH
O004102,C00403,2024-07-18 19:36:14,DELIVERED,WEST
O004103,C00403,2024-07-03 06:29:21,DELIVERED,NORTH
O004104,C00403,2024-09-22 00:44:09,SHIPPED,NORTH
O004105,C00403,2025-12-25 21:55:21,DELIVERED,EAST
O004106,C00403,2024-10-07 23:23:15,DELIVERED,WEST
O004107,C00403,2024-12-04 04:44:15,DELIVERED,NORTH
O004108,C00403,2026-06-24 16:06:43,DELIVERED,WEST
O004109,C00403,2024-05-19 05:55:40,CANCELLED,WEST
O004110,C00403,24-06-2025 17:33:42,DELIVERED,NOR
O004111,C00404,2024-10-07 03:45:05,DELIVERED,EAST
O004112,C00404,2025-11-10 12:36:29,DELIVERED,NORTH
O004113,C00404,2024-02-03 01:45:34,DELIVERED,NORTH
O004114,NULL,2024-12-12 02:42:05,DELIVERED,NOR
O004115,C00404,2025-08-25 08:19:16,DELIVERED,SOUTH
O004116,C00405,2024-02-18 02:09:07,DELIVERED,EAST
O004117,C00405,2025-12-13 19:08:14,DELIVERED,EAST
O004118,C00406,2024-12-14 06:41:25,DELIVERED,CENTRAL
O004119,C00406,2024-06-19 02:58:13,PLACED,NORTH
O004120,C00406,2025-10-19 20:24:40,DELIVERED,SOUTH
O004121,C00406,2026-06-13 17:26:02,DELIVERED,SOUTH
O004122,C00406,2024-11-23 14:05:52,DELIVERED,EAST
O004123,C00406,2025-11-13 12:26:29,SHIPPED,NORTH
O004124,C00406,2024-06-11 10:31:24,DELIVERED,NORTH
O004125,C00406,2026-07-05 01:00:46,SHIPPED,NORTH
O004126,C00406,2025-06-26 20:02:28,RETURNED,EAST
O004127,C00406,2025-02-05 00:40:00,DELIVERED,SOUTH
O004128,C00406,2024-10-23 23:38:17,CANCELLED,WEST
O004129,C00406,2025-08-03 10:32:16,DELIVERED,NORTH
O004130,C00407,2024-11-01 01:15:31,DELIVERED,EAST
O004131,C00407,2024-06-13 17:17:57,Delivered,WEST
O004132,C00408,2024-03-28 11:15:12,DELIVERED,NORTH
O004133,C00409,2026-06-12 18:38:22,DELIVERED,WEST
O004134,C00409,2025-09-26 16:33:52,DELIVERED,WEST
O004135,C00409,2025-12-08 11:09:07,DELIVERED,WEST
O004136,C00409,2024-10-06 11:54:30,DELIVERED,WEST
O004137,C00409,2024-05-16 14:15:03,DELIVERED,SOUTH
O004138,C00409,2025-07-15 18:00:44,DELIVERED,NORTH
O004139,C00410,2026-04-09 23:12:06,DELIVERED,WEST
O004140,C00410,2025-11-17 11:22:15,PLACED,WEST
O004141,,2025-10-15 08:53:45,SHIPPED,EAST
O004142,C00410,2024-11-25 00:15:54,DELIVERED,CENTRAL
O004143,C00410,2024-11-16 17:27:43,RETURNED,WEST
O004144,,2024-12-27 08:01:54,DELIVERED,NORTH
O004145,C00410,2024-10-27 02:47:02,DELIVERED,NORTH
O004146,C00410,2024-10-19 08:14:21,PLACED,SOUTH
O004147,C00410,2026-02-17 05:07:17,DELIVERED,WEST
O004148,C00411,2024-10-23 11:25:46,SHIPPED,CENTRAL
O004149,C00411,15-11-2024 18:44:21,DELIVERED,NORTH
O004150,C00411,2025-08-16 18:48:21,DELIVERED,WEST
O004151,C00411,2024-10-18 02:13:52,DELIVERED,WEST
O004152,C00411,2024-11-01 03:47:14,PLACED,west
O004153,C00411,2025-12-20 06:53:49,DELIVERED,WEST
O004154,C00411,2025-11-28 17:20:13,DELIVERED,WEST
O004155,C00411,2026-05-04 21:13:14,DELIVERED,NORTH
O004156,C00411,2025-11-12 22:40:59,PLACED,NORTH
O004157,C00411,2025-02-16 05:30:13,DELIVERED,NORTH
O004158,C00412,2025-10-11 03:05:35,CANCELLED,NORTH
O004159,C00412,2025-11-16 13:34:32,DELIVERED,NORTH
O004160,C00412,2024-12-18 14:54:49,DELIVERED,WEST
O004161,C00412,2026-04-17 20:55:14,DELIVERED,SOUTH
O004162,C00412,2024-12-27 10:30:34,PLACED,SOUTH
O004163,C00412,2025-09-20 16:00:55,PLACED,EAST
O004164,C00412,2024-12-20 16:41:53,DELIVERED,WEST
O004165,C00412,2025-01-28 17:50:53,DELIVERED,SOUTH
O004166,C00412,2025-10-06 08:13:08,DELIVERED,EAST
O004167,C00412,2024-11-13 11:21:09,DELIVERED,CENTRAL
O004168,C00412,2026-10-15 00:00:00,DELIVERED,SOUTH
O004169,C00412,2024-12-09 19:33:03,DELIVERED,EAST
O004170,C00412,2026-01-24 19:14:39,DELIVERED,WEST
O004171,C00412,2024-04-12 23:30:02,DELIVERED,CENTRAL
O004172,C00412,2024-12-09 12:38:33,CANCELLED,NORTH
O004173,C00412,2024-11-04 20:12:29,DELIVERED,NORTH
O004174,C00412,2024-02-15 05:06:19,PLACED,WEST
O004175,C00412,2024-08-16 10:12:43,CANCELLED,WEST
O004176,C00412,2024-10-02 15:38:36,RETURNED,NORTH
O004177,C00413,2024-03-07 14:38:39,SHIPPED,NORTH
O004178,C00413,2024-08-10 12:19:49,DELIVERED,NORTH
O004179,C00413,2024-11-22 13:17:13,DELIVERED,SOUTH
O004180,C00413,2024-10-25 17:55:57,PLACED,NORTH
O004181,C00413,2026-01-09 03:29:37,DELIVERED,WEST
O004182,C00413,2025-04-25 21:51:47,DELIVERED,CENTRAL
O004183,C00413,2026-04-26 06:04:55,SHIPPED,CENTRAL
O004184,C00413,2025-12-11 17:11:04,DELIVERED,WEST
O004185,C00413,2024-10-22 21:56:05,DELIVERED,NORTH
O004186,C00414,2024-11-04 04:59:49,DELIVERED,WEST
O004187,C00414,2024-10-16 15:42:45,DELIVERED,EAST
O004188,C00414,2025-11-11 13:55:24,DELIVERED,WEST
O004189,C00414,2024-06-30 22:24:44,DELIVERED,SOUTH
O004190,,2025-11-17 09:23:32,DELIVERED,NORTH
O004191,C00414,2026-01-09 19:14:07,DELIVERED,EAST
O004192,C00414,2026-10-29 00:00:00,SHIPPED,CENTRAL
O004193,C00414,2025-11-06 06:45:17,DELIVERED,CENTRAL
O004194,C00414,2025-05-01 01:37:21,DELIVERED,EAST
O004195,C00414,2024-12-08 17:40:00,DELIVERED,NORTH
O004196,C00414,17-10-2024 15:00:43,SHIPPED,NORTH
O004197,C00414,2024-03-07 01:04:11,DELIVERED,WEST
O004198,C00414,2025-10-28 14:07:53,DELIVERED,SOUTH
O004199,C00414,2024-06-03 18:12:03,PLACED,NORTH
O004200,C00414,2026-02-19 20:28:28,SHIPPED,NORTH
O004201,C00414,05-10-2025 22:19:57,CANCELLED,WEST
O004202,C00414,2025-10-28 08:58:05,DELIVERED,SOUTH
O004203,C00414,2025-11-15 12:49:40,DELIVERED,NORTH
O004204,C00414,2024-10-27 00:53:44,DELIVERED,NORTH
O004205,C00414,2025-10-17 05:12:11,DELIVERED,NORTH
O004206,C00414,2024-09-12 10:33:31,DELIVERED,NORTH
O004207,C00415,2025-09-20 22:36:44,DELIVERED,SOUTH
O004208,C00416,2026-07-18 16:04:25,DELIVERED,NORTH
O004209,C00417,2024-11-16 04:28:33,DELIVERED,CENTRAL
O004210,C00417,2024-12-15 23:31:24,DELIVERED,North
O004211,C00417,2025-06-09 18:56:54,SHIPPED,NORTH
O004212,C00417,2024-11-02 21:47:34,delivered,SOUTH
O004213,C00417,2025-04-08 10:45:40,DELIVERED,WEST
O004214,NULL,2024-10-16 14:15:14,PLACED,WEST
O004215,C00417,2026-05-27 15:40:23,PLACED,NORTH
O004216,C00417,2026-01-16 10:11:38,DELIVERED,WES
O004217,C00418,2025-12-27 12:00:39,SHIPPED,EAST
O004218,C00419,2024-01-28 00:47:55,SHIPPED,NORTH
O004219,C00419,2024-12-13 06:07:16,DELIVERED,WEST
O004220,C00419,2026-01-07 16:17:05,DELIVERED,NORTH
O004221,NULL,2025-03-10 14:27:27,DELIVERED,EAST
O004222,C00419,2025-12-25 07:03:00,DELIVERED,SOUTH
O004223,C00419,2025-01-16 13:06:40,DELIVERED,WEST
O004224,C00419,2024-10-20 05:28:46,DELIVERED,SOUTH
O004225,C00420,2024-10-18 21:51:10,DELIVERED,WEST
O004226,NULL,2024-05-25 16:57:33,PLACED,EAST
O004227,C00420,2025-05-11 02:05:08,DELIVERED,NORTH
O004228,C00420,2024-10-25 00:56:52,DELIVERED,NORTH
O004229,C00420,2025-01-31 12:59:20,RETURNED,SOUTH
O004230,C00420,2024-12-05 14:49:31,DELIVERED,NORTH
O004231,C00420,2025-04-26 22:58:48,RETURNED,SOUTH
O004232,C00420,2025-05-24 23:42:43,PLACED,CENTRAL
O004233,C00420,2024-07-03 09:27:33,PLACED,NORTH
O004234,C00420,2025-08-06 21:35:46,DELIVERED,NORTH
O004235,C00420,2025-11-22 19:37:07,RETURNED,CENTRAL
O004236,C00420,2026-02-19 09:31:32,DELIVERED,SOUTH
O004237,C00420,2025-07-30 13:44:25,DELIVERED,WEST
O004238,C00420,2024-10-15 10:02:46,DELIVERED,NORTH
O004239,C00420,2025-03-09 11:33:45,DELIVERED,WEST
O004240,C00420,2025-11-28 04:22:49,RETURNED,EAS
O004241,C00420,2024-08-29 10:06:31,SHIPPED,NORTH
O004242,C00420,2025-11-12 16:09:52,DELIVERED,CENTRAL
O004243,C00420,2024-08-30 23:59:56,DELIVERED,WEST
O004244,C00420,2024-11-27 21:02:28,DELIVERED,SOUTH
O004245,C00420,2024-11-24 09:14:49,DELIVERED,WEST
O004246,C00420,2025-03-19 03:34:28,DELIVERED,NORTH
O004247,C00420,2026-06-28 22:05:50,DELIVERED,EAST
O004248,C00420,2025-10-21 22:49:44,PLACED,NORTH
O004249,C00420,2024-10-28 03:23:55,DELIVERED,WEST
O004250,NULL,2025-11-23 19:36:51,DELIVERED,EAST
O004251,C00420,2024-02-04 17:19:14,DELIVERED,NORTH
O004252,C00420,2025-08-20 17:57:57,SHIPPED,CENTRAL
O004253,C00420,2024-11-14 11:23:19,SHIPPED,CENTRAL
O004254,C00420,2025-12-20 02:22:41,DELIVERED,WEST
O004255,C00420,2024-01-30 15:12:40,DELIVERED,NORTH
O004256,C00420,2024-11-12 07:25:16,DELIVERED,WEST
O004257,C00420,2024-06-02 22:08:10,DELIVERED,CENTRAL
O004258,C00420,2025-03-02 17:47:02,SHIPPED,WEST
O004259,C00420,2025-12-25 02:53:33,SHIPPED,SOUTH
O004260,C00420,2024-06-01 17:53:19,PLACED,WEST
O004261,C00420,2025-10-28 20:03:54,CANCELLED,WEST
O004262,C00420,2026-05-21 08:26:12,DELIVERED,NORTH
O004263,C00420,2024-12-08 12:08:20,DELIVERED,SOUTH
O004264,C00420,2024-09-19 06:30:51,SHIPPED,EAST
O004265,C00420,2025-10-26 06:24:28,DELIVERED,CENTRAL
O004266,C00420,2024-11-16 18:05:31,DELIVERED,SOUTH
O004267,C00420,2024-10-08 22:20:36,PLACED,NORTH
O004268,C00420,2025-12-16 05:10:53,DELIVERED,SOUTH
O004269,C00420,2024-02-13 13:30:17,DELIVERED,EAST
O004270,C00420,2026-04-16 03:46:45,DELIVERED,EAST
O004271,C00420,2024-12-16 00:13:33,DELIVERED,SOUTH
O004272,C00420,2024-08-07 19:54:13,CANCELLED,EAST
O004273,C00420,2026-05-14 01:07:54,SHIPPED,NORTH
O004274,C00420,2026-01-23 15:19:59,DELIVERED,WEST
O004275,,2025-04-29 23:08:10,DELIVERED,SOUTH
O004276,C00420,2025-10-06 18:15:40,DELIVERED,SOUTH
O004277,C00420,27-07-2025 06:58:46,DELIVERED,NORTH
O004278,C00420,2026-04-24 16:13:03,PLACED,NORTH
O004279,C00420,2025-10-06 00:19:12,DELIVERED,WEST
O004280,C00421,2026-06-26 22:27:26,RETURNED,SOUTH
O004281,C00421,2025-12-05 23:03:55,PLACED,WES
O004282,C00421,2024-10-10 10:13:13,DELIVERED,NORTH
O004283,C00422,2024-10-30 17:53:28,PLACED,NORTH
O004284,C00422,2026-07-01 14:50:16,placed,NORTH
O004285,C00422,2024-07-30 13:36:31,DELIVERED,EAST
O004286,C00423,2024-09-19 06:44:15,SHIPPED,NORTH
O004287,C00423,2024-02-19 21:07:00,DELIVERED,NORTH
O004288,C00423,2025-11-01 16:32:57,DELIVERED,NORTH
O004289,C00424,2024-10-17 03:54:49,DELIVERED,CENTRAL
O004290,C00424,2025-03-26 02:49:48,DELIVERED,WEST
O004291,C00424,2026-02-16 23:55:49,DELIVERED,SOUTH
O004292,C00424,2025-12-19 13:32:17,DELIVERED,CENTRAL
O004293,C00424,2025-10-24 08:54:27,RETURNED,NORTH
O004294,C00424,2025-06-11 19:23:17,RETURNED,NORTH
O004295,C00424,2026-02-10 13:39:24,DELIVERED,SOUTH
O004296,C00424,2024-10-13 07:57:22,SHIPPED,CENTRAL
O004297,C00424,2025-12-24 17:41:27,DELIVERED,NORTH
O004298,C00424,2024-04-09 21:16:31,SHIPPED,SOUTH
O004299,C00424,2025-06-09 01:44:09,DELIVERED,WEST
O004300,C00424,2025-10-08 12:41:24,PLACED,EAST
O004301,C00424,2024-01-01 22:51:16,SHIPPED,EAST
O004302,C00424,2025-11-08 05:24:22,DELIVERED,WEST
O004303,C00424,2026-06-18 20:55:52,DELIVERED,WEST
O004304,NULL,2025-09-14 11:23:46,DELIVERED,NORTH
O004305,C00424,2026-07-12 11:48:58,DELIVERED,WEST
O004306,C00424,2025-10-08 20:29:08,DELIVERED,NORTH
O004307,C00424,2024-05-13 05:21:10,DELIVERED,NORTH
O004308,C00424,15-03-2024 20:26:58,DELIVERED,CENTRAL
O004309,C00424,2024-04-03 11:47:45,DELIVERED,NORTH
O004310,C00424,2026-07-29 07:33:39,DELIVERED,NORTH
O004311,C00424,2026-04-07 23:03:12,DELIVERED,WEST
O004312,C00424,2024-11-15 16:06:50,DELIVERED,WEST
O004313,C00424,2026-05-16 16:50:28,DELIVERED,NORTH
O004314,C00424,2024-12-04 13:23:43,DELIVERED,NORTH
O004315,C00424,2024-10-21 23:45:53,DELIVERED,NORTH
O004316,C00424,2025-11-05 08:24:29,PLACED,CENTRAL
O004317,C00424,2025-11-11 15:05:11,DELIVERED,WEST
O004318,C00424,2026-07-13 10:24:23,DELIVERED,NORTH
O004319,,2024-02-13 13:50:10,DELIVERED,NORTH
O004320,C00424,2025-10-27 03:26:22,DELIVERED,SOUTH
O004321,C00424,2024-03-15 19:18:14,DELIVERED,EAST
O004322,C00424,27-10-2024 10:30:37,DELIVERED,NORTH
O004323,C00424,2024-03-31 16:55:08,SHIPPED,SOUTH
O004324,C00424,2024-06-08 21:33:19,DELIVERED,NORTH
O004325,,2024-12-21 15:15:20,DELIVERED,WEST
O004326,C00424,2024-10-05 13:06:12,DELIVERED,EAST
O004327,C00424,2026-05-05 16:48:58,SHIPPED,NORTH
O004328,C00424,2024-12-12 00:58:50,DELIVERED,NORTH
O004329,C00424,2025-08-01 04:33:34,DELIVERED,NORTH
O004330,C00424,2025-11-07 21:06:49,SHIPPED,WEST
O004331,C00424,2025-11-12 16:29:48,SHIPPED,CENTRAL
O004332,C00424,2026-05-07 15:04:05,PLACED,CENTRAL
O004333,C00424,2025-06-03 11:38:14,DELIVERED,CENTRAL
O004334,C00424,18-12-2024 06:56:44,DELIVERED,WEST
O004335,C00424,2025-06-15 01:32:31,DELIVERED,SOUTH
O004336,C00424,2025-11-27 03:06:31,CANCELLED,WEST
O004337,C00424,2025-11-21 07:04:20,DELIVERED,north
O004338,C00424,2024-10-08 14:05:25,DELIVERED,SOUTH
O004339,C00424,2024-05-11 05:24:16,DELIVERED,NORTH
O004340,C00424,2024-09-08 04:18:20,CANCELLED,WEST
O004341,NULL,2026-01-01 22:06:24,CANCELLED,NORTH
O004342,C00424,2025-01-16 12:09:01,SHIPPED,SOUTH
O004343,C00424,2025-10-21 01:19:37,DELIVERED,NORTH
O004344,C00424,2025-07-10 15:02:02,DELIVERED,WEST
O004345,C00424,2026-11-25 00:00:00,DELIVERED,EAST
O004346,C00424,2025-09-27 16:34:34,DELIVERED,NORTH
O004347,C00424,2026-07-15 01:03:03,DELIVERED,NORTH
O004348,C00424,2024-11-15 08:37:45,PLACED,WEST
O004349,C00424,2024-07-06 06:11:41,DELIVERED,SOUTH
O004350,C00424,2025-12-10 16:22:50,DELIVERED,NORTH
O004351,C00424,2025-11-05 19:47:37,DELIVERED,SOUTH
O004352,C00424,2024-11-13 09:42:25,DELIVERED,NORTH
O004353,C00424,2024-08-16 19:29:37,DELIVERED,East
O004354,C00424,2025-11-16 16:35:13,DELIVERED,WEST
O004355,C00424,2024-11-28 05:10:15,DELIVERED,CENTRAL
O004356,C00424,2024-12-26 20:37:12,DELIVERED,EAST
O004357,C00424,2025-05-12 19:36:30,DELIVERED,NORTH
O004358,C00424,2024-07-03 19:23:49,SHIPPED,NORTH
O004359,C00425,2025-12-25 12:59:10,SHIPPED,NORTH
O004360,C00425,2025-11-28 11:05:45,DELIVERED,NORTH
O004361,C00425,2025-01-14 05:09:24,DELIVERED,SOUTH
O004362,C00425,2026-03-20 17:04:48,SHIPPED,NORTH
O004363,NULL,2024-10-19 22:09:41,DELIVERED,EAST
O004364,C00426,2026-07-08 19:55:28,DELIVERED,NORTH
O004365,C00426,2025-08-10 10:26:12,RETURNED,WEST
O004366,C00426,2024-12-09 21:45:28,DELIVERED,EAST
O004367,C00426,2024-10-03 06:23:21,SHIPPED,NORTH
O004368,C00426,2026-06-22 07:22:01,DELIVERED,NORTH
O004369,C00426,2024-10-04 02:39:46,DELIVERED,NORTH
O004370,C00426,2024-12-18 18:50:56,DELIVERED,SOUTH
O004371,C00427,2025-06-30 11:45:09,DELIVERED,NORTH
O004372,C00427,2025-08-31 15:53:55,DELIVERED,WEST
O004373,C00427,2026-04-06 13:13:05,DELIVERED,west
O004374,C00428,2025-06-12 23:21:22,DELIVERED,NORTH
O004375,C00428,2024-12-14 03:16:55,RETURNED,WEST
O004376,C00428,2025-12-05 00:02:55,DELIVERED,WEST
O004377,C00428,2025-12-20 07:38:58,PLACED,WEST
O004378,C00429,2024-02-08 09:56:24,DELIVERED,WEST
O004379,C00429,2024-11-16 03:16:00,DELIVERED,WEST
O004380,C00429,2025-05-17 04:20:09,SHIPPED,CENTRAL
O004381,C00429,2026-06-23 14:27:16,Delivered,EAST
O004382,C00429,2025-11-25 20:38:06,DELIVERED,CENTRAL
O004383,C00429,2025-11-27 14:17:06,RETURNED,SOUTH
O004384,C00429,2025-10-22 14:06:24,DELIVERED,WEST
O004385,C00429,2025-07-31 03:30:34,DELIVERED,WEST
O004386,,2025-12-08 08:46:47,DELIVERED,SOUTH
O004387,C00429,2024-11-11 12:35:56,DELIVERED,NORTH
O004388,C00430,2024-12-15 09:29:16,DELIVERED,CENTRAL
O004389,C00430,2024-10-25 16:03:11,DELIVERED,EAST
O004390,C00430,2024-12-16 01:37:11,DELIVERED,SOUTH
O004391,C00430,2025-12-15 01:11:24,DELIVERED,WEST
O004392,C00430,2024-11-25 22:11:36,SHIPPED,CENTRAL
O004393,C00430,2026-03-01 08:26:40,DELIVERED,SOUTH
O004394,C00430,2025-07-13 02:03:03,RETURNED,NORTH
O004395,NULL,2025-08-27 21:15:24,SHIPPED,NORTH
O004396,C00430,2024-11-06 22:41:08,CANCELLED,NORTH
O004397,C00430,2025-11-20 01:16:18,DELIVERED,WEST
O004398,C00430,2025-10-31 23:41:07,SHIPPED,NORTH
O004399,C00430,2024-12-16 17:00:26,DELIVERED,SOUTH
O004400,C00430,2024-08-19 19:53:09,DELIVERED,NORTH
O004401,C00430,2024-10-23 04:14:10,DELIVERED,EAST
O004402,C00430,2026-05-14 00:29:16,DELIVERED,WEST
O004403,C00430,2024-09-11 21:24:11,DELIVERED,WEST
O004404,NULL,2026-07-23 17:41:36,DELIVERED,WEST
O004405,C00430,2024-06-21 07:38:59,DELIVERED,SOUTH
O004406,C00430,2025-06-19 12:49:36,SHIPPED,SOUTH
O004407,C00431,2025-01-29 23:05:28,DELIVERED,NORTH
O004408,C00431,2025-07-20 14:31:26,DELIVERED,NORTH
O004409,C00431,22-03-2024 02:38:16,Delivered,WEST
O004410,C00431,2025-08-16 03:48:37,DELIVERED,WEST
O004411,C00432,2024-12-30 01:58:05,SHIPPED,WEST
O004412,C00432,2025-12-02 10:27:38,DELIVERED,NORTH
O004413,NULL,2024-07-05 02:25:46,DELIVERED,NORTH
O004414,C00433,2025-12-05 14:20:27,CANCELLED,NORTH
O004415,C00433,2024-02-05 07:58:56,DELIVERED,WEST
O004416,C00433,2024-10-14 14:45:19,DELIVERED,CENTRAL
O004417,C00434,2025-09-11 03:32:24,DELIVERED,NORTH
O004418,C00434,2026-06-13 04:09:15,PLACED,WEST
O004419,C00434,25-10-2025 10:45:20,DELIVERED,SOUTH
O004420,C00434,2024-01-16 04:06:47,DELIVERED,SOUTH
O004421,C00434,2026-06-06 07:46:15,DELIVERED,WEST
O004422,C00434,2024-06-17 06:44:32,DELIVERED,WEST
O004423,C00434,2024-11-17 01:39:37,DELIVERED,WEST
O004424,C00434,2024-03-01 13:47:04,DELIVERED,EAST
O004425,C00434,2026-04-23 06:39:16,DELIVERED,WEST
O004426,C00434,2026-04-15 10:29:59,DELIVERED,NORTH
O004427,C00434,2024-11-09 21:10:28,delivered,CENTRAL
O004428,C00434,2024-07-29 14:28:27,PLACED,SOUTH
O004429,C00435,2025-08-01 09:32:20,SHIPPED,SOUTH
O004430,C00435,2025-01-09 23:25:05,DELIVERED,WEST
O004431,C00435,2025-10-11 06:14:03,DELIVERED,WEST
O004432,C00435,2025-03-03 08:51:58,DELIVERED,SOUTH
O004433,C00435,2024-04-04 15:19:52,DELIVERED,WEST
O004434,C00435,2024-05-25 18:56:08,DELIVERED,WEST
O004435,C00435,26-10-2024 20:50:02,delivered,north
O004436,C00436,2026-01-01 12:01:02,DELIVERED,NORTH
O004437,C00436,2025-01-23 13:59:37,PLACED,NORTH
O004438,C00436,2024-11-04 22:15:36,CANCELLED,NORTH
O004439,C00436,2025-06-27 17:31:09,DELIVERED,WEST
O004440,C00436,2024-09-28 09:04:12,DELIVERED,EAST
O004441,C00436,2025-12-13 14:36:49,DELIVERED,NORTH
O004442,C00436,2024-09-13 18:50:49,SHIPPED,WEST
O004443,C00436,2024-02-16 04:10:31,DELIVERED,NORTH
O004444,C00436,2024-10-13 06:20:51,DELIVERED,NORTH
O004445,C00436,2024-09-21 19:34:21,DELIVERED,WEST
O004446,C00436,2025-03-23 14:22:00,DELIVERED,WEST
O004447,C00436,2024-09-17 15:13:48,DELIVERED,WEST
O004448,C00437,2024-07-01 20:14:50,DELIVERED,SOUTH
O004449,C00437,2024-10-16 05:38:47,CANCELLED,NORTH
O004450,C00437,2026-04-11 03:38:46,DELIVERED,WEST
O004451,C00437,2024-06-03 19:53:36,SHIPPED,CENTRAL
O004452,C00437,2025-06-28 03:11:13,DELIVERED,CENTRAL
O004453,C00437,2025-06-23 00:32:38,DELIVERED,EAST
O004454,C00437,2024-09-28 05:20:31,DELIVERED,EAST
O004455,C00437,2025-05-13 11:20:50,SHIPPED,NORTH
O004456,C00437,2026-01-07 17:50:39,DELIVERED,EAST
O004457,C00437,2024-11-19 10:34:08,DELIVERED,NORTH
O004458,C00437,2026-05-25 10:09:22,DELIVERED,WEST
O004459,C00437,2025-04-09 09:05:52,CANCELLED,WEST
O004460,,2024-06-21 23:55:37,DELIVERED,SOUTH
O004461,C00437,2024-12-03 19:23:24,DELIVERED,NORTH
O004462,C00437,2024-07-15 22:45:18,PLACED,EAST
O004463,C00437,2024-04-09 11:36:36,RETURNED,WEST
O004464,C00437,2024-11-18 08:25:02,DELIVERED,SOUTH
O004465,C00437,2024-05-04 20:57:55,RETURNED,SOUTH
O004466,C00437,2024-04-28 16:31:22,CANCELLED,NORTH
O004467,C00437,2026-07-29 11:14:13,DELIVERED,WEST
O004468,C00438,2025-10-13 06:48:27,PLACED,CENTRAL
O004469,C00439,2025-12-16 06:50:11,DELIVERED,WEST
O004470,C00439,2025-12-18 22:07:50,DELIVERED,WEST
O004471,C00439,2025-11-10 23:14:59,PLACED,SOUTH
O004472,C00439,2026-01-04 10:38:12,DELIVERED,WEST
O004473,C00439,2026-05-26 21:42:34,SHIPPED,WEST
O004474,C00439,2025-01-30 21:12:07,DELIVERED,SOUTH
O004475,C00439,2025-09-16 05:22:58,SHIPPED,NORTH
O004476,C00439,2024-12-26 07:14:41,DELIVERED,NORTH
O004477,C00439,2024-12-01 12:27:27,RETURNED,NORTH
O004478,C00439,2024-10-02 00:13:57,PLACED,WEST
O004479,C00439,2025-02-02 23:14:25,RETURNED,CENTRAL
O004480,C00439,2025-10-05 02:35:43,DELIVERED,NORTH
O004481,C00440,2024-11-07 11:12:29,CANCELLED,WEST
O004482,C00441,2025-08-07 00:55:24,SHIPPED,NORTH
O004483,C00441,2026-01-06 23:13:05,DELIVERED,north
O004484,C00441,2025-11-19 03:31:47,RETURNED,NORTH
O004485,C00441,2025-12-08 08:38:31,PLACED,SOUTH
O004486,C00441,2024-06-11 11:18:52,DELIVERED,WEST
O004487,C00441,2024-12-23 14:43:55,DELIVERED,EAST
O004488,C00441,2025-10-03 18:28:33,DELIVERED,NORTH
O004489,C00441,2026-05-30 09:15:31,DELIVERED,NORTH
O004490,C00441,2025-10-01 02:49:36,PLACED,WEST
O004491,C00441,2024-11-11 04:49:59,SHIPPED,WEST
O004492,C00441,2025-10-28 09:08:04,PLACED,WEST
O004493,C00441,2024-05-05 14:42:49,DELIVERED,NORTH
O004494,C00441,2026-03-14 11:12:35,PLACED,NORTH
O004495,C00441,2025-12-15 13:36:04,DELIVERED,NORTH
O004496,C00441,2025-10-01 05:27:04,PLACED,SOUTH
O004497,C00441,2024-11-25 16:49:49,RETURNED,SOUTH
O004498,C00441,2025-07-19 23:55:02,PLACED,North
O004499,C00441,2025-12-18 22:06:44,SHIPPED,EAST
O004500,C00441,2024-08-30 07:35:18,DELIVERED,WEST
O004501,C00441,2024-11-08 23:43:47,PLACED,WEST
O004502,C00441,2024-02-16 09:54:52,DELIVERED,EAST
O004503,C00441,2024-04-05 20:15:43,DELIVERED,CENTRAL
O004504,C00441,2024-10-12 01:37:34,SHIPPED,SOUTH
O004505,C00441,2024-03-26 04:42:45,DELIVERED,WEST
O004506,C00441,2025-04-15 23:15:46,DELIVERED,WEST
O004507,C00441,2025-03-31 13:20:48,DELIVERED,WEST
O004508,C00441,2025-09-25 12:32:24,DELIVERED,NORTH
O004509,C00442,2025-07-05 22:18:20,DELIVERED,NORTH
O004510,C00442,2024-12-11 11:48:55,DELIVERED,NORTH
O004511,C00442,2025-12-07 12:09:48,DELIVERED,SOUTH
O004512,C00442,2025-11-21 13:13:03,CANCELLED,NORTH
O004513,C00442,2025-07-07 07:44:58,DELIVERED,WEST
O004514,NULL,2026-05-10 23:01:13,SHIPPED,WEST
O004515,C00443,2024-06-08 20:08:17,RETURNED,EAST
O004516,C00443,2024-11-05 18:53:51,PLACED,NORTH
O004517,C00443,2025-06-23 06:20:09,PLACED,SOUTH
O004518,C00443,2025-12-28 12:56:06,PLACED,WEST
O004519,C00443,2024-01-13 04:21:28,DELIVERED,NORTH
O004520,C00443,2025-02-09 03:53:53,RETURNED,NORTH
O004521,C00443,2025-10-10 12:05:11,DELIVERED,EAST
O004522,C00443,2024-04-14 09:10:43,PLACED,SOUTH
O004523,C00443,2024-10-27 22:30:50,DELIVERED,CENTRAL
O004524,C00443,2024-11-17 19:36:48,DELIVERED,CENTRAL
O004525,C00443,2024-05-02 03:04:34,CANCELLED,EAST
O004526,C00443,2025-08-23 01:36:13,DELIVERED,WEST
O004527,C00443,2024-12-11 09:59:18,SHIPPED,NORTH
O004528,C00443,2025-10-09 03:15:22,Delivered,NORTH
O004529,C00443,2025-12-05 20:37:17,PLACED,EAST
O004530,C00443,13-03-2025 05:20:28,SHIPPED,EAST
O004531,C00443,2025-06-22 14:59:28,DELIVERED,NORTH
O004532,C00443,2024-01-09 23:54:28,DELIVERED,NORTH
O004533,C00443,2025-03-16 18:02:09,SHIPPED,NORTH
O004534,C00443,2024-10-24 00:54:48,DELIVERED,EAST
O004535,C00443,2025-10-11 14:56:46,SHIPPED,NORTH
O004536,C00443,2025-12-09 18:32:55,DELIVERED,EAST
O004537,C00443,2024-10-28 02:42:18,DELIVERED,NORTH
O004538,C00443,2026-10-27 00:00:00,SHIPPED,EAST
O004539,C00443,2026-02-01 20:22:19,PLACED,WEST
O004540,C00443,2024-03-11 02:52:22,SHIPPED,NORTH
O004541,C00443,2024-12-27 17:30:40,DELIVERED,NORTH
O004542,C00443,2025-10-18 06:25:24,DELIVERED,NORTH
O004543,C00443,2024-12-19 15:34:44,SHIPPED,NORTH
O004544,C00443,2025-01-19 16:18:14,SHIPPED,WEST
O004545,C00443,2024-10-17 20:34:33,DELIVERED,NORTH
O004546,C00443,2026-07-26 01:42:28,DELIVERED,WEST
O004547,C00443,2025-12-09 21:36:07,RETURNED,WEST
O004548,C00443,2025-09-08 07:35:39,DELIVERED,SOUTH
O004549,C00443,2024-01-28 06:42:15,SHIPPED,CENTRAL
O004550,C00443,2024-12-01 19:15:21,DELIVERED,SOUTH
O004551,C00443,2024-11-27 21:44:21,DELIVERED,WEST
O004552,C00443,2025-07-19 12:04:34,DELIVERED,NORTH
O004553,C00443,2024-11-13 15:51:37,SHIPPED,NORTH
O004554,C00443,2025-03-20 16:37:33,SHIPPED,SOUTH
O004555,C00443,2024-10-25 23:05:44,DELIVERED,NORTH
O004556,C00443,2025-11-09 14:14:08,PLACED,NORTH
O004557,C00443,2025-01-24 22:35:31,DELIVERED,CENTRAL
O004558,C00443,2025-12-26 08:43:17,DELIVERED,WEST
O004559,C00443,2025-10-19 02:37:51,RETURNED,SOUTH
O004560,C00443,2024-11-10 05:24:05,PLACED,CENTRAL
O004561,C00443,2025-05-26 04:30:57,DELIVERED,SOUTH
O004562,C00443,2024-11-15 21:17:14,PLACED,EAST
O004563,C00443,2024-10-28 04:34:40,DELIVERED,WEST
O004564,C00443,2024-12-20 03:23:05,PLACED,WEST
O004565,C00443,2024-07-19 20:44:36,DELIVERED,NORTH
O004566,C00443,2025-08-24 17:40:14,SHIPPED,EAST
O004567,C00443,2026-01-23 18:42:30,DELIVERED,CENTRAL
O004568,C00443,2025-03-14 18:48:51,DELIVERED,NORTH
O004569,C00443,2025-10-23 12:09:29,DELIVERED,WEST
O004570,C00443,2026-03-16 02:33:05,DELIVERED,EAST
O004571,C00443,2025-03-11 06:08:42,DELIVERED,SOUTH
O004572,C00443,2024-11-13 18:39:17,RETURNED,WEST
O004573,C00443,2025-10-18 16:00:39,DELIVERED,WEST
O004574,C00443,2025-04-21 18:30:39,DELIVERED,SOUTH
O004575,C00444,2024-11-19 23:07:20,DELIVERED,SOUTH
O004576,C00444,2025-11-11 23:59:30,SHIPPED,CENTRAL
O004577,C00444,2024-11-06 05:17:36,DELIVERED,WEST
O004578,C00444,2024-02-03 03:45:03,DELIVERED,EAST
O004579,C00444,2025-11-13 07:44:24,DELIVERED,NORTH
O004580,C00444,2024-10-07 01:57:18,DELIVERED,CENTRAL
O004581,C00444,2024-11-21 17:28:36,PLACED,NORTH
O004582,C00444,2026-06-02 17:15:46,DELIVERED,north
O004583,C00444,2026-07-04 23:57:56,RETURNED,North
O004584,C00444,2025-11-23 00:42:35,DELIVERED,SOUTH
O004585,C00444,2024-12-05 17:08:12,DELIVERED,EAST
O004586,,16-05-2024 00:12:12,DELIVERED,WEST
O004587,C00444,2025-12-09 08:24:46,DELIVERED,SOUTH
O004588,C00444,2025-10-05 04:50:20,RETURNED,SOUTH
O004589,C00444,2024-12-03 00:25:44,SHIPPED,SOUTH
O004590,C00444,2024-04-08 15:12:08,DELIVERED,SOUTH
O004591,NULL,2024-08-16 15:30:11,DELIVERED,WEST
O004592,C00444,2024-10-05 23:51:09,DELIVERED,SOUTH
O004593,C00444,2024-05-20 19:43:56,PLACED,NORTH
O004594,C00444,2024-11-08 15:18:08,DELIVERED,NORTH
O004595,C00444,2024-12-05 16:42:40,DELIVERED,EAS
O004596,NULL,2025-12-23 05:59:15,DELIVERED,EAST
O004597,C00444,2025-10-04 01:58:24,DELIVERED,WEST
O004598,C00444,2025-11-01 22:58:47,PLACED,WEST
O004599,C00444,2026-05-24 14:28:39,DELIVERED,WEST
O004600,C00444,2024-05-16 21:03:03,DELIVERED,NORTH
O004601,C00444,2024-10-02 12:22:06,DELIVERED,NORTH
O004602,C00444,2026-02-23 12:21:04,RETURNED,EAST
O004603,C00444,2025-08-03 01:04:27,DELIVERED,CENTRAL
O004604,C00444,2025-02-06 17:58:27,SHIPPED,WEST
O004605,C00444,2025-11-16 10:23:27,SHIPPED,EAST
O004606,C00444,2024-11-18 20:03:55,DELIVERED,NORTH
O004607,C00444,2024-10-11 00:27:11,DELIVERED,EAST
O004608,C00444,2026-04-04 13:51:14,PLACED,NORTH
O004609,C00445,2025-12-04 22:48:41,DELIVERED,WEST
O004610,C00445,2025-04-03 09:54:49,delivered,SOUTH
O004611,C00445,2026-04-30 13:09:51,DELIVERED,NORTH
O004612,C00446,2024-11-27 17:42:02,DELIVERED,SOUTH
O004613,C00446,2025-11-19 12:37:52,DELIVERED,EAST
O004614,C00446,2025-07-02 03:09:01,DELIVERED,EAS
O004615,C00446,2024-12-23 09:48:31,DELIVERED,NORTH
O004616,C00446,2025-11-11 02:34:12,DELIVERED,NORTH
O004617,C00446,2026-12-21 00:00:00,DELIVERED,NORTH
O004618,C00446,2024-12-08 09:37:45,SHIPPED,SOUTH
O004619,C00446,2025-11-08 20:48:15,DELIVERED,CENTRAL
O004620,C00446,2026-04-28 16:02:44,SHIPPED,EAST
O004621,C00446,2024-11-19 06:31:53,SHIPPED,NORTH
O004622,C00446,2025-02-19 08:06:32,DELIVERED,CENTRAL
O004623,C00447,2024-12-21 14:35:15,PLACED,SOUTH
O004624,C00447,2025-12-05 17:45:32,RETURNED,NORTH
O004625,C00447,2024-10-17 08:30:51,DELIVERED,NORTH
O004626,C00448,2025-10-27 11:47:41,DELIVERED,south
O004627,C00448,2025-12-04 11:57:36,DELIVERED,NORTH
O004628,C00448,2024-11-16 10:17:06,SHIPPED,CENTRAL
O004629,C00448,20-10-2024 02:04:07,CANCELLED,SOUTH
O004630,C00448,2024-11-29 22:16:09,DELIVERED,NORTH
O004631,C00448,2025-11-12 00:50:32,DELIVERED,EAST
O004632,C00448,2024-05-12 10:12:34,DELIVERED,NORTH
O004633,C00448,2025-10-10 12:14:22,DELIVERED,NORTH
O004634,C00448,2026-04-23 12:18:14,SHIPPED,SOUTH
O004635,C00448,2025-04-29 23:09:26,DELIVERED,NORTH
O004636,C00448,2025-12-06 08:23:35,SHIPPED,NORTH
O004637,C00448,2024-11-24 21:50:05,SHIPPED,SOUTH
O004638,C00448,2024-03-12 15:58:13,CANCELLED,CENTRAL
O004639,C00448,2024-04-12 12:07:41,DELIVERED,EAST
O004640,C00448,2024-05-27 11:26:16,DELIVERED,NORTH
O004641,C00448,2025-12-13 06:18:40,RETURNED,CENTRAL
O004642,C00448,2024-03-28 19:08:07,SHIPPED,EAST
O004643,C00448,2025-10-28 02:02:59,DELIVERED,north
O004644,C00448,2025-11-26 15:00:14,DELIVERED,WEST
O004645,C00449,2024-01-28 15:36:14,DELIVERED,NORTH
O004646,C00449,2025-08-03 15:05:23,PLACED,NORTH
O004647,C00449,2025-05-25 12:39:58,DELIVERED,EAST
O004648,C00449,2024-10-06 12:22:44,DELIVERED,NORTH
O004649,C00449,2024-10-13 00:33:15,DELIVERED,SOUTH
O004650,C00449,2026-06-27 23:27:46,RETURNED,WEST
O004651,C00449,2025-07-19 05:06:37,DELIVERED,NORTH
O004652,C00450,2025-10-09 09:38:05,CANCELLED,EAST
O004653,C00450,2026-01-11 23:12:10,PLACED,NORTH
O004654,C00451,2025-12-11 20:14:29,DELIVERED,NORTH
O004655,C00451,2024-02-07 11:16:58,CANCELLED,SOUTH
O004656,C00451,2026-07-18 06:41:50,SHIPPED,NORTH
O004657,C00451,2025-09-14 18:56:06,DELIVERED,NORTH
O004658,C00451,2026-05-13 00:45:12,DELIVERED,NORTH
O004659,C00451,2024-04-25 08:22:04,DELIVERED,NORTH
O004660,C00451,2026-03-28 00:50:09,SHIPPED,EAST
O004661,C00451,2025-12-19 02:21:51,DELIVERED,NORTH
O004662,C00451,2025-02-09 12:22:38,SHIPPED,SOUTH
O004663,C00451,2024-06-03 01:31:48,DELIVERED,CENTRAL
O004664,C00451,2024-07-25 05:01:21,SHIPPED,WEST
O004665,C00451,2025-10-26 08:54:14,DELIVERED,West
O004666,C00451,2024-01-18 08:43:41,DELIVERED,NORTH
O004667,C00451,11-11-2024 04:50:34,DELIVERED,CENTRAL
O004668,C00451,2026-06-21 02:43:36,DELIVERED,NORTH
O004669,C00451,20-01-2027 00:00:00,CANCELLED,NORTH
O004670,C00451,2025-11-03 15:44:52,SHIPPED,CENTRAL
O004671,C00451,2024-12-26 16:12:12,DELIVERED,NORTH
O004672,C00452,2025-12-03 14:25:49,CANCELLED,WEST
O004673,C00453,2025-12-10 22:47:04,DELIVERED,WEST
O004674,C00453,2025-08-26 08:48:31,DELIVERED,EAST
O004675,C00453,2024-12-14 13:34:02,RETURNED,NORTH
O004676,C00454,2025-08-18 02:58:08,PLACED,NORTH
O004677,NULL,2024-10-17 05:08:15,DELIVERED,NORTH
O004678,C00454,2024-10-15 20:20:11,RETURNED,NORTH
O004679,C00454,2026-06-15 08:57:17,DELIVERED,NORTH
O004680,C00455,2025-11-14 22:39:35,DELIVERED,SOUTH
O004681,C00455,2025-11-22 15:09:03,RETURNED,north
O004682,C00455,2024-12-17 11:33:36,DELIVERED,WEST
O004683,C00456,2024-07-18 18:23:15,DELIVERED,WEST
O004684,C00457,2025-01-29 10:16:55,CANCELLED,EAST
O004685,C00457,2024-10-20 03:09:41,DELIVERED,CENTRAL
O004686,C00457,2024-04-27 20:00:58,DELIVERED,NORTH
O004687,C00457,2025-12-02 10:06:35,RETURNED,SOUTH
O004688,C00457,2024-01-05 23:38:54,DELIVERED,NORTH
O004689,C00457,2025-10-11 02:11:11,DELIVERED,SOUTH
O004690,NULL,2024-11-14 20:01:27,CANCELLED,WEST
O004691,C00457,2024-09-27 09:42:36,DELIVERED,NORTH
O004692,C00457,2024-05-24 20:55:24,DELIVERED,EAST
O004693,C00457,2024-05-11 09:38:22,DELIVERED,NORTH
O004694,C00457,2024-10-24 18:29:36,DELIVERED,NORTH
O004695,C00457,2024-12-02 01:49:21,DELIVERED,NORTH
O004696,C00457,2026-01-31 19:08:24,DELIVERED,SOU
O004697,C00457,2025-05-11 23:45:58,DELIVERED,NORTH
O004698,C00457,2024-10-03 07:13:56,DELIVERED,CENTRAL
O004699,C00457,2024-12-10 06:02:26,DELIVERED,NORTH
O004700,C00457,2024-08-14 15:23:23,DELIVERED,NORTH
O004701,C00457,2024-11-17 13:12:46,DELIVERED,SOUTH
O004702,C00457,2024-07-26 01:45:40,DELIVERED,NORTH
O004703,C00457,2024-07-13 03:13:27,DELIVERED,EAST
O004704,C00457,2026-01-03 03:11:18,DELIVERED,NORTH
O004705,C00457,2024-08-16 23:43:53,PLACED,NORTH
O004706,C00458,2025-01-28 19:21:37,DELIVERED,NORTH
O004707,C00458,2025-12-17 20:49:44,SHIPPED,WEST
O004708,C00458,2026-06-17 16:38:36,DELIVERED,north
O004709,C00458,2025-12-25 01:36:40,DELIVERED,WEST
O004710,C00458,2024-11-15 15:12:03,delivered,NORTH
O004711,C00458,2025-12-23 06:03:52,DELIVERED,WEST
O004712,C00458,2025-11-28 07:16:53,DELIVERED,NORTH
O004713,C00458,2026-03-02 02:52:21,DELIVERED,NORTH
O004714,C00458,2024-10-05 21:52:07,DELIVERED,NORTH
O004715,C00458,2024-01-24 21:26:42,PLACED,NORTH
O004716,C00458,2024-11-04 07:56:30,SHIPPED,SOUTH
O004717,C00458,2025-12-26 12:00:28,PLACED,CENTRAL
O004718,C00458,2025-10-04 05:04:28,CANCELLED,NORTH
O004719,,2025-10-09 10:23:52,SHIPPED,WEST
O004720,C00458,2025-10-26 15:54:47,RETURNED,EAST
O004721,C00458,2024-10-25 04:02:36,DELIVERED,EAST
O004722,C00458,2024-01-03 14:37:03,PLACED,WEST
O004723,C00458,2024-03-29 07:19:02,DELIVERED,NORTH
O004724,C00458,2024-12-25 04:18:46,DELIVERED,NORTH
O004725,C00458,2025-01-04 08:08:22,DELIVERED,EAST
O004726,C00458,2025-11-26 15:17:23,SHIPPED,EAST
O004727,C00458,2026-07-27 23:37:41,Delivered,NORTH
O004728,C00458,2025-03-24 07:16:09,RETURNED,NORTH
O004729,C00458,2025-09-23 17:35:44,PLACED,WEST
O004730,C00458,2024-12-25 16:43:48,PLACED,WEST
O004731,C00458,2026-01-08 09:25:15,DELIVERED,NORTH
O004732,C00458,2025-08-05 20:41:56,DELIVERED,NORTH
O004733,C00458,2025-04-19 16:42:47,DELIVERED,NORTH
O004734,C00458,2024-12-23 15:48:33,DELIVERED,NORTH
O004735,C00458,2024-10-15 01:34:17,SHIPPED,SOUTH
O004736,C00458,2026-02-02 14:58:57,SHIPPED,WEST
O004737,C00458,2025-12-19 19:55:53,DELIVERED,EAST
O004738,C00458,2024-02-27 18:19:31,DELIVERED,north
O004739,C00458,2026-01-03 12:56:57,DELIVERED,CENTRAL
O004740,C00458,2024-11-15 02:24:22,DELIVERED,WEST
O004741,C00458,2024-10-11 08:07:22,DELIVERED,NORTH
O004742,C00458,2025-12-13 04:58:01,DELIVERED,NORTH
O004743,C00458,2024-10-26 15:34:37,SHIPPED,NORTH
O004744,C00458,2024-11-12 17:51:36,DELIVERED,NORTH
O004745,C00458,2024-10-09 10:50:05,DELIVERED,NORTH
O004746,C00458,2025-12-06 20:16:13,DELIVERED,WEST
O004747,C00458,2026-01-29 19:27:30,DELIVERED,SOUTH
O004748,C00458,2024-10-09 15:24:41,DELIVERED,NORTH
O004749,C00458,2024-05-26 19:05:59,DELIVERED,NORTH
O004750,C00458,2024-10-19 02:36:48,PLACED,NORTH
O004751,C00458,2025-04-19 17:48:49,DELIVERED,NORTH
O004752,C00458,2025-12-24 09:31:52,DELIVERED,CENTRAL
O004753,C00458,2025-06-27 21:41:33,RETURNED,WEST
O004754,NULL,2026-03-05 10:03:32,DELIVERED,WEST
O004755,C00458,2025-08-14 15:31:10,DELIVERED,WEST
O004756,C00459,23-12-2025 22:08:57,RETURNED,SOUTH
O004757,C00460,2024-08-24 21:36:36,DELIVERED,EAST
O004758,C00460,10-12-2025 09:53:14,DELIVERED,NORTH
O004759,C00460,2025-06-23 10:52:40,DELIVERED,EAST
O004760,C00460,2025-12-03 03:20:52,SHIPPED,EAST
O004761,C00460,2024-07-13 08:43:05,DELIVERED,WEST
O004762,C00460,2025-12-16 06:49:52,DELIVERED,EAST
O004763,C00460,2024-06-18 21:31:32,DELIVERED,NORTH
O004764,C00460,2025-12-27 11:07:05,DELIVERED,NORTH
O004765,C00460,2024-12-04 12:52:50,CANCELLED,NORTH
O004766,C00460,2026-02-22 10:49:54,SHIPPED,NORTH
O004767,C00460,2024-04-11 04:15:24,SHIPPED,CENTRAL
O004768,C00461,2025-12-23 19:28:10,DELIVERED,NORTH
O004769,C00462,2024-12-25 18:47:49,DELIVERED,NORTH
O004770,C00462,2024-01-02 19:06:47,RETURNED,EAST
O004771,C00462,2025-11-23 20:32:56,SHIPPED,NORTH
O004772,C00462,2025-11-24 21:39:57,DELIVERED,NORTH
O004773,,2024-11-23 14:19:03,DELIVERED,WEST
O004774,C00462,2025-10-09 23:27:26,CANCELLED,EAST
O004775,C00462,2025-08-25 09:56:32,SHIPPED,NORTH
O004776,C00462,2025-09-09 02:19:42,DELIVERED,SOUTH
O004777,C00462,2026-04-27 21:32:46,DELIVERED,NORTH
O004778,C00462,2024-02-29 20:22:23,SHIPPED,NORTH
O004779,C00462,2025-10-20 18:16:31,PLACED,NORTH
O004780,,2024-08-13 22:47:47,DELIVERED,EAST
O004781,C00462,2025-10-22 14:52:23,CANCELLED,NORTH
O004782,,2026-06-25 17:45:32,RETURNED,WEST
O004783,,2024-10-26 03:25:21,DELIVERED,SOUTH
O004784,C00463,2024-06-26 20:23:07,RETURNED,NORTH
O004785,C00463,2025-09-05 01:48:01,DELIVERED,NORTH
O004786,C00463,2024-02-21 10:14:53,DELIVERED,NORTH
O004787,C00463,2025-09-03 09:18:53,SHIPPED,WEST
O004788,C00463,2025-01-20 20:10:04,PLACED,NORTH
O004789,C00463,2024-10-17 03:00:39,RETURNED,EAST
O004790,C00463,2025-11-02 06:43:16,DELIVERED,NORTH
O004791,C00463,2025-08-21 00:04:18,PLACED,CENTRAL
O004792,C00463,2025-06-08 05:24:08,DELIVERED,SOUTH
O004793,C00463,2024-04-04 03:54:37,DELIVERED,WEST
O004794,C00463,2027-01-03 00:00:00,SHIPPED,NORTH
O004795,C00463,2025-10-02 22:22:29,DELIVERED,NORTH
O004796,C00463,2026-01-14 20:13:54,PLACED,WEST
O004797,C00463,2026-04-15 20:43:27,RETURNED,SOUTH
O004798,C00463,2024-11-02 05:44:27,RETURNED,EAST
O004799,,2025-10-02 05:26:10,SHIPPED,SOUTH
O004800,C00463,2025-04-16 23:52:28,SHIPPED,EAST
O004801,C00463,2025-01-20 02:51:15,DELIVERED,NORTH
O004802,C00463,2025-10-19 17:33:30,PLACED,CENTRAL
O004803,,2024-12-16 21:25:32,DELIVERED,SOUTH
O004804,C00463,2024-09-01 07:46:44,DELIVERED,SOUTH
O004805,C00463,2024-10-17 10:54:19,DELIVERED,NORTH
O004806,C00463,2024-12-12 08:17:10,SHIPPED,SOUTH
O004807,C00463,2027-01-11 00:00:00,SHIPPED,NORTH
O004808,C00463,2026-04-11 18:18:16,DELIVERED,SOUTH
O004809,C00464,2026-05-18 13:17:46,DELIVERED,WEST
O004810,C00464,2024-12-15 13:34:14,PLACED,NORTH
O004811,C00464,2024-07-02 21:26:22,DELIVERED,WEST
O004812,C00464,2024-10-14 17:44:05,DELIVERED,WEST
O004813,C00464,2024-01-30 08:20:38,DELIVERED,NORTH
O004814,C00464,2025-01-05 21:05:50,PLACED,WEST
O004815,C00464,2026-03-15 01:21:43,CANCELLED,EAST
O004816,C00464,2024-07-04 09:31:09,CANCELLED,EAST
O004817,C00464,2024-12-16 11:12:21,DELIVERED,NORTH
O004818,C00464,2025-07-15 06:46:35,SHIPPED,SOUTH
O004819,C00464,2025-02-20 22:50:38,DELIVERED,NORTH
O004820,C00465,2026-02-10 17:20:26,DELIVERED,EAST
O004821,C00465,2026-02-18 21:22:54,DELIVERED,SOUTH
O004822,C00465,2025-07-05 20:21:37,CANCELLED,NORTH
O004823,C00465,2025-12-13 09:47:23,DELIVERED,WEST
O004824,C00465,2024-10-17 06:25:37,PLACED,SOUTH
O004825,C00465,2024-12-18 23:12:46,DELIVERED,WEST
O004826,C00465,2024-09-12 08:28:33,DELIVERED,WEST
O004827,C00465,2025-01-13 21:41:11,DELIVERED,WEST
O004828,C00466,2026-07-09 14:47:30,DELIVERED,WEST
O004829,C00467,2026-01-27 18:39:44,DELIVERED,WEST
O004830,C00467,2024-10-06 16:20:22,CANCELLED,EAST
O004831,C00467,2024-10-11 04:55:57,DELIVERED,NORTH
O004832,C00468,10-06-2026 13:34:42,PLACED,NOR
O004833,C00468,2025-02-16 01:07:25,DELIVERED,NORTH
O004834,C00469,2025-11-19 23:58:45,DELIVERED,NORTH
O004835,C00469,2025-03-01 08:32:06,DELIVERED,EAST
O004836,C00469,2024-10-08 23:00:17,RETURNED,CENTRAL
O004837,C00469,2024-10-05 20:33:51,DELIVERED,NORTH
O004838,C00469,2024-12-16 23:42:18,DELIVERED,NORTH
O004839,C00469,2024-12-22 15:12:48,SHIPPED,EAST
O004840,C00469,2024-10-05 21:34:56,DELIVERED,WEST
O004841,C00469,2026-09-22 00:00:00,DELIVERED,NORTH
O004842,C00469,2025-12-27 09:03:03,DELIVERED,WEST
O004843,C00469,2025-02-26 17:56:19,DELIVERED,WEST
O004844,NULL,2024-04-13 07:11:08,PLACED,NORTH
O004845,C00469,2024-02-09 09:19:12,SHIPPED,NORTH
O004846,C00469,2024-11-05 05:02:37,DELIVERED,CENTRAL
O004847,C00469,2026-04-30 14:10:50,DELIVERED,SOUTH
O004848,C00469,2024-11-18 23:58:16,DELIVERED,WEST
O004849,C00469,2025-01-29 15:57:35,DELIVERED,EAST
O004850,C00469,2025-05-13 13:25:09,DELIVERED,WEST
O004851,C00469,2025-10-14 01:18:15,PLACED,NORTH
O004852,C00469,2025-10-24 01:23:29,DELIVERED,NORTH
O004853,C00469,2026-06-01 00:16:34,DELIVERED,WEST
O004854,C00469,2025-10-17 17:00:55,DELIVERED,WEST
O004855,C00469,2024-10-08 00:08:16,DELIVERED,EAST
O004856,C00469,2024-04-05 14:15:03,DELIVERED,NORTH
O004857,C00469,2025-03-05 10:48:05,DELIVERED,SOUTH
O004858,C00469,2025-10-08 20:12:27,PLACED,NORTH
O004859,C00469,2024-12-21 20:18:24,DELIVERED,WEST
O004860,C00469,2024-11-02 13:37:14,PLACED,WEST
O004861,C00469,2026-06-12 05:14:00,SHIPPED,SOUTH
O004862,C00469,2024-11-24 17:28:34,PLACED,SOUTH
O004863,C00469,2025-11-07 23:58:35,DELIVERED,WEST
O004864,C00469,2025-12-25 14:58:00,DELIVERED,NORTH
O004865,C00469,2024-11-11 01:38:34,SHIPPED,NORTH
O004866,C00469,2025-10-12 09:12:38,DELIVERED,SOUTH
O004867,C00469,28-10-2025 15:11:23,DELIVERED,CENTRAL
O004868,C00469,2024-08-25 08:28:00,SHIPPED,NORTH
O004869,C00469,2025-10-28 03:31:14,DELIVERED,WEST
O004870,C00469,2025-12-25 15:24:54,PLACED,SOUTH
O004871,C00469,2025-11-16 22:00:52,PLACED,SOUTH
O004872,C00469,2025-03-04 00:38:25,DELIVERED,CENTRAL
O004873,C00469,2025-09-20 12:03:19,DELIVERED,WEST
O004874,C00469,2025-10-15 05:22:26,SHIPPED,EAST
O004875,C00469,2024-04-04 00:34:14,RETURNED,NORTH
O004876,C00469,2024-11-15 12:50:01,DELIVERED,CENTRAL
O004877,C00469,2025-04-08 10:32:29,DELIVERED,WEST
O004878,C00469,2026-01-25 10:46:46,PLACED,NORTH
O004879,C00469,2026-01-04 13:07:14,PLACED,NORTH
O004880,C00469,2025-04-02 15:22:49,DELIVERED,SOUTH
O004881,C00469,2024-12-31 20:51:36,RETURNED,NORTH
O004882,C00469,2024-01-05 22:51:01,SHIPPED,EAST
O004883,C00469,2024-12-09 05:58:37,DELIVERED,SOUTH
O004884,C00469,2025-08-28 15:45:36,DELIVERED,WEST
O004885,C00469,2024-10-01 02:49:23,DELIVERED,NORTH
O004886,C00469,2026-04-19 16:51:22,CANCELLED,WEST
O004887,C00469,2024-09-25 20:30:28,PLACED,NORTH
O004888,C00469,2025-12-22 09:23:28,DELIVERED,EAST
O004889,C00469,2024-11-29 08:35:46,DELIVERED,NORTH
O004890,C00469,2024-11-12 14:17:45,DELIVERED,CENTRAL
O004891,C00469,2026-12-12 00:00:00,DELIVERED,NORTH
O004892,C00469,2025-07-31 04:54:42,CANCELLED,NORTH
O004893,C00469,2025-11-12 06:21:53,PLACED,NORTH
O004894,C00469,2025-04-17 06:16:58,CANCELLED,NORTH
O004895,C00469,2025-03-17 05:13:50,DELIVERED,WEST
O004896,C00469,01-06-2024 23:44:34,DELIVERED,NORTH
O004897,C00469,2024-01-22 01:21:07,PLACED,WEST
O004898,C00469,2026-07-07 09:31:48,DELIVERED,NORTH
O004899,C00469,2024-10-18 15:01:54,PLACED,NORTH
O004900,C00469,2025-10-17 23:25:20,DELIVERED,WEST
O004901,C00469,2026-04-29 11:15:11,SHIPPED,WEST
O004902,C00470,2025-11-20 09:51:03,DELIVERED,SOUTH
O004903,C00470,2026-06-28 00:17:27,DELIVERED,SOUTH
O004904,C00470,2026-04-11 05:32:36,DELIVERED,SOUTH
O004905,C00470,2025-09-30 23:14:21,CANCELLED,NORTH
O004906,C00470,2024-12-10 05:43:24,DELIVERED,WEST
O004907,C00470,2025-07-02 16:19:18,CANCELLED,WEST
O004908,C00470,2024-10-08 16:48:28,SHIPPED,NORTH
O004909,C00470,2024-03-20 17:58:35,RETURNED,WEST
O004910,C00470,2024-08-21 23:34:11,DELIVERED,WEST
O004911,C00470,2025-10-06 22:28:08,DELIVERED,CENTRAL
O004912,C00471,2025-10-01 07:29:20,CANCELLED,EAST
O004913,C00471,2026-03-13 08:44:54,SHIPPED,NORTH
O004914,C00471,2025-03-08 06:31:38,DELIVERED,SOUTH
O004915,C00471,2024-04-19 05:19:48,DELIVERED,SOUTH
O004916,C00471,2025-10-01 05:44:46,CANCELLED,WEST
O004917,NULL,2026-05-22 06:45:43,PLACED,EAST
O004918,C00471,2025-11-08 02:02:59,SHIPPED,NORTH
O004919,C00471,2025-02-14 03:22:53,DELIVERED,SOUTH
O004920,C00471,2026-07-04 08:02:55,DELIVERED,NORTH
O004921,C00471,2025-10-10 17:50:35,DELIVERED,NORTH
O004922,C00471,2026-02-06 12:18:51,DELIVERED,NORTH
O004923,C00471,2026-02-05 04:51:21,DELIVERED,NORTH
O004924,C00471,2024-12-13 08:10:52,DELIVERED,CENTRAL
O004925,C00471,2025-03-30 16:48:07,DELIVERED,EAST
O004926,NULL,2024-05-11 20:05:01,PLACED,EAST
O004927,C00471,2024-06-27 04:05:58,PLACED,SOUTH
O004928,C00471,2025-09-13 01:55:35,DELIVERED,WEST
O004929,C00471,2024-08-31 01:45:13,PLACED,WEST
O004930,C00471,2025-12-10 00:42:22,DELIVERED,SOUTH
O004931,C00471,2026-02-02 14:38:03,DELIVERED,SOUTH
O004932,C00471,14-10-2025 01:19:17,RETURNED,WEST
O004933,C00471,2025-12-16 06:18:44,CANCELLED,NORTH
O004934,C00471,2024-12-24 19:31:35,DELIVERED,NORTH
O004935,C00471,2024-12-10 09:04:01,DELIVERED,NORTH
O004936,C00471,2025-12-22 18:08:08,DELIVERED,SOUTH
O004937,C00471,2025-03-11 05:32:19,DELIVERED,NORTH
O004938,C00471,2025-11-10 13:58:25,PLACED,SOUTH
O004939,C00471,2025-11-12 20:37:39,DELIVERED,NORTH
O004940,C00471,2026-02-09 13:29:22,CANCELLED,NORTH
O004941,C00471,2025-10-07 05:19:49,DELIVERED,SOUTH
O004942,C00471,21-12-2025 04:07:19,DELIVERED,WEST
O004943,C00471,2024-12-18 06:27:23,DELIVERED,WEST
O004944,NULL,2024-11-13 16:30:20,DELIVERED,NORTH
O004945,C00471,2024-11-12 01:57:37,CANCELLED,CENTRAL
O004946,C00471,2025-03-03 13:41:24,DELIVERED,NORTH
O004947,C00471,2026-05-21 09:17:50,CANCELLED,SOUTH
O004948,C00471,2025-12-12 18:39:54,RETURNED,SOUTH
O004949,C00471,2025-05-16 05:22:47,SHIPPED,SOUTH
O004950,C00471,2024-12-08 04:44:22,DELIVERED,SOUTH
O004951,C00471,2024-08-30 10:21:35,DELIVERED,WEST
O004952,C00471,2025-11-18 15:11:24,SHIPPED,WEST
O004953,C00471,2024-10-12 10:40:37,SHIPPED,NORTH
O004954,C00471,2024-04-25 17:38:07,SHIPPED,WEST
O004955,C00471,2024-10-23 12:11:05,DELIVERED,NORTH
O004956,C00471,2024-12-05 00:21:45,DELIVERED,NORTH
O004957,C00471,2024-02-13 06:07:06,DELIVERED,NORTH
O004958,C00471,2025-12-09 02:55:28,DELIVERED,NORTH
O004959,C00471,2025-02-09 07:25:55,DELIVERED,EAST
O004960,C00471,2025-12-16 19:00:59,DELIVERED,WEST
O004961,C00471,2025-11-26 07:24:27,SHIPPED,WEST
O004962,C00471,2025-01-18 18:22:32,DELIVERED,NORTH
O004963,C00471,2025-12-27 23:12:57,DELIVERED,EAST
O004964,C00471,2026-04-07 08:32:11,DELIVERED,SOUTH
O004965,C00471,2024-12-22 14:18:19,DELIVERED,NORTH
O004966,C00471,2026-07-03 19:21:43,RETURNED,NORTH
O004967,C00471,2025-04-30 02:21:28,SHIPPED,CENTRAL
O004968,C00471,2024-11-07 17:45:09,DELIVERED,SOUTH
O004969,C00471,2025-07-05 06:42:06,DELIVERED,EAST
O004970,C00471,2026-04-22 17:25:26,DELIVERED,EAST
O004971,C00471,2024-06-26 00:47:36,DELIVERED,NORTH
O004972,C00472,2024-07-13 01:55:53,CANCELLED,SOUTH
O004973,C00472,2024-12-19 02:43:29,SHIPPED,WEST
O004974,C00472,2024-03-08 08:57:14,delivered,CENTRAL
O004975,C00472,2025-08-08 15:51:27,DELIVERED,SOUTH
O004976,C00472,2024-11-04 20:51:32,RETURNED,EAST
O004977,C00472,2025-08-01 18:31:01,CANCELLED,SOUTH
O004978,C00472,2025-11-14 23:47:14,DELIVERED,NORTH
O004979,C00473,2025-10-21 22:10:23,DELIVERED,EAST
O004980,C00473,2025-07-25 20:50:21,RETURNED,WEST
O004981,C00474,2025-12-06 22:16:23,DELIVERED,EAST
O004982,NULL,2025-11-06 05:38:09,DELIVERED,WEST
O004983,C00474,2025-05-03 07:40:08,DELIVERED,WEST
O004984,C00475,2026-06-16 14:54:05,RETURNED,WEST
O004985,C00475,2025-01-01 03:37:15,SHIPPED,NORTH
O004986,C00475,2025-11-27 15:50:27,DELIVERED,WEST
O004987,C00475,2025-12-28 15:17:50,DELIVERED,SOUTH
O004988,C00475,2026-03-13 09:03:07,DELIVERED,NORTH
O004989,C00475,04-02-2025 13:08:06,DELIVERED,WEST
O004990,C00475,2024-12-17 20:30:24,RETURNED,NORTH
O004991,C00476,2026-05-21 06:59:12,DELIVERED,NORTH
O004992,C00476,2025-02-22 05:57:52,DELIVERED,CENTRAL
O004993,C00476,2025-12-09 01:51:44,DELIVERED,NORTH
O004994,C00476,2025-12-11 05:53:56,DELIVERED,SOUTH
O004995,C00476,2024-04-09 04:10:25,CANCELLED,WEST
O004996,C00477,2025-05-17 04:56:10,DELIVERED,SOUTH
O004997,C00478,2024-12-19 13:01:43,DELIVERED,EAST
O004998,C00478,2025-12-27 06:59:30,delivered,EAST
O004999,C00478,2025-11-01 11:06:05,PLACED,NORTH
O005000,C00479,2024-11-07 16:36:56,DELIVERED,EAST
O005001,C00479,2025-07-10 14:37:00,PLACED,NORTH
O005002,C00479,2024-06-10 12:48:15,RETURNED,WEST
O005003,C00479,2024-09-28 01:46:56,DELIVERED,WEST
O005004,C00479,2024-12-14 19:17:20,DELIVERED,EAST
O005005,C00479,2026-02-02 17:53:56,SHIPPED,NORTH
O005006,C00479,31-01-2025 03:08:37,DELIVERED,EAST
O005007,C00479,2024-12-26 05:51:48,SHIPPED,NORTH
O005008,C00479,2024-12-22 04:35:27,SHIPPED,WEST
O005009,C00480,2026-04-29 11:20:23,DELIVERED,NORTH
O005010,C00481,2026-03-01 03:37:01,DELIVERED,EAST
O005011,C00481,2024-07-27 09:16:07,DELIVERED,WEST
O005012,C00481,2024-10-19 08:23:46,RETURNED,CENTRAL
O005013,,26-11-2024 13:11:43,DELIVERED,SOUTH
O005014,C00481,2025-10-16 13:13:31,DELIVERED,NORTH
O005015,C00481,2025-12-24 21:12:05,DELIVERED,SOUTH
O005016,C00481,2024-08-10 08:02:24,DELIVERED,CENTRAL
O005017,C00481,2025-11-08 02:06:00,DELIVERED,CENTRAL
O005018,C00481,2024-12-06 15:32:23,DELIVERED,NORTH
O005019,C00481,2024-11-09 13:55:54,DELIVERED,EAST
O005020,C00481,2024-10-25 23:48:03,PLACED,SOUTH
O005021,C00481,2026-04-11 17:08:01,DELIVERED,NORTH
O005022,C00481,2025-09-23 03:32:44,SHIPPED,EAST
O005023,C00481,2026-01-24 17:56:45,SHIPPED,WEST
O005024,C00481,2025-07-14 10:30:52,DELIVERED,EAST
O005025,C00481,2025-12-13 16:40:49,DELIVERED,SOUTH
O005026,C00481,2025-05-19 05:45:35,PLACED,SOUTH
O005027,C00481,2026-03-29 19:32:38,DELIVERED,CENTRAL
O005028,C00481,2024-10-24 01:58:17,CANCELLED,SOUTH
O005029,C00481,2025-06-27 18:53:15,DELIVERED,NORTH
O005030,C00481,2025-03-28 08:22:08,PLACED,SOUTH
O005031,C00481,2025-03-23 03:22:22,SHIPPED,NORTH
O005032,C00481,2025-02-16 20:17:45,PLACED,SOUTH
O005033,C00481,2026-02-16 16:16:58,DELIVERED,SOUTH
O005034,,2024-03-21 23:34:30,DELIVERED,CENTRAL
O005035,C00482,2025-11-05 04:24:53,RETURNED,WEST
O005036,C00482,2025-11-08 19:00:43,PLACED,SOUTH
O005037,C00482,2024-12-10 22:24:22,DELIVERED,NORTH
O005038,C00482,2025-05-12 07:30:41,DELIVERED,WEST
O005039,C00482,07-01-2026 05:09:04,DELIVERED,EAST
O005040,C00483,2024-10-22 10:35:05,DELIVERED,NORTH
O005041,C00483,2025-01-10 13:59:39,DELIVERED,NORTH
O005042,C00483,2026-07-24 19:41:19,DELIVERED,WEST
O005043,C00483,2025-10-09 13:24:05,DELIVERED,NORTH
O005044,C00483,2024-04-15 17:26:40,DELIVERED,WEST
O005045,,2025-08-20 22:28:49,PLACED,WEST
O005046,C00483,2024-11-10 22:12:24,SHIPPED,EAST
O005047,C00483,2024-10-10 02:20:52,DELIVERED,NORTH
O005048,NULL,2024-11-17 06:47:49,SHIPPED,CENTRAL
O005049,C00483,2025-07-11 04:28:42,DELIVERED,SOUTH
O005050,C00483,06-04-2025 01:09:48,DELIVERED,WEST
O005051,C00483,2025-12-01 06:31:24,CANCELLED,CENTRAL
O005052,C00483,2025-01-30 06:32:17,SHIPPED,NORTH
O005053,C00483,2024-07-13 14:21:11,PLACED,NORTH
O005054,C00483,2025-11-17 13:54:06,SHIPPED,NORTH
O005055,C00483,2024-06-16 14:28:12,DELIVERED,SOUTH
O005056,C00483,2024-03-25 01:42:33,SHIPPED,SOUTH
O005057,C00483,2024-04-28 16:38:43,PLACED,NORTH
O005058,C00483,2026-06-27 09:05:24,DELIVERED,NORTH
O005059,C00483,2026-05-23 10:34:04,placed,WEST
O005060,C00483,2026-02-25 18:21:39,SHIPPED,CENTRAL
O005061,C00483,2025-10-17 00:32:19,DELIVERED,NORTH
O005062,C00483,2025-12-03 00:29:43,DELIVERED,WEST
O005063,C00483,2025-11-09 08:10:59,DELIVERED,WEST
O005064,C00483,2024-12-25 15:01:56,DELIVERED,SOUTH
O005065,C00483,2025-02-13 12:15:13,DELIVERED,WEST
O005066,C00483,2025-10-21 21:38:48,DELIVERED,SOUTH
O005067,C00483,2024-10-27 08:34:54,SHIPPED,EAST
O005068,C00483,2024-09-24 17:57:19,DELIVERED,SOUTH
O005069,C00484,2026-07-10 09:47:48,DELIVERED,WEST
O005070,NULL,2024-12-23 19:51:59,PLACED,north
O005071,C00484,2024-12-11 18:26:00,DELIVERED,SOUTH
O005072,C00484,2024-02-05 13:22:00,PLACED,WEST
O005073,C00484,2025-12-25 02:34:06,DELIVERED,NORTH
O005074,NULL,18-07-2026 14:13:32,DELIVERED,CENTRAL
O005075,C00484,2024-03-14 10:34:29,DELIVERED,WEST
O005076,,2025-01-24 14:11:51,DELIVERED,NORTH
O005077,C00484,2024-10-07 09:55:56,DELIVERED,SOUTH
O005078,C00484,2025-10-18 03:05:50,DELIVERED,NORTH
O005079,C00484,2024-03-16 11:26:29,CANCELLED,NORTH
O005080,C00484,2024-03-12 10:26:28,DELIVERED,WEST
O005081,,2024-02-19 16:36:58,DELIVERED,WEST
O005082,C00485,2024-11-08 23:19:02,DELIVERED,WEST
O005083,C00485,2024-04-25 20:26:26,PLACED,EAST
O005084,C00485,2024-10-19 08:33:10,DELIVERED,NORTH
O005085,C00485,2025-07-30 12:35:27,DELIVERED,WEST
O005086,C00485,2026-01-04 00:37:32,DELIVERED,SOUTH
O005087,C00485,2025-12-24 14:38:59,DELIVERED,NORTH
O005088,C00485,2026-03-07 13:15:52,DELIVERED,SOUTH
O005089,C00485,2026-07-04 03:34:32,RETURNED,NORTH
O005090,C00486,2026-04-19 15:48:16,DELIVERED,NORTH
O005091,C00486,2024-02-20 19:20:36,DELIVERED,CENTRAL
O005092,C00486,2024-02-28 05:17:49,PLACED,SOUTH
O005093,C00486,2026-03-18 12:01:16,PLACED,SOUTH
O005094,C00486,2025-11-17 23:35:55,SHIPPED,SOUTH
O005095,C00486,2024-02-19 18:45:27,DELIVERED,SOUTH
O005096,C00486,2026-04-08 19:43:00,DELIVERED,WEST
O005097,C00486,2025-01-12 23:24:15,DELIVERED,NOR
O005098,C00486,2025-12-05 22:45:24,DELIVERED,SOUTH
O005099,C00486,2024-10-03 13:54:25,PLACED,WEST
O005100,C00487,2026-05-13 09:01:52,RETURNED,NORTH
O005101,C00487,2024-12-19 23:09:14,DELIVERED,NORTH
O005102,C00487,2024-10-26 01:46:17,SHIPPED,WEST
O005103,C00487,2024-08-31 18:06:58,DELIVERED,WEST
O005104,C00487,2024-12-22 10:14:40,returned,NORTH
O005105,C00487,2026-04-24 06:01:27,SHIPPED,NORTH
O005106,,2024-10-26 23:54:12,DELIVERED,WEST
O005107,C00487,2024-08-18 13:29:29,DELIVERED,WEST
O005108,C00487,2024-10-23 22:46:33,DELIVERED,WEST
O005109,C00488,2026-12-02 00:00:00,PLACED,NORTH
O005110,C00488,2025-08-16 13:53:30,CANCELLED,NORTH
O005111,C00488,2024-12-24 18:23:03,RETURNED,CENTRAL
O005112,C00488,2024-12-18 10:59:56,SHIPPED,NORTH
O005113,C00488,2024-05-11 18:14:43,PLACED,WEST
O005114,C00488,2024-10-11 19:30:32,DELIVERED,SOUTH
O005115,C00488,2024-12-11 03:45:41,DELIVERED,CENTRAL
O005116,C00488,24-01-2026 05:13:08,DELIVERED,EAST
O005117,C00488,2024-12-04 13:44:28,Returned,SOUTH
O005118,C00488,2024-08-01 02:17:57,DELIVERED,WEST
O005119,C00488,2024-10-19 16:43:14,DELIVERED,SOUTH
O005120,C00488,2025-10-12 20:46:44,DELIVERED,SOUTH
O005121,C00488,2025-11-27 02:57:09,DELIVERED,NORTH
O005122,C00488,2025-10-11 06:15:41,DELIVERED,SOU
O005123,C00488,2026-05-01 10:23:26,DELIVERED,CENTRAL
O005124,C00488,2024-07-31 00:07:49,DELIVERED,NORTH
O005125,C00488,2025-08-29 02:40:02,DELIVERED,SOUTH
O005126,C00488,2025-12-09 16:07:39,DELIVERED,WEST
O005127,C00488,2025-03-15 22:32:03,DELIVERED,SOUTH
O005128,C00488,2024-08-14 03:44:18,PLACED,NORTH
O005129,,2024-10-25 03:36:12,DELIVERED,WEST
O005130,C00488,2024-10-23 05:58:49,PLACED,NORTH
O005131,C00488,2024-11-09 01:21:34,DELIVERED,EAST
O005132,C00488,2026-07-29 22:27:18,RETURNED,CENTRAL
O005133,C00488,2024-12-01 18:23:17,SHIPPED,NORTH
O005134,C00488,2026-06-04 23:17:35,RETURNED,NORTH
O005135,C00488,2025-12-17 14:55:18,RETURNED,WEST
O005136,C00488,2025-05-13 07:13:36,DELIVERED,WEST
O005137,C00488,2025-03-18 19:45:12,DELIVERED,EAS
O005138,C00488,2026-05-25 16:00:07,SHIPPED,WEST
O005139,C00488,2025-01-15 00:30:37,RETURNED,EAST
O005140,C00488,2025-10-01 01:59:43,DELIVERED,NORTH
O005141,C00488,2024-01-20 17:29:54,CANCELLED,WEST
O005142,C00488,2025-12-15 06:21:39,DELIVERED,WEST
O005143,C00488,2025-12-11 06:17:57,DELIVERED,EAST
O005144,C00489,20-12-2025 07:17:22,DELIVERED,WEST
O005145,C00489,2025-12-27 13:29:36,SHIPPED,SOUTH
O005146,C00489,2025-10-14 19:58:11,SHIPPED,CENTRAL
O005147,C00489,2025-12-10 02:31:47,RETURNED,CENTRAL
O005148,C00490,2024-03-11 02:12:38,PLACED,WEST
O005149,C00490,2025-10-27 04:36:43,RETURNED,EAST
O005150,C00490,2025-09-02 03:14:50,DELIVERED,NORTH
O005151,C00490,2025-07-30 05:53:44,DELIVERED,EAST
O005152,C00491,2025-03-15 18:53:00,SHIPPED,WEST
O005153,C00491,2024-11-13 23:21:27,DELIVERED,EAST
O005154,C00491,2026-02-12 09:31:06,DELIVERED,SOUTH
O005155,C00491,2025-12-14 20:46:54,DELIVERED,WEST
O005156,C00491,2024-10-13 03:45:42,DELIVERED,NORTH
O005157,C00491,2024-09-27 18:10:09,DELIVERED,SOUTH
O005158,C00491,2024-10-19 19:57:58,PLACED,NORTH
O005159,C00491,2024-10-21 07:47:07,PLACED,NORTH
O005160,C00491,2026-04-07 16:02:04,DELIVERED,WEST
O005161,C00491,2025-11-24 18:05:04,DELIVERED,EAST
O005162,C00491,2024-11-02 09:49:17,DELIVERED,NORTH
O005163,C00491,2025-05-24 08:12:06,DELIVERED,SOUTH
O005164,C00491,2024-12-18 00:20:54,DELIVERED,SOUTH
O005165,C00491,2025-01-28 03:44:51,DELIVERED,WEST
O005166,C00491,2026-07-18 12:55:57,DELIVERED,EAST
O005167,C00491,2024-11-28 23:28:58,DELIVERED,NORTH
O005168,C00491,2025-12-15 20:33:10,DELIVERED,NORTH
O005169,C00491,2024-05-10 04:17:10,DELIVERED,CENTRAL
O005170,C00491,2024-11-04 14:36:22,DELIVERED,WEST
O005171,NULL,2024-04-03 03:20:00,DELIVERED,NORTH
O005172,C00491,2024-10-24 10:25:11,SHIPPED,NORTH
O005173,C00492,2025-05-16 06:57:54,SHIPPED,NORTH
O005174,C00493,2026-03-05 01:02:41,DELIVERED,NORTH
O005175,C00493,2024-03-18 20:10:02,Delivered,NORTH
O005176,C00493,2025-02-13 22:27:57,DELIVERED,NORTH
O005177,C00493,2024-04-20 07:24:44,DELIVERED,EAST
O005178,C00493,2025-09-25 11:53:38,DELIVERED,SOUTH
O005179,C00493,2024-10-13 15:10:27,PLACED,WEST
O005180,C00493,2024-12-24 08:08:02,DELIVERED,NORTH
O005181,C00493,2025-05-27 18:47:13,DELIVERED,WEST
O005182,C00493,2024-11-26 07:40:24,SHIPPED,SOUTH
O005183,C00493,2026-01-19 11:53:19,DELIVERED,NORTH
O005184,C00493,2025-01-07 22:08:45,DELIVERED,CENTRAL
O005185,C00493,2024-01-27 04:35:50,DELIVERED,EAST
O005186,NULL,2024-11-21 16:34:30,DELIVERED,NORTH
O005187,C00494,2025-12-08 04:43:39,DELIVERED,NORTH
O005188,NULL,2025-10-23 02:33:08,DELIVERED,SOUTH
O005189,C00495,2026-07-05 10:32:39,DELIVERED,SOUTH
O005190,C00495,2025-01-26 15:35:28,DELIVERED,CENTRAL
O005191,C00496,2024-12-01 20:56:05,RETURNED,EAST
O005192,C00496,2024-12-13 15:32:02,DELIVERED,CENTRAL
O005193,C00496,2025-04-26 14:49:37,DELIVERED,NORTH
O005194,C00497,2025-02-06 04:22:08,DELIVERED,SOUTH
O005195,C00497,2025-08-27 01:13:53,DELIVERED,WEST
O005196,C00497,2025-12-16 02:16:06,DELIVERED,SOUTH
O005197,C00497,2025-11-07 04:26:57,RETURNED,SOUTH
O005198,C00497,2026-02-04 17:04:12,DELIVERED,WEST
O005199,C00498,2024-02-13 16:23:31,DELIVERED,NORTH
O005200,C00498,2025-11-20 18:32:54,SHIPPED,NORTH
O005201,C00498,2024-09-03 11:55:29,DELIVERED,WEST
O005202,C00498,06-12-2024 22:14:56,PLACED,NORTH
O005203,C00498,2025-12-08 04:59:31,DELIVERED,EAST
O005204,C00498,2024-06-01 01:02:04,RETURNED,SOUTH
O005205,C00498,2026-02-21 05:00:15,CANCELLED,EAST
O005206,C00498,2025-12-07 16:03:38,DELIVERED,EAST
O005207,C00498,2026-06-10 06:40:54,DELIVERED,CENTRAL
O005208,C00498,2024-11-21 22:52:02,DELIVERED,WEST
O005209,C00498,2024-11-21 09:03:54,DELIVERED,NOR
O005210,C00498,2025-01-24 23:29:51,RETURNED,WEST
O005211,C00498,2025-09-27 20:54:39,DELIVERED,SOUTH
O005212,C00498,2024-05-15 08:30:52,RETURNED,NORTH
O005213,C00498,2025-04-15 18:00:46,DELIVERED,WEST
O005214,C00498,2024-02-07 02:55:55,DELIVERED,WEST
O005215,C00498,2025-11-23 08:45:33,PLACED,SOUTH
O005216,C00498,2026-03-04 01:49:40,DELIVERED,WEST
O005217,C00498,2024-12-22 04:55:09,DELIVERED,EAST
O005218,C00498,2024-02-29 02:50:28,RETURNED,EAST
O005219,NULL,2024-10-21 14:25:10,DELIVERED,EAST
O005220,C00499,2025-07-21 02:42:25,DELIVERED,SOUTH
O005221,C00499,2025-12-04 21:07:56,CANCELLED,SOUTH
O005222,C00499,2026-05-14 04:58:13,DELIVERED,SOUTH
O005223,C00500,2026-01-27 14:43:16,PLACED,SOUTH
O005224,C00501,2024-11-17 08:03:32,PLACED,CENTRAL
O005225,C00501,2024-01-15 20:44:49,DELIVERED,SOUTH
O005226,C00501,2025-11-17 10:51:37,RETURNED,CENTRAL
O005227,C00501,2025-04-15 01:20:56,SHIPPED,SOUTH
O005228,C00502,2026-02-25 12:06:10,RETURNED,EAST
O005229,C00502,2024-10-13 21:01:47,RETURNED,WEST
O005230,C00502,2024-12-29 05:20:46,CANCELLED,EAST
O005231,C00502,2026-02-14 15:23:22,DELIVERED,CENTRAL
O005232,C00502,2024-11-10 00:02:12,DELIVERED,NORTH
O005233,C00502,2024-10-17 00:06:24,DELIVERED,EAST
O005234,C00502,2024-08-07 19:40:52,DELIVERED,NORTH
O005235,C00502,2026-02-02 15:22:05,SHIPPED,WEST
O005236,C00502,2025-05-11 12:58:40,DELIVERED,NORTH
O005237,C00502,2025-12-10 15:20:22,SHIPPED,WEST
O005238,C00502,2024-12-21 09:37:39,DELIVERED,WEST
O005239,C00502,2025-10-15 13:04:47,Delivered,EAST
O005240,C00503,2025-10-16 11:14:29,DELIVERED,EAST
O005241,C00503,2025-11-19 15:46:07,DELIVERED,SOUTH
O005242,C00503,2024-10-02 18:06:49,DELIVERED,SOUTH
O005243,C00504,2026-02-28 03:44:22,DELIVERED,NORTH
O005244,C00504,2024-10-28 15:17:35,SHIPPED,EAST
O005245,C00504,2025-10-01 10:46:58,DELIVERED,SOUTH
O005246,C00504,2024-02-09 20:21:52,DELIVERED,WEST
O005247,C00505,2025-01-11 18:03:43,SHIPPED,EAST
O005248,C00505,2024-03-02 12:04:11,DELIVERED,WEST
O005249,C00505,2026-05-13 19:50:13,DELIVERED,WEST
O005250,C00505,2025-07-18 16:40:40,SHIPPED,NORTH
O005251,C00506,2024-11-29 07:22:10,SHIPPED,WEST
O005252,C00506,2024-01-03 10:57:53,DELIVERED,WEST
O005253,C00506,2026-02-02 01:01:29,DELIVERED,WEST
O005254,C00506,2024-10-27 09:41:05,DELIVERED,WEST
O005255,C00506,09-12-2025 03:47:51,DELIVERED,NORTH
O005256,C00506,2024-02-03 10:14:19,CANCELLED,SOUTH
O005257,C00507,2024-02-14 23:58:34,RETURNED,NORTH
O005258,C00507,2024-10-01 09:39:43,DELIVERED,SOUTH
O005259,C00507,2024-12-06 05:47:27,DELIVERED,WEST
O005260,C00508,08-11-2024 13:33:06,SHIPPED,WEST
O005261,C00508,2026-04-17 23:54:18,shipped,WEST
O005262,C00509,2024-04-28 18:38:00,DELIVERED,SOUTH
O005263,C00510,2024-07-17 06:47:02,DELIVERED,NORTH
O005264,C00510,2025-12-02 01:37:58,DELIVERED,NORTH
O005265,C00510,2024-05-09 10:05:03,RETURNED,SOUTH
O005266,C00510,2024-12-28 10:03:53,DELIVERED,NORTH
O005267,C00511,2024-03-05 12:59:05,DELIVERED,WEST
O005268,C00511,2026-02-04 14:51:02,PLACED,NORTH
O005269,C00511,2026-02-18 08:15:20,DELIVERED,WEST
O005270,C00511,2025-04-04 13:57:28,PLACED,NORTH
O005271,C00511,2024-10-14 04:23:49,DELIVERED,NORTH
O005272,C00511,2025-11-11 00:51:49,DELIVERED,SOUTH
O005273,C00511,2025-02-23 15:34:21,DELIVERED,NORTH
O005274,C00512,2025-06-28 01:36:31,DELIVERED,WEST
O005275,C00513,2025-12-18 12:21:28,SHIPPED,NORTH
O005276,C00513,2025-10-23 23:22:14,PLACED,CENTRAL
O005277,C00513,2025-12-28 17:24:56,PLACED,NORTH
O005278,C00513,2024-12-15 09:33:06,DELIVERED,SOUTH
O005279,C00513,2025-10-05 05:22:41,DELIVERED,NORTH
O005280,C00513,2024-12-28 06:55:01,DELIVERED,NORTH
O005281,C00513,2024-11-15 15:43:29,CANCELLED,NORTH
O005282,C00513,2024-10-04 03:15:52,DELIVERED,SOUTH
O005283,C00513,2025-12-17 11:22:20,SHIPPED,NORTH
O005284,C00513,2026-01-03 03:44:58,DELIVERED,SOUTH
O005285,C00513,2025-05-29 11:08:33,DELIVERED,NORTH
O005286,C00513,08-10-2025 15:55:54,SHIPPED,NORTH
O005287,C00513,2026-07-16 12:33:10,PLACED,NORTH
O005288,C00513,2025-10-14 21:49:06,DELIVERED,SOUTH
O005289,C00513,2025-05-25 12:45:10,PLACED,NORTH
O005290,C00513,26-10-2025 03:23:26,DELIVERED,NORTH
O005291,C00513,2025-04-01 07:52:56,DELIVERED,NORTH
O005292,C00513,2024-10-16 08:35:32,SHIPPED,NORTH
O005293,C00513,2024-06-16 01:06:35,DELIVERED,SOUTH
O005294,C00513,2026-01-02 22:46:44,DELIVERED,SOUTH
O005295,NULL,27-11-2025 17:27:29,DELIVERED,WEST
O005296,C00513,2026-06-24 08:22:47,DELIVERED,NORTH
O005297,C00513,2026-05-16 10:10:48,CANCELLED,WEST
O005298,C00513,2024-12-25 13:27:46,CANCELLED,SOUTH
O005299,C00513,2025-12-23 22:39:27,DELIVERED,NORTH
O005300,C00513,2025-12-01 05:00:17,SHIPPED,CENTRAL
O005301,C00513,2025-10-12 21:51:45,SHIPPED,NORTH
O005302,C00513,2025-12-28 10:37:38,SHIPPED,WEST
O005303,C00513,2025-12-01 06:53:47,SHIPPED,WEST
O005304,C00513,2025-09-02 05:21:13,SHIPPED,WEST
O005305,C00513,2025-12-05 04:16:36,DELIVERED,EAST
O005306,,2025-08-15 18:04:47,DELIVERED,NORTH
O005307,C00513,2024-11-25 15:06:34,SHIPPED,SOUTH
O005308,C00513,2025-11-12 13:23:34,DELIVERED,SOUTH
O005309,C00513,2026-06-24 19:32:28,DELIVERED,NORTH
O005310,C00513,2025-11-21 09:04:20,DELIVERED,SOUTH
O005311,C00513,2024-05-08 23:07:50,SHIPPED,SOUTH
O005312,C00513,2026-02-18 08:38:44,SHIPPED,WEST
O005313,C00513,2024-04-29 05:31:16,DELIVERED,WEST
O005314,C00513,2025-03-23 10:08:43,DELIVERED,WEST
O005315,C00513,2025-10-19 10:54:23,DELIVERED,WEST
O005316,C00513,2024-12-03 15:31:07,CANCELLED,NORTH
O005317,C00513,2024-10-19 07:02:23,DELIVERED,NORTH
O005318,C00513,2025-07-31 01:57:40,DELIVERED,CENTRAL
O005319,C00513,2024-10-13 17:02:34,SHIPPED,WEST
O005320,C00513,2026-01-18 13:34:59,DELIVERED,WEST
O005321,C00513,2025-06-13 00:37:37,DELIVERED,SOUTH
O005322,C00513,2024-11-14 09:43:58,DELIVERED,SOUTH
O005323,C00513,2024-11-04 13:38:13,PLACED,WEST
O005324,C00513,2025-10-03 17:23:02,SHIPPED,NORTH
O005325,C00513,2025-05-22 13:30:58,DELIVERED,EAST
O005326,C00513,2024-04-22 02:42:11,DELIVERED,WEST
O005327,C00513,2025-11-01 02:53:50,DELIVERED,NORTH
O005328,C00514,2024-08-27 08:47:17,RETURNED,CENTRAL
O005329,C00514,2024-03-11 08:09:15,SHIPPED,EAST
O005330,C00515,2024-12-16 12:02:46,CANCELLED,NORTH
O005331,C00515,2024-09-24 13:25:46,RETURNED,EAST
O005332,C00515,2024-10-21 12:02:49,SHIPPED,NORTH
O005333,C00515,2025-07-03 18:02:16,RETURNED,NORTH
O005334,C00515,2024-05-10 01:37:22,DELIVERED,CENTRAL
O005335,C00515,2024-08-09 00:04:17,DELIVERED,EAST
O005336,C00515,2024-10-01 19:14:37,DELIVERED,WEST
O005337,C00515,2025-11-12 16:40:17,DELIVERED,SOUTH
O005338,C00516,2024-08-06 20:47:55,RETURNED,WEST
O005339,C00516,2024-11-13 05:03:15,DELIVERED,CENTRAL
O005340,C00516,2024-12-06 00:37:01,DELIVERED,NORTH
O005341,C00517,2024-10-28 13:16:22,DELIVERED,WEST
O005342,C00517,2025-10-12 19:41:05,RETURNED,WEST
O005343,C00517,2025-07-31 18:21:24,DELIVERED,SOUTH
O005344,C00517,2025-10-03 07:28:12,DELIVERED,NORTH
O005345,C00517,2026-04-18 23:12:50,DELIVERED,SOUTH
O005346,C00517,2026-05-14 03:48:18,PLACED,WEST
O005347,C00517,2026-04-24 23:25:24,DELIVERED,EAST
O005348,C00517,2024-06-02 04:36:04,DELIVERED,NOR
O005349,C00517,2025-04-19 02:25:24,DELIVERED,NORTH
O005350,C00517,2024-07-18 14:51:12,DELIVERED,EAST
O005351,C00517,2024-10-24 00:54:25,SHIPPED,WEST
O005352,C00518,2026-05-16 23:03:42,SHIPPED,NORTH
O005353,C00519,2025-01-26 15:33:53,SHIPPED,SOUTH
O005354,C00519,2026-05-22 04:32:26,PLACED,NORTH
O005355,C00519,2024-01-20 21:58:37,DELIVERED,NORTH
O005356,C00519,15-12-2025 07:07:56,DELIVERED,SOUTH
O005357,C00519,2024-01-13 16:01:14,DELIVERED,NORTH
O005358,C00519,2024-10-01 21:39:58,DELIVERED,SOUTH
O005359,C00519,2026-12-14 00:00:00,DELIVERED,NORTH
O005360,C00519,2024-12-02 18:28:43,DELIVERED,EAST
O005361,C00519,2025-11-07 02:38:46,SHIPPED,WEST
O005362,,2025-10-09 15:49:44,RETURNED,NORTH
O005363,C00519,2025-12-13 00:12:35,DELIVERED,EAST
O005364,,2025-12-10 23:37:56,CANCELLED,WEST
O005365,C00519,2025-08-18 16:48:47,DELIVERED,EAST
O005366,C00519,2025-02-09 23:35:59,DELIVERED,EAST
O005367,C00519,2026-04-26 23:48:46,DELIVERED,NORTH
O005368,C00519,2024-12-26 12:16:26,CANCELLED,NORTH
O005369,C00519,2024-07-22 21:20:38,SHIPPED,NORTH
O005370,C00519,2024-10-01 11:24:52,DELIVERED,WEST
O005371,C00519,2024-11-09 07:19:11,DELIVERED,CENTRAL
O005372,C00519,2026-05-30 23:17:45,DELIVERED,central
O005373,C00519,2025-09-01 14:08:24,DELIVERED,WEST
O005374,C00519,2025-10-20 22:38:26,SHIPPED,CENTRAL
O005375,C00519,2026-05-07 00:34:18,DELIVERED,WEST
O005376,C00519,2024-03-03 08:31:17,RETURNED,WEST
O005377,C00520,2026-04-26 06:44:36,DELIVERED,NORTH
O005378,C00520,2024-09-23 05:35:35,DELIVERED,EAST
O005379,C00520,2026-03-22 06:19:48,SHIPPED,CENTRAL
O005380,C00521,2025-10-03 20:31:40,DELIVERED,WEST
O005381,C00521,2024-10-05 23:47:03,RETURNED,west
O005382,C00521,2024-07-21 05:09:51,SHIPPED,NORTH
O005383,C00521,2025-07-29 13:08:26,SHIPPED,NORTH
O005384,C00521,2025-11-09 23:34:03,DELIVERED,NORTH
O005385,C00521,2024-02-21 04:35:00,DELIVERED,NORTH
O005386,C00521,2025-11-27 06:30:02,DELIVERED,NORTH
O005387,NULL,2026-04-01 03:35:22,DELIVERED,EAST
O005388,C00521,2024-11-14 16:19:39,DELIVERED,SOUTH
O005389,C00521,2025-04-06 12:35:41,DELIVERED,CENTRAL
O005390,NULL,2025-10-03 09:28:42,DELIVERED,WEST
O005391,C00522,2026-04-14 07:46:29,DELIVERED,WEST
O005392,C00523,2025-11-01 09:54:33,SHIPPED,WEST
O005393,C00523,2025-11-20 22:38:04,PLACED,WEST
O005394,C00523,2025-10-09 00:33:28,RETURNED,NORTH
O005395,NULL,2024-03-08 12:39:43,DELIVERED,NOR
O005396,C00524,2025-10-14 18:13:07,DELIVERED,SOUTH
O005397,C00524,2024-10-06 23:48:24,DELIVERED,WEST
O005398,C00525,2024-09-02 14:12:19,CANCELLED,NORTH
O005399,C00526,2026-07-01 19:58:55,RETURNED,NOR
O005400,C00527,2025-10-13 00:09:44,DELIVERED,EAST
O005401,C00528,2025-09-28 12:15:10,PLACED,NORTH
O005402,C00528,2024-12-19 23:28:39,DELIVERED,NORTH
O005403,C00528,2024-02-14 14:33:02,DELIVERED,NORTH
O005404,C00529,2025-10-14 04:32:46,DELIVERED,NORTH
O005405,C00529,2025-03-30 05:29:09,DELIVERED,WEST
O005406,C00529,2026-04-18 06:34:12,SHIPPED,WEST
O005407,C00530,2024-07-27 05:29:49,DELIVERED,NORTH
O005408,C00531,2024-03-04 04:23:24,DELIVERED,WEST
O005409,C00532,2024-09-18 14:24:44,PLACED,SOUTH
O005410,C00532,2025-12-25 03:02:27,DELIVERED,NORTH
O005411,C00532,2026-04-25 05:48:26,DELIVERED,NORTH
O005412,C00532,2024-05-03 05:09:40,DELIVERED,WEST
O005413,C00533,2024-10-26 22:59:11,SHIPPED,SOUTH
O005414,C00534,2025-03-06 02:41:27,DELIVERED,WEST
O005415,C00534,2026-03-03 22:21:34,DELIVERED,CENTRAL
O005416,,04-10-2024 10:21:22,SHIPPED,NORTH
O005417,C00535,2025-10-11 17:58:46,SHIPPED,NORTH
O005418,C00535,2025-10-27 16:59:01,RETURNED,CENTRAL
O005419,C00535,2025-11-21 20:41:46,RETURNED,CENTRAL
O005420,C00535,2025-06-28 00:39:31,RETURNED,CENTRAL
O005421,C00535,2024-11-22 15:05:26,DELIVERED,EAST
O005422,C00535,2024-12-03 22:40:40,DELIVERED,EAST
O005423,C00535,2024-06-28 11:05:00,SHIPPED,EAST
O005424,C00535,2024-10-19 08:26:51,SHIPPED,SOUTH
O005425,,2024-02-26 09:42:12,DELIVERED,EAST
O005426,C00535,2025-11-09 08:08:39,DELIVERED,NORTH
O005427,C00535,2026-05-30 19:19:13,DELIVERED,NORTH
O005428,C00535,2024-12-23 09:08:39,DELIVERED,SOUTH
O005429,NULL,2024-10-06 03:44:23,DELIVERED,NORTH
O005430,C00535,2025-02-28 15:40:30,DELIVERED,NORTH
O005431,C00535,2025-12-07 04:21:22,DELIVERED,CENTRAL
O005432,C00535,2024-12-16 19:23:38,DELIVERED,SOUTH
O005433,C00535,2024-06-25 07:18:20,RETURNED,NORTH
O005434,C00535,2025-08-30 07:43:52,DELIVERED,SOUTH
O005435,C00535,2024-12-18 22:00:46,SHIPPED,WEST
O005436,C00535,2025-11-09 11:23:28,PLACED,WEST
O005437,C00535,2025-11-19 20:35:29,DELIVERED,WEST
O005438,C00535,2025-11-05 19:06:43,DELIVERED,WES
O005439,C00535,2025-06-02 11:21:24,DELIVERED,EAST
O005440,C00535,2024-09-05 02:25:33,RETURNED,EAST
O005441,C00535,2024-10-07 01:33:47,SHIPPED,WEST
O005442,C00535,2025-05-01 04:00:56,RETURNED,NORTH
O005443,C00535,2024-10-19 09:02:07,DELIVERED,WEST
O005444,C00536,2025-10-04 00:37:45,PLACED,EAST
O005445,C00536,2025-12-28 19:14:50,DELIVERED,WEST
O005446,,2025-08-27 16:54:52,RETURNED,CENTRAL
O005447,C00536,2026-05-11 12:27:43,RETURNED,SOUTH
O005448,C00536,2025-11-10 05:34:31,RETURNED,CENTRAL
O005449,C00536,2024-10-26 15:21:14,DELIVERED,NORTH
O005450,C00536,2025-11-10 07:07:13,DELIVERED,NORTH
O005451,C00536,2024-12-24 04:39:45,DELIVERED,WEST
O005452,C00536,2025-04-06 23:42:50,DELIVERED,NORTH
O005453,C00536,2026-07-28 17:02:48,DELIVERED,SOUTH
O005454,C00536,2024-11-15 22:06:04,DELIVERED,SOUTH
O005455,C00536,2024-05-08 15:43:23,DELIVERED,EAST
O005456,C00536,2024-09-22 06:38:59,PLACED,SOUTH
O005457,C00536,2026-05-24 14:00:59,DELIVERED,WEST
O005458,C00536,2026-07-20 10:43:42,DELIVERED,WEST
O005459,C00536,2024-04-14 10:54:18,DELIVERED,SOUTH
O005460,C00536,2025-07-18 19:19:37,RETURNED,EAST
O005461,C00536,2024-12-24 04:05:51,RETURNED,WEST
O005462,C00536,2024-10-26 13:30:13,DELIVERED,WEST
O005463,C00536,2025-11-26 04:18:11,DELIVERED,SOUTH
O005464,C00536,2024-07-15 17:55:32,Shipped,NORTH
O005465,C00537,2025-07-24 03:09:34,DELIVERED,EAST
O005466,C00537,2024-06-01 09:20:17,DELIVERED,CENTRAL
O005467,C00537,2025-12-22 18:13:26,SHIPPED,EAST
O005468,C00537,2024-04-13 09:15:27,SHIPPED,WEST
O005469,C00538,2024-11-14 22:40:40,DELIVERED,CENTRAL
O005470,C00538,30-11-2025 07:51:11,SHIPPED,SOUTH
O005471,C00538,2025-02-19 20:59:51,PLACED,SOUTH
O005472,C00539,2025-02-06 23:34:21,DELIVERED,NORTH
O005473,C00539,22-12-2024 10:55:05,RETURNED,NORTH
O005474,C00539,2025-04-16 18:37:44,returned,NORTH
O005475,C00539,2025-09-16 21:03:48,DELIVERED,SOUTH
O005476,C00540,2024-12-03 18:25:48,SHIPPED,NORTH
O005477,C00540,2024-11-21 12:51:02,CANCELLED,NORTH
O005478,C00540,2024-10-10 05:37:21,DELIVERED,EAST
O005479,C00540,2025-07-07 20:03:23,SHIPPED,WEST
O005480,C00540,2025-11-10 01:47:01,DELIVERED,NORTH
O005481,C00540,2026-04-13 23:20:03,DELIVERED,EAST
O005482,C00540,2025-12-06 00:00:03,DELIVERED,EAST
O005483,C00540,2024-12-13 09:10:54,DELIVERED,NORTH
O005484,C00541,2025-10-24 03:44:55,SHIPPED,CENTRAL
O005485,C00542,2026-07-15 08:43:44,SHIPPED,SOUTH
O005486,C00542,2026-04-23 18:15:31,DELIVERED,WEST
O005487,C00542,2026-05-17 12:44:31,DELIVERED,EAST
O005488,C00542,2024-12-11 08:54:10,DELIVERED,NORTH
O005489,C00543,2025-10-27 21:43:26,RETURNED,WEST
O005490,NULL,2024-12-19 08:38:54,PLACED,NORTH
O005491,C00543,2024-12-25 14:55:21,SHIPPED,NORTH
O005492,C00543,2024-12-06 22:04:09,SHIPPED,WEST
O005493,C00543,2024-11-14 12:44:11,DELIVERED,SOUTH
O005494,C00543,2024-01-06 11:36:19,DELIVERED,NORTH
O005495,C00543,2024-11-02 04:50:24,RETURNED,NORTH
O005496,C00543,2024-05-21 13:29:13,RETURNED,WEST
O005497,C00543,2025-12-17 00:51:55,DELIVERED,WEST
O005498,C00543,2026-02-18 16:42:42,DELIVERED,EAST
O005499,C00543,2026-05-18 20:23:54,DELIVERED,WEST
O005500,C00543,2024-02-21 12:18:16,DELIVERED,CENTRAL
O005501,C00543,2026-07-15 10:54:24,DELIVERED,SOUTH
O005502,C00543,2025-06-22 00:53:51,DELIVERED,SOUTH
O005503,NULL,2026-04-20 17:10:29,DELIVERED,NORTH
O005504,C00543,2025-05-22 05:51:05,PLACED,NORTH
O005505,C00543,2024-01-12 05:04:26,DELIVERED,SOUTH
O005506,C00543,2026-03-07 06:25:11,DELIVERED,NORTH
O005507,C00543,2025-05-28 12:20:50,DELIVERED,NORTH
O005508,C00543,2024-04-07 18:58:56,DELIVERED,SOUTH
O005509,C00543,2026-06-19 07:23:20,DELIVERED,WEST
O005510,C00543,2025-10-28 06:52:08,DELIVERED,NORTH
O005511,C00543,2025-10-01 16:29:51,SHIPPED,EAST
O005512,C00543,2025-10-14 09:42:52,DELIVERED,NORTH
O005513,C00543,2024-10-16 20:09:57,SHIPPED,WEST
O005514,C00543,2025-10-07 08:12:18,PLACED,NORTH
O005515,C00543,2025-12-02 10:56:34,DELIVERED,CENTRAL
O005516,C00543,2026-02-01 05:59:20,DELIVERED,WEST
O005517,C00543,2024-10-12 22:49:15,DELIVERED,EAST
O005518,C00543,2024-04-09 03:26:32,DELIVERED,NORTH
O005519,C00543,2025-04-06 03:36:58,DELIVERED,SOUTH
O005520,C00543,2025-03-04 15:45:34,SHIPPED,WEST
O005521,C00543,2025-01-19 19:31:23,RETURNED,EAST
O005522,C00543,2024-07-02 15:39:01,DELIVERED,WEST
O005523,C00543,2024-10-11 04:06:49,SHIPPED,WEST
O005524,C00543,2025-10-16 06:55:39,PLACED,EAST
O005525,C00543,2026-03-19 09:02:24,DELIVERED,NORTH
O005526,C00543,2025-08-11 11:34:25,RETURNED,WEST
O005527,C00543,07-11-2025 16:49:23,SHIPPED,CENTRAL
O005528,C00543,2024-12-03 09:21:53,DELIVERED,WEST
O005529,C00543,2026-06-01 14:06:56,DELIVERED,NORTH
O005530,C00543,2024-11-22 16:24:10,DELIVERED,SOUTH
O005531,C00543,2024-10-25 18:47:07,DELIVERED,EAST
O005532,C00543,2024-02-12 13:00:47,DELIVERED,WEST
O005533,C00543,2025-12-03 17:55:16,CANCELLED,SOUTH
O005534,C00543,2024-12-03 21:10:08,CANCELLED,WEST
O005535,C00543,2025-10-08 16:36:57,CANCELLED,NORTH
O005536,C00543,2025-10-24 15:30:41,DELIVERED,NORTH
O005537,C00543,2024-07-08 06:06:48,DELIVERED,NORTH
O005538,C00543,2025-07-05 11:39:08,DELIVERED,EAST
O005539,C00543,2024-04-06 23:01:23,RETURNED,WEST
O005540,C00543,2026-05-11 22:57:36,DELIVERED,EAST
O005541,C00543,2024-12-27 06:09:47,DELIVERED,NORTH
O005542,C00543,2025-12-03 20:09:59,DELIVERED,EAST
O005543,C00543,2024-10-04 04:27:20,PLACED,WEST
O005544,C00543,2026-04-28 22:58:49,RETURNED,WEST
O005545,C00543,2026-05-13 21:54:38,DELIVERED,CENTRAL
O005546,C00543,2025-01-20 10:54:06,RETURNED,CENTRAL
O005547,C00543,2025-10-29 01:20:33,DELIVERED,CENTRAL
O005548,C00543,2024-01-24 11:32:31,PLACED,NORTH
O005549,C00543,2024-12-21 19:43:03,DELIVERED,NORTH
O005550,C00543,2025-09-20 19:49:50,SHIPPED,WEST
O005551,C00544,2025-10-16 11:59:58,SHIPPED,NORTH
O005552,C00545,2025-06-03 09:50:47,DELIVERED,CENTRAL
O005553,C00546,2025-09-20 00:01:29,RETURNED,EAST
O005554,NULL,2026-01-08 17:18:01,DELIVERED,SOUTH
O005555,C00546,2025-01-24 16:36:20,PLACED,NORTH
O005556,C00546,2024-11-01 23:45:07,DELIVERED,EAST
O005557,C00547,2025-08-07 04:14:45,DELIVERED,WEST
O005558,C00547,2025-03-31 14:46:02,DELIVERED,WEST
O005559,C00547,2026-03-27 21:19:14,PLACED,NORTH
O005560,C00547,2025-03-30 04:39:52,DELIVERED,NORTH
O005561,C00547,2024-12-03 20:11:48,DELIVERED,SOUTH
O005562,C00547,2025-12-24 22:31:17,DELIVERED,WEST
O005563,C00547,2024-10-05 03:53:41,DELIVERED,NORTH
O005564,,2025-12-24 13:29:17,DELIVERED,WEST
O005565,C00547,2024-11-24 10:00:27,DELIVERED,CENTRAL
O005566,C00547,2024-01-20 18:47:58,DELIVERED,CENTRAL
O005567,C00547,2025-10-19 13:28:12,DELIVERED,SOUTH
O005568,C00547,2025-08-27 00:37:58,DELIVERED,NORTH
O005569,C00547,2025-02-03 07:18:18,DELIVERED,EAST
O005570,C00547,2024-11-23 04:30:02,SHIPPED,SOUTH
O005571,NULL,2024-10-18 21:15:07,SHIPPED,EAST
O005572,C00547,2024-04-01 18:03:25,DELIVERED,CENTRAL
O005573,C00548,2025-10-20 01:40:00,PLACED,WEST
O005574,C00548,2024-12-22 04:52:42,RETURNED,WEST
O005575,C00548,2025-10-27 20:26:50,DELIVERED,SOUTH
O005576,C00548,2026-04-11 18:15:34,SHIPPED,NORTH
O005577,C00549,2024-03-21 00:13:25,DELIVERED,NORTH
O005578,C00549,2025-03-29 11:05:08,DELIVERED,CENTRAL
O005579,C00549,2024-03-26 22:01:41,RETURNED,NORTH
O005580,C00549,2026-07-04 13:46:16,DELIVERED,NORTH
O005581,C00549,2024-05-12 11:29:52,RETURNED,NORTH
O005582,C00550,2025-07-18 00:37:33,DELIVERED,SOUTH
O005583,C00550,2025-05-01 07:36:17,PLACED,SOUTH
O005584,C00551,2024-03-13 11:53:23,DELIVERED,NORTH
O005585,C00551,2024-12-05 08:16:22,DELIVERED,south
O005586,C00551,2025-12-26 16:52:15,DELIVERED,SOUTH
O005587,C00552,2026-07-17 06:12:22,DELIVERED,SOUTH
O005588,C00552,2024-12-11 16:34:54,RETURNED,CENTRAL
O005589,C00552,2025-01-22 21:51:23,shipped,WEST
O005590,C00552,2024-02-11 11:51:18,SHIPPED,EAST
O005591,,2024-03-18 13:19:37,DELIVERED,SOUTH
O005592,C00553,2025-08-28 15:47:56,DELIVERED,NORTH
O005593,C00553,2024-06-11 18:39:52,SHIPPED,WEST
O005594,C00553,2026-06-14 02:24:06,RETURNED,WEST
O005595,C00553,2026-03-21 09:07:54,SHIPPED,WEST
O005596,C00553,2026-10-19 00:00:00,SHIPPED,NORTH
O005597,C00553,2024-01-31 06:31:55,SHIPPED,NORTH
O005598,C00553,2024-10-03 21:33:52,DELIVERED,SOUTH
O005599,C00553,2025-06-14 15:59:36,DELIVERED,SOUTH
O005600,C00553,2024-12-29 11:00:16,DELIVERED,EAST
O005601,C00553,2026-03-03 08:44:46,DELIVERED,NORTH
O005602,C00553,2025-12-15 22:13:17,RETURNED,WEST
O005603,C00553,2026-07-12 18:46:57,DELIVERED,NORTH
O005604,C00553,2026-02-05 00:30:16,DELIVERED,EAST
O005605,C00553,2024-12-11 22:14:26,DELIVERED,WEST
O005606,C00553,2025-01-17 05:28:56,DELIVERED,SOUTH
O005607,C00553,2025-02-21 15:49:43,RETURNED,SOUTH
O005608,C00553,2025-12-02 14:12:57,DELIVERED,EAST
O005609,C00553,2025-11-01 18:37:48,DELIVERED,NORTH
O005610,C00553,2024-07-25 17:49:13,DELIVERED,CENTRAL
O005611,C00553,2026-03-09 07:35:35,PLACED,WEST
O005612,C00553,2024-10-24 21:16:01,RETURNED,WEST
O005613,C00553,2024-01-15 23:39:25,SHIPPED,SOUTH
O005614,C00553,2025-11-18 04:15:44,DELIVERED,NORTH
O005615,C00553,2024-12-14 16:51:37,DELIVERED,NORTH
O005616,C00553,2025-11-23 22:04:08,DELIVERED,NORTH
O005617,C00553,2025-12-21 16:08:56,CANCELLED,NORTH
O005618,C00553,2024-12-06 11:07:17,DELIVERED,WEST
O005619,C00553,2024-11-09 00:43:23,DELIVERED,NORTH
O005620,C00553,2026-04-25 02:13:59,DELIVERED,SOUTH
O005621,C00553,2024-04-01 15:33:24,DELIVERED,CENTRAL
O005622,C00553,2024-11-17 17:00:20,DELIVERED,NORTH
O005623,C00553,2025-12-19 15:05:21,DELIVERED,SOUTH
O005624,C00553,2024-12-21 01:17:59,DELIVERED,EAST
O005625,C00553,2024-10-30 20:44:14,DELIVERED,NORTH
O005626,C00553,2024-03-04 06:51:44,DELIVERED,EAST
O005627,C00553,2024-06-01 09:09:44,DELIVERED,EAST
O005628,C00553,2024-12-02 23:11:31,SHIPPED,EAST
O005629,C00553,21-04-2024 14:23:34,SHIPPED,EAST
O005630,NULL,2024-04-15 15:44:36,DELIVERED,NORTH
O005631,C00553,2026-02-09 09:25:36,DELIVERED,CENTRAL
O005632,C00553,2024-11-20 02:23:35,DELIVERED,CENTRAL
O005633,C00553,2026-10-25 00:00:00,DELIVERED,SOUTH
O005634,C00553,2024-10-16 23:39:37,DELIVERED,NORTH
O005635,C00554,2024-09-18 17:55:40,DELIVERED,SOUTH
O005636,C00554,2024-11-28 17:53:01,DELIVERED,WEST
O005637,C00554,2024-09-07 13:51:27,DELIVERED,WEST
O005638,C00554,2025-08-13 19:03:23,DELIVERED,NORTH
O005639,C00555,2025-10-10 20:20:00,SHIPPED,NORTH
O005640,C00556,2025-06-09 05:01:29,CANCELLED,NORTH
O005641,C00556,2026-07-28 03:05:21,SHIPPED,CENTRAL
O005642,NULL,2025-04-18 19:13:36,DELIVERED,NORTH
O005643,C00557,2024-02-09 15:02:35,DELIVERED,NORTH
O005644,C00557,2025-10-05 08:29:57,CANCELLED,CENTRAL
O005645,C00557,2025-11-05 09:21:01,DELIVERED,EAST
O005646,C00557,2025-11-18 17:27:09,SHIPPED,NORTH
O005647,C00557,19-10-2024 03:47:56,DELIVERED,NORTH
O005648,C00557,2025-12-25 13:08:00,DELIVERED,NORTH
O005649,C00557,2026-03-18 05:40:43,DELIVERED,NORTH
O005650,C00557,2025-03-07 10:31:45,PLACED,SOUTH
O005651,C00557,2024-07-09 09:09:43,DELIVERED,WEST
O005652,C00557,2024-10-01 06:36:01,DELIVERED,NORTH
O005653,C00557,2025-05-31 03:21:01,DELIVERED,North
O005654,C00557,2024-10-10 02:35:50,DELIVERED,SOUTH
O005655,C00557,2025-10-28 17:19:14,SHIPPED,EAST
O005656,C00557,2026-01-25 06:25:15,SHIPPED,NORTH
O005657,C00558,2024-12-06 20:38:38,DELIVERED,WEST
O005658,C00558,2025-06-19 02:36:05,DELIVERED,EAST
O005659,C00558,2025-10-05 18:31:36,DELIVERED,NORTH
O005660,C00558,2025-12-01 21:14:09,DELIVERED,SOUTH
O005661,C00559,2025-11-04 22:15:03,DELIVERED,NORTH
O005662,C00559,2024-11-25 18:58:42,DELIVERED,NORTH
O005663,C00560,2024-11-15 07:12:53,DELIVERED,CENTRAL
O005664,,2024-09-19 23:05:14,DELIVERED,NORTH
O005665,C00560,2025-04-02 21:13:31,RETURNED,SOUTH
O005666,C00560,2026-06-22 00:31:18,DELIVERED,NORTH
O005667,C00560,2026-09-05 00:00:00,PLACED,NORTH
O005668,C00560,2025-11-03 02:25:56,SHIPPED,NORTH
O005669,C00560,2025-10-25 21:27:55,DELIVERED,NORTH
O005670,C00560,2024-08-17 10:32:25,PLACED,WEST
O005671,C00560,25-11-2025 08:18:33,DELIVERED,WEST
O005672,C00560,2025-12-01 15:39:11,RETURNED,NORTH
O005673,C00560,2025-11-05 22:03:44,DELIVERED,NORTH
O005674,C00560,2026-02-16 20:33:07,SHIPPED,NORTH
O005675,C00560,2025-08-28 17:31:31,DELIVERED,NORTH
O005676,C00560,2026-07-05 15:06:29,SHIPPED,WEST
O005677,C00560,2025-11-10 17:13:00,CANCELLED,EAST
O005678,C00560,2024-01-17 21:33:42,DELIVERED,WEST
O005679,,2025-11-05 04:32:49,DELIVERED,SOUTH
O005680,C00560,2024-07-12 04:53:57,DELIVERED,EAST
O005681,C00560,2024-10-07 02:16:56,SHIPPED,WEST
O005682,C00560,2025-09-05 03:06:35,SHIPPED,NORTH
O005683,C00560,2025-11-17 08:48:22,DELIVERED,WEST
O005684,,2025-10-26 01:57:08,DELIVERED,WEST
O005685,C00560,2025-01-27 09:05:12,PLACED,EAST
O005686,C00560,2024-12-20 21:59:07,CANCELLED,NORTH
O005687,C00560,2026-05-12 09:06:47,Delivered,WEST
O005688,C00560,2024-11-05 05:15:59,PLACED,WEST
O005689,C00560,2024-08-31 15:53:13,DELIVERED,NORTH
O005690,C00560,2024-10-26 18:49:43,DELIVERED,EAST
O005691,C00560,2024-04-13 21:26:04,RETURNED,WEST
O005692,C00560,2025-12-07 11:15:31,CANCELLED,NORTH
O005693,C00560,2026-06-26 09:42:56,DELIVERED,NORTH
O005694,C00560,2025-07-07 18:18:39,DELIVERED,SOUTH
O005695,C00560,2024-06-06 13:17:38,DELIVERED,WEST
O005696,C00560,27-11-2024 20:52:19,PLACED,NORTH
O005697,C00560,2025-11-03 08:57:19,DELIVERED,West
O005698,C00561,2027-01-12 00:00:00,DELIVERED,WEST
O005699,C00561,2025-11-12 21:35:29,DELIVERED,CENTRAL
O005700,C00561,2024-10-13 06:34:26,PLACED,NORTH
O005701,C00561,28-11-2025 09:44:45,DELIVERED,WEST
O005702,C00561,2025-03-24 03:55:38,DELIVERED,SOUTH
O005703,C00561,2025-08-27 09:14:15,SHIPPED,SOUTH
O005704,C00561,2025-11-14 22:34:56,SHIPPED,SOUTH
O005705,C00561,2025-12-13 07:06:34,DELIVERED,SOUTH
O005706,C00561,2026-06-02 15:53:20,DELIVERED,EAST
O005707,C00561,2024-02-20 14:54:48,DELIVERED,WEST
O005708,C00561,2024-12-05 03:38:42,DELIVERED,NORTH
O005709,C00561,2026-03-20 21:19:46,DELIVERED,SOUTH
O005710,,2025-08-05 18:33:34,SHIPPED,NORTH
O005711,C00561,2025-05-16 21:43:37,DELIVERED,NORTH
O005712,C00561,2025-11-26 06:13:21,SHIPPED,EAST
O005713,,2024-02-25 23:00:22,DELIVERED,WEST
O005714,C00561,2025-10-04 19:45:34,RETURNED,SOUTH
O005715,C00561,2024-10-07 16:51:13,DELIVERED,SOUTH
O005716,C00561,2024-03-15 02:53:19,SHIPPED,SOUTH
O005717,C00562,2024-09-19 18:11:00,DELIVERED,WEST
O005718,C00562,2026-04-30 20:26:39,CANCELLED,NORTH
O005719,C00562,2025-01-14 16:16:10,DELIVERED,SOUTH
O005720,C00562,2025-11-27 07:37:01,DELIVERED,WEST
O005721,C00562,2024-12-01 00:11:52,DELIVERED,EAST
O005722,C00562,2024-10-30 16:26:50,DELIVERED,NORTH
O005723,C00562,2024-12-19 08:21:40,DELIVERED,SOUTH
O005724,C00562,2024-12-22 10:35:36,DELIVERED,SOUTH
O005725,C00562,2024-11-27 22:47:01,DELIVERED,NORTH
O005726,C00562,2024-11-22 07:14:36,RETURNED,EAST
O005727,C00562,2024-10-06 16:04:32,DELIVERED,WEST
O005728,C00562,2024-10-13 14:59:58,RETURNED,WEST
O005729,C00562,2024-02-12 18:35:17,DELIVERED,NORTH
O005730,C00562,2024-10-06 09:48:09,DELIVERED,WEST
O005731,C00562,2025-06-09 18:10:36,DELIVERED,WEST
O005732,C00562,2025-04-10 08:17:37,CANCELLED,WEST
O005733,C00562,2025-12-17 04:56:56,RETURNED,NORTH
O005734,C00562,2024-11-14 12:32:01,DELIVERED,NORTH
O005735,C00562,2026-04-17 11:17:05,RETURNED,west
O005736,,2024-02-01 10:12:33,PLACED,SOUTH
O005737,C00563,2025-10-13 08:55:26,DELIVERED,NORTH
O005738,C00563,2025-06-01 19:55:42,DELIVERED,WEST
O005739,C00564,2024-08-19 17:27:07,DELIVERED,WEST
O005740,C00564,2025-10-27 18:50:32,DELIVERED,NORTH
O005741,C00564,2025-10-26 06:11:41,DELIVERED,WEST
O005742,C00564,2025-04-15 14:51:38,DELIVERED,SOUTH
O005743,C00565,2026-02-19 01:26:00,SHIPPED,CENTRAL
O005744,C00565,2024-11-05 01:00:41,DELIVERED,NORTH
O005745,C00566,2026-04-24 01:56:14,Delivered,EAST
O005746,C00567,2025-11-07 11:56:58,SHIPPED,EAST
O005747,C00567,2026-04-10 18:27:28,DELIVERED,WEST
O005748,C00567,2025-02-21 03:52:45,RETURNED,EAST
O005749,C00567,2025-03-22 07:34:16,DELIVERED,CENTRAL
O005750,C00567,2025-12-13 00:31:12,Delivered,SOUTH
O005751,C00567,2025-07-18 12:39:58,DELIVERED,SOUTH
O005752,C00567,2024-12-05 07:49:49,DELIVERED,SOUTH
O005753,C00567,2025-04-13 17:10:22,delivered,EAST
O005754,C00567,2025-12-22 11:04:26,RETURNED,WEST
O005755,C00567,2025-06-06 18:15:28,DELIVERED,NORTH
O005756,C00567,2024-09-23 03:56:34,DELIVERED,WEST
O005757,C00567,2025-11-26 09:51:55,DELIVERED,NORTH
O005758,C00567,2026-05-06 15:28:27,SHIPPED,NORTH
O005759,C00567,2025-11-26 17:11:49,DELIVERED,NORTH
O005760,C00567,2025-11-02 16:18:32,SHIPPED,EAST
O005761,C00567,2025-09-23 12:06:10,DELIVERED,EAST
O005762,C00567,2025-11-07 13:31:41,delivered,WEST
O005763,C00567,2025-02-18 02:24:47,SHIPPED,SOUTH
O005764,C00567,2026-04-09 22:39:55,DELIVERED,EAST
O005765,C00567,2025-09-09 11:12:02,DELIVERED,NORTH
O005766,C00567,2026-02-04 06:32:15,DELIVERED,SOUTH
O005767,C00567,2025-11-20 11:44:39,RETURNED,EAST
O005768,C00567,2024-06-09 04:14:16,DELIVERED,EAST
O005769,C00567,2024-10-05 14:25:37,DELIVERED,NORTH
O005770,C00567,2024-10-22 13:05:52,DELIVERED,SOUTH
O005771,C00568,2024-09-15 00:55:29,Delivered,SOUTH
O005772,C00568,2025-12-17 15:15:51,DELIVERED,EAST
O005773,NULL,2024-12-27 06:24:08,DELIVERED,SOUTH
O005774,C00568,2024-09-04 09:16:39,DELIVERED,NOR
O005775,C00568,2026-04-28 05:36:59,DELIVERED,SOUTH
O005776,C00568,2026-04-03 05:34:53,RETURNED,WEST
O005777,C00568,2024-12-03 04:29:31,DELIVERED,SOUTH
O005778,C00568,2026-07-28 00:34:03,DELIVERED,NORTH
O005779,C00568,2024-11-01 22:24:20,DELIVERED,SOUTH
O005780,C00568,2025-04-07 13:32:55,DELIVERED,EAST
O005781,C00569,2024-02-25 18:28:27,SHIPPED,NORTH
O005782,C00569,2026-06-10 14:23:22,PLACED,NORTH
O005783,C00570,2024-08-10 04:22:53,DELIVERED,NORTH
O005784,C00571,2025-01-20 00:46:06,DELIVERED,NORTH
O005785,C00571,2025-11-21 16:06:13,SHIPPED,EAST
O005786,C00571,2026-02-15 05:35:48,DELIVERED,EAST
O005787,C00571,2025-11-08 16:33:42,SHIPPED,CENTRAL
O005788,C00572,2026-01-24 13:01:53,SHIPPED,NORTH
O005789,C00572,2024-03-01 13:37:23,DELIVERED,NORTH
O005790,C00572,2024-10-24 00:05:56,SHIPPED,WEST
O005791,C00572,2024-12-06 17:41:40,DELIVERED,EAST
O005792,C00572,2026-06-10 20:55:49,DELIVERED,NORTH
O005793,C00572,2026-02-21 19:58:21,SHIPPED,SOUTH
O005794,C00572,2026-04-28 01:30:28,DELIVERED,NORTH
O005795,C00572,2025-04-07 04:56:31,DELIVERED,SOUTH
O005796,C00572,2026-01-01 10:19:50,SHIPPED,WEST
O005797,C00572,2024-10-10 06:03:21,PLACED,WEST
O005798,,2024-06-04 17:27:41,DELIVERED,NORTH
O005799,C00572,2026-01-03 22:23:15,RETURNED,NORTH
O005800,C00573,2026-04-17 21:13:34,SHIPPED,NORTH
O005801,C00573,2025-08-19 12:07:48,RETURNED,WEST
O005802,C00573,2025-11-19 19:52:47,DELIVERED,NORTH
O005803,C00573,2026-05-04 09:57:24,DELIVERED,SOUTH
O005804,C00574,2025-11-04 17:03:12,DELIVERED,EAST
O005805,C00574,2024-10-10 22:56:20,DELIVERED,CENTRAL
O005806,C00574,2025-12-25 18:29:21,PLACED,WEST
O005807,C00574,2026-02-17 02:25:00,DELIVERED,NORTH
O005808,C00574,2025-10-31 05:32:34,DELIVERED,EAST
O005809,C00574,2024-12-28 18:06:15,DELIVERED,NORTH
O005810,C00574,2026-05-07 17:59:43,DELIVERED,NORTH
O005811,C00575,2025-01-03 11:20:46,DELIVERED,WEST
O005812,C00575,2025-12-19 01:28:03,RETURNED,WEST
O005813,C00575,2025-02-01 00:45:04,SHIPPED,NORTH
O005814,C00575,2024-08-16 13:14:53,DELIVERED,WEST
O005815,C00575,2024-11-26 02:01:48,PLACED,WEST
O005816,C00575,2025-10-17 12:04:59,DELIVERED,WEST
O005817,C00575,2024-11-10 19:38:05,CANCELLED,EAST
O005818,C00576,2024-10-27 12:48:55,CANCELLED,EAST
O005819,C00576,2024-11-02 07:10:47,PLACED,NORTH
O005820,C00576,2025-11-21 12:27:49,DELIVERED,WEST
O005821,C00576,2025-12-17 05:31:28,DELIVERED,WEST
O005822,C00576,2024-11-21 12:29:22,DELIVERED,NORTH
O005823,C00576,2026-07-22 01:52:18,CANCELLED,NORTH
O005824,C00576,2024-06-19 14:08:07,DELIVERED,NORTH
O005825,C00576,2024-06-08 19:51:25,DELIVERED,NORTH
O005826,C00576,2025-10-09 08:40:55,DELIVERED,SOUTH
O005827,C00576,2024-02-22 09:20:30,CANCELLED,NORTH
O005828,C00576,2024-10-06 14:54:31,DELIVERED,CENTRAL
O005829,C00576,2024-02-09 16:46:56,DELIVERED,WEST
O005830,C00576,2024-10-11 11:23:35,DELIVERED,SOUTH
O005831,C00576,2025-07-06 05:51:31,DELIVERED,SOUTH
O005832,C00576,2024-03-03 08:55:52,SHIPPED,NORTH
O005833,C00576,2026-07-25 03:05:34,RETURNED,WEST
O005834,C00576,2025-12-17 14:10:53,shipped,WEST
O005835,C00576,2024-02-18 11:21:28,SHIPPED,SOUTH
O005836,C00576,2026-11-27 00:00:00,DELIVERED,NORTH
O005837,C00576,2026-06-18 07:41:48,RETURNED,SOUTH
O005838,C00576,2025-12-09 06:41:12,SHIPPED,EAST
O005839,,2024-10-11 16:42:40,DELIVERED,NORTH
O005840,C00576,2026-06-19 10:27:06,DELIVERED,NORTH
O005841,C00576,2024-12-23 05:39:22,SHIPPED,SOUTH
O005842,C00576,2024-01-21 17:13:13,DELIVERED,NORTH
O005843,C00576,2025-03-26 21:12:53,DELIVERED,NORTH
O005844,NULL,2024-04-24 06:03:17,SHIPPED,EAST
O005845,C00576,2025-10-14 00:20:03,PLACED,SOUTH
O005846,C00576,2026-01-13 10:50:27,DELIVERED,WEST
O005847,,2024-09-17 22:35:08,DELIVERED,SOUTH
O005848,C00576,2025-10-06 04:25:56,SHIPPED,NORTH
O005849,,2024-10-19 22:31:21,SHIPPED,SOUTH
O005850,C00576,2026-06-11 20:46:21,DELIVERED,WEST
O005851,C00576,2025-07-05 09:29:33,PLACED,NORTH
O005852,C00576,2024-12-05 17:18:19,DELIVERED,NORTH
O005853,C00576,2024-12-23 19:06:06,DELIVERED,WEST
O005854,C00576,2024-12-07 21:00:37,PLACED,WEST
O005855,,2024-11-12 12:38:13,DELIVERED,SOUTH
O005856,C00576,2025-11-10 07:31:54,DELIVERED,WEST
O005857,C00576,2025-11-25 07:59:49,SHIPPED,WEST
O005858,C00576,2024-10-19 03:17:09,DELIVERED,NORTH
O005859,C00576,2025-10-04 07:37:33,CANCELLED,SOUTH
O005860,C00576,2024-06-09 11:34:32,DELIVERED,NORTH
O005861,C00576,2026-04-08 01:45:16,DELIVERED,NORTH
O005862,NULL,2024-08-18 19:15:35,DELIVERED,NORTH
O005863,C00576,2025-07-12 17:04:00,DELIVERED,WEST
O005864,C00576,2024-10-17 14:00:15,DELIVERED,WEST
O005865,C00577,17-07-2025 11:48:36,PLACED,SOUTH
O005866,C00577,2024-12-19 09:36:48,CANCELLED,NORTH
O005867,C00577,2024-10-12 06:20:54,DELIVERED,WEST
O005868,C00577,2025-06-09 01:56:54,SHIPPED,SOUTH
O005869,C00577,2024-10-15 10:21:50,DELIVERED,NORTH
O005870,C00577,2024-11-02 13:45:32,PLACED,WES
O005871,,2024-11-01 04:40:32,CANCELLED,NORTH
O005872,C00577,2026-03-01 04:47:32,SHIPPED,SOUTH
O005873,C00577,2026-03-03 02:17:58,RETURNED,NORTH
O005874,C00577,2025-04-27 20:41:56,PLACED,NORTH
O005875,C00577,2026-07-18 19:23:55,DELIVERED,WEST
O005876,C00577,2024-12-25 19:20:52,DELIVERED,NORTH
O005877,C00577,2026-01-20 07:32:18,DELIVERED,EAST
O005878,C00577,2026-01-03 17:51:01,DELIVERED,NORTH
O005879,C00577,2025-12-05 09:45:33,RETURNED,WEST
O005880,C00577,2025-11-21 23:38:41,DELIVERED,WEST
O005881,C00577,2024-11-22 23:39:14,SHIPPED,WEST
O005882,C00577,2024-08-28 05:21:26,DELIVERED,EAST
O005883,C00577,2025-03-08 21:06:03,DELIVERED,SOUTH
O005884,C00577,2024-11-22 21:05:17,DELIVERED,CENTRAL
O005885,C00577,2024-07-01 01:28:55,SHIPPED,WEST
O005886,C00577,2026-07-27 12:22:39,DELIVERED,NORTH
O005887,C00578,2024-07-31 18:03:53,DELIVERED,NORTH
O005888,C00578,2024-07-29 10:09:12,DELIVERED,NORTH
O005889,C00578,2024-08-09 20:04:07,RETURNED,NORTH
O005890,C00579,2024-11-03 14:41:29,DELIVERED,CENTRAL
O005891,C00579,2025-10-10 10:55:39,DELIVERED,WEST
O005892,C00579,15-04-2026 19:07:54,PLACED,NORTH
O005893,C00579,2024-06-30 23:02:24,DELIVERED,WEST
O005894,C00579,2024-10-11 08:56:13,DELIVERED,NORTH
O005895,C00579,2025-02-27 14:14:15,DELIVERED,NORTH
O005896,C00579,2025-10-17 11:14:24,DELIVERED,NORTH
O005897,C00579,2025-10-26 02:52:44,DELIVERED,NORTH
O005898,C00579,2024-12-16 23:03:27,RETURNED,EAST
O005899,C00579,2026-05-30 10:27:19,DELIVERED,NORTH
O005900,,2025-12-20 03:25:04,DELIVERED,NORTH
O005901,C00579,2024-12-07 00:44:48,DELIVERED,NORTH
O005902,C00579,2024-10-12 09:09:35,PLACED,EAST
O005903,C00579,2025-02-16 11:52:19,DELIVERED,EAST
O005904,C00579,2025-01-16 05:06:04,SHIPPED,WEST
O005905,C00579,2024-06-04 12:08:43,PLACED,NORTH
O005906,C00579,2024-01-17 00:32:20,DELIVERED,SOUTH
O005907,C00579,2024-07-12 06:46:58,DELIVERED,SOUTH
O005908,C00579,2025-01-10 01:03:45,SHIPPED,NORTH
O005909,C00579,2024-10-22 12:35:22,CANCELLED,NORTH
O005910,C00579,2024-12-07 09:08:21,Delivered,South
O005911,C00579,2024-12-24 04:58:49,DELIVERED,NORTH
O005912,C00579,2025-10-15 22:02:21,DELIVERED,EAST
O005913,C00579,2024-08-23 13:25:09,DELIVERED,WEST
O005914,,2026-02-22 13:30:06,DELIVERED,WEST
O005915,C00580,2024-11-23 13:13:08,CANCELLED,NORTH
O005916,C00580,2025-01-11 13:04:06,DELIVERED,SOUTH
O005917,C00580,2027-01-11 00:00:00,DELIVERED,NORTH
O005918,C00581,2024-10-12 00:00:48,SHIPPED,NORTH
O005919,C00581,2024-11-11 12:04:17,DELIVERED,NORTH
O005920,C00581,2025-08-28 19:43:57,SHIPPED,WEST
O005921,C00581,2025-08-20 03:30:46,DELIVERED,NORTH
O005922,C00581,2026-07-10 12:50:25,DELIVERED,WEST
O005923,C00582,2024-01-12 05:02:43,DELIVERED,WEST
O005924,C00582,2026-03-01 14:53:56,DELIVERED,SOUTH
O005925,C00582,2024-11-21 05:20:37,DELIVERED,NORTH
O005926,C00583,2026-02-17 15:35:20,DELIVERED,NORTH
O005927,C00583,2025-10-11 19:02:04,DELIVERED,SOUTH
O005928,C00583,2024-05-11 09:05:52,DELIVERED,NORTH
O005929,C00583,2026-02-22 10:11:18,DELIVERED,WEST
O005930,C00583,2024-09-18 09:07:43,DELIVERED,SOUTH
O005931,C00583,2026-06-30 17:23:21,DELIVERED,SOUTH
O005932,C00583,2025-07-14 09:11:46,DELIVERED,north
O005933,C00583,2025-12-18 16:38:50,DELIVERED,EAST
O005934,C00583,2024-11-08 01:44:43,PLACED,NORTH
O005935,C00583,2024-01-27 04:50:04,DELIVERED,NORTH
O005936,C00583,2025-12-15 16:09:20,SHIPPED,EAST
O005937,C00583,2024-12-12 09:02:54,DELIVERED,NORTH
O005938,C00583,2025-12-15 19:46:11,DELIVERED,WEST
O005939,C00583,2024-12-18 12:22:32,RETURNED,SOUTH
O005940,C00583,2025-11-18 03:36:51,SHIPPED,SOUTH
O005941,NULL,2025-07-02 07:35:16,DELIVERED,WEST
O005942,C00583,2026-05-26 07:01:06,DELIVERED,EAST
O005943,C00583,2024-10-15 15:21:39,DELIVERED,WEST
O005944,C00583,09-12-2024 09:24:55,delivered,WEST
O005945,C00583,2025-08-13 13:25:29,DELIVERED,EAST
O005946,C00583,2024-10-24 10:37:32,DELIVERED,West
O005947,C00583,2025-03-28 06:23:26,DELIVERED,North
O005948,C00584,2025-03-13 10:21:36,DELIVERED,EAST
O005949,C00584,2025-03-28 13:20:03,RETURNED,NORTH
O005950,,2025-05-04 08:36:25,SHIPPED,NORTH
O005951,C00584,2025-06-03 09:43:24,DELIVERED,EAST
O005952,C00584,2024-10-05 01:51:26,DELIVERED,CENTRAL
O005953,C00585,2024-11-16 22:00:55,DELIVERED,EAST
O005954,NULL,2024-08-12 22:57:50,DELIVERED,WEST
O005955,C00586,2024-03-07 21:10:50,PLACED,WEST
O005956,C00586,2024-09-24 23:10:33,CANCELLED,WEST
O005957,C00586,2024-10-10 10:24:11,RETURNED,EAST
O005958,C00586,2026-06-26 11:26:35,DELIVERED,NORTH
O005959,C00586,2025-11-28 18:03:27,DELIVERED,NORTH
O005960,C00586,2026-03-23 10:08:37,RETURNED,WEST
O005961,C00586,2024-01-21 17:42:37,Delivered,NORTH
O005962,C00586,2024-10-21 13:45:18,DELIVERED,NORTH
O005963,C00586,2025-07-24 19:23:44,DELIVERED,SOUTH
O005964,C00586,2025-11-10 14:33:57,DELIVERED,WEST
O005965,C00587,2024-07-01 14:01:43,DELIVERED,NORTH
O005966,C00587,2024-11-24 06:51:26,RETURNED,NORTH
O005967,C00587,2024-07-26 18:12:08,DELIVERED,WEST
O005968,C00588,2025-10-23 16:19:26,DELIVERED,WEST
O005969,C00588,2024-10-08 18:12:56,DELIVERED,SOUTH
O005970,C00588,2024-11-27 21:48:45,SHIPPED,EAST
O005971,C00588,2024-10-26 03:45:24,CANCELLED,WEST
O005972,C00588,2025-03-02 10:15:46,PLACED,SOUTH
O005973,C00588,2025-12-17 07:59:10,DELIVERED,NORTH
O005974,C00588,2024-12-03 14:30:44,SHIPPED,SOUTH
O005975,C00588,2025-06-06 00:47:25,DELIVERED,WEST
O005976,C00588,2026-01-30 01:01:48,DELIVERED,EAST
O005977,C00589,2025-11-28 19:33:11,RETURNED,NORTH
O005978,C00589,2024-10-08 01:36:13,DELIVERED,EAST
O005979,C00589,2024-02-24 05:20:00,DELIVERED,WEST
O005980,C00589,2025-12-12 04:31:19,DELIVERED,NORTH
O005981,C00589,2025-01-04 11:10:18,SHIPPED,WEST
O005982,C00589,2024-10-15 01:57:41,PLACED,WEST
O005983,C00589,2024-10-13 14:13:38,CANCELLED,WEST
O005984,C00589,2024-10-18 15:44:18,DELIVERED,NORTH
O005985,C00589,16-11-2025 00:12:18,SHIPPED,WEST
O005986,C00590,2025-10-21 14:41:17,DELIVERED,SOUTH
O005987,C00590,2025-11-10 05:52:59,DELIVERED,NORTH
O005988,C00590,2025-07-01 01:20:06,DELIVERED,SOUTH
O005989,C00590,2024-03-23 10:51:13,PLACED,NORTH
O005990,C00590,2024-11-01 09:45:57,DELIVERED,WEST
O005991,C00590,2025-12-01 04:02:31,RETURNED,WEST
O005992,C00590,2024-12-11 16:04:58,DELIVERED,WEST
O005993,C00590,2025-02-01 23:30:29,PLACED,NORTH
O005994,C00590,2026-03-24 07:50:05,DELIVERED,NORTH
O005995,C00590,2025-11-28 11:14:32,DELIVERED,NORTH
O005996,C00591,2025-11-21 16:29:32,DELIVERED,NORTH
O005997,C00591,2024-11-26 14:14:10,CANCELLED,WEST
O005998,C00591,2025-10-10 10:33:43,RETURNED,NORTH
O005999,C00591,2026-05-11 12:09:41,SHIPPED,NORTH
O006000,C00592,2024-11-05 11:05:50,DELIVERED,CENTRAL
O006001,C00592,2024-06-02 01:32:24,DELIVERED,WEST
O006002,C00592,2025-06-22 23:43:36,SHIPPED,NORTH
O006003,C00592,2024-10-24 14:14:09,PLACED,EAST
O006004,C00593,2025-06-20 13:20:00,DELIVERED,EAST
O006005,C00593,2024-10-21 11:10:15,DELIVERED,SOUTH
O006006,C00594,2025-11-30 15:36:30,CANCELLED,NORTH
O006007,C00594,2024-10-27 14:33:08,DELIVERED,SOUTH
O006008,C00594,2024-11-06 08:50:08,DELIVERED,NORTH
O006009,C00594,2026-01-10 18:43:03,DELIVERED,EAST
O006010,C00594,2025-02-23 21:15:52,DELIVERED,WEST
O006011,,2024-12-28 04:31:29,PLACED,NORTH
O006012,C00594,2025-12-18 03:30:15,DELIVERED,NORTH
O006013,C00594,2024-11-10 05:41:02,DELIVERED,SOUTH
O006014,C00594,2025-01-26 11:00:42,PLACED,NORTH
O006015,C00595,2025-04-28 09:04:07,SHIPPED,WEST
O006016,C00595,2024-08-17 03:29:59,PLACED,NORTH
O006017,C00595,2025-05-27 03:24:31,DELIVERED,NORTH
O006018,C00596,2024-04-07 13:48:50,SHIPPED,NORTH
O006019,C00596,2024-03-27 08:00:38,DELIVERED,NORTH
O006020,C00596,2025-12-26 08:00:18,CANCELLED,SOUTH
O006021,C00596,2025-11-02 00:47:31,DELIVERED,EAST
O006022,C00596,2025-02-23 01:56:25,DELIVERED,WEST
O006023,C00596,2026-02-21 16:48:51,PLACED,CENTRAL
O006024,C00596,2025-03-02 08:18:02,DELIVERED,SOUTH
O006025,C00596,2024-07-25 17:24:25,DELIVERED,CENTRAL
O006026,C00596,2026-04-27 18:10:53,DELIVERED,NORTH
O006027,C00596,2025-10-09 11:55:14,DELIVERED,WEST
O006028,C00596,2024-10-05 15:25:25,DELIVERED,NORTH
O006029,C00597,2024-08-19 02:25:25,DELIVERED,NORTH
O006030,C00597,2024-12-13 07:38:32,DELIVERED,SOU
O006031,C00598,2025-09-05 08:01:00,DELIVERED,SOUTH
O006032,C00598,2025-09-15 08:27:17,SHIPPED,NORTH
O006033,C00598,2025-12-25 13:21:28,PLACED,NORTH
O006034,C00598,2024-12-06 17:05:20,DELIVERED,CENTRAL
O006035,C00598,2026-01-28 21:12:02,DELIVERED,NORTH
O006036,C00598,2024-04-18 20:12:45,RETURNED,EAST
O006037,C00598,2024-12-26 14:27:36,RETURNED,NORTH
O006038,C00598,2025-10-06 14:36:07,DELIVERED,CENTRAL
O006039,C00599,2026-05-05 04:54:32,DELIVERED,NORTH
O006040,C00599,2024-12-07 02:33:21,PLACED,NORTH
O006041,C00599,2025-04-12 11:53:02,DELIVERED,WEST
O006042,C00599,2026-01-15 16:42:34,DELIVERED,NORTH
O006043,C00599,2025-12-26 23:37:28,DELIVERED,NORTH
O006044,C00599,2025-03-26 06:47:57,RETURNED,SOUTH
O006045,C00599,2025-11-07 07:47:08,RETURNED,NORTH
O006046,C00599,2024-10-11 05:07:03,DELIVERED,WEST
O006047,C00599,2024-10-03 06:33:27,DELIVERED,NORTH
O006048,C00599,2025-03-09 01:40:10,PLACED,WEST
O006049,C00599,2025-05-31 12:01:01,RETURNED,NORTH
O006050,C00599,2025-10-01 16:00:52,SHIPPED,WEST
O006051,,2024-06-28 05:33:17,DELIVERED,EAST
O006052,C00599,2025-12-17 04:04:38,DELIVERED,NORTH
O006053,C00599,2024-02-02 10:22:24,DELIVERED,NORTH
O006054,C00599,2025-11-24 10:24:33,SHIPPED,EAST
O006055,C00599,2025-02-06 15:21:59,DELIVERED,NORTH
O006056,C00599,2025-09-15 15:34:18,CANCELLED,WEST
O006057,C00599,2024-06-10 19:11:41,PLACED,CENTRAL
O006058,,2025-11-17 21:32:30,DELIVERED,North
O006059,,2024-10-23 05:42:22,DELIVERED,SOUTH
O006060,C00599,2025-12-05 05:47:17,DELIVERED,SOUTH
O006061,C00599,2024-10-07 20:24:20,DELIVERED,NORTH
O006062,C00599,2024-01-02 19:06:07,PLACED,NORTH
O006063,C00599,2025-04-25 13:28:59,DELIVERED,WEST
O006064,C00599,2025-08-11 13:03:54,DELIVERED,NORTH
O006065,C00599,2025-04-13 04:48:11,DELIVERED,WEST
O006066,C00599,2024-01-20 15:28:56,DELIVERED,SOUTH
O006067,C00599,2025-11-11 01:30:19,DELIVERED,WEST
O006068,C00599,2026-06-20 19:07:04,Placed,WEST
O006069,C00599,2026-01-21 07:57:49,DELIVERED,EAST
O006070,C00599,2024-12-05 03:52:25,DELIVERED,WEST
O006071,C00599,2026-06-21 03:23:56,DELIVERED,EAST
O006072,C00600,2024-12-03 10:08:49,CANCELLED,WEST
O006073,C00600,2024-10-02 02:47:23,DELIVERED,NORTH
O006074,C00600,2025-02-20 16:10:21,DELIVERED,NORTH
O006075,C00600,2024-03-21 00:57:45,DELIVERED,WEST
