customer_id,customer_name,email,city,state,age,gender,membership,last_purchase,total_spent
1,Customer_1,customer1@mail.com,Hyderabad,TS,53,Male,Platinum,2025-12-14,4011.13
2,Customer_2,customer2@mail.com,Delhi,DL,,Male,Gold,2025-07-06,4516.53
3,Customer_3,customer3@mail.com,Mumbai,MH,65,Female,Platinum,2026-04-15,8383.93
4,Customer_4,customer4@mail.com,Delhi,DL,39,Male,Gold,2026-05-16,3646.09
5,Customer_5,customer5@mail.com,Hyderabad,TS,62,Female,Gold,2026-03-16,1514.76
6,Customer_6,customer6@mail.com,Pune,MH,59,Male,Silver,2025-05-24,8506.96
7,Customer_7,customer7@mail.com,Chennai,TN,33,Female,Platinum,2026-04-30,1153.05
8,Customer_8,customer8@mail.com,Delhi,DL,,Male,Platinum,2025-03-23,6485.85
9,Customer_9,customer9@mail.com,Pune,MH,,Female,Platinum,2025-11-19,9631.17
10,Customer_10,customer10@mail.com,Bengaluru,KA,36,Male,Platinum,2026-03-13,5433.73
11,Customer_11,customer11@mail.com,Mumbai,MH,36,Female,Silver,2025-04-26,9327.25
12,Customer_12,customer12@mail.com,Bengaluru,KA,,Female,Platinum,2026-03-12,2103.09
13,Customer_13,customer13@mail.com,Mumbai,MH,,Male,Silver,2025-01-23,4329.97
14,Customer_14,customer14@mail.com,Delhi,DL,,Male,Gold,2025-02-01,1444.17
15,Customer_15,customer15@mail.com,Chennai,TN,,Male,Gold,2025-12-07,6442.3
16,Customer_16,customer16@mail.com,Mumbai,MH,51,Female,Gold,2025-09-12,7200.01
17,Customer_17,customer17@mail.com,Bengaluru,KA,,Female,Gold,2025-01-24,4635.66
18,Customer_18,customer18@mail.com,Delhi,DL,20,Male,Platinum,2025-08-19,5951.57
19,Customer_19,customer19@mail.com,Chennai,TN,60,Female,Gold,2025-06-27,1609.14
20,Customer_20,customer20@mail.com,Chennai,TN,,Female,Platinum,2026-01-11,8110.33
21,Customer_21,customer21@mail.com,Pune,MH,,Male,Platinum,2026-04-12,264.19
22,Customer_22,customer22@mail.com,Delhi,DL,,Female,Platinum,2025-12-03,6875.33
23,Customer_23,,Pune,MH,35,Female,Silver,2025-10-27,7188.79
24,Customer_24,customer24@mail.com,Delhi,DL,40,Male,Gold,2025-08-04,3414.72
25,Customer_25,customer25@mail.com,Mumbai,MH,26,Male,Platinum,2025-11-17,2205.89
26,Customer_26,customer26@mail.com,Pune,MH,43,Male,Gold,2026-01-26,6760.25
27,Customer_27,customer27@mail.com,Pune,MH,,Male,Silver,2026-03-16,404.45
28,Customer_28,customer28@mail.com,Delhi,DL,57,Female,Silver,2025-02-18,4829.48
29,Customer_29,customer29@mail.com,Mumbai,MH,45,Female,Gold,2025-09-09,9319.74
30,Customer_30,customer30@mail.com,Bengaluru,KA,20,Male,Platinum,2026-01-01,7189.94
31,Customer_31,customer31@mail.com,Hyderabad,TS,62,Male,Gold,2025-10-11,1485.35
32,Customer_32,customer32@mail.com,Bengaluru,KA,38,Female,Silver,2025-06-29,1296.87
33,Customer_33,customer33@mail.com,Pune,MH,,Male,Platinum,2026-05-14,8740.09
34,Customer_34,customer34@mail.com,Bengaluru,KA,31,Male,Gold,2025-07-09,5723.15
35,Customer_35,customer35@mail.com,Chennai,TN,19,Female,Gold,2025-12-29,3884.16
36,Customer_36,customer36@mail.com,Bengaluru,KA,,Female,Platinum,2025-02-23,6007.31
37,Customer_37,customer37@mail.com,Delhi,DL,56,Male,Gold,2025-06-16,1232.53
38,Customer_38,customer38@mail.com,Mumbai,MH,26,Male,Gold,2025-12-05,6524.2
39,Customer_39,customer39@mail.com,Chennai,TN,30,Female,Silver,2025-08-21,550.48
40,Customer_40,customer40@mail.com,Hyderabad,TS,,Male,Gold,2025-01-23,4785.84
41,Customer_41,customer41@mail.com,Mumbai,MH,,Female,Gold,2025-09-13,744.09
42,Customer_42,customer42@mail.com,Mumbai,MH,,Male,Gold,2025-09-22,1699.95
43,Customer_43,customer43@mail.com,Bengaluru,KA,61,Male,Silver,2025-12-28,6073.05
44,Customer_44,customer44@mail.com,Chennai,TN,24,Female,Silver,2025-04-06,7848.15
45,Customer_45,customer45@mail.com,Mumbai,MH,38,Male,Silver,2025-08-09,2080.19
46,Customer_46,customer46@mail.com,Mumbai,MH,39,Female,Silver,2025-10-23,598.23
47,Customer_47,customer47@mail.com,Hyderabad,TS,26,Female,Silver,2025-03-01,7410.32
48,Customer_48,customer48@mail.com,Chennai,TN,,Female,Gold,2025-12-20,7130.96
49,Customer_49,customer49@mail.com,Delhi,DL,,Male,Platinum,2025-01-28,4487.96
50,Customer_50,customer50@mail.com,Delhi,DL,,Male,Silver,2025-02-02,7011.6
51,Customer_51,customer51@mail.com,Pune,MH,,Female,Platinum,2025-09-12,3726.74
52,Customer_52,customer52@mail.com,Mumbai,MH,58,Female,Gold,2026-01-09,2848.96
53,Customer_53,customer53@mail.com,Chennai,TN,54,Female,Silver,2026-05-11,3879.42
54,Customer_54,customer54@mail.com,Mumbai,MH,40,Male,Gold,2026-02-18,1124.9
55,Customer_55,customer55@mail.com,Mumbai,MH,,Male,Platinum,2025-11-10,4297.73
56,Customer_56,customer56@mail.com,Mumbai,MH,,Female,Silver,2025-06-24,5100.31
57,Customer_57,customer57@mail.com,Mumbai,MH,,Female,Gold,2025-12-11,436.37
58,Customer_58,customer58@mail.com,Chennai,TN,41,Female,Gold,2025-09-23,3238.85
59,Customer_59,customer59@mail.com,Bengaluru,KA,,Female,Platinum,2025-11-30,6670.8
60,Customer_60,customer60@mail.com,Hyderabad,TS,,Female,Silver,2025-06-01,260.79
61,Customer_61,customer61@mail.com,Pune,MH,,Male,Platinum,2026-04-08,8841.82
62,Customer_62,customer62@mail.com,Bengaluru,KA,,Female,Gold,2026-01-16,2518.16
63,Customer_63,customer63@mail.com,Pune,MH,24,Male,Gold,2025-02-19,328.64
64,Customer_64,customer64@mail.com,Mumbai,MH,,Female,Silver,2025-02-28,9611.1
65,Customer_65,customer65@mail.com,Chennai,TN,,Female,Platinum,2025-08-03,4213.63
66,Customer_66,customer66@mail.com,Bengaluru,KA,42,Male,Silver,2025-06-01,5241.2
67,Customer_67,customer67@mail.com,Chennai,TN,20,Male,Gold,2025-12-23,9885.65
68,Customer_68,customer68@mail.com,Delhi,DL,,Male,Silver,2025-09-03,8286.59
69,Customer_69,customer69@mail.com,Pune,MH,40,Female,Silver,2026-04-04,3433.92
70,Customer_70,customer70@mail.com,Pune,MH,49,Male,Silver,2025-08-05,2301.56
71,Customer_71,customer71@mail.com,Delhi,DL,22,Female,Gold,2026-03-10,5882.58
72,Customer_72,customer72@mail.com,Delhi,DL,52,Female,Gold,2025-11-27,592.16
73,Customer_73,customer73@mail.com,Pune,MH,,Female,Silver,2025-08-13,1660.32
74,Customer_74,customer74@mail.com,Chennai,TN,46,Male,Silver,2025-11-06,2460.29
75,Customer_75,customer75@mail.com,Bengaluru,KA,45,Male,Silver,2025-04-26,3117.65
76,Customer_76,customer76@mail.com,Pune,MH,,Female,Silver,2025-01-15,2443.7
77,Customer_77,customer77@mail.com,Hyderabad,TS,,Female,Silver,2025-08-19,5817.59
78,Customer_78,customer78@mail.com,Chennai,TN,45,Male,Silver,2025-04-07,782.24
79,Customer_79,customer79@mail.com,Delhi,DL,54,Male,Gold,2025-07-25,4252.4
80,Customer_80,customer80@mail.com,Mumbai,MH,32,Male,Platinum,2026-01-02,7704.68
81,Customer_81,customer81@mail.com,Bengaluru,KA,,Female,Gold,2026-01-03,8131.83
82,Customer_82,customer82@mail.com,Bengaluru,KA,53,Male,Gold,2025-10-03,9512.26
83,Customer_83,customer83@mail.com,Delhi,DL,28,Male,Platinum,2025-05-28,5730.4
84,Customer_84,customer84@mail.com,Bengaluru,KA,,Female,Gold,2025-08-18,8728.87
85,Customer_85,customer85@mail.com,Hyderabad,TS,,Female,Gold,2025-06-23,5834.58
86,Customer_86,customer86@mail.com,Chennai,TN,57,Female,Silver,2025-11-17,4755.06
87,Customer_87,customer87@mail.com,Delhi,DL,57,Male,Silver,2026-05-04,5279.99
88,Customer_88,customer88@mail.com,Delhi,DL,49,Female,Platinum,2026-05-03,8310.36
89,Customer_89,customer89@mail.com,Delhi,DL,,Male,Gold,2026-01-22,4220.19
90,Customer_90,customer90@mail.com,Delhi,DL,28,Male,Silver,2025-08-22,3286.46
91,Customer_91,customer91@mail.com,Pune,MH,,Male,Platinum,2026-05-06,6728.2
92,Customer_92,customer92@mail.com,Chennai,TN,21,Female,Platinum,2025-08-01,9502.0
93,Customer_93,customer93@mail.com,Chennai,TN,,Male,Silver,2025-07-02,3759.13
94,Customer_94,customer94@mail.com,Delhi,DL,,Female,Platinum,2025-10-30,3028.98
95,Customer_95,customer95@mail.com,Bengaluru,KA,,Male,Gold,2025-09-20,4730.18
96,Customer_96,customer96@mail.com,Mumbai,MH,,Female,Platinum,2026-04-28,4529.33
97,Customer_97,customer97@mail.com,Bengaluru,KA,,Male,Silver,2025-09-21,4480.61
98,Customer_98,customer98@mail.com,Chennai,TN,30,Male,Gold,2025-04-14,3399.19
99,Customer_99,customer99@mail.com,Delhi,DL,26,Male,Platinum,2025-04-01,1423.35
100,Customer_100,customer100@mail.com,Pune,MH,28,Male,Gold,2025-06-18,6495.04
101,Customer_101,customer101@mail.com,Hyderabad,TS,,Male,Platinum,2025-03-02,7226.49
102,Customer_102,customer102@mail.com,Hyderabad,TS,41,Female,Platinum,2025-05-21,5443.83
103,Customer_103,customer103@mail.com,Delhi,DL,,Female,Platinum,2025-05-26,127.63
104,Customer_104,customer104@mail.com,Hyderabad,TS,28,Male,Gold,2026-04-15,4152.7
105,Customer_105,customer105@mail.com,Hyderabad,TS,,Male,Gold,2025-08-27,2057.06
106,Customer_106,customer106@mail.com,Delhi,DL,,Female,Platinum,2025-02-21,3177.68
107,Customer_107,customer107@mail.com,Delhi,DL,46,Female,Silver,2025-08-27,981.73
108,Customer_108,customer108@mail.com,Pune,MH,23,Female,Platinum,2026-03-23,578.79
109,Customer_109,customer109@mail.com,Pune,MH,,Female,Gold,2026-01-29,8559.11
110,Customer_110,customer110@mail.com,Delhi,DL,58,Female,Gold,2025-08-12,2155.08
111,Customer_111,customer111@mail.com,Mumbai,MH,,Female,Platinum,2026-02-14,770.4
112,Customer_112,customer112@mail.com,Mumbai,MH,,Male,Platinum,2025-08-27,4341.67
113,Customer_113,customer113@mail.com,Delhi,DL,,Female,Silver,2025-07-31,2577.89
114,Customer_114,customer114@mail.com,Pune,MH,28,Female,Gold,2025-12-27,598.32
115,Customer_115,customer115@mail.com,Hyderabad,TS,18,Male,Gold,2025-11-20,3649.86
116,Customer_116,customer116@mail.com,Pune,MH,,Male,Gold,2025-07-08,3618.15
117,Customer_117,customer117@mail.com,Bengaluru,KA,,Male,Platinum,2025-03-23,1859.47
118,Customer_118,customer118@mail.com,Delhi,DL,19,Female,Silver,2025-05-11,4581.35
119,Customer_119,customer119@mail.com,Chennai,TN,62,Male,Gold,2026-03-25,6253.1
120,Customer_120,customer120@mail.com,Pune,MH,,Male,Silver,2025-06-30,1955.78
121,Customer_121,customer121@mail.com,Chennai,TN,,Male,Platinum,2025-07-29,5123.47
122,Customer_122,customer122@mail.com,Hyderabad,TS,,Male,Silver,2025-02-05,3669.27
123,Customer_123,customer123@mail.com,Hyderabad,TS,,Female,Silver,2026-05-03,7182.5
124,Customer_124,customer124@mail.com,Pune,MH,41,Male,Gold,2026-05-13,6795.67
125,Customer_125,customer125@mail.com,Pune,MH,,Male,Gold,2025-11-14,120.95
126,Customer_126,customer126@mail.com,Bengaluru,KA,58,Female,Silver,2025-10-14,2643.11
127,Customer_127,customer127@mail.com,Chennai,TN,,Male,Gold,2025-08-07,7879.26
128,Customer_128,customer128@mail.com,Mumbai,MH,,Female,Silver,2025-10-05,9576.16
129,Customer_129,customer129@mail.com,Delhi,DL,,Male,Gold,2025-05-24,6277.45
130,Customer_130,customer130@mail.com,Hyderabad,TS,44,Female,Platinum,2025-07-03,4775.62
131,Customer_131,customer131@mail.com,Hyderabad,TS,,Female,Silver,2025-12-19,8401.88
132,Customer_132,customer132@mail.com,Chennai,TN,40,Female,Silver,2025-12-05,560.66
133,Customer_133,customer133@mail.com,Chennai,TN,44,Female,Silver,2025-08-04,1450.76
134,Customer_134,customer134@mail.com,Chennai,TN,36,Female,Gold,2025-09-15,994.54
135,Customer_135,customer135@mail.com,Bengaluru,KA,,Male,Silver,2025-06-19,1805.86
136,Customer_136,customer136@mail.com,Chennai,TN,41,Female,Gold,2025-06-25,5804.46
137,Customer_137,customer137@mail.com,Hyderabad,TS,19,Male,Platinum,2025-05-07,9146.2
138,Customer_138,customer138@mail.com,Chennai,TN,59,Female,Platinum,2025-12-22,7268.75
139,Customer_139,customer139@mail.com,Pune,MH,,Female,Platinum,2026-01-20,1007.79
140,Customer_140,customer140@mail.com,Mumbai,MH,,Male,Gold,2025-09-29,4276.7
141,Customer_141,customer141@mail.com,Chennai,TN,,Female,Platinum,2025-11-11,4004.5
142,Customer_142,customer142@mail.com,Bengaluru,KA,,Female,Silver,2026-02-02,6116.92
143,Customer_143,customer143@mail.com,Delhi,DL,39,Male,Platinum,2025-03-31,3423.21
144,Customer_144,customer144@mail.com,Chennai,TN,,Female,Gold,2025-07-10,3772.32
145,Customer_145,customer145@mail.com,Mumbai,MH,34,Female,Platinum,2026-01-11,1358.94
146,Customer_146,customer146@mail.com,Pune,MH,62,Male,Silver,2026-04-27,5233.08
147,Customer_147,customer147@mail.com,Mumbai,MH,30,Male,Gold,2025-01-26,3643.24
148,Customer_148,customer148@mail.com,Pune,MH,,Male,Gold,2025-09-18,1209.24
149,Customer_149,customer149@mail.com,Mumbai,MH,,Male,Silver,2025-10-23,8995.88
150,Customer_150,customer150@mail.com,Delhi,DL,,Male,Silver,2025-06-05,3158.19
151,Customer_151,customer151@mail.com,Mumbai,MH,63,Male,Silver,2026-01-18,2526.35
152,Customer_152,customer152@mail.com,Pune,MH,18,Male,Gold,2025-11-25,3446.5
153,Customer_153,customer153@mail.com,Delhi,DL,,Female,Platinum,2025-11-06,1392.74
154,Customer_154,customer154@mail.com,Delhi,DL,,Male,Platinum,2025-05-06,8443.79
155,Customer_155,customer155@mail.com,Pune,MH,18,Female,Silver,2026-04-20,8632.31
156,Customer_156,customer156@mail.com,Chennai,TN,,Female,Platinum,2026-01-20,8302.62
157,Customer_157,customer157@mail.com,Chennai,TN,,Female,Platinum,2025-07-27,7184.55
158,Customer_158,customer158@mail.com,Bengaluru,KA,,Female,Silver,2026-05-16,7535.7
159,Customer_159,customer159@mail.com,Hyderabad,TS,,Male,Platinum,2026-03-29,9239.34
160,Customer_160,customer160@mail.com,Pune,MH,,Female,Gold,2025-01-20,9340.2
161,Customer_161,customer161@mail.com,Hyderabad,TS,64,Female,Silver,2025-09-30,8871.56
162,Customer_162,customer162@mail.com,Delhi,DL,,Female,Gold,2025-06-11,8001.68
163,Customer_163,customer163@mail.com,Delhi,DL,,Male,Silver,2025-07-02,842.81
164,Customer_164,customer164@mail.com,Delhi,DL,29,Female,Platinum,2025-09-27,3379.69
165,Customer_165,customer165@mail.com,Hyderabad,TS,,Female,Gold,2026-04-03,7335.49
166,Customer_166,customer166@mail.com,Bengaluru,KA,56,Female,Gold,2025-01-17,4708.02
167,Customer_167,customer167@mail.com,Delhi,DL,51,Male,Gold,2025-10-21,1030.76
168,Customer_168,customer168@mail.com,Chennai,TN,,Female,Silver,2025-12-11,2671.26
169,Customer_169,customer169@mail.com,Hyderabad,TS,,Male,Platinum,2025-04-18,4791.1
170,Customer_170,customer170@mail.com,Chennai,TN,,Male,Platinum,2026-03-08,7480.03
171,Customer_171,customer171@mail.com,Pune,MH,62,Female,Platinum,2025-12-07,9148.13
172,Customer_172,customer172@mail.com,Hyderabad,TS,29,Male,Gold,2025-01-17,656.36
173,Customer_173,customer173@mail.com,Hyderabad,TS,65,Male,Platinum,2025-09-28,4128.97
174,Customer_174,customer174@mail.com,Delhi,DL,49,Male,Silver,2025-09-29,3388.29
175,Customer_175,customer175@mail.com,Bengaluru,KA,,Female,Silver,2025-11-20,7881.95
176,Customer_176,customer176@mail.com,Chennai,TN,53,Male,Silver,2025-12-23,6041.77
177,Customer_177,customer177@mail.com,Hyderabad,TS,,Female,Gold,2026-01-05,4437.98
178,Customer_178,customer178@mail.com,Mumbai,MH,30,Female,Platinum,2026-04-16,3295.86
179,Customer_179,customer179@mail.com,Mumbai,MH,,Male,Silver,2026-02-15,9703.35
180,Customer_180,customer180@mail.com,Pune,MH,,Female,Gold,2025-06-27,1795.39
181,Customer_181,customer181@mail.com,Chennai,TN,37,Male,Platinum,2025-09-24,4171.46
182,Customer_182,customer182@mail.com,Mumbai,MH,,Female,Gold,2026-03-30,9141.59
183,Customer_183,customer183@mail.com,Bengaluru,KA,38,Female,Gold,2025-07-04,8373.54
184,Customer_184,customer184@mail.com,Bengaluru,KA,,Female,Platinum,2025-05-26,4614.91
185,Customer_185,customer185@mail.com,Chennai,TN,54,Male,Silver,2025-11-23,4521.26
186,Customer_186,customer186@mail.com,Mumbai,MH,,Male,Silver,2025-04-02,8463.54
187,Customer_187,customer187@mail.com,Delhi,DL,,Female,Platinum,2025-09-03,1055.52
188,Customer_188,customer188@mail.com,Pune,MH,55,Male,Platinum,2025-09-14,4737.24
189,Customer_189,customer189@mail.com,Mumbai,MH,,Male,Silver,2025-05-20,2083.46
190,Customer_190,customer190@mail.com,Pune,MH,44,Male,Gold,2026-01-22,7845.8
191,Customer_191,,Chennai,TN,64,Female,Silver,2025-03-16,4428.22
192,Customer_192,customer192@mail.com,Mumbai,MH,,Male,Platinum,2025-10-25,5414.15
193,Customer_193,customer193@mail.com,Delhi,DL,,Female,Gold,2025-11-06,3400.96
194,Customer_194,customer194@mail.com,Chennai,TN,,Female,Gold,2026-01-14,5790.48
195,Customer_195,customer195@mail.com,Delhi,DL,32,Male,Gold,2025-11-06,8830.91
196,Customer_196,customer196@mail.com,Chennai,TN,,Male,Platinum,2026-01-31,3506.54
197,Customer_197,customer197@mail.com,Delhi,DL,,Male,Gold,2025-03-18,7088.32
198,Customer_198,customer198@mail.com,Hyderabad,TS,38,Female,Silver,2025-07-29,3490.57
199,Customer_199,customer199@mail.com,Bengaluru,KA,60,Female,Gold,2025-09-27,1712.49
200,Customer_200,customer200@mail.com,Delhi,DL,,Male,Gold,2025-04-26,6890.7
201,Customer_201,customer201@mail.com,Bengaluru,KA,,Female,Platinum,2025-10-14,3157.81
202,Customer_202,customer202@mail.com,Delhi,DL,,Male,Platinum,2025-04-16,6752.63
203,Customer_203,customer203@mail.com,Mumbai,MH,27,Male,Gold,2025-05-17,1994.03
204,Customer_204,customer204@mail.com,Delhi,DL,,Male,Silver,2025-02-04,3951.67
205,Customer_205,,Bengaluru,KA,,Male,Platinum,2025-06-04,6265.06
206,Customer_206,customer206@mail.com,Pune,MH,26,Male,Platinum,2025-03-20,9407.95
207,Customer_207,customer207@mail.com,Pune,MH,,Male,Silver,2025-02-05,9318.38
208,Customer_208,customer208@mail.com,Pune,MH,,Male,Platinum,2025-02-11,7209.17
209,Customer_209,customer209@mail.com,Hyderabad,TS,49,Male,Silver,2025-10-28,7357.31
210,Customer_210,customer210@mail.com,Hyderabad,TS,25,Male,Silver,2025-04-13,7749.27
211,Customer_211,customer211@mail.com,Mumbai,MH,49,Male,Gold,2025-12-26,3161.73
212,Customer_212,customer212@mail.com,Mumbai,MH,,Male,Silver,2026-04-15,7675.62
213,Customer_213,customer213@mail.com,Mumbai,MH,,Female,Silver,2026-03-20,9629.33
214,Customer_214,customer214@mail.com,Mumbai,MH,,Male,Gold,2025-11-21,7817.96
215,Customer_215,customer215@mail.com,Mumbai,MH,26,Male,Platinum,2025-03-15,5178.14
216,Customer_216,,Hyderabad,TS,,Female,Platinum,2025-03-15,9923.72
217,Customer_217,customer217@mail.com,Chennai,TN,61,Male,Silver,2026-01-04,734.34
218,Customer_218,customer218@mail.com,Chennai,TN,,Male,Platinum,2025-02-15,9198.81
219,Customer_219,customer219@mail.com,Bengaluru,KA,19,Male,Gold,2025-05-29,2961.46
220,Customer_220,customer220@mail.com,Pune,MH,42,Female,Silver,2025-03-23,4424.86
221,Customer_221,customer221@mail.com,Chennai,TN,59,Male,Platinum,2025-02-26,7959.59
222,Customer_222,customer222@mail.com,Pune,MH,,Male,Silver,2025-08-24,1112.74
223,Customer_223,customer223@mail.com,Pune,MH,,Male,Silver,2026-04-05,3579.76
224,Customer_224,customer224@mail.com,Hyderabad,TS,,Female,Gold,2025-06-05,1106.66
225,Customer_225,customer225@mail.com,Mumbai,MH,53,Male,Silver,2025-03-23,1589.74
226,Customer_226,customer226@mail.com,Mumbai,MH,32,Male,Platinum,2026-02-22,8858.68
227,Customer_227,customer227@mail.com,Bengaluru,KA,,Male,Platinum,2025-08-31,1848.24
228,Customer_228,customer228@mail.com,Delhi,DL,,Male,Platinum,2026-02-27,1216.13
229,Customer_229,customer229@mail.com,Delhi,DL,21,Male,Platinum,2025-03-15,2725.08
230,Customer_230,customer230@mail.com,Hyderabad,TS,,Female,Platinum,2026-02-05,3308.73
231,Customer_231,customer231@mail.com,Chennai,TN,54,Male,Gold,2025-04-13,3372.25
232,Customer_232,customer232@mail.com,Bengaluru,KA,,Female,Platinum,2025-02-21,8731.36
233,Customer_233,customer233@mail.com,Bengaluru,KA,31,Male,Platinum,2026-05-02,3084.18
234,Customer_234,customer234@mail.com,Delhi,DL,,Male,Gold,2025-06-03,771.93
235,Customer_235,customer235@mail.com,Mumbai,MH,,Male,Silver,2025-05-10,6333.17
236,Customer_236,customer236@mail.com,Hyderabad,TS,59,Male,Platinum,2025-05-16,3966.73
237,Customer_237,customer237@mail.com,Pune,MH,51,Female,Platinum,2025-01-15,1275.3
238,Customer_238,customer238@mail.com,Hyderabad,TS,,Male,Gold,2025-08-15,7977.93
239,Customer_239,customer239@mail.com,Chennai,TN,62,Female,Gold,2025-05-28,8912.14
240,Customer_240,customer240@mail.com,Chennai,TN,28,Male,Platinum,2026-04-03,8457.88
241,Customer_241,customer241@mail.com,Mumbai,MH,,Male,Gold,2025-12-04,742.12
242,Customer_242,customer242@mail.com,Mumbai,MH,41,Female,Platinum,2025-01-03,3972.67
243,Customer_243,customer243@mail.com,Bengaluru,KA,,Female,Gold,2025-07-25,6131.46
244,Customer_244,customer244@mail.com,Chennai,TN,39,Male,Platinum,2025-03-28,9906.32
245,Customer_245,customer245@mail.com,Pune,MH,55,Female,Platinum,2025-06-29,695.92
246,Customer_246,customer246@mail.com,Mumbai,MH,36,Male,Platinum,2025-04-08,3446.6
247,Customer_247,customer247@mail.com,Chennai,TN,21,Male,Platinum,2025-03-30,7436.14
248,Customer_248,customer248@mail.com,Hyderabad,TS,,Male,Platinum,2025-09-06,9648.97
249,Customer_249,customer249@mail.com,Hyderabad,TS,,Male,Gold,2025-10-08,8403.8
250,Customer_250,customer250@mail.com,Delhi,DL,34,Male,Platinum,2025-04-03,1432.1
251,Customer_251,customer251@mail.com,Chennai,TN,,Female,Platinum,2025-12-12,2807.21
252,Customer_252,customer252@mail.com,Bengaluru,KA,,Female,Silver,2026-01-16,4239.74
253,Customer_253,customer253@mail.com,Pune,MH,,Female,Silver,2025-09-20,8607.69
254,Customer_254,customer254@mail.com,Bengaluru,KA,,Female,Silver,2025-11-19,4043.92
255,Customer_255,,Hyderabad,TS,47,Male,Platinum,2025-07-22,3087.08
256,Customer_256,customer256@mail.com,Bengaluru,KA,,Female,Platinum,2025-01-15,2260.77
257,Customer_257,customer257@mail.com,Delhi,DL,,Female,Silver,2026-04-18,3672.9
258,Customer_258,customer258@mail.com,Pune,MH,,Female,Gold,2025-07-03,1663.44
259,Customer_259,customer259@mail.com,Chennai,TN,29,Female,Gold,2025-08-02,7447.43
260,Customer_260,customer260@mail.com,Hyderabad,TS,,Male,Silver,2026-02-02,156.92
261,Customer_261,customer261@mail.com,Pune,MH,48,Female,Platinum,2026-03-22,9611.24
262,Customer_262,customer262@mail.com,Delhi,DL,55,Female,Silver,2025-11-29,3155.35
263,Customer_263,customer263@mail.com,Mumbai,MH,62,Male,Platinum,2026-03-13,8046.08
264,Customer_264,customer264@mail.com,Chennai,TN,60,Female,Silver,2026-04-24,7128.37
265,Customer_265,customer265@mail.com,Delhi,DL,,Male,Silver,2025-12-18,3860.38
266,Customer_266,,Bengaluru,KA,18,Male,Platinum,2026-04-10,6872.65
267,Customer_267,customer267@mail.com,Bengaluru,KA,,Male,Silver,2026-02-20,5778.53
268,Customer_268,customer268@mail.com,Bengaluru,KA,34,Female,Platinum,2026-03-14,4882.18
269,Customer_269,customer269@mail.com,Chennai,TN,53,Male,Platinum,2026-01-21,7260.59
270,Customer_270,customer270@mail.com,Chennai,TN,,Male,Platinum,2025-09-07,2997.98
271,Customer_271,customer271@mail.com,Mumbai,MH,,Male,Gold,2026-04-16,6180.44
272,Customer_272,customer272@mail.com,Pune,MH,,Female,Gold,2026-02-25,7350.47
273,Customer_273,customer273@mail.com,Bengaluru,KA,26,Female,Platinum,2026-04-05,7881.94
274,Customer_274,customer274@mail.com,Delhi,DL,,Female,Platinum,2025-04-05,9178.51
275,Customer_275,customer275@mail.com,Mumbai,MH,,Male,Gold,2025-01-30,252.38
276,Customer_276,customer276@mail.com,Chennai,TN,,Female,Gold,2026-04-09,8419.08
277,Customer_277,customer277@mail.com,Chennai,TN,,Female,Silver,2025-04-12,5971.34
278,Customer_278,customer278@mail.com,Pune,MH,29,Male,Gold,2026-01-08,6247.16
279,Customer_279,customer279@mail.com,Pune,MH,,Female,Platinum,2026-05-10,7620.71
280,Customer_280,customer280@mail.com,Delhi,DL,24,Female,Gold,2025-09-19,8779.51
281,Customer_281,customer281@mail.com,Bengaluru,KA,,Male,Silver,2026-02-06,9096.44
282,Customer_282,customer282@mail.com,Pune,MH,24,Female,Silver,2026-04-05,4344.2
283,Customer_283,customer283@mail.com,Bengaluru,KA,,Male,Platinum,2025-07-21,5987.8
284,Customer_284,customer284@mail.com,Hyderabad,TS,51,Male,Gold,2025-07-31,3584.44
285,Customer_285,customer285@mail.com,Pune,MH,32,Female,Silver,2026-02-06,7720.02
286,Customer_286,customer286@mail.com,Chennai,TN,,Female,Gold,2026-04-22,3535.36
287,Customer_287,customer287@mail.com,Hyderabad,TS,,Male,Platinum,2026-03-21,5841.76
288,Customer_288,customer288@mail.com,Pune,MH,,Female,Platinum,2025-07-27,2480.65
289,Customer_289,customer289@mail.com,Hyderabad,TS,41,Female,Platinum,2026-01-13,4076.72
290,Customer_290,customer290@mail.com,Delhi,DL,,Female,Gold,2025-03-08,4221.71
291,Customer_291,customer291@mail.com,Hyderabad,TS,25,Female,Platinum,2026-01-08,9181.47
292,Customer_292,customer292@mail.com,Delhi,DL,,Male,Silver,2025-02-05,8026.08
293,Customer_293,customer293@mail.com,Mumbai,MH,,Male,Silver,2025-09-07,6347.2
294,Customer_294,customer294@mail.com,Hyderabad,TS,62,Male,Silver,2025-02-11,6008.91
295,Customer_295,customer295@mail.com,Delhi,DL,,Male,Platinum,2026-01-03,3512.47
296,Customer_296,customer296@mail.com,Mumbai,MH,,Male,Silver,2026-05-09,8537.07
297,Customer_297,customer297@mail.com,Delhi,DL,,Male,Gold,2025-07-29,7301.69
298,Customer_298,customer298@mail.com,Pune,MH,33,Female,Gold,2026-05-03,8383.78
299,Customer_299,customer299@mail.com,Delhi,DL,63,Female,Platinum,2025-01-14,8333.29
300,Customer_300,customer300@mail.com,Hyderabad,TS,43,Male,Gold,2025-03-15,1711.19
301,Customer_301,customer301@mail.com,Hyderabad,TS,,Female,Silver,2025-08-19,2668.91
302,Customer_302,customer302@mail.com,Delhi,DL,65,Female,Platinum,2025-03-22,6650.92
303,Customer_303,customer303@mail.com,Hyderabad,TS,29,Male,Platinum,2025-04-21,1262.67
304,Customer_304,customer304@mail.com,Delhi,DL,,Male,Silver,2026-05-14,6652.65
305,Customer_305,customer305@mail.com,Pune,MH,,Female,Platinum,2025-08-11,9781.54
306,Customer_306,customer306@mail.com,Mumbai,MH,59,Female,Silver,2026-02-12,4106.93
307,Customer_307,customer307@mail.com,Chennai,TN,,Female,Silver,2025-06-19,4499.04
308,Customer_308,customer308@mail.com,Delhi,DL,,Male,Gold,2025-05-17,3683.61
309,Customer_309,customer309@mail.com,Pune,MH,19,Male,Silver,2026-02-13,338.79
310,Customer_310,customer310@mail.com,Hyderabad,TS,,Female,Platinum,2025-08-31,3989.0
311,Customer_311,customer311@mail.com,Chennai,TN,33,Male,Gold,2026-01-08,6179.67
312,Customer_312,customer312@mail.com,Bengaluru,KA,,Female,Platinum,2025-05-01,5258.98
313,Customer_313,customer313@mail.com,Bengaluru,KA,,Female,Gold,2026-04-15,5616.73
314,Customer_314,customer314@mail.com,Hyderabad,TS,,Male,Gold,2025-03-13,5286.03
315,Customer_315,customer315@mail.com,Mumbai,MH,,Male,Silver,2025-12-16,2569.12
316,Customer_316,customer316@mail.com,Mumbai,MH,,Male,Gold,2026-04-02,568.43
317,Customer_317,customer317@mail.com,Hyderabad,TS,37,Male,Gold,2026-02-02,8842.46
318,Customer_318,customer318@mail.com,Pune,MH,,Male,Platinum,2025-04-20,3160.39
319,Customer_319,customer319@mail.com,Chennai,TN,,Male,Gold,2025-03-25,3703.31
320,Customer_320,customer320@mail.com,Bengaluru,KA,,Female,Platinum,2025-06-20,9553.04
321,Customer_321,customer321@mail.com,Chennai,TN,35,Female,Platinum,2025-07-08,6224.05
322,Customer_322,customer322@mail.com,Mumbai,MH,24,Female,Platinum,2025-12-25,5980.26
323,Customer_323,customer323@mail.com,Hyderabad,TS,59,Male,Silver,2025-08-17,583.07
324,Customer_324,customer324@mail.com,Mumbai,MH,,Male,Platinum,2026-05-14,7739.99
325,Customer_325,customer325@mail.com,Bengaluru,KA,,Male,Silver,2025-09-02,1734.36
326,Customer_326,customer326@mail.com,Pune,MH,51,Female,Gold,2025-01-11,1916.64
327,Customer_327,customer327@mail.com,Mumbai,MH,28,Male,Platinum,2025-05-01,7968.4
328,Customer_328,customer328@mail.com,Bengaluru,KA,,Male,Platinum,2025-09-17,2543.36
329,Customer_329,customer329@mail.com,Bengaluru,KA,36,Male,Silver,2025-10-31,6601.03
330,Customer_330,customer330@mail.com,Delhi,DL,38,Male,Silver,2025-01-31,8437.34
331,Customer_331,customer331@mail.com,Pune,MH,65,Male,Platinum,2025-03-12,6158.43
332,Customer_332,customer332@mail.com,Bengaluru,KA,25,Male,Silver,2025-06-20,7431.73
333,Customer_333,customer333@mail.com,Mumbai,MH,40,Male,Gold,2026-02-06,4800.38
334,Customer_334,customer334@mail.com,Hyderabad,TS,60,Female,Gold,2025-05-29,5040.49
335,Customer_335,customer335@mail.com,Pune,MH,40,Male,Silver,2026-05-16,4841.78
336,Customer_336,customer336@mail.com,Chennai,TN,44,Male,Gold,2025-01-06,4959.04
337,Customer_337,customer337@mail.com,Delhi,DL,63,Male,Silver,2025-03-01,1604.67
338,Customer_338,customer338@mail.com,Chennai,TN,36,Male,Platinum,2025-12-09,4147.46
339,Customer_339,customer339@mail.com,Bengaluru,KA,,Male,Gold,2025-02-24,6186.79
340,Customer_340,customer340@mail.com,Mumbai,MH,49,Female,Platinum,2025-10-21,1504.54
341,Customer_341,customer341@mail.com,Bengaluru,KA,,Male,Platinum,2025-11-15,4748.5
342,Customer_342,customer342@mail.com,Pune,MH,,Female,Silver,2026-02-23,4278.91
343,Customer_343,customer343@mail.com,Pune,MH,,Female,Gold,2025-10-24,2798.0
344,Customer_344,customer344@mail.com,Bengaluru,KA,47,Male,Silver,2025-05-14,1549.83
345,Customer_345,customer345@mail.com,Hyderabad,TS,38,Female,Platinum,2025-11-25,2384.94
346,Customer_346,customer346@mail.com,Chennai,TN,,Male,Silver,2026-04-26,9823.44
347,Customer_347,customer347@mail.com,Delhi,DL,,Female,Silver,2026-04-23,570.07
348,Customer_348,customer348@mail.com,Delhi,DL,23,Male,Platinum,2025-12-07,9709.38
349,Customer_349,customer349@mail.com,Hyderabad,TS,65,Female,Silver,2025-07-02,7433.8
350,Customer_350,customer350@mail.com,Bengaluru,KA,26,Female,Silver,2025-02-26,9429.9
351,Customer_351,customer351@mail.com,Bengaluru,KA,,Male,Platinum,2026-02-15,9062.01
352,Customer_352,customer352@mail.com,Pune,MH,,Female,Silver,2026-03-20,6465.59
353,Customer_353,customer353@mail.com,Hyderabad,TS,,Male,Gold,2025-02-01,1840.04
354,Customer_354,customer354@mail.com,Bengaluru,KA,,Female,Platinum,2025-06-13,7528.47
355,Customer_355,customer355@mail.com,Pune,MH,19,Male,Gold,2025-07-27,7150.3
356,Customer_356,customer356@mail.com,Pune,MH,59,Female,Gold,2026-05-13,9645.34
357,Customer_357,customer357@mail.com,Mumbai,MH,59,Male,Gold,2026-02-24,4908.47
358,Customer_358,customer358@mail.com,Chennai,TN,47,Male,Gold,2025-07-05,1406.92
359,Customer_359,customer359@mail.com,Mumbai,MH,,Female,Gold,2026-03-16,5471.92
360,Customer_360,customer360@mail.com,Mumbai,MH,,Female,Platinum,2025-11-17,8335.39
361,Customer_361,customer361@mail.com,Delhi,DL,36,Female,Silver,2025-04-18,7460.02
362,Customer_362,customer362@mail.com,Delhi,DL,,Female,Gold,2025-02-07,5828.83
363,Customer_363,customer363@mail.com,Mumbai,MH,,Male,Silver,2025-07-15,853.82
364,Customer_364,customer364@mail.com,Pune,MH,54,Female,Gold,2026-01-16,4669.83
365,Customer_365,customer365@mail.com,Bengaluru,KA,,Male,Gold,2026-02-25,8974.43
366,Customer_366,customer366@mail.com,Chennai,TN,,Female,Gold,2026-04-27,6552.37
367,Customer_367,customer367@mail.com,Mumbai,MH,56,Male,Platinum,2025-08-13,6205.48
368,Customer_368,customer368@mail.com,Chennai,TN,51,Female,Gold,2025-03-22,6577.75
369,Customer_369,customer369@mail.com,Pune,MH,,Male,Platinum,2026-04-26,4975.51
370,Customer_370,customer370@mail.com,Hyderabad,TS,26,Female,Gold,2025-11-13,4070.76
371,Customer_371,customer371@mail.com,Mumbai,MH,,Male,Platinum,2025-08-03,2063.22
372,Customer_372,customer372@mail.com,Bengaluru,KA,20,Male,Gold,2025-04-27,6801.2
373,Customer_373,customer373@mail.com,Delhi,DL,51,Female,Gold,2025-04-21,8198.46
374,Customer_374,customer374@mail.com,Mumbai,MH,47,Female,Silver,2025-04-01,8111.61
375,Customer_375,customer375@mail.com,Delhi,DL,18,Female,Gold,2025-06-09,9055.57
376,Customer_376,customer376@mail.com,Chennai,TN,,Male,Gold,2025-10-01,6299.78
377,Customer_377,customer377@mail.com,Delhi,DL,56,Male,Platinum,2025-11-30,8645.43
378,Customer_378,customer378@mail.com,Bengaluru,KA,58,Female,Gold,2025-06-23,8396.5
379,Customer_379,customer379@mail.com,Delhi,DL,28,Female,Silver,2025-09-16,9487.52
380,Customer_380,customer380@mail.com,Bengaluru,KA,,Male,Platinum,2025-01-27,4890.01
381,Customer_381,customer381@mail.com,Bengaluru,KA,,Female,Platinum,2025-12-09,9080.38
382,Customer_382,customer382@mail.com,Pune,MH,65,Male,Platinum,2025-09-15,1650.49
383,Customer_383,customer383@mail.com,Bengaluru,KA,59,Female,Platinum,2025-01-05,6468.69
384,Customer_384,customer384@mail.com,Hyderabad,TS,49,Female,Gold,2025-02-15,3643.78
385,Customer_385,customer385@mail.com,Bengaluru,KA,59,Male,Platinum,2025-08-26,5415.76
386,Customer_386,customer386@mail.com,Bengaluru,KA,,Female,Gold,2025-02-04,4048.47
387,Customer_387,customer387@mail.com,Mumbai,MH,29,Female,Silver,2025-02-05,9262.25
388,Customer_388,customer388@mail.com,Bengaluru,KA,,Female,Silver,2026-05-13,4825.65
389,Customer_389,customer389@mail.com,Mumbai,MH,42,Male,Platinum,2025-10-17,249.88
390,Customer_390,customer390@mail.com,Pune,MH,,Male,Silver,2025-07-04,5805.22
391,Customer_391,customer391@mail.com,Bengaluru,KA,52,Male,Silver,2025-09-08,8862.46
392,Customer_392,customer392@mail.com,Bengaluru,KA,60,Female,Silver,2025-10-14,2551.69
393,Customer_393,customer393@mail.com,Chennai,TN,,Male,Platinum,2026-03-07,6010.37
394,Customer_394,customer394@mail.com,Delhi,DL,,Male,Gold,2025-04-03,9640.79
395,Customer_395,customer395@mail.com,Chennai,TN,32,Female,Gold,2025-06-15,6119.81
396,Customer_396,,Mumbai,MH,49,Male,Platinum,2025-04-03,4743.95
397,Customer_397,customer397@mail.com,Pune,MH,54,Male,Silver,2025-03-21,5290.53
398,Customer_398,customer398@mail.com,Mumbai,MH,,Female,Platinum,2025-03-23,2957.05
399,Customer_399,customer399@mail.com,Chennai,TN,,Male,Platinum,2025-01-19,857.82
400,Customer_400,customer400@mail.com,Delhi,DL,36,Female,Silver,2025-10-25,8990.3
401,Customer_401,customer401@mail.com,Chennai,TN,28,Female,Gold,2026-04-08,5957.87
402,Customer_402,customer402@mail.com,Hyderabad,TS,46,Male,Platinum,2025-07-12,2534.66
403,Customer_403,customer403@mail.com,Delhi,DL,,Female,Platinum,2025-08-18,3951.25
404,Customer_404,customer404@mail.com,Delhi,DL,,Female,Gold,2025-07-01,8291.91
405,Customer_405,customer405@mail.com,Mumbai,MH,46,Female,Platinum,2025-03-19,1516.28
406,Customer_406,customer406@mail.com,Chennai,TN,,Male,Gold,2025-09-17,4358.35
407,Customer_407,customer407@mail.com,Pune,MH,51,Female,Platinum,2025-08-02,729.11
408,Customer_408,customer408@mail.com,Pune,MH,,Female,Gold,2025-09-25,3559.93
409,Customer_409,customer409@mail.com,Chennai,TN,52,Female,Silver,2025-07-22,5007.32
410,Customer_410,customer410@mail.com,Bengaluru,KA,,Female,Platinum,2025-04-25,8624.2
411,Customer_411,customer411@mail.com,Mumbai,MH,23,Female,Platinum,2025-11-30,166.51
412,Customer_412,customer412@mail.com,Chennai,TN,29,Female,Platinum,2025-05-23,6221.63
413,Customer_413,customer413@mail.com,Hyderabad,TS,22,Female,Gold,2026-01-30,1311.4
414,Customer_414,customer414@mail.com,Mumbai,MH,,Female,Platinum,2026-03-13,7388.41
415,Customer_415,customer415@mail.com,Delhi,DL,31,Female,Silver,2025-11-04,4744.34
416,Customer_416,customer416@mail.com,Hyderabad,TS,28,Male,Platinum,2025-09-19,5921.22
417,Customer_417,customer417@mail.com,Bengaluru,KA,24,Male,Gold,2025-02-01,5133.33
418,Customer_418,customer418@mail.com,Bengaluru,KA,41,Male,Gold,2025-03-27,3323.88
419,Customer_419,customer419@mail.com,Chennai,TN,,Female,Gold,2025-11-08,3863.78
420,Customer_420,customer420@mail.com,Chennai,TN,24,Female,Platinum,2025-10-14,6799.19
421,Customer_421,customer421@mail.com,Hyderabad,TS,,Male,Platinum,2025-10-08,109.05
422,Customer_422,customer422@mail.com,Pune,MH,18,Male,Platinum,2025-05-07,5969.43
423,Customer_423,customer423@mail.com,Pune,MH,,Male,Silver,2025-03-27,7545.66
424,Customer_424,customer424@mail.com,Bengaluru,KA,35,Female,Gold,2025-10-26,7681.03
425,Customer_425,customer425@mail.com,Pune,MH,42,Female,Silver,2025-03-14,2342.42
426,Customer_426,customer426@mail.com,Chennai,TN,,Female,Platinum,2025-11-08,7083.8
427,Customer_427,customer427@mail.com,Chennai,TN,49,Male,Gold,2025-07-09,254.78
428,Customer_428,customer428@mail.com,Chennai,TN,,Female,Platinum,2025-05-11,3468.64
429,Customer_429,customer429@mail.com,Chennai,TN,23,Female,Gold,2026-02-09,6748.94
430,Customer_430,customer430@mail.com,Mumbai,MH,,Male,Silver,2026-03-19,9412.66
431,Customer_431,customer431@mail.com,Hyderabad,TS,,Female,Gold,2025-03-17,8426.48
432,Customer_432,customer432@mail.com,Hyderabad,TS,,Male,Gold,2025-06-23,7178.22
433,Customer_433,customer433@mail.com,Delhi,DL,45,Female,Silver,2026-04-27,2129.7
434,Customer_434,customer434@mail.com,Bengaluru,KA,56,Male,Silver,2026-03-16,571.98
435,Customer_435,customer435@mail.com,Delhi,DL,47,Male,Gold,2025-11-12,2395.14
436,Customer_436,customer436@mail.com,Delhi,DL,31,Female,Silver,2025-02-02,7062.22
437,Customer_437,customer437@mail.com,Delhi,DL,,Male,Platinum,2025-04-02,6657.2
438,Customer_438,customer438@mail.com,Bengaluru,KA,56,Female,Gold,2026-04-23,7486.24
439,Customer_439,customer439@mail.com,Delhi,DL,,Female,Silver,2026-02-25,2505.25
440,Customer_440,customer440@mail.com,Mumbai,MH,,Female,Gold,2025-07-19,4107.98
441,Customer_441,customer441@mail.com,Mumbai,MH,,Male,Gold,2025-08-20,855.81
442,Customer_442,customer442@mail.com,Hyderabad,TS,,Female,Gold,2025-06-11,3037.59
443,Customer_443,customer443@mail.com,Chennai,TN,,Female,Silver,2025-07-24,2826.99
444,Customer_444,customer444@mail.com,Pune,MH,30,Female,Gold,2026-04-27,8446.99
445,Customer_445,customer445@mail.com,Hyderabad,TS,,Male,Silver,2026-02-28,6514.7
446,Customer_446,customer446@mail.com,Pune,MH,,Female,Gold,2025-06-25,8605.65
447,Customer_447,customer447@mail.com,Chennai,TN,,Female,Silver,2025-04-21,8933.37
448,Customer_448,customer448@mail.com,Pune,MH,,Female,Platinum,2025-02-21,8672.31
449,Customer_449,customer449@mail.com,Chennai,TN,,Male,Silver,2026-05-02,2333.97
450,Customer_450,customer450@mail.com,Pune,MH,,Female,Platinum,2025-08-31,7108.92
451,Customer_451,customer451@mail.com,Hyderabad,TS,,Female,Platinum,2026-01-01,5161.58
452,Customer_452,customer452@mail.com,Pune,MH,33,Female,Gold,2026-04-27,2140.21
453,Customer_453,customer453@mail.com,Pune,MH,23,Female,Gold,2026-03-08,2308.16
454,Customer_454,customer454@mail.com,Hyderabad,TS,23,Male,Silver,2025-05-18,3203.89
455,Customer_455,customer455@mail.com,Chennai,TN,54,Female,Platinum,2025-04-26,4620.32
456,Customer_456,customer456@mail.com,Bengaluru,KA,59,Female,Silver,2025-09-11,561.09
457,Customer_457,customer457@mail.com,Mumbai,MH,38,Female,Silver,2025-12-08,2428.39
458,Customer_458,,Chennai,TN,,Female,Silver,2025-01-07,4487.87
459,Customer_459,customer459@mail.com,Bengaluru,KA,,Male,Gold,2025-05-03,546.49
460,Customer_460,customer460@mail.com,Chennai,TN,,Male,Gold,2025-11-18,8721.22
461,Customer_461,customer461@mail.com,Pune,MH,64,Male,Platinum,2025-09-11,2530.18
462,Customer_462,customer462@mail.com,Mumbai,MH,29,Female,Silver,2025-11-22,4906.76
463,Customer_463,customer463@mail.com,Chennai,TN,,Male,Gold,2025-06-15,4323.6
464,Customer_464,customer464@mail.com,Delhi,DL,53,Male,Gold,2025-08-12,8012.61
465,Customer_465,customer465@mail.com,Hyderabad,TS,20,Female,Platinum,2025-10-05,2871.68
466,Customer_466,customer466@mail.com,Delhi,DL,56,Male,Platinum,2026-01-29,1006.43
467,Customer_467,customer467@mail.com,Hyderabad,TS,,Male,Gold,2026-03-30,904.26
468,Customer_468,customer468@mail.com,Pune,MH,,Male,Silver,2025-07-31,4198.99
469,Customer_469,customer469@mail.com,Pune,MH,,Female,Gold,2026-03-18,1058.84
470,Customer_470,customer470@mail.com,Delhi,DL,63,Female,Gold,2025-05-04,1655.27
471,Customer_471,customer471@mail.com,Pune,MH,,Female,Gold,2025-05-23,9497.17
472,Customer_472,customer472@mail.com,Chennai,TN,,Male,Gold,2026-04-05,3520.29
473,Customer_473,customer473@mail.com,Pune,MH,,Female,Platinum,2025-10-02,9822.14
474,Customer_474,customer474@mail.com,Chennai,TN,60,Male,Gold,2026-04-20,4110.56
475,Customer_475,customer475@mail.com,Delhi,DL,,Male,Platinum,2026-01-13,309.19
476,Customer_476,customer476@mail.com,Hyderabad,TS,35,Male,Silver,2025-10-20,4068.75
477,Customer_477,customer477@mail.com,Delhi,DL,,Male,Gold,2025-07-28,9504.49
478,Customer_478,customer478@mail.com,Bengaluru,KA,,Male,Gold,2026-04-09,6648.65
479,Customer_479,customer479@mail.com,Chennai,TN,,Female,Gold,2026-03-03,2967.15
480,Customer_480,customer480@mail.com,Chennai,TN,,Male,Gold,2026-03-17,5018.51
481,Customer_481,customer481@mail.com,Pune,MH,,Female,Silver,2025-09-27,397.86
482,Customer_482,customer482@mail.com,Mumbai,MH,64,Female,Silver,2025-05-05,6444.53
483,Customer_483,customer483@mail.com,Pune,MH,,Female,Gold,2025-06-09,9148.17
484,Customer_484,customer484@mail.com,Hyderabad,TS,,Female,Silver,2026-02-02,8742.99
485,Customer_485,customer485@mail.com,Bengaluru,KA,,Male,Silver,2025-12-03,5408.39
486,Customer_486,customer486@mail.com,Delhi,DL,,Female,Gold,2025-05-11,4280.96
487,Customer_487,customer487@mail.com,Mumbai,MH,,Male,Silver,2025-08-02,9003.53
488,Customer_488,customer488@mail.com,Delhi,DL,28,Male,Platinum,2025-02-08,5665.66
489,Customer_489,customer489@mail.com,Chennai,TN,61,Male,Silver,2025-12-28,191.87
490,Customer_490,customer490@mail.com,Hyderabad,TS,,Male,Gold,2026-03-14,3878.52
491,Customer_491,customer491@mail.com,Bengaluru,KA,,Male,Silver,2025-07-08,4619.22
492,Customer_492,customer492@mail.com,Chennai,TN,53,Female,Platinum,2025-06-25,7907.49
493,Customer_493,customer493@mail.com,Mumbai,MH,,Male,Platinum,2025-04-23,1985.3
494,Customer_494,customer494@mail.com,Delhi,DL,,Male,Silver,2026-03-07,1752.32
495,Customer_495,customer495@mail.com,Mumbai,MH,26,Male,Silver,2025-09-18,3208.19
496,Customer_496,customer496@mail.com,Delhi,DL,,Male,Gold,2025-10-18,559.86
497,Customer_497,customer497@mail.com,Bengaluru,KA,31,Female,Platinum,2025-09-27,5904.97
498,Customer_498,customer498@mail.com,Hyderabad,TS,,Female,Silver,2025-05-25,9586.07
499,Customer_499,customer499@mail.com,Pune,MH,,Male,Gold,2025-11-27,429.44
500,Customer_500,customer500@mail.com,Pune,MH,42,Male,Gold,2025-02-12,1871.64
501,Customer_501,customer501@mail.com,Pune,MH,,Male,Gold,2026-03-22,1729.27
502,Customer_502,customer502@mail.com,Delhi,DL,,Female,Silver,2025-01-07,1398.28
503,Customer_503,customer503@mail.com,Hyderabad,TS,,Male,Platinum,2025-09-21,5736.17
504,Customer_504,customer504@mail.com,Delhi,DL,,Female,Gold,2025-11-14,6804.17
505,Customer_505,customer505@mail.com,Bengaluru,KA,59,Female,Gold,2026-05-06,9904.02
506,Customer_506,customer506@mail.com,Chennai,TN,,Male,Platinum,2026-03-04,2175.07
507,Customer_507,customer507@mail.com,Delhi,DL,,Female,Gold,2025-07-26,7219.36
508,Customer_508,customer508@mail.com,Bengaluru,KA,,Male,Gold,2025-05-22,4129.51
509,Customer_509,customer509@mail.com,Delhi,DL,,Female,Platinum,2025-12-14,9808.56
510,Customer_510,customer510@mail.com,Delhi,DL,,Male,Gold,2026-02-15,5808.64
511,Customer_511,customer511@mail.com,Delhi,DL,29,Male,Platinum,2025-04-18,6113.15
512,Customer_512,customer512@mail.com,Bengaluru,KA,64,Female,Platinum,2026-02-25,8438.23
513,Customer_513,customer513@mail.com,Pune,MH,,Male,Platinum,2025-06-26,8855.17
514,Customer_514,customer514@mail.com,Bengaluru,KA,,Female,Gold,2025-07-24,6295.58
515,Customer_515,customer515@mail.com,Pune,MH,37,Female,Silver,2026-04-29,746.08
516,Customer_516,customer516@mail.com,Chennai,TN,,Male,Platinum,2025-07-13,7359.91
517,Customer_517,customer517@mail.com,Hyderabad,TS,31,Male,Platinum,2025-11-08,1938.08
518,Customer_518,customer518@mail.com,Pune,MH,42,Male,Silver,2025-05-27,9777.16
519,Customer_519,customer519@mail.com,Mumbai,MH,,Female,Gold,2026-02-11,2170.93
520,Customer_520,customer520@mail.com,Bengaluru,KA,29,Female,Platinum,2025-09-29,3386.06
521,Customer_521,customer521@mail.com,Chennai,TN,23,Female,Gold,2025-03-31,1172.49
522,Customer_522,customer522@mail.com,Bengaluru,KA,18,Male,Silver,2025-11-28,3410.58
523,Customer_523,customer523@mail.com,Bengaluru,KA,,Female,Silver,2025-02-06,7230.93
524,Customer_524,customer524@mail.com,Pune,MH,,Male,Platinum,2025-04-14,4929.33
525,Customer_525,customer525@mail.com,Pune,MH,,Male,Silver,2025-02-06,5852.08
526,Customer_526,customer526@mail.com,Hyderabad,TS,49,Male,Silver,2026-01-08,5432.84
527,Customer_527,customer527@mail.com,Hyderabad,TS,62,Female,Gold,2025-11-15,321.87
528,Customer_528,customer528@mail.com,Chennai,TN,,Female,Platinum,2026-02-27,9555.29
529,Customer_529,customer529@mail.com,Delhi,DL,,Female,Silver,2026-03-30,7307.58
530,Customer_530,customer530@mail.com,Chennai,TN,,Male,Platinum,2026-05-10,2965.45
531,Customer_531,customer531@mail.com,Pune,MH,39,Male,Silver,2026-02-14,8873.96
532,Customer_532,customer532@mail.com,Bengaluru,KA,,Male,Platinum,2026-01-08,7730.89
533,Customer_533,,Pune,MH,42,Male,Gold,2025-01-05,9511.72
534,Customer_534,customer534@mail.com,Hyderabad,TS,,Male,Gold,2025-12-14,5015.66
535,Customer_535,customer535@mail.com,Mumbai,MH,65,Male,Silver,2026-03-19,3468.65
536,Customer_536,customer536@mail.com,Hyderabad,TS,,Male,Platinum,2026-01-08,7395.1
537,Customer_537,customer537@mail.com,Mumbai,MH,,Female,Platinum,2025-01-03,8626.99
538,Customer_538,customer538@mail.com,Delhi,DL,44,Male,Gold,2025-12-11,5166.51
539,Customer_539,customer539@mail.com,Delhi,DL,,Female,Silver,2026-04-01,4350.75
540,Customer_540,customer540@mail.com,Delhi,DL,,Female,Silver,2025-11-17,5912.95
541,Customer_541,customer541@mail.com,Mumbai,MH,,Male,Platinum,2025-03-27,7011.22
542,Customer_542,customer542@mail.com,Chennai,TN,,Male,Platinum,2025-09-20,2641.1
543,Customer_543,customer543@mail.com,Mumbai,MH,,Female,Gold,2025-06-17,2859.09
544,Customer_544,customer544@mail.com,Pune,MH,,Male,Platinum,2025-09-05,7527.79
545,Customer_545,customer545@mail.com,Bengaluru,KA,,Male,Platinum,2025-07-12,2154.8
546,Customer_546,customer546@mail.com,Chennai,TN,36,Female,Platinum,2025-01-28,6143.06
547,Customer_547,customer547@mail.com,Pune,MH,,Female,Silver,2025-07-21,2078.44
548,Customer_548,customer548@mail.com,Delhi,DL,31,Male,Platinum,2025-03-08,214.08
549,Customer_549,customer549@mail.com,Chennai,TN,,Male,Silver,2025-04-11,659.25
550,Customer_550,customer550@mail.com,Pune,MH,63,Male,Silver,2025-10-25,801.59
551,Customer_551,customer551@mail.com,Pune,MH,,Female,Platinum,2026-03-28,833.19
552,Customer_552,customer552@mail.com,Delhi,DL,,Male,Silver,2026-02-20,2220.99
553,Customer_553,customer553@mail.com,Delhi,DL,,Female,Silver,2025-06-11,322.8
554,Customer_554,customer554@mail.com,Pune,MH,,Female,Silver,2025-02-16,1348.8
555,Customer_555,customer555@mail.com,Chennai,TN,,Male,Gold,2026-04-28,3283.1
556,Customer_556,customer556@mail.com,Hyderabad,TS,23,Female,Platinum,2025-04-17,1866.76
557,Customer_557,customer557@mail.com,Mumbai,MH,34,Male,Silver,2025-01-28,8018.63
558,Customer_558,customer558@mail.com,Hyderabad,TS,33,Female,Gold,2025-04-10,3291.14
559,Customer_559,customer559@mail.com,Hyderabad,TS,41,Male,Gold,2025-09-27,4342.99
560,Customer_560,customer560@mail.com,Chennai,TN,19,Female,Gold,2025-01-14,9630.5
561,Customer_561,customer561@mail.com,Chennai,TN,35,Male,Silver,2025-06-13,3518.28
562,Customer_562,customer562@mail.com,Mumbai,MH,,Male,Platinum,2025-06-20,9208.4
563,Customer_563,customer563@mail.com,Bengaluru,KA,,Female,Silver,2026-03-16,8785.21
564,Customer_564,customer564@mail.com,Chennai,TN,,Male,Gold,2025-03-06,5263.32
565,Customer_565,customer565@mail.com,Chennai,TN,,Male,Gold,2025-02-28,780.15
566,Customer_566,customer566@mail.com,Chennai,TN,,Female,Platinum,2025-11-02,3535.73
567,Customer_567,customer567@mail.com,Delhi,DL,61,Male,Silver,2025-03-20,8107.05
568,Customer_568,customer568@mail.com,Chennai,TN,,Female,Platinum,2026-02-05,4160.17
569,Customer_569,customer569@mail.com,Hyderabad,TS,45,Male,Platinum,2025-01-26,6071.11
570,Customer_570,customer570@mail.com,Hyderabad,TS,44,Female,Silver,2025-05-23,7679.95
571,Customer_571,customer571@mail.com,Chennai,TN,,Male,Platinum,2025-01-13,7256.39
572,Customer_572,customer572@mail.com,Mumbai,MH,39,Male,Gold,2025-07-17,8455.61
573,Customer_573,customer573@mail.com,Mumbai,MH,34,Male,Platinum,2026-03-02,5217.07
574,Customer_574,customer574@mail.com,Delhi,DL,,Female,Platinum,2025-06-30,2913.48
575,Customer_575,customer575@mail.com,Chennai,TN,,Male,Gold,2025-02-06,7262.71
576,Customer_576,customer576@mail.com,Bengaluru,KA,,Female,Gold,2025-04-02,890.53
577,Customer_577,customer577@mail.com,Pune,MH,,Male,Gold,2026-05-10,4480.71
578,Customer_578,customer578@mail.com,Pune,MH,52,Male,Gold,2025-12-20,814.28
579,Customer_579,customer579@mail.com,Chennai,TN,45,Female,Platinum,2025-01-21,6278.68
580,Customer_580,customer580@mail.com,Pune,MH,21,Female,Silver,2025-10-13,3116.25
581,Customer_581,customer581@mail.com,Hyderabad,TS,41,Female,Silver,2025-10-20,3247.2
582,Customer_582,customer582@mail.com,Chennai,TN,26,Male,Platinum,2025-01-04,4147.95
583,Customer_583,customer583@mail.com,Pune,MH,,Male,Gold,2025-04-07,4870.74
584,Customer_584,customer584@mail.com,Delhi,DL,,Male,Gold,2025-03-03,9190.22
585,Customer_585,customer585@mail.com,Mumbai,MH,,Female,Platinum,2025-08-22,6044.27
586,Customer_586,customer586@mail.com,Mumbai,MH,22,Male,Gold,2025-12-01,6372.31
587,Customer_587,customer587@mail.com,Delhi,DL,,Female,Platinum,2025-04-08,2037.12
588,Customer_588,customer588@mail.com,Mumbai,MH,64,Male,Gold,2025-03-03,7820.14
589,Customer_589,customer589@mail.com,Delhi,DL,44,Male,Silver,2025-07-19,987.52
590,Customer_590,customer590@mail.com,Chennai,TN,57,Female,Gold,2025-05-07,9119.35
591,Customer_591,customer591@mail.com,Bengaluru,KA,48,Female,Silver,2025-10-19,2315.9
592,Customer_592,customer592@mail.com,Mumbai,MH,47,Male,Platinum,2025-11-04,7208.85
593,Customer_593,customer593@mail.com,Pune,MH,34,Male,Platinum,2026-01-17,1081.31
594,Customer_594,customer594@mail.com,Chennai,TN,26,Male,Gold,2026-03-04,8859.37
595,Customer_595,customer595@mail.com,Mumbai,MH,,Female,Silver,2025-05-22,8010.15
596,Customer_596,customer596@mail.com,Chennai,TN,,Male,Gold,2025-10-14,3068.82
597,Customer_597,customer597@mail.com,Mumbai,MH,,Male,Gold,2026-04-26,3277.91
598,Customer_598,customer598@mail.com,Chennai,TN,,Male,Silver,2025-09-26,2155.76
599,Customer_599,customer599@mail.com,Hyderabad,TS,37,Male,Gold,2025-05-26,9269.6
600,Customer_600,customer600@mail.com,Delhi,DL,27,Female,Silver,2025-08-17,4898.26
601,Customer_601,customer601@mail.com,Delhi,DL,,Female,Gold,2025-02-13,9090.74
602,Customer_602,customer602@mail.com,Hyderabad,TS,63,Female,Platinum,2025-05-31,7700.58
603,Customer_603,customer603@mail.com,Bengaluru,KA,57,Male,Silver,2025-12-01,8500.89
604,Customer_604,customer604@mail.com,Pune,MH,,Male,Gold,2025-10-21,6875.24
605,Customer_605,customer605@mail.com,Pune,MH,63,Male,Silver,2025-11-13,3101.59
606,Customer_606,customer606@mail.com,Hyderabad,TS,49,Female,Platinum,2026-04-03,8224.48
607,Customer_607,customer607@mail.com,Bengaluru,KA,30,Female,Platinum,2025-09-09,9487.35
608,Customer_608,customer608@mail.com,Mumbai,MH,21,Male,Platinum,2025-06-11,7013.61
609,Customer_609,customer609@mail.com,Hyderabad,TS,62,Female,Gold,2026-03-02,5824.9
610,Customer_610,customer610@mail.com,Mumbai,MH,,Male,Gold,2025-06-11,1243.41
611,Customer_611,customer611@mail.com,Hyderabad,TS,,Female,Silver,2025-08-15,1349.37
612,Customer_612,customer612@mail.com,Mumbai,MH,27,Male,Silver,2026-03-02,2943.26
613,Customer_613,customer613@mail.com,Delhi,DL,26,Male,Platinum,2025-09-26,1862.64
614,Customer_614,customer614@mail.com,Hyderabad,TS,22,Female,Gold,2025-02-26,6201.41
615,Customer_615,customer615@mail.com,Pune,MH,,Female,Silver,2026-04-14,5298.61
616,Customer_616,customer616@mail.com,Pune,MH,31,Female,Gold,2025-07-03,5851.79
617,Customer_617,customer617@mail.com,Bengaluru,KA,,Male,Platinum,2026-04-23,1701.9
618,Customer_618,customer618@mail.com,Delhi,DL,27,Male,Gold,2025-03-24,1221.7
619,Customer_619,customer619@mail.com,Hyderabad,TS,,Female,Platinum,2025-07-20,9903.17
620,Customer_620,customer620@mail.com,Bengaluru,KA,,Female,Platinum,2025-07-18,2682.1
621,Customer_621,customer621@mail.com,Pune,MH,,Male,Silver,2026-03-28,8528.93
622,Customer_622,customer622@mail.com,Pune,MH,61,Male,Platinum,2025-04-16,315.27
623,Customer_623,customer623@mail.com,Hyderabad,TS,46,Female,Silver,2025-09-07,2544.54
624,Customer_624,customer624@mail.com,Bengaluru,KA,,Female,Silver,2025-01-06,7745.17
625,Customer_625,customer625@mail.com,Hyderabad,TS,60,Male,Gold,2025-03-27,8398.88
626,Customer_626,customer626@mail.com,Mumbai,MH,53,Male,Platinum,2026-03-12,8949.88
627,Customer_627,customer627@mail.com,Pune,MH,22,Female,Gold,2025-05-20,1449.52
628,Customer_628,customer628@mail.com,Hyderabad,TS,,Male,Silver,2026-01-31,3720.82
629,Customer_629,customer629@mail.com,Mumbai,MH,,Male,Silver,2025-06-14,7622.6
630,Customer_630,customer630@mail.com,Hyderabad,TS,,Female,Gold,2025-12-14,744.66
631,Customer_631,customer631@mail.com,Hyderabad,TS,30,Female,Silver,2026-04-19,642.63
632,Customer_632,customer632@mail.com,Delhi,DL,,Male,Gold,2025-11-28,5553.69
633,Customer_633,customer633@mail.com,Chennai,TN,,Male,Platinum,2026-01-16,1623.15
634,Customer_634,customer634@mail.com,Mumbai,MH,58,Male,Silver,2025-10-22,6069.58
635,Customer_635,customer635@mail.com,Chennai,TN,60,Female,Silver,2025-12-28,7280.33
636,Customer_636,customer636@mail.com,Chennai,TN,,Female,Silver,2026-04-09,3324.17
637,Customer_637,customer637@mail.com,Hyderabad,TS,,Female,Silver,2025-02-19,1086.64
638,Customer_638,customer638@mail.com,Bengaluru,KA,,Female,Gold,2025-11-26,5149.13
639,Customer_639,customer639@mail.com,Bengaluru,KA,49,Male,Platinum,2025-03-02,7660.45
640,Customer_640,customer640@mail.com,Chennai,TN,23,Male,Silver,2025-08-06,1848.07
641,Customer_641,customer641@mail.com,Hyderabad,TS,,Male,Gold,2025-05-10,4287.5
642,Customer_642,customer642@mail.com,Mumbai,MH,,Female,Platinum,2025-01-26,4215.37
643,Customer_643,customer643@mail.com,Pune,MH,25,Male,Gold,2025-05-02,4995.97
644,Customer_644,customer644@mail.com,Bengaluru,KA,,Male,Silver,2025-06-03,2429.95
645,Customer_645,,Delhi,DL,,Male,Silver,2025-12-27,5896.86
646,Customer_646,customer646@mail.com,Pune,MH,,Female,Platinum,2025-10-23,4729.52
647,Customer_647,customer647@mail.com,Bengaluru,KA,,Female,Silver,2025-05-20,7132.22
648,Customer_648,customer648@mail.com,Delhi,DL,,Male,Platinum,2026-03-10,1890.92
649,Customer_649,customer649@mail.com,Mumbai,MH,22,Male,Silver,2025-07-01,361.04
650,Customer_650,customer650@mail.com,Bengaluru,KA,,Female,Gold,2026-02-08,3792.95
651,Customer_651,customer651@mail.com,Delhi,DL,58,Male,Platinum,2025-10-14,8768.33
652,Customer_652,customer652@mail.com,Delhi,DL,,Male,Platinum,2025-03-20,5307.45
653,Customer_653,customer653@mail.com,Bengaluru,KA,,Male,Platinum,2025-03-13,3107.55
654,Customer_654,customer654@mail.com,Pune,MH,,Female,Silver,2026-03-11,3172.51
655,Customer_655,customer655@mail.com,Delhi,DL,44,Male,Gold,2025-05-14,4576.24
656,Customer_656,customer656@mail.com,Mumbai,MH,,Male,Gold,2025-01-09,7966.82
657,Customer_657,customer657@mail.com,Bengaluru,KA,,Female,Gold,2025-01-17,9419.65
658,Customer_658,customer658@mail.com,Hyderabad,TS,,Female,Silver,2025-08-16,5410.05
659,Customer_659,customer659@mail.com,Mumbai,MH,64,Male,Gold,2025-01-31,9250.72
660,Customer_660,customer660@mail.com,Pune,MH,,Male,Silver,2025-08-11,7197.09
661,Customer_661,customer661@mail.com,Mumbai,MH,,Female,Platinum,2025-02-19,1611.25
662,Customer_662,customer662@mail.com,Chennai,TN,57,Female,Silver,2025-08-17,9666.97
663,Customer_663,customer663@mail.com,Mumbai,MH,61,Female,Gold,2026-03-14,7092.59
664,Customer_664,customer664@mail.com,Delhi,DL,29,Male,Gold,2025-01-15,5257.14
665,Customer_665,customer665@mail.com,Pune,MH,20,Female,Silver,2025-12-26,2339.14
666,Customer_666,customer666@mail.com,Pune,MH,,Male,Gold,2026-03-07,8988.36
667,Customer_667,customer667@mail.com,Delhi,DL,,Male,Silver,2026-04-12,5297.5
668,Customer_668,customer668@mail.com,Mumbai,MH,,Female,Gold,2026-04-19,5291.61
669,Customer_669,customer669@mail.com,Mumbai,MH,54,Female,Silver,2025-02-02,7136.21
670,Customer_670,customer670@mail.com,Pune,MH,56,Female,Silver,2026-02-10,2431.31
671,Customer_671,customer671@mail.com,Mumbai,MH,48,Female,Silver,2025-08-22,6213.28
672,Customer_672,customer672@mail.com,Hyderabad,TS,,Male,Gold,2025-11-10,3738.57
673,Customer_673,customer673@mail.com,Bengaluru,KA,20,Female,Platinum,2025-02-27,3578.68
674,Customer_674,customer674@mail.com,Bengaluru,KA,22,Female,Platinum,2025-01-16,3256.59
675,Customer_675,customer675@mail.com,Pune,MH,,Male,Gold,2025-07-29,2069.14
676,Customer_676,customer676@mail.com,Pune,MH,,Female,Silver,2025-08-13,5525.31
677,Customer_677,customer677@mail.com,Mumbai,MH,,Female,Silver,2026-02-14,3400.38
678,Customer_678,customer678@mail.com,Bengaluru,KA,21,Male,Silver,2025-04-16,4794.88
679,Customer_679,customer679@mail.com,Mumbai,MH,56,Female,Gold,2025-10-20,5004.26
680,Customer_680,customer680@mail.com,Delhi,DL,,Female,Silver,2026-02-01,7238.81
681,Customer_681,customer681@mail.com,Pune,MH,45,Male,Gold,2026-05-09,7898.31
682,Customer_682,customer682@mail.com,Bengaluru,KA,50,Male,Platinum,2025-02-23,1695.47
683,Customer_683,customer683@mail.com,Hyderabad,TS,,Female,Platinum,2025-10-18,4184.48
684,Customer_684,customer684@mail.com,Delhi,DL,,Male,Gold,2025-08-01,6527.98
685,Customer_685,customer685@mail.com,Chennai,TN,48,Female,Gold,2026-02-09,7280.07
686,Customer_686,customer686@mail.com,Hyderabad,TS,38,Male,Platinum,2025-02-06,8744.63
687,Customer_687,customer687@mail.com,Pune,MH,,Male,Gold,2025-07-05,6148.44
688,Customer_688,customer688@mail.com,Pune,MH,,Female,Silver,2026-02-09,1267.31
689,Customer_689,customer689@mail.com,Bengaluru,KA,33,Female,Platinum,2025-08-02,1279.74
690,Customer_690,customer690@mail.com,Hyderabad,TS,,Female,Silver,2025-06-16,4017.62
691,Customer_691,customer691@mail.com,Mumbai,MH,19,Female,Gold,2025-06-10,301.82
692,Customer_692,customer692@mail.com,Bengaluru,KA,25,Male,Platinum,2026-02-28,126.42
693,Customer_693,customer693@mail.com,Chennai,TN,,Female,Silver,2025-10-31,1630.96
694,Customer_694,customer694@mail.com,Bengaluru,KA,58,Male,Platinum,2025-07-19,9413.47
695,Customer_695,customer695@mail.com,Mumbai,MH,,Male,Silver,2026-03-23,4306.13
696,Customer_696,customer696@mail.com,Hyderabad,TS,32,Female,Gold,2026-04-20,6060.9
697,Customer_697,customer697@mail.com,Mumbai,MH,,Male,Gold,2025-09-05,5524.5
698,Customer_698,customer698@mail.com,Pune,MH,51,Female,Gold,2025-08-24,8391.26
699,Customer_699,customer699@mail.com,Chennai,TN,,Female,Platinum,2025-08-22,5706.58
700,Customer_700,customer700@mail.com,Delhi,DL,25,Male,Platinum,2025-06-12,3557.43
701,Customer_701,customer701@mail.com,Chennai,TN,,Female,Gold,2025-06-29,9331.41
702,Customer_702,customer702@mail.com,Mumbai,MH,,Male,Silver,2025-06-14,5121.11
703,Customer_703,customer703@mail.com,Hyderabad,TS,,Male,Silver,2025-02-15,6483.95
704,Customer_704,customer704@mail.com,Chennai,TN,,Female,Silver,2025-11-24,9808.8
705,Customer_705,customer705@mail.com,Pune,MH,,Male,Gold,2025-03-31,580.68
706,Customer_706,customer706@mail.com,Hyderabad,TS,,Female,Platinum,2025-11-29,3166.78
707,Customer_707,customer707@mail.com,Chennai,TN,47,Female,Platinum,2025-03-16,2363.24
708,Customer_708,customer708@mail.com,Delhi,DL,,Female,Silver,2025-08-31,7312.47
709,Customer_709,customer709@mail.com,Pune,MH,,Female,Silver,2025-08-16,3443.59
710,Customer_710,customer710@mail.com,Pune,MH,18,Female,Silver,2025-11-20,8494.92
711,Customer_711,customer711@mail.com,Bengaluru,KA,,Female,Gold,2025-11-15,4176.72
712,Customer_712,customer712@mail.com,Hyderabad,TS,55,Female,Platinum,2025-10-26,9026.46
713,Customer_713,customer713@mail.com,Hyderabad,TS,,Male,Platinum,2026-01-12,6792.03
714,Customer_714,customer714@mail.com,Delhi,DL,,Male,Platinum,2025-12-29,6930.66
715,Customer_715,customer715@mail.com,Pune,MH,36,Female,Platinum,2026-04-08,7069.17
716,Customer_716,customer716@mail.com,Bengaluru,KA,,Female,Platinum,2025-09-26,3214.12
717,Customer_717,customer717@mail.com,Pune,MH,48,Male,Silver,2026-03-10,1658.47
718,Customer_718,customer718@mail.com,Mumbai,MH,,Male,Silver,2025-02-13,7754.66
719,Customer_719,customer719@mail.com,Delhi,DL,,Female,Gold,2026-02-19,5483.11
720,Customer_720,customer720@mail.com,Chennai,TN,44,Male,Silver,2025-09-30,8437.8
721,Customer_721,customer721@mail.com,Delhi,DL,,Male,Gold,2025-10-08,8985.29
722,Customer_722,customer722@mail.com,Delhi,DL,,Male,Gold,2025-11-16,7370.64
723,Customer_723,customer723@mail.com,Bengaluru,KA,,Male,Silver,2025-12-25,8789.94
724,Customer_724,customer724@mail.com,Mumbai,MH,,Female,Silver,2025-08-20,1178.89
725,Customer_725,customer725@mail.com,Mumbai,MH,50,Male,Platinum,2025-02-28,6066.69
726,Customer_726,customer726@mail.com,Hyderabad,TS,,Male,Gold,2025-11-27,8710.11
727,Customer_727,customer727@mail.com,Pune,MH,18,Male,Platinum,2026-01-06,2361.09
728,Customer_728,customer728@mail.com,Mumbai,MH,,Male,Gold,2026-04-17,9752.12
729,Customer_729,customer729@mail.com,Bengaluru,KA,,Female,Gold,2025-09-03,6397.18
730,Customer_730,customer730@mail.com,Chennai,TN,22,Male,Gold,2025-03-02,5654.05
731,Customer_731,customer731@mail.com,Hyderabad,TS,46,Female,Platinum,2025-04-29,6310.18
732,Customer_732,customer732@mail.com,Hyderabad,TS,,Female,Gold,2025-09-11,8426.22
733,Customer_733,customer733@mail.com,Chennai,TN,,Female,Gold,2025-10-23,5103.53
734,Customer_734,customer734@mail.com,Hyderabad,TS,,Female,Gold,2025-07-15,816.24
735,Customer_735,customer735@mail.com,Mumbai,MH,37,Female,Platinum,2026-05-06,6906.98
736,Customer_736,customer736@mail.com,Delhi,DL,23,Female,Silver,2025-09-19,7656.33
737,Customer_737,customer737@mail.com,Delhi,DL,34,Female,Silver,2026-04-03,4845.39
738,Customer_738,customer738@mail.com,Pune,MH,,Male,Platinum,2026-05-15,124.92
739,Customer_739,customer739@mail.com,Mumbai,MH,,Male,Gold,2025-08-04,2380.77
740,Customer_740,customer740@mail.com,Pune,MH,,Male,Gold,2026-05-11,6466.12
741,Customer_741,customer741@mail.com,Delhi,DL,35,Female,Gold,2025-12-14,1229.95
742,Customer_742,customer742@mail.com,Bengaluru,KA,28,Female,Platinum,2025-08-24,7283.58
743,Customer_743,customer743@mail.com,Pune,MH,31,Male,Gold,2025-03-19,7111.17
744,Customer_744,customer744@mail.com,Delhi,DL,,Female,Platinum,2025-06-25,4960.29
745,Customer_745,customer745@mail.com,Delhi,DL,59,Male,Gold,2025-07-24,9838.02
746,Customer_746,customer746@mail.com,Pune,MH,58,Female,Platinum,2025-07-03,9498.02
747,Customer_747,customer747@mail.com,Hyderabad,TS,,Female,Silver,2025-12-23,7006.61
748,Customer_748,customer748@mail.com,Mumbai,MH,27,Male,Silver,2025-12-21,2955.86
749,Customer_749,customer749@mail.com,Bengaluru,KA,,Female,Silver,2025-09-08,8479.77
750,Customer_750,customer750@mail.com,Delhi,DL,,Female,Platinum,2026-04-09,2807.41
751,Customer_751,customer751@mail.com,Delhi,DL,,Male,Platinum,2026-04-07,3941.63
752,Customer_752,customer752@mail.com,Bengaluru,KA,46,Female,Gold,2025-01-24,7520.73
753,Customer_753,customer753@mail.com,Delhi,DL,,Male,Platinum,2026-03-17,3507.21
754,Customer_754,customer754@mail.com,Chennai,TN,44,Female,Silver,2025-09-12,8666.27
755,Customer_755,customer755@mail.com,Mumbai,MH,,Female,Silver,2025-10-03,2227.74
756,Customer_756,customer756@mail.com,Mumbai,MH,,Female,Silver,2025-01-03,4320.67
757,Customer_757,customer757@mail.com,Chennai,TN,42,Male,Platinum,2025-06-19,1667.51
758,Customer_758,customer758@mail.com,Pune,MH,,Male,Silver,2025-08-14,8069.21
759,Customer_759,customer759@mail.com,Pune,MH,,Male,Silver,2026-02-21,6187.87
760,Customer_760,customer760@mail.com,Hyderabad,TS,40,Female,Platinum,2025-01-31,7388.41
761,Customer_761,customer761@mail.com,Pune,MH,,Male,Gold,2025-05-12,8128.71
762,Customer_762,customer762@mail.com,Delhi,DL,,Male,Platinum,2025-09-27,3061.54
763,Customer_763,customer763@mail.com,Chennai,TN,42,Female,Silver,2025-04-08,782.72
764,Customer_764,customer764@mail.com,Bengaluru,KA,27,Male,Silver,2026-01-25,5812.13
765,Customer_765,customer765@mail.com,Mumbai,MH,19,Male,Platinum,2026-02-20,1767.62
766,Customer_766,customer766@mail.com,Hyderabad,TS,,Female,Gold,2026-04-19,1016.34
767,Customer_767,,Hyderabad,TS,64,Female,Gold,2026-01-13,1457.15
768,Customer_768,customer768@mail.com,Chennai,TN,,Male,Silver,2025-11-10,1961.07
769,Customer_769,customer769@mail.com,Pune,MH,,Female,Platinum,2025-08-03,3599.87
770,Customer_770,customer770@mail.com,Pune,MH,,Female,Silver,2026-02-09,2041.41
771,Customer_771,customer771@mail.com,Pune,MH,,Female,Gold,2025-06-23,2328.88
772,Customer_772,customer772@mail.com,Chennai,TN,,Male,Silver,2025-04-28,1625.52
773,Customer_773,customer773@mail.com,Delhi,DL,47,Male,Silver,2025-11-05,6822.36
774,Customer_774,customer774@mail.com,Hyderabad,TS,,Female,Gold,2026-03-21,2763.01
775,Customer_775,customer775@mail.com,Bengaluru,KA,,Male,Platinum,2025-04-26,7820.3
776,Customer_776,customer776@mail.com,Hyderabad,TS,31,Male,Silver,2025-07-31,5908.45
777,Customer_777,customer777@mail.com,Delhi,DL,,Female,Platinum,2026-02-10,9147.88
778,Customer_778,customer778@mail.com,Pune,MH,65,Female,Silver,2025-07-23,141.61
779,Customer_779,customer779@mail.com,Pune,MH,,Female,Gold,2025-11-16,8974.73
780,Customer_780,customer780@mail.com,Chennai,TN,,Female,Silver,2025-02-25,857.76
781,Customer_781,customer781@mail.com,Pune,MH,34,Female,Gold,2026-03-09,1040.33
782,Customer_782,customer782@mail.com,Chennai,TN,26,Female,Silver,2025-08-14,4826.95
783,Customer_783,customer783@mail.com,Pune,MH,,Female,Gold,2025-09-15,4611.3
784,Customer_784,customer784@mail.com,Delhi,DL,21,Male,Gold,2026-03-11,1444.38
785,Customer_785,customer785@mail.com,Mumbai,MH,,Female,Gold,2025-03-01,980.9
786,Customer_786,customer786@mail.com,Pune,MH,,Male,Silver,2025-07-06,3755.24
787,Customer_787,customer787@mail.com,Mumbai,MH,42,Female,Platinum,2025-08-01,795.03
788,Customer_788,customer788@mail.com,Chennai,TN,64,Male,Silver,2025-08-31,3776.05
789,Customer_789,customer789@mail.com,Chennai,TN,,Male,Gold,2026-04-10,7335.92
790,Customer_790,customer790@mail.com,Bengaluru,KA,65,Male,Gold,2026-01-14,967.96
791,Customer_791,customer791@mail.com,Pune,MH,23,Male,Platinum,2025-01-15,8645.17
792,Customer_792,customer792@mail.com,Delhi,DL,,Female,Gold,2025-12-11,8544.63
793,Customer_793,customer793@mail.com,Delhi,DL,30,Male,Silver,2025-06-24,3654.9
794,Customer_794,customer794@mail.com,Delhi,DL,26,Male,Silver,2025-09-06,1788.34
795,Customer_795,customer795@mail.com,Chennai,TN,,Male,Gold,2025-04-24,162.98
796,Customer_796,customer796@mail.com,Hyderabad,TS,31,Female,Platinum,2025-11-28,6235.04
797,Customer_797,customer797@mail.com,Chennai,TN,,Male,Silver,2026-05-08,4918.92
798,Customer_798,customer798@mail.com,Hyderabad,TS,58,Female,Silver,2025-08-14,3947.01
799,Customer_799,customer799@mail.com,Pune,MH,62,Male,Gold,2025-11-28,3886.15
800,Customer_800,customer800@mail.com,Delhi,DL,,Male,Platinum,2026-05-16,2415.72
801,Customer_801,customer801@mail.com,Delhi,DL,,Female,Platinum,2025-04-22,5944.26
802,Customer_802,customer802@mail.com,Chennai,TN,27,Male,Gold,2025-01-14,7979.7
803,Customer_803,customer803@mail.com,Hyderabad,TS,,Female,Silver,2025-02-16,8901.66
804,Customer_804,customer804@mail.com,Pune,MH,,Female,Gold,2025-12-11,4070.95
805,Customer_805,customer805@mail.com,Delhi,DL,35,Male,Platinum,2025-04-26,6484.8
806,Customer_806,,Chennai,TN,19,Male,Gold,2025-11-22,1869.72
807,Customer_807,customer807@mail.com,Mumbai,MH,43,Female,Platinum,2025-09-14,5929.98
808,Customer_808,customer808@mail.com,Bengaluru,KA,,Female,Silver,2025-09-28,9215.09
809,Customer_809,customer809@mail.com,Hyderabad,TS,,Female,Platinum,2025-08-11,5752.39
810,Customer_810,customer810@mail.com,Delhi,DL,,Male,Platinum,2025-11-06,5595.24
811,Customer_811,customer811@mail.com,Pune,MH,,Male,Silver,2025-02-11,7006.28
812,Customer_812,customer812@mail.com,Pune,MH,,Female,Platinum,2025-01-17,4730.88
813,Customer_813,customer813@mail.com,Delhi,DL,37,Female,Silver,2026-05-05,8936.01
814,Customer_814,customer814@mail.com,Mumbai,MH,,Male,Silver,2025-12-05,1050.21
815,Customer_815,customer815@mail.com,Hyderabad,TS,60,Female,Gold,2026-04-02,9712.96
816,Customer_816,customer816@mail.com,Hyderabad,TS,,Male,Silver,2025-12-13,1437.9
817,Customer_817,customer817@mail.com,Mumbai,MH,,Female,Platinum,2025-03-20,8339.31
818,Customer_818,customer818@mail.com,Delhi,DL,,Male,Silver,2025-10-09,3516.69
819,Customer_819,customer819@mail.com,Bengaluru,KA,,Female,Platinum,2025-10-04,635.42
820,Customer_820,customer820@mail.com,Pune,MH,24,Male,Gold,2025-01-13,3282.92
821,Customer_821,customer821@mail.com,Hyderabad,TS,,Male,Silver,2025-11-04,3442.81
822,Customer_822,customer822@mail.com,Mumbai,MH,,Male,Silver,2025-08-10,5526.93
823,Customer_823,customer823@mail.com,Hyderabad,TS,42,Male,Gold,2025-10-03,1844.63
824,Customer_824,customer824@mail.com,Bengaluru,KA,58,Male,Gold,2026-04-04,6406.81
825,Customer_825,customer825@mail.com,Hyderabad,TS,24,Female,Gold,2025-03-01,2645.74
826,Customer_826,customer826@mail.com,Mumbai,MH,29,Female,Silver,2026-02-20,1560.28
827,Customer_827,customer827@mail.com,Pune,MH,,Female,Platinum,2025-01-06,433.67
828,Customer_828,customer828@mail.com,Bengaluru,KA,61,Female,Silver,2025-11-28,5145.51
829,Customer_829,customer829@mail.com,Chennai,TN,,Male,Gold,2025-11-30,3745.24
830,Customer_830,customer830@mail.com,Hyderabad,TS,,Female,Platinum,2025-10-22,3481.39
831,Customer_831,customer831@mail.com,Pune,MH,49,Female,Gold,2025-09-12,9783.22
832,Customer_832,customer832@mail.com,Hyderabad,TS,,Female,Gold,2025-06-14,409.07
833,Customer_833,customer833@mail.com,Hyderabad,TS,,Male,Gold,2025-04-13,8364.29
834,Customer_834,customer834@mail.com,Mumbai,MH,47,Female,Platinum,2025-08-17,3129.41
835,Customer_835,customer835@mail.com,Pune,MH,43,Male,Gold,2025-06-17,5711.3
836,Customer_836,customer836@mail.com,Bengaluru,KA,31,Female,Platinum,2026-05-15,6988.26
837,Customer_837,customer837@mail.com,Mumbai,MH,59,Male,Silver,2025-02-28,229.28
838,Customer_838,customer838@mail.com,Mumbai,MH,36,Male,Platinum,2025-02-09,2620.22
839,Customer_839,customer839@mail.com,Hyderabad,TS,,Female,Gold,2025-05-20,506.69
840,Customer_840,customer840@mail.com,Delhi,DL,,Female,Silver,2026-04-10,2098.14
841,Customer_841,customer841@mail.com,Chennai,TN,,Male,Silver,2025-08-19,1442.89
842,Customer_842,customer842@mail.com,Chennai,TN,,Female,Silver,2025-07-09,2788.25
843,Customer_843,customer843@mail.com,Delhi,DL,,Female,Silver,2025-10-27,2123.48
844,Customer_844,customer844@mail.com,Chennai,TN,55,Female,Gold,2026-02-28,681.33
845,Customer_845,customer845@mail.com,Mumbai,MH,,Female,Platinum,2025-12-04,3935.51
846,Customer_846,customer846@mail.com,Pune,MH,28,Female,Silver,2025-08-07,4313.56
847,Customer_847,customer847@mail.com,Hyderabad,TS,,Female,Gold,2025-06-18,8394.1
848,Customer_848,customer848@mail.com,Bengaluru,KA,42,Female,Platinum,2025-11-28,4524.64
849,Customer_849,customer849@mail.com,Delhi,DL,62,Female,Platinum,2025-06-05,5445.29
850,Customer_850,customer850@mail.com,Bengaluru,KA,,Male,Platinum,2026-05-16,9184.52
851,Customer_851,customer851@mail.com,Mumbai,MH,46,Female,Platinum,2026-02-25,5028.78
852,Customer_852,customer852@mail.com,Mumbai,MH,,Male,Gold,2026-01-01,8117.26
853,Customer_853,customer853@mail.com,Delhi,DL,,Female,Platinum,2025-03-13,7072.59
854,Customer_854,customer854@mail.com,Pune,MH,24,Female,Gold,2026-04-07,5219.06
855,Customer_855,customer855@mail.com,Pune,MH,60,Female,Platinum,2025-01-03,7729.05
856,Customer_856,customer856@mail.com,Hyderabad,TS,,Male,Platinum,2025-11-14,2619.18
857,Customer_857,customer857@mail.com,Hyderabad,TS,,Female,Silver,2025-07-27,9454.37
858,Customer_858,customer858@mail.com,Pune,MH,,Female,Platinum,2025-09-04,6110.25
859,Customer_859,customer859@mail.com,Bengaluru,KA,,Female,Platinum,2026-01-27,4278.99
860,Customer_860,customer860@mail.com,Chennai,TN,18,Female,Platinum,2025-08-31,7004.0
861,Customer_861,customer861@mail.com,Bengaluru,KA,,Female,Gold,2025-10-05,8271.46
862,Customer_862,customer862@mail.com,Chennai,TN,,Female,Gold,2025-05-11,203.69
863,Customer_863,customer863@mail.com,Bengaluru,KA,,Male,Gold,2025-01-17,2563.55
864,Customer_864,customer864@mail.com,Chennai,TN,,Male,Gold,2026-05-14,1520.99
865,Customer_865,customer865@mail.com,Delhi,DL,52,Female,Platinum,2025-09-25,7273.57
866,Customer_866,customer866@mail.com,Pune,MH,,Male,Silver,2025-04-26,7284.01
867,Customer_867,customer867@mail.com,Pune,MH,,Male,Platinum,2025-06-12,3048.4
868,Customer_868,customer868@mail.com,Chennai,TN,,Male,Gold,2025-12-04,9774.3
869,Customer_869,customer869@mail.com,Mumbai,MH,36,Male,Gold,2025-05-17,4160.58
870,Customer_870,customer870@mail.com,Hyderabad,TS,,Male,Gold,2025-01-19,7024.54
871,Customer_871,customer871@mail.com,Delhi,DL,,Female,Platinum,2026-01-23,586.06
872,Customer_872,customer872@mail.com,Hyderabad,TS,,Female,Silver,2025-05-16,2321.87
873,Customer_873,customer873@mail.com,Delhi,DL,40,Male,Silver,2025-06-14,9443.74
874,Customer_874,customer874@mail.com,Delhi,DL,,Female,Platinum,2025-07-05,9220.36
875,Customer_875,customer875@mail.com,Delhi,DL,56,Female,Silver,2026-05-09,2584.41
876,Customer_876,customer876@mail.com,Mumbai,MH,,Male,Gold,2026-01-28,7554.89
877,Customer_877,customer877@mail.com,Hyderabad,TS,60,Female,Platinum,2025-09-02,9952.36
878,Customer_878,customer878@mail.com,Pune,MH,61,Female,Platinum,2025-06-11,9798.31
879,Customer_879,customer879@mail.com,Hyderabad,TS,55,Female,Gold,2026-03-20,7040.47
880,Customer_880,customer880@mail.com,Mumbai,MH,48,Female,Gold,2026-03-23,8482.88
881,Customer_881,customer881@mail.com,Chennai,TN,41,Female,Platinum,2025-07-23,6600.64
882,Customer_882,customer882@mail.com,Bengaluru,KA,,Female,Platinum,2025-12-17,6215.35
883,Customer_883,customer883@mail.com,Hyderabad,TS,61,Female,Gold,2026-02-17,8696.73
884,Customer_884,customer884@mail.com,Mumbai,MH,,Male,Gold,2025-02-25,5255.23
885,Customer_885,customer885@mail.com,Delhi,DL,48,Male,Silver,2025-10-15,5151.2
886,Customer_886,customer886@mail.com,Chennai,TN,33,Male,Silver,2025-12-21,2363.61
887,Customer_887,customer887@mail.com,Mumbai,MH,46,Male,Silver,2025-04-16,536.4
888,Customer_888,customer888@mail.com,Hyderabad,TS,,Male,Platinum,2025-07-06,9045.38
889,Customer_889,customer889@mail.com,Delhi,DL,,Female,Gold,2025-06-03,2318.06
890,Customer_890,customer890@mail.com,Pune,MH,,Male,Platinum,2025-11-17,2563.81
891,Customer_891,customer891@mail.com,Chennai,TN,,Female,Silver,2025-01-20,7482.43
892,Customer_892,customer892@mail.com,Bengaluru,KA,53,Male,Silver,2025-02-18,109.17
893,Customer_893,,Mumbai,MH,34,Female,Platinum,2026-03-13,2441.55
894,Customer_894,customer894@mail.com,Mumbai,MH,32,Male,Gold,2025-06-20,5158.76
895,Customer_895,customer895@mail.com,Mumbai,MH,33,Male,Gold,2025-06-07,3627.05
896,Customer_896,customer896@mail.com,Chennai,TN,,Male,Platinum,2026-01-08,9012.57
897,Customer_897,customer897@mail.com,Bengaluru,KA,,Female,Platinum,2025-10-16,6969.2
898,Customer_898,customer898@mail.com,Bengaluru,KA,35,Male,Gold,2025-10-07,8941.47
899,Customer_899,customer899@mail.com,Bengaluru,KA,53,Male,Gold,2025-11-28,5380.07
900,Customer_900,,Delhi,DL,,Female,Platinum,2025-01-15,6197.44
901,Customer_901,customer901@mail.com,Pune,MH,62,Male,Silver,2025-02-04,8146.83
902,Customer_902,customer902@mail.com,Hyderabad,TS,64,Female,Silver,2025-09-01,2644.67
903,Customer_903,customer903@mail.com,Hyderabad,TS,61,Male,Gold,2025-08-30,6265.68
904,Customer_904,customer904@mail.com,Delhi,DL,65,Male,Gold,2026-05-12,9134.51
905,Customer_905,customer905@mail.com,Mumbai,MH,44,Female,Silver,2025-02-25,366.39
906,Customer_906,customer906@mail.com,Chennai,TN,28,Female,Silver,2025-12-07,6174.02
907,Customer_907,customer907@mail.com,Hyderabad,TS,62,Female,Gold,2025-08-29,7499.08
908,Customer_908,customer908@mail.com,Pune,MH,56,Male,Platinum,2025-04-05,2572.07
909,Customer_909,customer909@mail.com,Hyderabad,TS,,Male,Gold,2026-03-26,500.16
910,Customer_910,customer910@mail.com,Chennai,TN,59,Male,Platinum,2025-03-04,1840.5
911,Customer_911,customer911@mail.com,Chennai,TN,59,Male,Platinum,2026-04-15,4769.27
912,Customer_912,customer912@mail.com,Pune,MH,63,Male,Gold,2025-11-18,1806.28
913,Customer_913,customer913@mail.com,Bengaluru,KA,,Male,Gold,2026-03-29,1473.83
914,Customer_914,customer914@mail.com,Pune,MH,19,Female,Silver,2025-12-17,7385.65
915,Customer_915,customer915@mail.com,Mumbai,MH,42,Male,Silver,2025-04-13,6522.11
916,Customer_916,customer916@mail.com,Hyderabad,TS,,Female,Silver,2026-04-11,5939.29
917,Customer_917,customer917@mail.com,Chennai,TN,,Female,Gold,2025-04-21,4482.77
918,Customer_918,customer918@mail.com,Delhi,DL,36,Female,Platinum,2025-04-02,7805.33
919,Customer_919,customer919@mail.com,Bengaluru,KA,,Female,Gold,2025-07-15,3079.02
920,Customer_920,,Bengaluru,KA,,Female,Platinum,2025-11-19,5918.96
921,Customer_921,customer921@mail.com,Bengaluru,KA,42,Male,Gold,2025-10-18,4959.65
922,Customer_922,customer922@mail.com,Hyderabad,TS,,Female,Silver,2025-09-15,6788.18
923,Customer_923,customer923@mail.com,Bengaluru,KA,33,Male,Silver,2025-06-04,8911.23
924,Customer_924,customer924@mail.com,Hyderabad,TS,53,Male,Silver,2025-12-03,1263.55
925,Customer_925,customer925@mail.com,Chennai,TN,26,Male,Gold,2025-03-22,896.15
926,Customer_926,customer926@mail.com,Hyderabad,TS,,Male,Gold,2025-01-08,7632.48
927,Customer_927,customer927@mail.com,Hyderabad,TS,45,Male,Silver,2025-09-12,3383.24
928,Customer_928,customer928@mail.com,Bengaluru,KA,,Male,Silver,2025-06-23,7091.29
929,Customer_929,customer929@mail.com,Hyderabad,TS,,Female,Gold,2025-05-13,484.88
930,Customer_930,customer930@mail.com,Mumbai,MH,40,Female,Silver,2025-02-10,7954.52
931,Customer_931,customer931@mail.com,Pune,MH,56,Female,Silver,2026-05-11,5941.27
932,Customer_932,,Pune,MH,33,Female,Silver,2025-12-24,8304.43
933,Customer_933,customer933@mail.com,Pune,MH,,Female,Gold,2026-02-13,1879.71
934,Customer_934,customer934@mail.com,Pune,MH,,Female,Gold,2026-02-16,8230.33
935,Customer_935,customer935@mail.com,Mumbai,MH,52,Female,Platinum,2026-05-03,6859.66
936,Customer_936,customer936@mail.com,Chennai,TN,44,Male,Silver,2025-10-23,5959.03
937,Customer_937,customer937@mail.com,Mumbai,MH,,Female,Gold,2025-05-22,3230.15
938,Customer_938,customer938@mail.com,Delhi,DL,55,Female,Platinum,2025-08-06,9264.62
939,Customer_939,customer939@mail.com,Delhi,DL,30,Male,Gold,2025-03-23,8741.77
940,Customer_940,customer940@mail.com,Chennai,TN,62,Female,Gold,2026-03-27,4203.71
941,Customer_941,customer941@mail.com,Chennai,TN,,Female,Platinum,2025-03-19,3576.47
942,Customer_942,customer942@mail.com,Mumbai,MH,,Male,Gold,2026-01-04,8982.23
943,Customer_943,customer943@mail.com,Chennai,TN,,Female,Silver,2025-02-25,7730.1
944,Customer_944,customer944@mail.com,Delhi,DL,,Female,Platinum,2025-02-02,9435.33
945,Customer_945,customer945@mail.com,Chennai,TN,55,Female,Silver,2026-04-10,4448.43
946,Customer_946,customer946@mail.com,Pune,MH,,Female,Gold,2025-01-24,3412.79
947,Customer_947,customer947@mail.com,Delhi,DL,,Male,Silver,2025-01-23,1584.06
948,Customer_948,customer948@mail.com,Chennai,TN,,Male,Gold,2026-04-26,131.12
949,Customer_949,customer949@mail.com,Pune,MH,49,Female,Silver,2025-11-06,9627.4
950,Customer_950,customer950@mail.com,Hyderabad,TS,,Male,Gold,2025-05-21,8022.45
951,Customer_951,customer951@mail.com,Hyderabad,TS,,Female,Platinum,2026-04-02,642.07
952,Customer_952,customer952@mail.com,Mumbai,MH,,Female,Gold,2025-11-25,2627.53
953,Customer_953,customer953@mail.com,Chennai,TN,57,Male,Gold,2025-06-08,5096.79
954,Customer_954,customer954@mail.com,Bengaluru,KA,,Male,Gold,2025-02-12,6300.42
955,Customer_955,customer955@mail.com,Pune,MH,27,Male,Platinum,2026-05-13,6509.96
956,Customer_956,customer956@mail.com,Hyderabad,TS,,Male,Gold,2025-12-21,6216.62
957,Customer_957,customer957@mail.com,Pune,MH,,Female,Platinum,2025-06-04,488.13
958,Customer_958,customer958@mail.com,Mumbai,MH,64,Male,Platinum,2025-05-15,1822.03
959,Customer_959,customer959@mail.com,Delhi,DL,52,Female,Gold,2025-10-31,5272.67
960,Customer_960,customer960@mail.com,Delhi,DL,,Male,Platinum,2025-09-19,7293.82
961,Customer_961,customer961@mail.com,Mumbai,MH,32,Female,Platinum,2025-11-22,6290.56
962,Customer_962,customer962@mail.com,Delhi,DL,,Female,Silver,2025-08-27,7837.42
963,Customer_963,customer963@mail.com,Pune,MH,,Female,Platinum,2025-10-07,5849.91
964,Customer_964,customer964@mail.com,Bengaluru,KA,,Female,Silver,2026-01-11,2453.3
965,Customer_965,customer965@mail.com,Bengaluru,KA,50,Female,Gold,2025-07-06,6284.29
966,Customer_966,customer966@mail.com,Chennai,TN,,Male,Silver,2025-06-08,2179.39
967,Customer_967,customer967@mail.com,Mumbai,MH,20,Male,Platinum,2025-01-01,3841.65
968,Customer_968,customer968@mail.com,Mumbai,MH,,Female,Platinum,2026-01-04,4374.52
969,Customer_969,customer969@mail.com,Delhi,DL,52,Male,Silver,2025-08-18,7548.86
970,Customer_970,customer970@mail.com,Mumbai,MH,41,Male,Gold,2025-07-23,5900.06
971,Customer_971,customer971@mail.com,Chennai,TN,38,Female,Platinum,2025-11-25,5995.61
972,Customer_972,customer972@mail.com,Delhi,DL,32,Female,Silver,2026-01-29,8079.84
973,Customer_973,customer973@mail.com,Bengaluru,KA,,Male,Silver,2026-01-04,2055.14
974,Customer_974,customer974@mail.com,Bengaluru,KA,27,Female,Gold,2025-03-23,1453.37
975,Customer_975,customer975@mail.com,Bengaluru,KA,32,Female,Platinum,2025-01-26,6119.24
976,Customer_976,customer976@mail.com,Pune,MH,,Female,Silver,2026-01-09,7173.19
977,Customer_977,customer977@mail.com,Hyderabad,TS,,Male,Platinum,2025-02-19,3609.29
978,Customer_978,customer978@mail.com,Delhi,DL,,Female,Gold,2026-01-27,7471.7
979,Customer_979,customer979@mail.com,Pune,MH,23,Male,Silver,2026-02-22,2431.43
980,Customer_980,customer980@mail.com,Delhi,DL,,Female,Gold,2025-06-17,6969.12
981,Customer_981,customer981@mail.com,Pune,MH,54,Male,Gold,2026-02-04,3396.38
982,Customer_982,customer982@mail.com,Chennai,TN,,Male,Silver,2025-06-20,2926.43
983,Customer_983,customer983@mail.com,Chennai,TN,59,Male,Platinum,2025-08-25,9220.71
984,Customer_984,customer984@mail.com,Bengaluru,KA,,Female,Silver,2026-03-24,9296.65
985,Customer_985,customer985@mail.com,Mumbai,MH,23,Male,Silver,2025-03-22,1897.46
986,Customer_986,customer986@mail.com,Chennai,TN,,Male,Gold,2025-09-20,7553.07
987,Customer_987,customer987@mail.com,Mumbai,MH,21,Male,Platinum,2025-06-17,2583.07
988,Customer_988,customer988@mail.com,Delhi,DL,,Male,Gold,2025-10-19,3562.74
989,Customer_989,customer989@mail.com,Hyderabad,TS,59,Male,Silver,2026-04-06,4506.18
990,Customer_990,customer990@mail.com,Bengaluru,KA,64,Male,Platinum,2025-11-17,3994.98
991,Customer_991,customer991@mail.com,Bengaluru,KA,28,Female,Gold,2025-01-21,5603.78
992,Customer_992,customer992@mail.com,Pune,MH,,Male,Platinum,2025-03-28,1221.9
993,Customer_993,customer993@mail.com,Chennai,TN,,Male,Silver,2025-03-05,4177.17
994,Customer_994,customer994@mail.com,Delhi,DL,,Female,Platinum,2025-09-24,2781.0
995,Customer_995,customer995@mail.com,Delhi,DL,37,Male,Silver,2026-05-15,9873.09
996,Customer_996,customer996@mail.com,Bengaluru,KA,,Female,Silver,2025-01-17,414.97
997,Customer_997,customer997@mail.com,Pune,MH,42,Male,Gold,2026-02-05,5590.06
998,Customer_998,customer998@mail.com,Delhi,DL,26,Female,Gold,2025-08-04,1887.37
999,Customer_999,customer999@mail.com,Pune,MH,,Male,Platinum,2025-03-28,6781.12
1000,Customer_1000,customer1000@mail.com,Delhi,DL,,Female,Platinum,2025-04-01,8589.03
1001,Customer_1001,customer1001@mail.com,Delhi,DL,,Male,Silver,2025-10-26,1886.05
1002,Customer_1002,customer1002@mail.com,Mumbai,MH,,Male,Gold,2025-09-16,8065.33
1003,Customer_1003,customer1003@mail.com,Bengaluru,KA,25,Male,Gold,2025-11-04,2545.84
1004,Customer_1004,customer1004@mail.com,Mumbai,MH,64,Female,Gold,2026-03-27,3934.43
1005,Customer_1005,customer1005@mail.com,Bengaluru,KA,,Female,Platinum,2026-04-12,953.81
1006,Customer_1006,customer1006@mail.com,Chennai,TN,,Female,Gold,2025-05-20,732.04
1007,Customer_1007,customer1007@mail.com,Chennai,TN,63,Female,Platinum,2025-06-03,9498.16
1008,Customer_1008,customer1008@mail.com,Delhi,DL,,Male,Gold,2025-06-28,5876.72
1009,Customer_1009,customer1009@mail.com,Mumbai,MH,38,Female,Silver,2025-10-25,9703.18
1010,Customer_1010,customer1010@mail.com,Delhi,DL,49,Female,Platinum,2025-09-11,9945.62
1011,Customer_1011,customer1011@mail.com,Bengaluru,KA,,Male,Platinum,2026-01-19,7374.54
1012,Customer_1012,customer1012@mail.com,Pune,MH,47,Female,Silver,2026-02-27,6929.54
1013,Customer_1013,customer1013@mail.com,Mumbai,MH,,Female,Silver,2025-08-10,2946.94
1014,Customer_1014,customer1014@mail.com,Chennai,TN,37,Female,Silver,2025-05-03,6708.96
1015,Customer_1015,customer1015@mail.com,Bengaluru,KA,,Female,Platinum,2025-12-29,1070.44
1016,Customer_1016,customer1016@mail.com,Delhi,DL,20,Male,Platinum,2026-03-16,1970.97
1017,Customer_1017,customer1017@mail.com,Hyderabad,TS,,Male,Gold,2025-11-19,8914.24
1018,Customer_1018,customer1018@mail.com,Delhi,DL,,Female,Platinum,2025-01-13,6377.93
1019,Customer_1019,customer1019@mail.com,Mumbai,MH,43,Female,Platinum,2025-10-14,9919.5
1020,Customer_1020,customer1020@mail.com,Bengaluru,KA,,Female,Platinum,2025-06-13,646.12
1021,Customer_1021,customer1021@mail.com,Chennai,TN,,Male,Silver,2026-02-28,7872.7
1022,Customer_1022,customer1022@mail.com,Pune,MH,45,Female,Platinum,2025-06-05,3072.97
1023,Customer_1023,customer1023@mail.com,Hyderabad,TS,,Male,Gold,2026-03-24,8175.45
1024,Customer_1024,customer1024@mail.com,Bengaluru,KA,55,Female,Gold,2025-11-12,8974.29
1025,Customer_1025,customer1025@mail.com,Pune,MH,32,Male,Gold,2025-07-26,7576.06
1026,Customer_1026,customer1026@mail.com,Hyderabad,TS,47,Female,Platinum,2025-12-22,2088.88
1027,Customer_1027,customer1027@mail.com,Pune,MH,25,Male,Silver,2025-09-07,9916.64
1028,Customer_1028,customer1028@mail.com,Mumbai,MH,,Female,Gold,2026-01-27,8036.93
1029,Customer_1029,customer1029@mail.com,Pune,MH,33,Female,Gold,2026-01-25,4949.08
1030,Customer_1030,customer1030@mail.com,Pune,MH,59,Male,Gold,2026-02-21,2417.0
1031,Customer_1031,customer1031@mail.com,Mumbai,MH,,Female,Gold,2025-07-09,6637.29
1032,Customer_1032,customer1032@mail.com,Chennai,TN,28,Female,Silver,2025-05-19,579.47
1033,Customer_1033,customer1033@mail.com,Delhi,DL,57,Male,Gold,2025-07-20,2005.09
1034,Customer_1034,customer1034@mail.com,Delhi,DL,,Male,Platinum,2025-03-28,6469.13
1035,Customer_1035,customer1035@mail.com,Pune,MH,,Male,Gold,2026-01-11,6600.58
1036,Customer_1036,customer1036@mail.com,Bengaluru,KA,33,Male,Gold,2026-03-21,7381.32
1037,Customer_1037,customer1037@mail.com,Hyderabad,TS,,Male,Platinum,2026-02-18,5079.25
1038,Customer_1038,customer1038@mail.com,Chennai,TN,,Male,Platinum,2026-01-04,6380.4
1039,Customer_1039,customer1039@mail.com,Hyderabad,TS,63,Female,Silver,2025-10-20,6014.58
1040,Customer_1040,customer1040@mail.com,Mumbai,MH,43,Male,Platinum,2026-03-17,4988.36
1041,Customer_1041,customer1041@mail.com,Bengaluru,KA,19,Female,Platinum,2026-02-09,2862.31
1042,Customer_1042,customer1042@mail.com,Pune,MH,46,Female,Silver,2025-06-29,803.01
1043,Customer_1043,customer1043@mail.com,Chennai,TN,,Female,Silver,2025-09-12,4134.17
1044,Customer_1044,customer1044@mail.com,Bengaluru,KA,57,Male,Silver,2026-01-08,2697.77
1045,Customer_1045,customer1045@mail.com,Delhi,DL,26,Female,Gold,2025-12-03,5528.82
1046,Customer_1046,customer1046@mail.com,Bengaluru,KA,,Male,Platinum,2025-10-07,4982.01
1047,Customer_1047,customer1047@mail.com,Pune,MH,,Female,Silver,2026-01-28,7686.81
1048,Customer_1048,customer1048@mail.com,Chennai,TN,37,Female,Gold,2025-06-25,5198.48
1049,Customer_1049,customer1049@mail.com,Delhi,DL,,Male,Gold,2025-06-16,8534.2
1050,Customer_1050,customer1050@mail.com,Pune,MH,38,Male,Gold,2025-10-05,4508.32
1051,Customer_1051,customer1051@mail.com,Pune,MH,46,Female,Platinum,2025-07-06,578.27
1052,Customer_1052,customer1052@mail.com,Mumbai,MH,,Female,Gold,2026-02-11,7322.7
1053,Customer_1053,customer1053@mail.com,Delhi,DL,,Male,Silver,2025-04-03,7962.47
1054,Customer_1054,customer1054@mail.com,Mumbai,MH,,Male,Gold,2025-03-28,8382.24
1055,Customer_1055,customer1055@mail.com,Mumbai,MH,,Male,Gold,2026-02-26,2601.5
1056,Customer_1056,customer1056@mail.com,Chennai,TN,,Female,Silver,2025-03-20,3198.11
1057,Customer_1057,customer1057@mail.com,Pune,MH,49,Male,Platinum,2026-04-25,7269.22
1058,Customer_1058,customer1058@mail.com,Pune,MH,,Female,Platinum,2026-01-31,1019.46
1059,Customer_1059,customer1059@mail.com,Mumbai,MH,55,Male,Silver,2025-11-14,6884.76
1060,Customer_1060,customer1060@mail.com,Pune,MH,23,Male,Platinum,2025-02-02,8891.82
1061,Customer_1061,customer1061@mail.com,Mumbai,MH,61,Female,Platinum,2025-10-18,8988.09
1062,Customer_1062,customer1062@mail.com,Mumbai,MH,,Female,Silver,2025-06-06,4973.19
1063,Customer_1063,customer1063@mail.com,Chennai,TN,,Male,Silver,2025-08-03,1251.85
1064,Customer_1064,customer1064@mail.com,Chennai,TN,56,Female,Gold,2025-07-17,2303.05
1065,Customer_1065,,Bengaluru,KA,28,Male,Gold,2026-04-28,8351.1
1066,Customer_1066,customer1066@mail.com,Delhi,DL,,Female,Gold,2026-04-06,9216.75
1067,Customer_1067,customer1067@mail.com,Chennai,TN,51,Male,Silver,2025-08-05,2082.95
1068,Customer_1068,,Bengaluru,KA,64,Female,Platinum,2025-07-19,6588.8
1069,Customer_1069,customer1069@mail.com,Pune,MH,,Male,Gold,2025-06-24,2670.19
1070,Customer_1070,customer1070@mail.com,Chennai,TN,21,Male,Gold,2026-05-06,9404.46
1071,Customer_1071,customer1071@mail.com,Bengaluru,KA,,Male,Gold,2026-03-06,3879.0
1072,Customer_1072,customer1072@mail.com,Mumbai,MH,32,Female,Gold,2025-07-18,4246.16
1073,Customer_1073,customer1073@mail.com,Mumbai,MH,19,Female,Gold,2025-03-19,6937.44
1074,Customer_1074,customer1074@mail.com,Bengaluru,KA,19,Female,Gold,2025-05-18,7129.74
1075,Customer_1075,customer1075@mail.com,Bengaluru,KA,,Male,Gold,2025-10-15,5103.09
1076,Customer_1076,customer1076@mail.com,Bengaluru,KA,,Male,Gold,2026-01-08,2613.29
1077,Customer_1077,customer1077@mail.com,Mumbai,MH,,Female,Silver,2025-12-27,992.44
1078,Customer_1078,customer1078@mail.com,Mumbai,MH,,Male,Platinum,2025-05-01,4291.94
1079,Customer_1079,customer1079@mail.com,Pune,MH,60,Male,Gold,2026-01-09,1348.95
1080,Customer_1080,customer1080@mail.com,Pune,MH,45,Male,Silver,2026-05-10,3278.0
1081,Customer_1081,customer1081@mail.com,Pune,MH,,Female,Platinum,2026-02-24,8632.25
1082,Customer_1082,customer1082@mail.com,Hyderabad,TS,,Female,Silver,2025-06-21,7661.04
1083,Customer_1083,customer1083@mail.com,Pune,MH,,Female,Gold,2026-03-31,4683.17
1084,Customer_1084,customer1084@mail.com,Chennai,TN,,Male,Platinum,2026-02-22,8162.3
1085,Customer_1085,customer1085@mail.com,Chennai,TN,,Female,Platinum,2025-11-11,3489.6
1086,Customer_1086,customer1086@mail.com,Bengaluru,KA,,Male,Gold,2025-09-16,4413.88
1087,Customer_1087,customer1087@mail.com,Delhi,DL,41,Female,Platinum,2025-07-22,4416.44
1088,Customer_1088,customer1088@mail.com,Delhi,DL,31,Female,Silver,2025-10-24,6897.09
1089,Customer_1089,customer1089@mail.com,Delhi,DL,,Female,Gold,2025-03-27,3456.18
1090,Customer_1090,customer1090@mail.com,Mumbai,MH,54,Female,Gold,2025-01-04,1065.36
1091,Customer_1091,customer1091@mail.com,Delhi,DL,,Male,Gold,2025-11-10,2381.43
1092,Customer_1092,customer1092@mail.com,Hyderabad,TS,22,Female,Platinum,2025-10-08,6862.78
1093,Customer_1093,customer1093@mail.com,Hyderabad,TS,,Male,Silver,2026-01-06,8790.05
1094,Customer_1094,customer1094@mail.com,Hyderabad,TS,,Female,Gold,2025-11-14,6274.05
1095,Customer_1095,customer1095@mail.com,Bengaluru,KA,20,Female,Gold,2025-06-28,1033.59
1096,Customer_1096,customer1096@mail.com,Chennai,TN,,Male,Gold,2025-04-05,9730.5
1097,Customer_1097,,Chennai,TN,50,Male,Silver,2025-11-21,3233.87
1098,Customer_1098,customer1098@mail.com,Mumbai,MH,,Female,Gold,2025-08-20,3690.64
1099,Customer_1099,customer1099@mail.com,Pune,MH,21,Male,Platinum,2026-04-24,3953.68
1100,Customer_1100,customer1100@mail.com,Hyderabad,TS,34,Male,Silver,2025-02-21,5478.13
1101,Customer_1101,customer1101@mail.com,Bengaluru,KA,59,Female,Gold,2026-02-20,4430.63
1102,Customer_1102,customer1102@mail.com,Mumbai,MH,60,Male,Gold,2025-05-20,2923.69
1103,Customer_1103,customer1103@mail.com,Bengaluru,KA,18,Female,Platinum,2025-10-03,2435.03
1104,Customer_1104,customer1104@mail.com,Delhi,DL,,Male,Platinum,2026-01-25,6343.97
1105,Customer_1105,customer1105@mail.com,Hyderabad,TS,,Male,Platinum,2025-04-18,5142.58
1106,Customer_1106,customer1106@mail.com,Pune,MH,,Female,Platinum,2026-02-07,3224.68
1107,Customer_1107,customer1107@mail.com,Mumbai,MH,59,Female,Platinum,2025-07-24,4110.02
1108,Customer_1108,customer1108@mail.com,Bengaluru,KA,20,Male,Silver,2025-05-07,9840.01
1109,Customer_1109,customer1109@mail.com,Delhi,DL,,Female,Silver,2025-10-31,3963.53
1110,Customer_1110,customer1110@mail.com,Bengaluru,KA,41,Female,Platinum,2025-04-16,9472.97
1111,Customer_1111,customer1111@mail.com,Chennai,TN,,Male,Gold,2026-01-08,3577.45
1112,Customer_1112,customer1112@mail.com,Mumbai,MH,34,Female,Gold,2025-05-03,4042.38
1113,Customer_1113,customer1113@mail.com,Delhi,DL,,Male,Platinum,2025-05-01,951.09
1114,Customer_1114,customer1114@mail.com,Hyderabad,TS,53,Female,Gold,2025-09-22,2866.7
1115,Customer_1115,customer1115@mail.com,Mumbai,MH,,Female,Platinum,2025-08-04,8375.41
1116,Customer_1116,customer1116@mail.com,Bengaluru,KA,,Female,Gold,2025-06-22,1099.7
1117,Customer_1117,customer1117@mail.com,Pune,MH,32,Female,Platinum,2026-04-15,601.41
1118,Customer_1118,customer1118@mail.com,Bengaluru,KA,41,Male,Platinum,2025-05-07,3702.12
1119,Customer_1119,customer1119@mail.com,Mumbai,MH,21,Male,Silver,2025-05-09,6695.42
1120,Customer_1120,customer1120@mail.com,Bengaluru,KA,,Female,Gold,2025-01-15,4873.96
1121,Customer_1121,customer1121@mail.com,Mumbai,MH,49,Female,Platinum,2025-09-24,3874.13
1122,Customer_1122,customer1122@mail.com,Pune,MH,50,Female,Gold,2025-08-07,9434.65
1123,Customer_1123,customer1123@mail.com,Mumbai,MH,37,Female,Gold,2026-05-04,5543.88
1124,Customer_1124,customer1124@mail.com,Mumbai,MH,43,Male,Gold,2025-07-03,6608.15
1125,Customer_1125,customer1125@mail.com,Pune,MH,50,Female,Silver,2025-04-14,1964.93
1126,Customer_1126,customer1126@mail.com,Delhi,DL,,Female,Silver,2026-01-28,3857.06
1127,Customer_1127,customer1127@mail.com,Delhi,DL,28,Female,Gold,2026-03-06,2708.23
1128,Customer_1128,customer1128@mail.com,Pune,MH,,Male,Silver,2025-09-07,9474.29
1129,Customer_1129,customer1129@mail.com,Bengaluru,KA,34,Male,Silver,2025-07-01,4200.61
1130,Customer_1130,customer1130@mail.com,Chennai,TN,31,Female,Platinum,2025-05-13,2395.42
1131,Customer_1131,customer1131@mail.com,Delhi,DL,,Female,Gold,2026-04-10,1830.99
1132,Customer_1132,customer1132@mail.com,Chennai,TN,61,Female,Platinum,2025-09-01,8535.82
1133,Customer_1133,customer1133@mail.com,Hyderabad,TS,59,Female,Gold,2026-04-16,2276.21
1134,Customer_1134,customer1134@mail.com,Pune,MH,,Female,Gold,2025-07-10,6695.29
1135,Customer_1135,customer1135@mail.com,Pune,MH,,Female,Gold,2026-02-10,5202.31
1136,Customer_1136,customer1136@mail.com,Mumbai,MH,,Female,Silver,2025-08-17,6812.6
1137,Customer_1137,customer1137@mail.com,Hyderabad,TS,63,Female,Gold,2026-01-31,4254.38
1138,Customer_1138,customer1138@mail.com,Hyderabad,TS,59,Male,Gold,2025-10-02,5881.46
1139,Customer_1139,customer1139@mail.com,Delhi,DL,43,Female,Silver,2025-12-22,3131.04
1140,Customer_1140,customer1140@mail.com,Mumbai,MH,36,Male,Silver,2026-05-07,4663.16
1141,Customer_1141,customer1141@mail.com,Pune,MH,51,Male,Gold,2025-07-25,2647.44
1142,Customer_1142,customer1142@mail.com,Mumbai,MH,,Male,Gold,2025-08-31,382.54
1143,Customer_1143,customer1143@mail.com,Mumbai,MH,21,Male,Platinum,2025-07-20,7325.58
1144,Customer_1144,customer1144@mail.com,Hyderabad,TS,,Male,Platinum,2025-02-17,2047.66
1145,Customer_1145,customer1145@mail.com,Chennai,TN,33,Female,Gold,2026-01-05,754.54
1146,Customer_1146,customer1146@mail.com,Bengaluru,KA,20,Female,Silver,2025-12-01,1731.78
1147,Customer_1147,customer1147@mail.com,Pune,MH,28,Male,Gold,2025-01-27,8207.79
1148,Customer_1148,customer1148@mail.com,Pune,MH,52,Female,Platinum,2025-02-18,4819.62
1149,Customer_1149,customer1149@mail.com,Mumbai,MH,,Female,Gold,2025-02-27,8054.23
1150,Customer_1150,customer1150@mail.com,Pune,MH,24,Female,Silver,2026-05-08,2898.53
1151,Customer_1151,customer1151@mail.com,Delhi,DL,19,Female,Gold,2025-04-15,3764.05
1152,Customer_1152,customer1152@mail.com,Chennai,TN,,Male,Gold,2026-03-21,9812.73
1153,Customer_1153,customer1153@mail.com,Mumbai,MH,40,Male,Platinum,2025-12-07,3969.3
1154,Customer_1154,customer1154@mail.com,Chennai,TN,57,Female,Platinum,2026-04-05,4704.98
1155,Customer_1155,customer1155@mail.com,Hyderabad,TS,,Male,Gold,2025-05-22,6170.4
1156,Customer_1156,customer1156@mail.com,Hyderabad,TS,51,Male,Platinum,2026-05-16,1523.72
1157,Customer_1157,customer1157@mail.com,Delhi,DL,33,Male,Gold,2025-05-08,6250.45
1158,Customer_1158,customer1158@mail.com,Hyderabad,TS,,Male,Platinum,2026-03-17,5018.38
1159,Customer_1159,customer1159@mail.com,Bengaluru,KA,,Male,Platinum,2025-05-26,1663.64
1160,Customer_1160,customer1160@mail.com,Bengaluru,KA,,Male,Gold,2025-12-06,7952.13
1161,Customer_1161,customer1161@mail.com,Bengaluru,KA,,Male,Silver,2026-04-18,7720.72
1162,Customer_1162,customer1162@mail.com,Delhi,DL,60,Male,Gold,2026-01-11,9237.93
1163,Customer_1163,customer1163@mail.com,Delhi,DL,55,Female,Silver,2025-05-22,8155.68
1164,Customer_1164,customer1164@mail.com,Delhi,DL,39,Female,Gold,2025-11-21,732.49
1165,Customer_1165,customer1165@mail.com,Bengaluru,KA,,Male,Platinum,2025-03-27,3892.97
1166,Customer_1166,customer1166@mail.com,Bengaluru,KA,30,Female,Platinum,2025-06-18,6661.4
1167,Customer_1167,customer1167@mail.com,Pune,MH,25,Female,Gold,2026-03-23,3613.82
1168,Customer_1168,customer1168@mail.com,Bengaluru,KA,52,Male,Gold,2025-11-16,5491.57
1169,Customer_1169,customer1169@mail.com,Hyderabad,TS,,Male,Silver,2025-04-02,4599.22
1170,Customer_1170,customer1170@mail.com,Delhi,DL,20,Female,Silver,2025-03-20,9104.35
1171,Customer_1171,customer1171@mail.com,Mumbai,MH,,Male,Gold,2026-01-09,7249.97
1172,Customer_1172,customer1172@mail.com,Chennai,TN,,Male,Gold,2025-07-11,8046.77
1173,Customer_1173,customer1173@mail.com,Hyderabad,TS,,Female,Silver,2025-08-13,2169.05
1174,Customer_1174,customer1174@mail.com,Chennai,TN,,Female,Platinum,2026-03-15,8607.44
1175,Customer_1175,customer1175@mail.com,Bengaluru,KA,,Male,Silver,2025-08-31,1262.73
1176,Customer_1176,customer1176@mail.com,Chennai,TN,23,Female,Platinum,2025-06-12,207.62
1177,Customer_1177,customer1177@mail.com,Chennai,TN,44,Male,Gold,2025-08-12,6745.21
1178,Customer_1178,customer1178@mail.com,Chennai,TN,,Female,Platinum,2025-09-02,1260.58
1179,Customer_1179,customer1179@mail.com,Chennai,TN,62,Male,Silver,2025-08-28,8800.01
1180,Customer_1180,customer1180@mail.com,Pune,MH,,Female,Platinum,2026-04-10,9377.95
1181,Customer_1181,customer1181@mail.com,Delhi,DL,,Male,Platinum,2025-03-02,1773.87
1182,Customer_1182,customer1182@mail.com,Delhi,DL,,Male,Silver,2025-11-03,6051.69
1183,Customer_1183,customer1183@mail.com,Delhi,DL,,Female,Platinum,2026-04-04,6526.48
1184,Customer_1184,customer1184@mail.com,Chennai,TN,55,Male,Gold,2026-02-28,8719.48
1185,Customer_1185,customer1185@mail.com,Delhi,DL,,Male,Gold,2025-11-27,6452.08
1186,Customer_1186,customer1186@mail.com,Bengaluru,KA,60,Male,Platinum,2026-02-20,3649.2
1187,Customer_1187,customer1187@mail.com,Hyderabad,TS,,Female,Platinum,2025-12-02,7614.33
1188,Customer_1188,customer1188@mail.com,Pune,MH,41,Male,Silver,2025-07-01,3576.05
1189,Customer_1189,customer1189@mail.com,Chennai,TN,46,Male,Silver,2025-07-12,1008.72
1190,Customer_1190,customer1190@mail.com,Hyderabad,TS,39,Male,Gold,2026-05-02,3950.57
1191,Customer_1191,customer1191@mail.com,Pune,MH,64,Male,Gold,2025-08-29,6926.88
1192,Customer_1192,customer1192@mail.com,Hyderabad,TS,37,Male,Gold,2025-01-01,9084.97
1193,Customer_1193,customer1193@mail.com,Mumbai,MH,,Male,Silver,2025-12-26,3470.94
1194,Customer_1194,customer1194@mail.com,Bengaluru,KA,,Female,Platinum,2026-02-02,8584.2
1195,Customer_1195,customer1195@mail.com,Mumbai,MH,53,Male,Platinum,2025-12-06,1496.82
1196,Customer_1196,customer1196@mail.com,Chennai,TN,,Male,Silver,2025-05-08,1173.34
1197,Customer_1197,customer1197@mail.com,Pune,MH,,Female,Silver,2025-10-31,5871.39
1198,Customer_1198,customer1198@mail.com,Chennai,TN,30,Male,Platinum,2025-05-16,1032.61
1199,Customer_1199,customer1199@mail.com,Pune,MH,,Male,Silver,2026-02-14,1522.51
1200,Customer_1200,customer1200@mail.com,Delhi,DL,53,Female,Gold,2025-06-14,1225.41
1201,Customer_1201,customer1201@mail.com,Bengaluru,KA,43,Female,Platinum,2026-01-27,2362.11
1202,Customer_1202,customer1202@mail.com,Delhi,DL,56,Female,Platinum,2025-04-24,9411.0
1203,Customer_1203,customer1203@mail.com,Delhi,DL,,Female,Gold,2026-01-05,8557.7
1204,Customer_1204,customer1204@mail.com,Delhi,DL,45,Female,Platinum,2026-02-23,3869.4
1205,Customer_1205,customer1205@mail.com,Chennai,TN,30,Female,Gold,2025-08-28,942.36
1206,Customer_1206,customer1206@mail.com,Mumbai,MH,33,Female,Silver,2025-12-31,6814.61
1207,Customer_1207,customer1207@mail.com,Bengaluru,KA,57,Female,Gold,2025-08-14,1640.39
1208,Customer_1208,customer1208@mail.com,Pune,MH,26,Male,Silver,2026-01-29,7845.21
1209,Customer_1209,customer1209@mail.com,Delhi,DL,61,Female,Platinum,2025-07-03,8172.4
1210,Customer_1210,customer1210@mail.com,Mumbai,MH,,Female,Silver,2025-01-28,2164.41
1211,Customer_1211,customer1211@mail.com,Delhi,DL,64,Female,Gold,2025-10-15,2395.38
1212,Customer_1212,customer1212@mail.com,Bengaluru,KA,,Female,Silver,2025-01-15,2824.45
1213,Customer_1213,customer1213@mail.com,Mumbai,MH,,Female,Platinum,2025-01-10,7313.38
1214,Customer_1214,customer1214@mail.com,Hyderabad,TS,40,Female,Silver,2026-01-31,2345.53
1215,Customer_1215,customer1215@mail.com,Delhi,DL,,Female,Gold,2026-02-08,6227.23
1216,Customer_1216,customer1216@mail.com,Hyderabad,TS,,Female,Gold,2025-08-06,5109.38
1217,Customer_1217,customer1217@mail.com,Bengaluru,KA,,Male,Gold,2025-08-14,708.91
1218,Customer_1218,customer1218@mail.com,Bengaluru,KA,,Female,Platinum,2025-01-22,7844.67
1219,Customer_1219,customer1219@mail.com,Bengaluru,KA,,Male,Gold,2025-07-10,6529.99
1220,Customer_1220,customer1220@mail.com,Mumbai,MH,30,Male,Gold,2025-06-12,9714.33
1221,Customer_1221,customer1221@mail.com,Bengaluru,KA,29,Male,Silver,2025-09-25,923.4
1222,Customer_1222,customer1222@mail.com,Hyderabad,TS,20,Male,Platinum,2025-08-22,6728.74
1223,Customer_1223,customer1223@mail.com,Mumbai,MH,,Female,Platinum,2026-04-25,9382.55
1224,Customer_1224,customer1224@mail.com,Chennai,TN,20,Male,Silver,2025-03-16,1044.26
1225,Customer_1225,customer1225@mail.com,Delhi,DL,58,Male,Platinum,2025-11-12,8205.86
1226,Customer_1226,customer1226@mail.com,Pune,MH,,Female,Platinum,2026-02-10,5132.87
1227,Customer_1227,customer1227@mail.com,Chennai,TN,27,Female,Gold,2025-12-19,2039.52
1228,Customer_1228,customer1228@mail.com,Bengaluru,KA,,Male,Silver,2026-04-22,9606.04
1229,Customer_1229,customer1229@mail.com,Chennai,TN,49,Male,Platinum,2025-05-21,1300.73
1230,Customer_1230,customer1230@mail.com,Delhi,DL,,Male,Gold,2025-10-11,7010.36
1231,Customer_1231,customer1231@mail.com,Hyderabad,TS,,Male,Silver,2026-04-30,2796.9
1232,Customer_1232,customer1232@mail.com,Mumbai,MH,,Female,Gold,2025-09-16,3805.72
1233,Customer_1233,customer1233@mail.com,Hyderabad,TS,,Male,Platinum,2026-01-10,4264.7
1234,Customer_1234,customer1234@mail.com,Bengaluru,KA,25,Female,Platinum,2025-01-07,9942.86
1235,Customer_1235,customer1235@mail.com,Bengaluru,KA,39,Male,Platinum,2025-05-29,1876.72
1236,Customer_1236,customer1236@mail.com,Chennai,TN,65,Male,Platinum,2026-03-04,6680.51
1237,Customer_1237,customer1237@mail.com,Chennai,TN,,Male,Silver,2025-01-30,2667.01
1238,Customer_1238,customer1238@mail.com,Chennai,TN,21,Female,Platinum,2025-12-08,2435.73
1239,Customer_1239,customer1239@mail.com,Hyderabad,TS,59,Female,Platinum,2025-07-22,6832.67
1240,Customer_1240,customer1240@mail.com,Hyderabad,TS,,Female,Gold,2025-10-13,5802.15
1241,Customer_1241,customer1241@mail.com,Bengaluru,KA,,Male,Gold,2025-10-17,251.51
1242,Customer_1242,customer1242@mail.com,Bengaluru,KA,,Male,Platinum,2026-02-25,117.14
1243,Customer_1243,customer1243@mail.com,Hyderabad,TS,,Male,Gold,2025-01-05,8775.33
1244,Customer_1244,customer1244@mail.com,Pune,MH,,Female,Platinum,2025-08-04,7358.23
1245,Customer_1245,customer1245@mail.com,Bengaluru,KA,25,Male,Silver,2025-04-22,2201.72
1246,Customer_1246,customer1246@mail.com,Chennai,TN,49,Female,Silver,2025-03-14,9029.33
1247,Customer_1247,customer1247@mail.com,Chennai,TN,20,Male,Silver,2025-08-14,121.68
1248,Customer_1248,customer1248@mail.com,Delhi,DL,,Female,Gold,2025-08-21,2591.8
1249,Customer_1249,customer1249@mail.com,Chennai,TN,,Male,Gold,2026-04-07,7124.87
1250,Customer_1250,customer1250@mail.com,Delhi,DL,41,Female,Silver,2025-11-06,578.83
1251,Customer_1251,customer1251@mail.com,Bengaluru,KA,,Female,Silver,2026-03-10,4561.67
1252,Customer_1252,customer1252@mail.com,Mumbai,MH,,Female,Gold,2025-08-17,5220.64
1253,Customer_1253,customer1253@mail.com,Hyderabad,TS,33,Female,Platinum,2025-07-13,2078.24
1254,Customer_1254,customer1254@mail.com,Pune,MH,,Male,Platinum,2025-10-03,9714.38
1255,Customer_1255,customer1255@mail.com,Bengaluru,KA,,Male,Platinum,2026-02-07,9058.56
1256,Customer_1256,customer1256@mail.com,Mumbai,MH,60,Male,Gold,2025-08-20,1025.86
1257,Customer_1257,customer1257@mail.com,Pune,MH,,Male,Gold,2025-11-08,5673.02
1258,Customer_1258,customer1258@mail.com,Delhi,DL,,Male,Gold,2025-09-27,7560.16
1259,Customer_1259,customer1259@mail.com,Hyderabad,TS,58,Male,Platinum,2026-05-01,4444.89
1260,Customer_1260,customer1260@mail.com,Chennai,TN,25,Male,Gold,2025-04-12,8133.82
1261,Customer_1261,customer1261@mail.com,Chennai,TN,63,Male,Silver,2025-02-28,6802.96
1262,Customer_1262,,Pune,MH,55,Male,Gold,2025-11-09,397.77
1263,Customer_1263,customer1263@mail.com,Hyderabad,TS,36,Female,Platinum,2026-03-06,9621.72
1264,Customer_1264,customer1264@mail.com,Chennai,TN,26,Male,Silver,2025-03-28,7537.72
1265,Customer_1265,customer1265@mail.com,Chennai,TN,53,Female,Silver,2026-04-13,719.54
1266,Customer_1266,customer1266@mail.com,Pune,MH,19,Female,Platinum,2026-05-08,3966.34
1267,Customer_1267,customer1267@mail.com,Pune,MH,,Male,Platinum,2025-09-27,4712.03
1268,Customer_1268,customer1268@mail.com,Chennai,TN,,Male,Silver,2025-01-21,4121.18
1269,Customer_1269,customer1269@mail.com,Delhi,DL,59,Female,Gold,2025-04-01,282.21
1270,Customer_1270,customer1270@mail.com,Hyderabad,TS,,Male,Silver,2025-11-28,4860.61
1271,Customer_1271,customer1271@mail.com,Hyderabad,TS,,Female,Gold,2025-05-29,189.04
1272,Customer_1272,customer1272@mail.com,Hyderabad,TS,42,Female,Gold,2025-05-16,6641.97
1273,Customer_1273,customer1273@mail.com,Pune,MH,,Male,Silver,2026-03-09,5227.26
1274,Customer_1274,customer1274@mail.com,Chennai,TN,,Female,Gold,2025-02-05,2655.06
1275,Customer_1275,customer1275@mail.com,Pune,MH,,Male,Silver,2025-11-07,7890.86
1276,Customer_1276,customer1276@mail.com,Delhi,DL,,Female,Platinum,2025-06-10,2539.3
1277,Customer_1277,customer1277@mail.com,Bengaluru,KA,,Female,Platinum,2026-03-23,1580.69
1278,Customer_1278,customer1278@mail.com,Mumbai,MH,25,Male,Silver,2026-03-08,2490.23
1279,Customer_1279,customer1279@mail.com,Hyderabad,TS,,Male,Platinum,2026-03-27,9527.64
1280,Customer_1280,customer1280@mail.com,Chennai,TN,52,Male,Platinum,2025-04-06,8567.06
1281,Customer_1281,customer1281@mail.com,Hyderabad,TS,,Female,Gold,2025-04-01,1156.19
1282,Customer_1282,customer1282@mail.com,Hyderabad,TS,20,Male,Silver,2025-03-28,8962.49
1283,Customer_1283,customer1283@mail.com,Hyderabad,TS,65,Female,Silver,2025-01-28,9755.19
1284,Customer_1284,customer1284@mail.com,Pune,MH,34,Male,Silver,2025-02-04,7552.41
1285,Customer_1285,customer1285@mail.com,Hyderabad,TS,,Female,Silver,2026-04-30,3028.63
1286,Customer_1286,customer1286@mail.com,Bengaluru,KA,,Female,Platinum,2025-02-19,7258.66
1287,Customer_1287,customer1287@mail.com,Mumbai,MH,,Female,Platinum,2025-07-30,1684.8
1288,Customer_1288,customer1288@mail.com,Mumbai,MH,34,Male,Silver,2025-08-16,3334.1
1289,Customer_1289,customer1289@mail.com,Pune,MH,,Female,Silver,2025-07-11,2545.96
1290,Customer_1290,customer1290@mail.com,Delhi,DL,,Female,Silver,2025-07-19,4278.27
1291,Customer_1291,customer1291@mail.com,Mumbai,MH,41,Male,Platinum,2025-10-09,9623.58
1292,Customer_1292,customer1292@mail.com,Mumbai,MH,26,Female,Platinum,2025-02-10,911.25
1293,Customer_1293,customer1293@mail.com,Delhi,DL,63,Female,Silver,2025-03-19,7502.58
1294,Customer_1294,customer1294@mail.com,Pune,MH,,Male,Gold,2025-04-27,3304.78
1295,Customer_1295,customer1295@mail.com,Delhi,DL,,Male,Platinum,2026-01-17,3494.85
1296,Customer_1296,customer1296@mail.com,Delhi,DL,,Female,Gold,2025-06-05,7329.21
1297,Customer_1297,customer1297@mail.com,Chennai,TN,,Male,Silver,2025-07-01,8594.01
1298,Customer_1298,customer1298@mail.com,Mumbai,MH,37,Female,Gold,2025-11-29,9523.49
1299,Customer_1299,customer1299@mail.com,Hyderabad,TS,,Female,Silver,2026-01-28,4163.83
1300,Customer_1300,customer1300@mail.com,Hyderabad,TS,54,Male,Platinum,2025-10-30,3688.6
1301,Customer_1301,customer1301@mail.com,Pune,MH,50,Male,Gold,2025-11-17,252.54
1302,Customer_1302,customer1302@mail.com,Hyderabad,TS,57,Male,Silver,2026-01-05,7473.51
1303,Customer_1303,customer1303@mail.com,Chennai,TN,,Male,Platinum,2025-09-03,4373.47
1304,Customer_1304,customer1304@mail.com,Bengaluru,KA,21,Male,Silver,2025-02-28,3643.29
1305,Customer_1305,customer1305@mail.com,Chennai,TN,50,Male,Silver,2025-02-13,7207.05
1306,Customer_1306,customer1306@mail.com,Mumbai,MH,,Male,Platinum,2025-11-06,8329.09
1307,Customer_1307,customer1307@mail.com,Pune,MH,18,Male,Platinum,2025-04-26,2860.66
1308,Customer_1308,customer1308@mail.com,Chennai,TN,,Male,Gold,2025-05-14,8935.44
1309,Customer_1309,customer1309@mail.com,Delhi,DL,55,Female,Platinum,2025-06-29,9610.54
1310,Customer_1310,customer1310@mail.com,Chennai,TN,56,Male,Platinum,2026-01-25,6232.83
1311,Customer_1311,customer1311@mail.com,Mumbai,MH,58,Female,Platinum,2026-02-18,6499.3
1312,Customer_1312,customer1312@mail.com,Bengaluru,KA,,Female,Platinum,2026-01-02,4780.28
1313,Customer_1313,customer1313@mail.com,Mumbai,MH,,Male,Gold,2025-11-05,7573.14
1314,Customer_1314,customer1314@mail.com,Chennai,TN,,Male,Platinum,2025-11-11,7908.28
1315,Customer_1315,customer1315@mail.com,Hyderabad,TS,,Male,Gold,2025-05-09,8266.95
1316,Customer_1316,customer1316@mail.com,Pune,MH,,Female,Silver,2025-03-16,7259.01
1317,Customer_1317,customer1317@mail.com,Pune,MH,35,Female,Platinum,2025-06-06,8498.7
1318,Customer_1318,customer1318@mail.com,Bengaluru,KA,,Female,Gold,2025-08-16,6980.4
1319,Customer_1319,customer1319@mail.com,Chennai,TN,,Female,Platinum,2025-03-11,121.21
1320,Customer_1320,customer1320@mail.com,Delhi,DL,46,Female,Platinum,2025-09-06,9096.72
1321,Customer_1321,customer1321@mail.com,Chennai,TN,22,Female,Gold,2025-05-24,8891.0
1322,Customer_1322,customer1322@mail.com,Bengaluru,KA,42,Male,Platinum,2025-04-14,9181.83
1323,Customer_1323,customer1323@mail.com,Bengaluru,KA,34,Female,Silver,2025-03-15,3385.33
1324,Customer_1324,customer1324@mail.com,Chennai,TN,60,Male,Platinum,2025-02-20,2533.81
1325,Customer_1325,customer1325@mail.com,Pune,MH,48,Male,Gold,2025-03-16,3450.62
1326,Customer_1326,customer1326@mail.com,Hyderabad,TS,64,Female,Platinum,2026-04-11,8045.64
1327,Customer_1327,customer1327@mail.com,Hyderabad,TS,,Male,Platinum,2025-05-09,1335.28
1328,Customer_1328,customer1328@mail.com,Chennai,TN,18,Female,Platinum,2025-01-05,3505.43
1329,Customer_1329,customer1329@mail.com,Hyderabad,TS,,Female,Platinum,2025-07-17,3725.91
1330,Customer_1330,customer1330@mail.com,Delhi,DL,55,Female,Platinum,2025-10-08,5308.34
1331,Customer_1331,customer1331@mail.com,Pune,MH,,Male,Silver,2025-06-13,5015.01
1332,Customer_1332,customer1332@mail.com,Bengaluru,KA,24,Female,Silver,2026-05-09,9909.75
1333,Customer_1333,customer1333@mail.com,Mumbai,MH,30,Female,Silver,2025-05-28,4287.03
1334,Customer_1334,customer1334@mail.com,Mumbai,MH,,Female,Silver,2026-03-17,4650.04
1335,Customer_1335,customer1335@mail.com,Delhi,DL,,Female,Silver,2026-01-13,7132.89
1336,Customer_1336,customer1336@mail.com,Hyderabad,TS,,Female,Silver,2025-10-14,331.46
1337,Customer_1337,customer1337@mail.com,Pune,MH,,Male,Platinum,2026-01-11,841.11
1338,Customer_1338,customer1338@mail.com,Delhi,DL,50,Female,Platinum,2025-03-22,2218.86
1339,Customer_1339,customer1339@mail.com,Pune,MH,,Female,Gold,2025-07-14,3450.91
1340,Customer_1340,customer1340@mail.com,Hyderabad,TS,31,Male,Platinum,2025-07-12,4047.41
1341,Customer_1341,customer1341@mail.com,Chennai,TN,,Male,Gold,2025-07-08,3419.88
1342,Customer_1342,customer1342@mail.com,Bengaluru,KA,,Male,Platinum,2025-05-30,8712.92
1343,Customer_1343,customer1343@mail.com,Delhi,DL,,Female,Platinum,2025-05-03,4315.8
1344,Customer_1344,customer1344@mail.com,Chennai,TN,34,Male,Gold,2025-05-14,8429.52
1345,Customer_1345,customer1345@mail.com,Chennai,TN,,Male,Platinum,2026-03-01,1169.29
1346,Customer_1346,customer1346@mail.com,Bengaluru,KA,44,Female,Silver,2026-02-16,7984.01
1347,Customer_1347,customer1347@mail.com,Mumbai,MH,20,Male,Gold,2025-02-17,7234.02
1348,Customer_1348,customer1348@mail.com,Bengaluru,KA,,Female,Platinum,2025-06-01,9108.41
1349,Customer_1349,customer1349@mail.com,Pune,MH,32,Male,Gold,2026-03-25,5590.15
1350,Customer_1350,customer1350@mail.com,Bengaluru,KA,31,Female,Platinum,2026-05-05,3007.72
1351,Customer_1351,customer1351@mail.com,Hyderabad,TS,,Female,Silver,2025-01-10,4802.04
1352,Customer_1352,customer1352@mail.com,Bengaluru,KA,45,Male,Silver,2025-12-13,4384.34
1353,Customer_1353,customer1353@mail.com,Delhi,DL,53,Female,Silver,2025-03-15,9712.81
1354,Customer_1354,customer1354@mail.com,Mumbai,MH,,Female,Platinum,2025-07-29,9637.47
1355,Customer_1355,customer1355@mail.com,Delhi,DL,59,Female,Platinum,2026-03-26,9802.15
1356,Customer_1356,customer1356@mail.com,Chennai,TN,41,Female,Gold,2025-01-09,8145.03
1357,Customer_1357,customer1357@mail.com,Mumbai,MH,,Female,Platinum,2025-04-01,7779.01
1358,Customer_1358,customer1358@mail.com,Bengaluru,KA,,Male,Silver,2026-04-30,9644.99
1359,Customer_1359,customer1359@mail.com,Chennai,TN,,Female,Platinum,2025-03-28,1957.82
1360,Customer_1360,customer1360@mail.com,Pune,MH,32,Female,Platinum,2026-02-13,4033.27
1361,Customer_1361,customer1361@mail.com,Chennai,TN,,Female,Silver,2026-04-10,1035.3
1362,Customer_1362,customer1362@mail.com,Mumbai,MH,61,Female,Platinum,2025-01-28,7594.01
1363,Customer_1363,customer1363@mail.com,Hyderabad,TS,,Female,Platinum,2025-10-26,3504.3
1364,Customer_1364,customer1364@mail.com,Pune,MH,,Male,Gold,2026-01-27,6279.27
1365,Customer_1365,customer1365@mail.com,Delhi,DL,42,Female,Gold,2025-11-22,389.29
1366,Customer_1366,customer1366@mail.com,Delhi,DL,39,Female,Platinum,2026-02-18,4312.17
1367,Customer_1367,customer1367@mail.com,Chennai,TN,,Female,Platinum,2025-02-23,7066.5
1368,Customer_1368,customer1368@mail.com,Hyderabad,TS,36,Female,Platinum,2025-06-16,7327.28
1369,Customer_1369,customer1369@mail.com,Chennai,TN,29,Male,Silver,2025-09-14,5529.74
1370,Customer_1370,customer1370@mail.com,Mumbai,MH,,Female,Platinum,2026-01-04,5531.96
1371,Customer_1371,customer1371@mail.com,Hyderabad,TS,49,Male,Platinum,2026-02-03,926.77
1372,Customer_1372,customer1372@mail.com,Chennai,TN,,Female,Gold,2026-04-21,2961.37
1373,Customer_1373,customer1373@mail.com,Mumbai,MH,,Male,Platinum,2026-05-12,9305.97
1374,Customer_1374,customer1374@mail.com,Chennai,TN,36,Female,Platinum,2025-06-13,4099.79
1375,Customer_1375,customer1375@mail.com,Chennai,TN,,Male,Gold,2025-08-05,5916.19
1376,Customer_1376,customer1376@mail.com,Mumbai,MH,40,Female,Gold,2025-10-30,4123.35
1377,Customer_1377,customer1377@mail.com,Pune,MH,62,Female,Gold,2026-01-04,4018.27
1378,Customer_1378,customer1378@mail.com,Hyderabad,TS,53,Male,Silver,2025-10-07,4203.53
1379,Customer_1379,customer1379@mail.com,Bengaluru,KA,49,Female,Platinum,2025-08-20,888.96
1380,Customer_1380,customer1380@mail.com,Chennai,TN,,Female,Silver,2025-09-28,9519.42
1381,Customer_1381,customer1381@mail.com,Chennai,TN,35,Male,Gold,2025-05-27,3715.52
1382,Customer_1382,customer1382@mail.com,Chennai,TN,,Female,Gold,2025-02-21,6318.7
1383,Customer_1383,customer1383@mail.com,Mumbai,MH,,Male,Silver,2025-04-20,8353.4
1384,Customer_1384,customer1384@mail.com,Mumbai,MH,,Female,Platinum,2025-11-07,3389.77
1385,Customer_1385,customer1385@mail.com,Hyderabad,TS,,Male,Silver,2025-02-23,7983.28
1386,Customer_1386,customer1386@mail.com,Hyderabad,TS,,Female,Platinum,2026-01-18,8025.09
1387,Customer_1387,customer1387@mail.com,Chennai,TN,,Male,Gold,2026-01-31,1225.95
1388,Customer_1388,customer1388@mail.com,Hyderabad,TS,25,Male,Platinum,2025-05-27,5637.04
1389,Customer_1389,customer1389@mail.com,Bengaluru,KA,,Male,Gold,2025-11-09,1034.88
1390,Customer_1390,customer1390@mail.com,Delhi,DL,53,Male,Gold,2026-03-31,5855.19
1391,Customer_1391,customer1391@mail.com,Bengaluru,KA,36,Male,Gold,2025-06-06,5896.68
1392,Customer_1392,customer1392@mail.com,Delhi,DL,34,Female,Silver,2025-08-11,8618.52
1393,Customer_1393,customer1393@mail.com,Bengaluru,KA,,Male,Gold,2026-02-06,9899.62
1394,Customer_1394,customer1394@mail.com,Chennai,TN,23,Female,Platinum,2026-04-06,6873.38
1395,Customer_1395,customer1395@mail.com,Chennai,TN,,Female,Silver,2025-01-11,4025.07
1396,Customer_1396,customer1396@mail.com,Pune,MH,43,Female,Platinum,2025-03-20,1232.7
1397,Customer_1397,customer1397@mail.com,Mumbai,MH,31,Male,Silver,2025-07-12,5706.0
1398,Customer_1398,customer1398@mail.com,Chennai,TN,,Female,Gold,2025-12-21,4680.68
1399,Customer_1399,customer1399@mail.com,Pune,MH,,Male,Silver,2026-04-14,9102.2
1400,Customer_1400,customer1400@mail.com,Mumbai,MH,36,Female,Gold,2025-05-18,2580.19
1401,Customer_1401,customer1401@mail.com,Bengaluru,KA,,Male,Gold,2025-09-22,749.57
1402,Customer_1402,customer1402@mail.com,Mumbai,MH,,Male,Platinum,2025-12-02,5730.98
1403,Customer_1403,customer1403@mail.com,Pune,MH,43,Male,Silver,2026-04-07,6635.06
1404,Customer_1404,customer1404@mail.com,Mumbai,MH,,Female,Silver,2025-11-28,642.01
1405,Customer_1405,customer1405@mail.com,Mumbai,MH,40,Female,Platinum,2026-02-21,8572.83
1406,Customer_1406,customer1406@mail.com,Delhi,DL,,Female,Platinum,2025-03-26,1960.72
1407,Customer_1407,customer1407@mail.com,Mumbai,MH,64,Female,Platinum,2026-01-29,4037.65
1408,Customer_1408,customer1408@mail.com,Chennai,TN,,Female,Platinum,2025-03-14,5311.93
1409,Customer_1409,customer1409@mail.com,Mumbai,MH,,Female,Silver,2025-07-27,5596.21
1410,Customer_1410,customer1410@mail.com,Bengaluru,KA,62,Female,Silver,2026-01-10,3292.92
1411,Customer_1411,customer1411@mail.com,Bengaluru,KA,,Male,Platinum,2026-01-23,269.78
1412,Customer_1412,customer1412@mail.com,Pune,MH,,Male,Silver,2025-12-06,4346.8
1413,Customer_1413,customer1413@mail.com,Mumbai,MH,,Female,Gold,2025-02-01,4755.5
1414,Customer_1414,customer1414@mail.com,Pune,MH,,Female,Silver,2026-02-14,1107.4
1415,Customer_1415,customer1415@mail.com,Mumbai,MH,31,Female,Silver,2025-08-14,7212.58
1416,Customer_1416,customer1416@mail.com,Bengaluru,KA,,Female,Gold,2026-04-18,9066.04
1417,Customer_1417,customer1417@mail.com,Mumbai,MH,,Male,Gold,2025-08-13,6783.58
1418,Customer_1418,customer1418@mail.com,Pune,MH,41,Male,Platinum,2026-05-15,7638.91
1419,Customer_1419,customer1419@mail.com,Bengaluru,KA,,Female,Platinum,2025-04-08,2113.83
1420,Customer_1420,customer1420@mail.com,Delhi,DL,,Male,Platinum,2025-09-30,1156.38
1421,Customer_1421,customer1421@mail.com,Bengaluru,KA,,Female,Platinum,2025-03-08,8274.29
1422,Customer_1422,customer1422@mail.com,Hyderabad,TS,,Male,Platinum,2026-02-05,1647.11
1423,Customer_1423,customer1423@mail.com,Delhi,DL,51,Female,Platinum,2026-04-09,2514.16
1424,Customer_1424,customer1424@mail.com,Hyderabad,TS,56,Female,Platinum,2025-07-30,304.34
1425,Customer_1425,customer1425@mail.com,Chennai,TN,,Male,Silver,2025-06-09,6721.47
1426,Customer_1426,customer1426@mail.com,Hyderabad,TS,,Female,Silver,2026-05-09,6028.87
1427,Customer_1427,customer1427@mail.com,Bengaluru,KA,,Male,Platinum,2025-04-14,8500.37
1428,Customer_1428,customer1428@mail.com,Bengaluru,KA,,Male,Silver,2025-01-28,2324.28
1429,Customer_1429,customer1429@mail.com,Bengaluru,KA,,Female,Gold,2025-11-20,6985.34
1430,Customer_1430,customer1430@mail.com,Chennai,TN,59,Female,Gold,2025-05-09,2982.01
1431,Customer_1431,customer1431@mail.com,Hyderabad,TS,60,Male,Silver,2025-03-03,5587.77
1432,Customer_1432,customer1432@mail.com,Delhi,DL,61,Female,Silver,2025-08-09,9768.08
1433,Customer_1433,,Chennai,TN,42,Male,Gold,2026-02-21,3456.85
1434,Customer_1434,customer1434@mail.com,Pune,MH,,Male,Gold,2025-07-25,3804.95
1435,Customer_1435,customer1435@mail.com,Chennai,TN,28,Female,Gold,2026-05-12,9698.31
1436,Customer_1436,customer1436@mail.com,Bengaluru,KA,18,Male,Platinum,2025-09-16,3826.24
1437,Customer_1437,customer1437@mail.com,Chennai,TN,34,Female,Gold,2025-03-17,3000.69
1438,Customer_1438,customer1438@mail.com,Chennai,TN,33,Male,Gold,2025-08-23,8382.3
1439,Customer_1439,customer1439@mail.com,Delhi,DL,28,Female,Gold,2025-05-25,132.21
1440,Customer_1440,customer1440@mail.com,Pune,MH,56,Female,Platinum,2025-12-05,3617.62
1441,Customer_1441,customer1441@mail.com,Mumbai,MH,,Male,Platinum,2025-05-27,848.1
1442,Customer_1442,customer1442@mail.com,Delhi,DL,,Female,Platinum,2025-05-08,9826.75
1443,Customer_1443,customer1443@mail.com,Delhi,DL,47,Male,Platinum,2026-02-09,4445.0
1444,Customer_1444,customer1444@mail.com,Mumbai,MH,42,Female,Silver,2025-01-08,5990.24
1445,Customer_1445,customer1445@mail.com,Bengaluru,KA,,Female,Gold,2025-12-26,9950.75
1446,Customer_1446,customer1446@mail.com,Pune,MH,47,Female,Gold,2026-02-06,7820.38
1447,Customer_1447,customer1447@mail.com,Pune,MH,,Male,Gold,2026-02-05,1948.38
1448,Customer_1448,customer1448@mail.com,Pune,MH,,Male,Gold,2026-03-19,438.55
1449,Customer_1449,customer1449@mail.com,Bengaluru,KA,60,Female,Platinum,2026-01-28,8800.19
1450,Customer_1450,customer1450@mail.com,Hyderabad,TS,50,Female,Silver,2026-04-23,6024.23
1451,Customer_1451,customer1451@mail.com,Delhi,DL,,Male,Gold,2025-01-25,5682.59
1452,Customer_1452,customer1452@mail.com,Delhi,DL,,Female,Platinum,2025-07-24,6526.75
1453,Customer_1453,customer1453@mail.com,Mumbai,MH,20,Male,Gold,2025-07-25,6667.02
1454,Customer_1454,customer1454@mail.com,Chennai,TN,22,Male,Platinum,2026-04-12,1214.23
1455,Customer_1455,customer1455@mail.com,Bengaluru,KA,57,Female,Silver,2025-04-22,2175.02
1456,Customer_1456,customer1456@mail.com,Hyderabad,TS,45,Female,Platinum,2025-12-26,9349.85
1457,Customer_1457,customer1457@mail.com,Delhi,DL,46,Male,Silver,2025-02-07,5499.42
1458,Customer_1458,customer1458@mail.com,Bengaluru,KA,35,Female,Gold,2025-05-08,2088.78
1459,Customer_1459,customer1459@mail.com,Chennai,TN,,Male,Silver,2026-03-04,1550.61
1460,Customer_1460,customer1460@mail.com,Chennai,TN,65,Female,Silver,2026-04-18,3368.86
1461,Customer_1461,customer1461@mail.com,Pune,MH,34,Male,Gold,2026-02-19,1763.72
1462,Customer_1462,customer1462@mail.com,Pune,MH,,Female,Gold,2026-03-23,1985.75
1463,Customer_1463,customer1463@mail.com,Pune,MH,36,Female,Platinum,2026-02-17,1391.18
1464,Customer_1464,customer1464@mail.com,Bengaluru,KA,,Female,Silver,2026-01-16,3539.39
1465,Customer_1465,customer1465@mail.com,Hyderabad,TS,40,Female,Platinum,2025-08-02,7237.53
1466,Customer_1466,customer1466@mail.com,Mumbai,MH,47,Male,Gold,2025-09-10,1916.69
1467,Customer_1467,customer1467@mail.com,Pune,MH,,Male,Gold,2025-07-15,8864.95
1468,Customer_1468,customer1468@mail.com,Pune,MH,,Female,Platinum,2026-03-30,1628.92
1469,Customer_1469,customer1469@mail.com,Delhi,DL,56,Female,Gold,2025-05-09,2628.66
1470,Customer_1470,customer1470@mail.com,Mumbai,MH,,Female,Silver,2025-02-17,2885.16
1471,Customer_1471,customer1471@mail.com,Hyderabad,TS,,Female,Platinum,2025-03-12,3982.74
1472,Customer_1472,customer1472@mail.com,Chennai,TN,,Female,Platinum,2026-04-16,4616.06
1473,Customer_1473,customer1473@mail.com,Mumbai,MH,38,Male,Silver,2025-04-20,9205.43
1474,Customer_1474,customer1474@mail.com,Mumbai,MH,,Male,Gold,2025-04-04,8589.21
1475,Customer_1475,customer1475@mail.com,Pune,MH,41,Female,Silver,2025-02-27,4129.9
1476,Customer_1476,customer1476@mail.com,Mumbai,MH,45,Male,Platinum,2025-03-02,730.4
1477,Customer_1477,customer1477@mail.com,Delhi,DL,37,Female,Silver,2025-10-14,2750.26
1478,Customer_1478,customer1478@mail.com,Bengaluru,KA,61,Male,Platinum,2026-02-22,1342.39
1479,Customer_1479,customer1479@mail.com,Pune,MH,38,Female,Silver,2025-03-29,5872.66
1480,Customer_1480,customer1480@mail.com,Pune,MH,,Male,Gold,2025-08-31,9924.96
1481,Customer_1481,customer1481@mail.com,Hyderabad,TS,,Female,Silver,2025-03-23,5339.73
1482,Customer_1482,customer1482@mail.com,Delhi,DL,,Female,Platinum,2026-02-02,9452.38
1483,Customer_1483,customer1483@mail.com,Pune,MH,,Female,Platinum,2025-12-06,1908.86
1484,Customer_1484,customer1484@mail.com,Hyderabad,TS,41,Male,Gold,2025-07-05,3793.65
1485,Customer_1485,customer1485@mail.com,Pune,MH,,Male,Silver,2026-02-19,2569.35
1486,Customer_1486,customer1486@mail.com,Bengaluru,KA,43,Male,Silver,2025-04-20,3424.61
1487,Customer_1487,customer1487@mail.com,Chennai,TN,20,Male,Silver,2025-06-18,4782.1
1488,Customer_1488,customer1488@mail.com,Delhi,DL,21,Male,Silver,2025-09-10,2479.92
1489,Customer_1489,customer1489@mail.com,Hyderabad,TS,,Male,Platinum,2025-10-22,3671.27
1490,Customer_1490,customer1490@mail.com,Bengaluru,KA,37,Female,Platinum,2025-07-24,7580.81
1491,Customer_1491,customer1491@mail.com,Delhi,DL,38,Female,Platinum,2025-04-13,7079.87
1492,Customer_1492,customer1492@mail.com,Chennai,TN,56,Female,Gold,2025-10-11,190.66
1493,Customer_1493,customer1493@mail.com,Delhi,DL,,Female,Silver,2025-10-10,6019.9
1494,Customer_1494,customer1494@mail.com,Mumbai,MH,64,Male,Silver,2025-03-19,2494.73
1495,Customer_1495,customer1495@mail.com,Hyderabad,TS,31,Female,Platinum,2025-07-25,5473.35
1496,Customer_1496,customer1496@mail.com,Delhi,DL,,Male,Silver,2025-02-19,1211.99
1497,Customer_1497,customer1497@mail.com,Hyderabad,TS,34,Male,Platinum,2025-10-18,5144.94
1498,Customer_1498,customer1498@mail.com,Hyderabad,TS,21,Female,Platinum,2025-02-18,6909.36
1499,Customer_1499,customer1499@mail.com,Mumbai,MH,,Female,Gold,2025-03-07,1865.17
1500,Customer_1500,customer1500@mail.com,Hyderabad,TS,43,Female,Platinum,2026-02-20,5726.29
1501,Customer_1501,customer1501@mail.com,Bengaluru,KA,56,Male,Platinum,2025-12-06,2919.75
1502,Customer_1502,customer1502@mail.com,Delhi,DL,38,Female,Gold,2025-07-25,4944.88
1503,Customer_1503,customer1503@mail.com,Delhi,DL,53,Male,Gold,2026-03-05,1992.38
1504,Customer_1504,customer1504@mail.com,Delhi,DL,65,Male,Gold,2025-12-10,7617.18
1505,Customer_1505,customer1505@mail.com,Bengaluru,KA,,Male,Gold,2025-11-29,2047.37
1506,Customer_1506,customer1506@mail.com,Bengaluru,KA,,Female,Gold,2025-02-28,107.42
1507,Customer_1507,customer1507@mail.com,Pune,MH,59,Male,Gold,2025-01-05,6090.78
1508,Customer_1508,customer1508@mail.com,Chennai,TN,64,Female,Gold,2025-12-21,8650.86
1509,Customer_1509,customer1509@mail.com,Bengaluru,KA,29,Female,Silver,2026-01-03,3534.97
1510,Customer_1510,customer1510@mail.com,Hyderabad,TS,56,Male,Gold,2026-03-22,3926.05
1511,Customer_1511,customer1511@mail.com,Delhi,DL,39,Male,Silver,2026-02-21,9599.78
1512,Customer_1512,customer1512@mail.com,Mumbai,MH,33,Male,Gold,2025-06-08,8266.77
1513,Customer_1513,customer1513@mail.com,Delhi,DL,,Male,Silver,2025-10-01,3663.88
1514,Customer_1514,customer1514@mail.com,Hyderabad,TS,,Female,Platinum,2025-01-11,9831.7
1515,Customer_1515,customer1515@mail.com,Bengaluru,KA,64,Male,Gold,2025-11-18,5705.59
1516,Customer_1516,customer1516@mail.com,Hyderabad,TS,,Male,Platinum,2025-01-23,265.7
1517,Customer_1517,customer1517@mail.com,Pune,MH,48,Female,Platinum,2026-03-01,2694.13
1518,Customer_1518,customer1518@mail.com,Bengaluru,KA,41,Female,Platinum,2025-02-09,8421.62
1519,Customer_1519,customer1519@mail.com,Delhi,DL,56,Female,Gold,2025-08-05,1544.96
1520,Customer_1520,customer1520@mail.com,Delhi,DL,35,Female,Gold,2026-01-05,2886.06
1521,Customer_1521,customer1521@mail.com,Bengaluru,KA,,Male,Silver,2025-07-28,8949.72
1522,Customer_1522,customer1522@mail.com,Chennai,TN,45,Male,Platinum,2025-09-21,1023.59
1523,Customer_1523,customer1523@mail.com,Bengaluru,KA,22,Male,Silver,2025-11-02,7797.54
1524,Customer_1524,customer1524@mail.com,Mumbai,MH,,Female,Platinum,2025-08-20,9270.74
1525,Customer_1525,customer1525@mail.com,Mumbai,MH,,Male,Silver,2026-03-04,2879.43
1526,Customer_1526,customer1526@mail.com,Delhi,DL,46,Female,Gold,2026-03-05,5681.03
1527,Customer_1527,customer1527@mail.com,Pune,MH,,Female,Gold,2025-03-05,1977.43
1528,Customer_1528,customer1528@mail.com,Chennai,TN,,Female,Platinum,2025-11-15,3550.23
1529,Customer_1529,customer1529@mail.com,Chennai,TN,,Female,Gold,2025-08-01,5389.17
1530,Customer_1530,customer1530@mail.com,Delhi,DL,,Male,Platinum,2025-10-31,5794.67
1531,Customer_1531,customer1531@mail.com,Mumbai,MH,,Male,Gold,2025-03-15,8610.11
1532,Customer_1532,customer1532@mail.com,Mumbai,MH,,Male,Gold,2025-10-23,7212.44
1533,Customer_1533,customer1533@mail.com,Pune,MH,,Female,Gold,2025-02-11,2894.69
1534,Customer_1534,customer1534@mail.com,Mumbai,MH,26,Male,Gold,2025-03-04,5745.43
1535,Customer_1535,customer1535@mail.com,Bengaluru,KA,18,Male,Silver,2026-03-27,2394.02
1536,Customer_1536,customer1536@mail.com,Bengaluru,KA,43,Female,Platinum,2025-04-27,4396.18
1537,Customer_1537,customer1537@mail.com,Chennai,TN,52,Female,Platinum,2025-05-27,7026.98
1538,Customer_1538,customer1538@mail.com,Hyderabad,TS,,Female,Silver,2025-01-03,3918.2
1539,Customer_1539,customer1539@mail.com,Hyderabad,TS,,Female,Gold,2026-05-06,1234.9
1540,Customer_1540,customer1540@mail.com,Hyderabad,TS,,Male,Platinum,2026-03-11,7235.79
1541,Customer_1541,customer1541@mail.com,Mumbai,MH,29,Male,Silver,2025-04-25,1446.49
1542,Customer_1542,customer1542@mail.com,Pune,MH,24,Male,Gold,2025-02-04,5553.22
1543,Customer_1543,customer1543@mail.com,Chennai,TN,36,Male,Platinum,2026-03-20,5983.38
1544,Customer_1544,customer1544@mail.com,Mumbai,MH,44,Male,Platinum,2025-08-23,6407.75
1545,Customer_1545,customer1545@mail.com,Mumbai,MH,,Female,Platinum,2025-10-09,9812.19
1546,Customer_1546,customer1546@mail.com,Bengaluru,KA,,Male,Platinum,2025-12-31,7513.9
1547,Customer_1547,customer1547@mail.com,Hyderabad,TS,61,Male,Silver,2026-01-15,8195.91
1548,Customer_1548,customer1548@mail.com,Chennai,TN,32,Female,Silver,2025-02-20,9549.53
1549,Customer_1549,customer1549@mail.com,Bengaluru,KA,27,Male,Gold,2025-02-22,920.16
1550,Customer_1550,customer1550@mail.com,Mumbai,MH,,Male,Platinum,2025-12-21,4752.52
1551,Customer_1551,customer1551@mail.com,Chennai,TN,24,Male,Silver,2026-04-13,6784.06
1552,Customer_1552,customer1552@mail.com,Pune,MH,,Male,Silver,2025-02-01,3165.43
1553,Customer_1553,customer1553@mail.com,Delhi,DL,62,Male,Silver,2025-01-26,5096.73
1554,Customer_1554,customer1554@mail.com,Pune,MH,53,Female,Gold,2025-12-28,3902.86
1555,Customer_1555,customer1555@mail.com,Hyderabad,TS,19,Male,Silver,2025-01-26,905.3
1556,Customer_1556,customer1556@mail.com,Mumbai,MH,24,Female,Gold,2025-06-25,1748.22
1557,Customer_1557,customer1557@mail.com,Bengaluru,KA,30,Male,Platinum,2026-01-14,5855.32
1558,Customer_1558,customer1558@mail.com,Delhi,DL,23,Male,Silver,2025-10-13,850.2
1559,Customer_1559,customer1559@mail.com,Chennai,TN,65,Female,Gold,2025-07-15,9352.0
1560,Customer_1560,customer1560@mail.com,Delhi,DL,,Female,Platinum,2026-01-31,1023.77
1561,Customer_1561,customer1561@mail.com,Mumbai,MH,63,Male,Platinum,2026-02-25,7042.43
1562,Customer_1562,customer1562@mail.com,Pune,MH,,Female,Platinum,2025-10-28,9067.7
1563,Customer_1563,customer1563@mail.com,Chennai,TN,31,Female,Platinum,2025-12-27,1599.05
1564,Customer_1564,customer1564@mail.com,Bengaluru,KA,,Female,Platinum,2026-01-11,9226.55
1565,Customer_1565,customer1565@mail.com,Delhi,DL,28,Male,Gold,2026-03-03,4993.2
1566,Customer_1566,customer1566@mail.com,Bengaluru,KA,,Female,Platinum,2026-04-06,6583.14
1567,Customer_1567,customer1567@mail.com,Bengaluru,KA,,Male,Platinum,2026-01-29,4132.06
1568,Customer_1568,customer1568@mail.com,Mumbai,MH,35,Female,Gold,2025-01-09,2566.26
1569,Customer_1569,customer1569@mail.com,Bengaluru,KA,,Male,Platinum,2026-01-03,344.13
1570,Customer_1570,customer1570@mail.com,Delhi,DL,36,Male,Silver,2025-05-16,878.27
1571,Customer_1571,customer1571@mail.com,Bengaluru,KA,,Male,Silver,2026-01-27,295.05
1572,Customer_1572,customer1572@mail.com,Chennai,TN,59,Female,Gold,2026-03-25,5613.04
1573,Customer_1573,customer1573@mail.com,Delhi,DL,45,Female,Gold,2025-09-21,3969.86
1574,Customer_1574,customer1574@mail.com,Mumbai,MH,,Male,Gold,2025-03-31,4586.5
1575,Customer_1575,customer1575@mail.com,Pune,MH,,Male,Silver,2025-09-11,5950.98
1576,Customer_1576,customer1576@mail.com,Hyderabad,TS,36,Male,Platinum,2025-09-30,8317.43
1577,Customer_1577,customer1577@mail.com,Mumbai,MH,51,Female,Silver,2026-05-13,3420.5
1578,Customer_1578,customer1578@mail.com,Chennai,TN,48,Male,Gold,2025-02-28,1785.93
1579,Customer_1579,customer1579@mail.com,Chennai,TN,,Female,Gold,2025-01-26,2209.2
1580,Customer_1580,customer1580@mail.com,Pune,MH,,Male,Silver,2025-01-12,6077.63
1581,Customer_1581,customer1581@mail.com,Bengaluru,KA,56,Female,Silver,2025-06-05,3242.58
1582,Customer_1582,customer1582@mail.com,Bengaluru,KA,,Female,Gold,2025-04-30,9050.98
1583,Customer_1583,customer1583@mail.com,Bengaluru,KA,18,Female,Platinum,2026-04-25,2191.91
1584,Customer_1584,customer1584@mail.com,Pune,MH,51,Male,Silver,2026-04-26,9284.62
1585,Customer_1585,,Chennai,TN,45,Male,Silver,2026-01-18,4318.15
1586,Customer_1586,customer1586@mail.com,Pune,MH,62,Female,Gold,2025-03-02,5299.52
1587,Customer_1587,customer1587@mail.com,Mumbai,MH,,Female,Platinum,2025-01-17,9726.37
1588,Customer_1588,customer1588@mail.com,Hyderabad,TS,,Male,Gold,2025-01-07,2276.12
1589,Customer_1589,customer1589@mail.com,Pune,MH,,Female,Gold,2025-08-06,608.98
1590,Customer_1590,customer1590@mail.com,Mumbai,MH,56,Male,Platinum,2025-01-16,8947.18
1591,Customer_1591,customer1591@mail.com,Delhi,DL,,Female,Platinum,2025-05-16,3222.49
1592,Customer_1592,customer1592@mail.com,Delhi,DL,,Female,Gold,2025-12-20,7219.61
1593,Customer_1593,customer1593@mail.com,Pune,MH,,Male,Platinum,2025-04-17,9381.51
1594,Customer_1594,customer1594@mail.com,Mumbai,MH,41,Male,Gold,2025-11-12,1599.16
1595,Customer_1595,customer1595@mail.com,Hyderabad,TS,,Female,Platinum,2026-02-02,8628.97
1596,Customer_1596,customer1596@mail.com,Pune,MH,,Female,Gold,2026-02-13,6045.68
1597,Customer_1597,customer1597@mail.com,Mumbai,MH,41,Male,Platinum,2025-09-17,9344.34
1598,Customer_1598,customer1598@mail.com,Hyderabad,TS,,Female,Platinum,2026-01-08,4895.17
1599,Customer_1599,customer1599@mail.com,Pune,MH,,Male,Silver,2026-02-16,8527.01
1600,Customer_1600,customer1600@mail.com,Delhi,DL,,Female,Platinum,2025-03-19,569.14
1601,Customer_1601,customer1601@mail.com,Hyderabad,TS,,Male,Gold,2026-03-15,9615.99
1602,Customer_1602,customer1602@mail.com,Bengaluru,KA,24,Male,Gold,2025-10-11,8489.47
1603,Customer_1603,customer1603@mail.com,Delhi,DL,42,Female,Platinum,2026-03-28,3642.32
1604,Customer_1604,customer1604@mail.com,Pune,MH,58,Female,Gold,2025-11-23,4422.42
1605,Customer_1605,customer1605@mail.com,Pune,MH,,Female,Platinum,2025-10-14,2520.15
1606,Customer_1606,customer1606@mail.com,Mumbai,MH,,Male,Platinum,2026-04-29,1831.39
1607,Customer_1607,customer1607@mail.com,Pune,MH,,Male,Platinum,2026-02-24,5652.01
1608,Customer_1608,,Chennai,TN,,Female,Platinum,2025-04-22,2344.54
1609,Customer_1609,customer1609@mail.com,Delhi,DL,18,Female,Platinum,2025-10-27,9635.38
1610,Customer_1610,customer1610@mail.com,Chennai,TN,,Female,Platinum,2025-06-07,5792.52
1611,Customer_1611,customer1611@mail.com,Hyderabad,TS,37,Female,Platinum,2025-11-13,1600.3
1612,Customer_1612,customer1612@mail.com,Hyderabad,TS,,Male,Silver,2025-05-07,2390.24
1613,Customer_1613,customer1613@mail.com,Delhi,DL,48,Female,Platinum,2026-01-12,1780.43
1614,Customer_1614,customer1614@mail.com,Mumbai,MH,38,Male,Platinum,2025-09-11,6007.91
1615,Customer_1615,customer1615@mail.com,Chennai,TN,,Male,Gold,2025-09-26,7508.12
1616,Customer_1616,customer1616@mail.com,Bengaluru,KA,28,Male,Gold,2025-02-10,9623.05
1617,Customer_1617,customer1617@mail.com,Pune,MH,28,Male,Gold,2025-08-27,6252.41
1618,Customer_1618,customer1618@mail.com,Chennai,TN,61,Female,Gold,2025-12-14,1339.92
1619,Customer_1619,customer1619@mail.com,Chennai,TN,,Female,Silver,2026-02-21,7623.68
1620,Customer_1620,customer1620@mail.com,Bengaluru,KA,50,Female,Gold,2025-02-02,469.12
1621,Customer_1621,customer1621@mail.com,Mumbai,MH,,Female,Platinum,2025-05-26,721.97
1622,Customer_1622,customer1622@mail.com,Hyderabad,TS,47,Female,Gold,2025-05-29,3383.21
1623,Customer_1623,customer1623@mail.com,Pune,MH,18,Male,Silver,2025-06-23,6026.35
1624,Customer_1624,customer1624@mail.com,Chennai,TN,,Female,Silver,2025-07-16,4586.6
1625,Customer_1625,customer1625@mail.com,Pune,MH,30,Male,Gold,2025-07-15,7454.01
1626,Customer_1626,customer1626@mail.com,Bengaluru,KA,,Female,Gold,2025-11-23,9183.27
1627,Customer_1627,customer1627@mail.com,Pune,MH,,Male,Silver,2025-08-11,1428.55
1628,Customer_1628,customer1628@mail.com,Hyderabad,TS,54,Male,Gold,2025-03-20,876.13
1629,Customer_1629,customer1629@mail.com,Delhi,DL,,Male,Platinum,2025-04-20,8961.52
1630,Customer_1630,customer1630@mail.com,Mumbai,MH,,Male,Silver,2025-08-01,1532.93
1631,Customer_1631,customer1631@mail.com,Pune,MH,34,Female,Silver,2025-03-14,7596.4
1632,Customer_1632,customer1632@mail.com,Pune,MH,,Male,Platinum,2026-02-02,9870.74
1633,Customer_1633,customer1633@mail.com,Mumbai,MH,,Male,Platinum,2026-01-09,9228.73
1634,Customer_1634,customer1634@mail.com,Pune,MH,65,Female,Platinum,2026-04-20,7393.78
1635,Customer_1635,customer1635@mail.com,Hyderabad,TS,,Male,Gold,2025-08-29,2435.09
1636,Customer_1636,customer1636@mail.com,Mumbai,MH,25,Female,Platinum,2025-04-18,8406.52
1637,Customer_1637,customer1637@mail.com,Hyderabad,TS,39,Female,Gold,2025-06-20,9119.59
1638,Customer_1638,customer1638@mail.com,Delhi,DL,,Male,Gold,2025-04-07,118.06
1639,Customer_1639,customer1639@mail.com,Hyderabad,TS,,Male,Platinum,2025-04-07,2720.77
1640,Customer_1640,customer1640@mail.com,Pune,MH,,Male,Gold,2025-08-31,3386.58
1641,Customer_1641,customer1641@mail.com,Delhi,DL,40,Female,Platinum,2025-07-31,4531.68
1642,Customer_1642,customer1642@mail.com,Hyderabad,TS,38,Male,Silver,2025-07-12,9492.23
1643,Customer_1643,customer1643@mail.com,Bengaluru,KA,25,Male,Silver,2026-03-31,101.44
1644,Customer_1644,customer1644@mail.com,Pune,MH,,Female,Gold,2025-05-23,8807.31
1645,Customer_1645,customer1645@mail.com,Chennai,TN,44,Male,Platinum,2025-03-12,5430.38
1646,Customer_1646,customer1646@mail.com,Hyderabad,TS,,Female,Platinum,2025-05-22,8192.95
1647,Customer_1647,customer1647@mail.com,Chennai,TN,,Male,Gold,2026-05-13,7726.87
1648,Customer_1648,customer1648@mail.com,Bengaluru,KA,,Female,Gold,2025-09-22,7205.69
1649,Customer_1649,customer1649@mail.com,Chennai,TN,57,Male,Silver,2026-02-17,9175.33
1650,Customer_1650,customer1650@mail.com,Mumbai,MH,26,Female,Silver,2025-05-07,488.05
1651,Customer_1651,customer1651@mail.com,Pune,MH,34,Male,Gold,2025-10-12,3327.69
1652,Customer_1652,customer1652@mail.com,Delhi,DL,25,Male,Gold,2025-12-24,5832.63
1653,Customer_1653,customer1653@mail.com,Chennai,TN,,Female,Silver,2025-11-05,762.09
1654,Customer_1654,customer1654@mail.com,Hyderabad,TS,54,Female,Platinum,2025-10-09,9602.4
1655,Customer_1655,customer1655@mail.com,Pune,MH,24,Male,Gold,2025-02-13,7803.02
1656,Customer_1656,customer1656@mail.com,Delhi,DL,34,Male,Platinum,2025-06-19,5290.7
1657,Customer_1657,customer1657@mail.com,Delhi,DL,,Male,Silver,2025-12-25,2400.92
1658,Customer_1658,customer1658@mail.com,Bengaluru,KA,,Male,Platinum,2025-02-19,2139.48
1659,Customer_1659,customer1659@mail.com,Delhi,DL,,Female,Silver,2026-05-16,540.19
1660,Customer_1660,customer1660@mail.com,Delhi,DL,,Male,Gold,2026-03-15,5786.43
1661,Customer_1661,customer1661@mail.com,Pune,MH,,Female,Silver,2026-03-30,2584.35
1662,Customer_1662,customer1662@mail.com,Pune,MH,43,Female,Platinum,2026-04-22,266.63
1663,Customer_1663,customer1663@mail.com,Hyderabad,TS,26,Male,Silver,2026-04-06,5901.0
1664,Customer_1664,customer1664@mail.com,Chennai,TN,42,Female,Gold,2025-11-15,9025.84
1665,Customer_1665,customer1665@mail.com,Pune,MH,35,Male,Gold,2026-04-22,3063.47
1666,Customer_1666,customer1666@mail.com,Hyderabad,TS,,Male,Gold,2025-08-14,3186.07
1667,Customer_1667,customer1667@mail.com,Bengaluru,KA,,Female,Silver,2025-10-23,7689.84
1668,Customer_1668,customer1668@mail.com,Mumbai,MH,31,Male,Silver,2025-03-02,4984.21
1669,Customer_1669,customer1669@mail.com,Pune,MH,,Female,Platinum,2026-04-28,3727.73
1670,Customer_1670,customer1670@mail.com,Chennai,TN,,Male,Platinum,2025-12-10,4231.01
1671,Customer_1671,customer1671@mail.com,Bengaluru,KA,59,Female,Platinum,2026-01-05,7700.25
1672,Customer_1672,customer1672@mail.com,Pune,MH,,Male,Platinum,2025-04-05,2844.91
1673,Customer_1673,customer1673@mail.com,Bengaluru,KA,,Female,Platinum,2026-01-13,1936.07
1674,Customer_1674,customer1674@mail.com,Hyderabad,TS,,Male,Silver,2025-05-02,2733.12
1675,Customer_1675,customer1675@mail.com,Pune,MH,,Male,Platinum,2025-01-15,8864.57
1676,Customer_1676,customer1676@mail.com,Mumbai,MH,59,Male,Platinum,2025-06-28,5007.78
1677,Customer_1677,customer1677@mail.com,Pune,MH,,Female,Platinum,2026-05-12,8640.2
1678,Customer_1678,customer1678@mail.com,Chennai,TN,26,Male,Gold,2025-07-29,3904.14
1679,Customer_1679,customer1679@mail.com,Bengaluru,KA,,Female,Silver,2025-10-30,2335.83
1680,Customer_1680,customer1680@mail.com,Chennai,TN,,Female,Gold,2026-04-15,8948.13
1681,Customer_1681,customer1681@mail.com,Chennai,TN,,Female,Silver,2025-09-19,647.88
1682,Customer_1682,customer1682@mail.com,Pune,MH,63,Male,Silver,2025-05-28,1660.98
1683,Customer_1683,customer1683@mail.com,Bengaluru,KA,22,Female,Gold,2025-04-15,2432.12
1684,Customer_1684,customer1684@mail.com,Bengaluru,KA,63,Male,Platinum,2025-05-16,1722.88
1685,Customer_1685,customer1685@mail.com,Chennai,TN,22,Male,Silver,2026-02-08,8738.17
1686,Customer_1686,customer1686@mail.com,Chennai,TN,59,Male,Silver,2026-03-08,7915.97
1687,Customer_1687,customer1687@mail.com,Bengaluru,KA,,Female,Gold,2025-11-25,1072.52
1688,Customer_1688,customer1688@mail.com,Delhi,DL,,Male,Silver,2025-01-28,4047.35
1689,Customer_1689,customer1689@mail.com,Mumbai,MH,,Male,Silver,2025-05-25,9397.39
1690,Customer_1690,customer1690@mail.com,Bengaluru,KA,36,Male,Platinum,2025-12-08,6995.39
1691,Customer_1691,customer1691@mail.com,Hyderabad,TS,,Male,Platinum,2025-11-20,6719.4
1692,Customer_1692,customer1692@mail.com,Pune,MH,,Male,Silver,2025-08-11,2557.64
1693,Customer_1693,customer1693@mail.com,Delhi,DL,,Male,Platinum,2025-04-20,5607.3
1694,Customer_1694,customer1694@mail.com,Pune,MH,,Female,Platinum,2025-06-10,6003.58
1695,Customer_1695,customer1695@mail.com,Chennai,TN,,Male,Gold,2026-04-28,7764.22
1696,Customer_1696,customer1696@mail.com,Chennai,TN,22,Female,Silver,2025-03-23,473.98
1697,Customer_1697,customer1697@mail.com,Hyderabad,TS,,Male,Silver,2025-07-04,1292.06
1698,Customer_1698,customer1698@mail.com,Delhi,DL,52,Male,Platinum,2026-05-07,9117.44
1699,Customer_1699,customer1699@mail.com,Bengaluru,KA,52,Male,Platinum,2025-11-23,4598.04
1700,Customer_1700,customer1700@mail.com,Hyderabad,TS,35,Male,Gold,2025-07-03,721.1
1701,Customer_1701,customer1701@mail.com,Pune,MH,64,Female,Gold,2026-05-04,3671.18
1702,Customer_1702,customer1702@mail.com,Mumbai,MH,,Male,Gold,2026-04-08,7664.13
1703,Customer_1703,customer1703@mail.com,Hyderabad,TS,35,Female,Silver,2026-02-17,1959.37
1704,Customer_1704,customer1704@mail.com,Delhi,DL,40,Male,Gold,2026-03-01,1627.02
1705,Customer_1705,customer1705@mail.com,Hyderabad,TS,36,Male,Platinum,2025-12-07,8173.24
1706,Customer_1706,customer1706@mail.com,Delhi,DL,45,Male,Gold,2025-02-10,9960.67
1707,Customer_1707,customer1707@mail.com,Mumbai,MH,39,Male,Gold,2026-04-29,8943.84
1708,Customer_1708,customer1708@mail.com,Hyderabad,TS,,Female,Gold,2025-09-30,1258.77
1709,Customer_1709,customer1709@mail.com,Pune,MH,,Female,Gold,2026-03-04,9474.62
1710,Customer_1710,customer1710@mail.com,Hyderabad,TS,,Female,Silver,2026-02-01,7047.3
1711,Customer_1711,customer1711@mail.com,Hyderabad,TS,63,Female,Silver,2025-09-09,7348.8
1712,Customer_1712,customer1712@mail.com,Delhi,DL,55,Male,Gold,2025-12-11,8369.3
1713,Customer_1713,customer1713@mail.com,Pune,MH,,Male,Silver,2025-07-27,2227.03
1714,Customer_1714,customer1714@mail.com,Mumbai,MH,48,Male,Silver,2025-04-21,2991.88
1715,Customer_1715,customer1715@mail.com,Pune,MH,,Female,Gold,2025-10-29,4610.3
1716,Customer_1716,customer1716@mail.com,Delhi,DL,42,Male,Platinum,2026-01-11,1970.98
1717,Customer_1717,customer1717@mail.com,Pune,MH,54,Male,Platinum,2025-03-17,6795.29
1718,Customer_1718,customer1718@mail.com,Delhi,DL,,Male,Silver,2025-05-05,9292.95
1719,Customer_1719,customer1719@mail.com,Hyderabad,TS,49,Male,Platinum,2025-12-06,6729.12
1720,Customer_1720,customer1720@mail.com,Mumbai,MH,24,Female,Silver,2025-12-03,7968.89
1721,Customer_1721,customer1721@mail.com,Mumbai,MH,,Male,Silver,2025-08-25,8376.4
1722,Customer_1722,customer1722@mail.com,Chennai,TN,,Male,Gold,2026-03-21,417.85
1723,Customer_1723,customer1723@mail.com,Delhi,DL,36,Female,Silver,2025-06-10,8660.26
1724,Customer_1724,customer1724@mail.com,Chennai,TN,36,Male,Silver,2025-11-10,4323.62
1725,Customer_1725,customer1725@mail.com,Chennai,TN,,Male,Platinum,2025-09-29,2240.96
1726,Customer_1726,customer1726@mail.com,Pune,MH,56,Male,Platinum,2025-05-09,2154.44
1727,Customer_1727,customer1727@mail.com,Mumbai,MH,33,Female,Gold,2025-04-17,1661.95
1728,Customer_1728,customer1728@mail.com,Mumbai,MH,31,Male,Silver,2025-06-11,9024.22
1729,Customer_1729,customer1729@mail.com,Chennai,TN,46,Female,Platinum,2026-01-20,3247.94
1730,Customer_1730,customer1730@mail.com,Chennai,TN,62,Male,Platinum,2026-01-19,6002.56
1731,Customer_1731,customer1731@mail.com,Hyderabad,TS,24,Female,Silver,2025-01-09,4607.6
1732,Customer_1732,customer1732@mail.com,Hyderabad,TS,39,Male,Gold,2025-11-17,285.11
1733,Customer_1733,customer1733@mail.com,Hyderabad,TS,18,Female,Platinum,2026-01-21,5716.12
1734,Customer_1734,customer1734@mail.com,Chennai,TN,,Male,Gold,2026-01-25,5697.87
1735,Customer_1735,customer1735@mail.com,Mumbai,MH,,Male,Silver,2025-08-02,1750.24
1736,Customer_1736,customer1736@mail.com,Bengaluru,KA,,Male,Silver,2025-07-24,7874.99
1737,Customer_1737,customer1737@mail.com,Mumbai,MH,,Male,Silver,2026-02-18,8817.21
1738,Customer_1738,customer1738@mail.com,Hyderabad,TS,,Male,Gold,2025-12-19,3683.13
1739,Customer_1739,customer1739@mail.com,Bengaluru,KA,54,Male,Silver,2025-01-03,491.47
1740,Customer_1740,customer1740@mail.com,Pune,MH,60,Male,Silver,2025-02-21,5520.87
1741,Customer_1741,customer1741@mail.com,Pune,MH,57,Female,Silver,2025-09-05,5146.9
1742,Customer_1742,customer1742@mail.com,Bengaluru,KA,60,Male,Gold,2026-04-16,5672.31
1743,Customer_1743,customer1743@mail.com,Bengaluru,KA,,Female,Platinum,2025-08-07,6334.62
1744,Customer_1744,customer1744@mail.com,Pune,MH,,Female,Platinum,2026-05-04,2029.04
1745,Customer_1745,customer1745@mail.com,Chennai,TN,,Male,Platinum,2026-05-06,769.33
1746,Customer_1746,customer1746@mail.com,Bengaluru,KA,50,Male,Silver,2025-07-19,8979.53
1747,Customer_1747,customer1747@mail.com,Chennai,TN,36,Male,Silver,2025-03-10,8329.68
1748,Customer_1748,customer1748@mail.com,Mumbai,MH,31,Female,Gold,2025-02-18,687.45
1749,Customer_1749,customer1749@mail.com,Delhi,DL,,Female,Gold,2025-08-30,322.45
1750,Customer_1750,customer1750@mail.com,Pune,MH,,Male,Silver,2025-08-04,3624.41
1751,Customer_1751,customer1751@mail.com,Hyderabad,TS,,Female,Silver,2026-02-23,9915.07
1752,Customer_1752,customer1752@mail.com,Delhi,DL,54,Male,Gold,2025-01-27,9930.93
1753,Customer_1753,customer1753@mail.com,Pune,MH,,Male,Silver,2025-01-05,9371.22
1754,Customer_1754,customer1754@mail.com,Bengaluru,KA,,Female,Platinum,2026-02-19,1308.96
1755,Customer_1755,customer1755@mail.com,Hyderabad,TS,,Female,Platinum,2025-02-21,568.11
1756,Customer_1756,customer1756@mail.com,Pune,MH,64,Female,Platinum,2026-01-08,2163.09
1757,Customer_1757,customer1757@mail.com,Pune,MH,,Male,Platinum,2025-10-24,2111.99
1758,Customer_1758,customer1758@mail.com,Delhi,DL,,Male,Silver,2026-02-09,1378.96
1759,Customer_1759,customer1759@mail.com,Mumbai,MH,,Male,Platinum,2026-03-20,8276.52
1760,Customer_1760,customer1760@mail.com,Delhi,DL,31,Male,Gold,2025-12-13,5533.79
1761,Customer_1761,customer1761@mail.com,Delhi,DL,,Female,Gold,2025-01-10,600.24
1762,Customer_1762,customer1762@mail.com,Mumbai,MH,,Female,Platinum,2026-03-13,964.55
1763,Customer_1763,customer1763@mail.com,Bengaluru,KA,,Female,Platinum,2025-02-07,5749.77
1764,Customer_1764,customer1764@mail.com,Hyderabad,TS,57,Male,Platinum,2025-07-15,4486.24
1765,Customer_1765,customer1765@mail.com,Pune,MH,,Male,Silver,2025-06-22,7127.62
1766,Customer_1766,customer1766@mail.com,Chennai,TN,,Male,Silver,2025-05-30,3787.83
1767,Customer_1767,customer1767@mail.com,Pune,MH,44,Female,Silver,2025-10-21,8242.64
1768,Customer_1768,customer1768@mail.com,Mumbai,MH,,Female,Silver,2025-10-24,310.2
1769,Customer_1769,customer1769@mail.com,Bengaluru,KA,,Male,Gold,2025-04-14,2615.01
1770,Customer_1770,customer1770@mail.com,Delhi,DL,42,Female,Platinum,2025-06-25,8033.82
1771,Customer_1771,customer1771@mail.com,Bengaluru,KA,,Female,Platinum,2026-02-14,2416.26
1772,Customer_1772,customer1772@mail.com,Hyderabad,TS,,Male,Platinum,2025-11-06,8524.95
1773,Customer_1773,customer1773@mail.com,Bengaluru,KA,,Female,Platinum,2025-10-09,4925.95
1774,Customer_1774,customer1774@mail.com,Pune,MH,,Male,Silver,2025-12-13,1598.19
1775,Customer_1775,customer1775@mail.com,Hyderabad,TS,,Male,Silver,2025-07-02,793.65
1776,Customer_1776,customer1776@mail.com,Bengaluru,KA,32,Female,Gold,2025-12-27,8531.8
1777,Customer_1777,customer1777@mail.com,Delhi,DL,35,Female,Platinum,2025-05-18,7880.0
1778,Customer_1778,customer1778@mail.com,Pune,MH,63,Male,Gold,2025-05-31,3440.33
1779,Customer_1779,customer1779@mail.com,Mumbai,MH,42,Female,Platinum,2025-09-06,4640.99
1780,Customer_1780,customer1780@mail.com,Hyderabad,TS,35,Male,Silver,2025-04-07,5847.41
1781,Customer_1781,customer1781@mail.com,Delhi,DL,61,Male,Silver,2025-09-23,4842.13
1782,Customer_1782,customer1782@mail.com,Pune,MH,18,Female,Gold,2026-05-13,1055.81
1783,Customer_1783,customer1783@mail.com,Chennai,TN,35,Male,Gold,2025-01-09,9752.28
1784,Customer_1784,customer1784@mail.com,Delhi,DL,36,Female,Platinum,2025-05-05,2046.31
1785,Customer_1785,customer1785@mail.com,Mumbai,MH,30,Male,Silver,2025-11-02,8813.27
1786,Customer_1786,customer1786@mail.com,Delhi,DL,,Male,Gold,2025-08-05,1052.29
1787,Customer_1787,customer1787@mail.com,Mumbai,MH,,Female,Silver,2025-02-08,9701.77
1788,Customer_1788,customer1788@mail.com,Bengaluru,KA,,Male,Platinum,2025-01-29,5749.08
1789,Customer_1789,customer1789@mail.com,Hyderabad,TS,36,Male,Gold,2026-03-27,8169.88
1790,Customer_1790,customer1790@mail.com,Hyderabad,TS,,Male,Silver,2026-05-09,5715.63
1791,Customer_1791,customer1791@mail.com,Mumbai,MH,,Male,Platinum,2025-04-28,862.19
1792,Customer_1792,customer1792@mail.com,Delhi,DL,,Female,Platinum,2026-01-04,8555.51
1793,Customer_1793,customer1793@mail.com,Chennai,TN,35,Male,Platinum,2026-04-11,8930.37
1794,Customer_1794,customer1794@mail.com,Delhi,DL,39,Female,Platinum,2025-06-13,9896.74
1795,Customer_1795,customer1795@mail.com,Delhi,DL,36,Male,Gold,2025-03-11,5782.38
1796,Customer_1796,customer1796@mail.com,Bengaluru,KA,22,Female,Platinum,2025-04-13,3653.09
1797,Customer_1797,customer1797@mail.com,Bengaluru,KA,,Male,Platinum,2026-03-05,2946.46
1798,Customer_1798,customer1798@mail.com,Mumbai,MH,24,Female,Silver,2025-05-08,2884.32
1799,Customer_1799,customer1799@mail.com,Pune,MH,37,Female,Gold,2025-08-11,6792.84
1800,Customer_1800,customer1800@mail.com,Mumbai,MH,,Female,Platinum,2026-01-03,6875.26
1801,Customer_1801,customer1801@mail.com,Delhi,DL,24,Female,Platinum,2025-04-24,6152.97
1802,Customer_1802,customer1802@mail.com,Pune,MH,49,Female,Gold,2026-02-17,3877.62
1803,Customer_1803,customer1803@mail.com,Chennai,TN,,Female,Gold,2025-09-22,1624.9
1804,Customer_1804,customer1804@mail.com,Hyderabad,TS,,Male,Platinum,2025-02-26,370.28
1805,Customer_1805,customer1805@mail.com,Pune,MH,,Male,Gold,2025-07-12,7589.46
1806,Customer_1806,customer1806@mail.com,Pune,MH,,Female,Gold,2026-04-09,7740.3
1807,Customer_1807,customer1807@mail.com,Chennai,TN,,Female,Silver,2025-04-16,4956.45
1808,Customer_1808,customer1808@mail.com,Chennai,TN,57,Female,Silver,2026-03-16,7881.06
1809,Customer_1809,customer1809@mail.com,Pune,MH,,Male,Gold,2026-02-18,7420.99
1810,Customer_1810,customer1810@mail.com,Mumbai,MH,24,Male,Gold,2026-03-12,9151.45
1811,Customer_1811,customer1811@mail.com,Hyderabad,TS,50,Female,Platinum,2025-04-12,3571.96
1812,Customer_1812,customer1812@mail.com,Bengaluru,KA,,Female,Gold,2025-12-20,1481.66
1813,Customer_1813,customer1813@mail.com,Mumbai,MH,,Male,Silver,2026-05-14,9466.6
1814,Customer_1814,customer1814@mail.com,Bengaluru,KA,,Male,Silver,2025-08-16,1211.47
1815,Customer_1815,customer1815@mail.com,Delhi,DL,,Male,Gold,2025-10-16,394.57
1816,Customer_1816,customer1816@mail.com,Chennai,TN,27,Male,Silver,2025-04-04,4414.69
1817,Customer_1817,customer1817@mail.com,Chennai,TN,34,Male,Gold,2025-01-22,9460.92
1818,Customer_1818,customer1818@mail.com,Hyderabad,TS,45,Female,Silver,2025-06-08,7177.66
1819,Customer_1819,customer1819@mail.com,Pune,MH,51,Male,Gold,2026-04-24,720.78
1820,Customer_1820,customer1820@mail.com,Delhi,DL,54,Male,Silver,2025-01-16,3127.14
1821,Customer_1821,customer1821@mail.com,Mumbai,MH,22,Male,Gold,2025-06-11,9767.16
1822,Customer_1822,customer1822@mail.com,Chennai,TN,,Male,Platinum,2026-03-01,4621.82
1823,Customer_1823,customer1823@mail.com,Pune,MH,54,Female,Silver,2025-04-25,5255.69
1824,Customer_1824,customer1824@mail.com,Chennai,TN,,Male,Silver,2026-05-04,9028.41
1825,Customer_1825,customer1825@mail.com,Pune,MH,44,Male,Silver,2025-02-09,2824.51
1826,Customer_1826,customer1826@mail.com,Mumbai,MH,21,Female,Gold,2025-08-12,5637.11
1827,Customer_1827,customer1827@mail.com,Delhi,DL,,Male,Gold,2025-01-14,2724.81
1828,Customer_1828,,Pune,MH,46,Female,Silver,2025-05-05,2874.28
1829,Customer_1829,customer1829@mail.com,Bengaluru,KA,28,Female,Platinum,2026-04-24,3204.44
1830,Customer_1830,customer1830@mail.com,Hyderabad,TS,56,Male,Silver,2025-11-05,5386.66
1831,Customer_1831,customer1831@mail.com,Delhi,DL,,Male,Silver,2025-07-28,7347.16
1832,Customer_1832,customer1832@mail.com,Pune,MH,,Male,Silver,2026-04-29,1974.13
1833,Customer_1833,customer1833@mail.com,Bengaluru,KA,,Male,Platinum,2025-08-05,7858.45
1834,Customer_1834,customer1834@mail.com,Mumbai,MH,,Female,Gold,2026-01-11,1940.01
1835,Customer_1835,customer1835@mail.com,Mumbai,MH,,Female,Platinum,2026-03-20,5545.41
1836,Customer_1836,customer1836@mail.com,Chennai,TN,53,Male,Silver,2025-12-26,4249.51
1837,Customer_1837,customer1837@mail.com,Pune,MH,,Male,Silver,2025-12-24,901.75
1838,Customer_1838,customer1838@mail.com,Chennai,TN,65,Female,Silver,2025-07-27,2965.37
1839,Customer_1839,customer1839@mail.com,Hyderabad,TS,,Male,Gold,2026-03-31,8500.59
1840,Customer_1840,customer1840@mail.com,Pune,MH,64,Male,Gold,2025-04-29,9211.89
1841,Customer_1841,customer1841@mail.com,Pune,MH,,Female,Silver,2026-02-22,9827.14
1842,Customer_1842,customer1842@mail.com,Hyderabad,TS,56,Male,Gold,2026-01-12,876.38
1843,Customer_1843,customer1843@mail.com,Mumbai,MH,23,Female,Platinum,2025-03-27,5364.97
1844,Customer_1844,customer1844@mail.com,Delhi,DL,,Male,Silver,2026-04-20,8970.36
1845,Customer_1845,customer1845@mail.com,Hyderabad,TS,37,Female,Silver,2025-01-14,2989.16
1846,Customer_1846,customer1846@mail.com,Delhi,DL,,Female,Platinum,2025-12-12,7538.37
1847,Customer_1847,customer1847@mail.com,Bengaluru,KA,28,Male,Platinum,2025-11-24,3234.63
1848,Customer_1848,customer1848@mail.com,Pune,MH,44,Male,Platinum,2026-01-13,7245.03
1849,Customer_1849,customer1849@mail.com,Chennai,TN,,Female,Silver,2026-03-11,808.83
1850,Customer_1850,customer1850@mail.com,Hyderabad,TS,,Female,Gold,2026-02-22,4840.63
1851,Customer_1851,customer1851@mail.com,Hyderabad,TS,,Female,Silver,2025-10-02,6490.5
1852,Customer_1852,customer1852@mail.com,Delhi,DL,27,Male,Silver,2025-11-25,8776.95
1853,Customer_1853,customer1853@mail.com,Pune,MH,,Male,Gold,2025-08-21,787.82
1854,Customer_1854,customer1854@mail.com,Pune,MH,39,Male,Platinum,2025-01-08,5372.91
1855,Customer_1855,customer1855@mail.com,Bengaluru,KA,36,Male,Silver,2025-07-12,5444.17
1856,Customer_1856,customer1856@mail.com,Chennai,TN,26,Female,Gold,2025-08-26,7668.47
1857,Customer_1857,customer1857@mail.com,Hyderabad,TS,51,Female,Gold,2025-03-27,3544.16
1858,Customer_1858,customer1858@mail.com,Hyderabad,TS,,Male,Platinum,2025-10-30,3294.51
1859,Customer_1859,customer1859@mail.com,Pune,MH,19,Male,Silver,2026-04-23,2012.06
1860,Customer_1860,customer1860@mail.com,Hyderabad,TS,,Male,Platinum,2026-03-01,2069.6
1861,Customer_1861,customer1861@mail.com,Bengaluru,KA,,Female,Gold,2026-03-10,7244.39
1862,Customer_1862,customer1862@mail.com,Chennai,TN,30,Male,Silver,2025-04-19,5823.37
1863,Customer_1863,customer1863@mail.com,Mumbai,MH,42,Male,Silver,2025-03-19,2816.11
1864,Customer_1864,customer1864@mail.com,Mumbai,MH,,Female,Silver,2025-11-26,3940.29
1865,Customer_1865,customer1865@mail.com,Bengaluru,KA,29,Male,Silver,2025-04-06,3147.37
1866,Customer_1866,customer1866@mail.com,Delhi,DL,27,Female,Platinum,2025-11-21,4180.92
1867,Customer_1867,customer1867@mail.com,Hyderabad,TS,,Male,Silver,2025-09-10,6006.04
1868,Customer_1868,customer1868@mail.com,Delhi,DL,,Female,Platinum,2026-05-15,9298.81
1869,Customer_1869,customer1869@mail.com,Delhi,DL,20,Female,Silver,2025-05-05,1798.21
1870,Customer_1870,customer1870@mail.com,Mumbai,MH,,Female,Silver,2025-11-18,8161.49
1871,Customer_1871,customer1871@mail.com,Hyderabad,TS,,Male,Gold,2025-12-29,5989.31
1872,Customer_1872,customer1872@mail.com,Delhi,DL,42,Male,Gold,2025-01-13,6481.08
1873,Customer_1873,customer1873@mail.com,Mumbai,MH,,Male,Platinum,2025-10-15,9122.25
1874,Customer_1874,customer1874@mail.com,Hyderabad,TS,60,Male,Silver,2025-08-08,9370.29
1875,Customer_1875,customer1875@mail.com,Delhi,DL,31,Female,Gold,2026-02-12,6980.13
1876,Customer_1876,customer1876@mail.com,Hyderabad,TS,,Female,Platinum,2025-04-22,2884.72
1877,Customer_1877,customer1877@mail.com,Mumbai,MH,46,Male,Platinum,2025-08-11,3140.28
1878,Customer_1878,customer1878@mail.com,Hyderabad,TS,22,Female,Silver,2025-02-16,7063.39
1879,Customer_1879,customer1879@mail.com,Hyderabad,TS,27,Male,Platinum,2025-06-05,3832.88
1880,Customer_1880,customer1880@mail.com,Chennai,TN,46,Male,Gold,2025-03-10,8531.58
1881,Customer_1881,customer1881@mail.com,Hyderabad,TS,,Male,Platinum,2026-03-29,6984.36
1882,Customer_1882,customer1882@mail.com,Hyderabad,TS,37,Female,Platinum,2025-04-08,6729.66
1883,Customer_1883,customer1883@mail.com,Delhi,DL,,Male,Silver,2025-05-29,1858.64
1884,Customer_1884,customer1884@mail.com,Pune,MH,,Female,Platinum,2025-04-10,4007.47
1885,Customer_1885,customer1885@mail.com,Hyderabad,TS,,Female,Gold,2025-07-19,3468.94
1886,Customer_1886,customer1886@mail.com,Chennai,TN,43,Male,Platinum,2025-07-17,4913.77
1887,Customer_1887,customer1887@mail.com,Mumbai,MH,21,Female,Gold,2026-04-09,5942.03
1888,Customer_1888,customer1888@mail.com,Chennai,TN,32,Female,Platinum,2026-05-06,8589.99
1889,Customer_1889,customer1889@mail.com,Mumbai,MH,58,Female,Silver,2025-05-15,476.77
1890,Customer_1890,customer1890@mail.com,Hyderabad,TS,,Female,Gold,2026-02-05,8924.35
1891,Customer_1891,customer1891@mail.com,Bengaluru,KA,26,Male,Platinum,2025-09-24,7498.44
1892,Customer_1892,customer1892@mail.com,Chennai,TN,35,Female,Platinum,2025-03-19,2545.42
1893,Customer_1893,customer1893@mail.com,Chennai,TN,26,Female,Platinum,2025-02-26,5611.74
1894,Customer_1894,customer1894@mail.com,Bengaluru,KA,48,Female,Silver,2026-01-07,5231.78
1895,Customer_1895,customer1895@mail.com,Mumbai,MH,,Female,Silver,2025-01-23,4646.11
1896,Customer_1896,customer1896@mail.com,Delhi,DL,,Female,Gold,2025-07-09,5745.55
1897,Customer_1897,customer1897@mail.com,Hyderabad,TS,39,Male,Platinum,2026-03-29,5504.8
1898,Customer_1898,customer1898@mail.com,Chennai,TN,,Male,Silver,2026-03-27,4277.72
1899,Customer_1899,customer1899@mail.com,Hyderabad,TS,51,Male,Silver,2025-12-25,7495.71
1900,Customer_1900,customer1900@mail.com,Delhi,DL,61,Female,Platinum,2025-08-15,3332.32
1901,Customer_1901,customer1901@mail.com,Delhi,DL,,Female,Platinum,2025-04-03,9025.79
1902,Customer_1902,customer1902@mail.com,Mumbai,MH,49,Male,Platinum,2025-04-04,8790.33
1903,Customer_1903,customer1903@mail.com,Hyderabad,TS,,Male,Platinum,2025-01-22,3742.03
1904,Customer_1904,customer1904@mail.com,Mumbai,MH,,Female,Gold,2025-08-30,5868.87
1905,Customer_1905,customer1905@mail.com,Delhi,DL,43,Female,Platinum,2025-04-26,3176.15
1906,Customer_1906,customer1906@mail.com,Mumbai,MH,,Female,Gold,2025-09-14,1506.75
1907,Customer_1907,customer1907@mail.com,Delhi,DL,46,Male,Gold,2025-10-24,3005.12
1908,Customer_1908,customer1908@mail.com,Bengaluru,KA,24,Female,Platinum,2025-02-28,1882.93
1909,Customer_1909,customer1909@mail.com,Pune,MH,57,Female,Gold,2026-04-30,3757.47
1910,Customer_1910,customer1910@mail.com,Bengaluru,KA,26,Female,Gold,2025-04-25,8314.43
1911,Customer_1911,customer1911@mail.com,Hyderabad,TS,32,Female,Silver,2025-12-03,2183.31
1912,Customer_1912,customer1912@mail.com,Bengaluru,KA,,Female,Gold,2025-08-04,2300.59
1913,Customer_1913,customer1913@mail.com,Mumbai,MH,20,Male,Silver,2025-09-09,3352.38
1914,Customer_1914,customer1914@mail.com,Hyderabad,TS,55,Male,Silver,2025-03-17,1469.08
1915,Customer_1915,customer1915@mail.com,Chennai,TN,19,Female,Platinum,2025-10-25,6816.02
1916,Customer_1916,customer1916@mail.com,Delhi,DL,59,Female,Gold,2025-08-11,1590.31
1917,Customer_1917,,Chennai,TN,26,Female,Platinum,2025-02-01,9869.17
1918,Customer_1918,customer1918@mail.com,Hyderabad,TS,26,Male,Silver,2025-09-20,3495.85
1919,Customer_1919,customer1919@mail.com,Mumbai,MH,,Female,Silver,2025-02-04,393.23
1920,Customer_1920,customer1920@mail.com,Bengaluru,KA,43,Male,Gold,2026-05-15,3215.67
1921,Customer_1921,customer1921@mail.com,Hyderabad,TS,,Male,Gold,2026-01-25,7870.27
1922,Customer_1922,customer1922@mail.com,Hyderabad,TS,40,Male,Platinum,2026-01-25,5173.8
1923,Customer_1923,customer1923@mail.com,Hyderabad,TS,,Male,Platinum,2025-09-07,9020.25
1924,Customer_1924,customer1924@mail.com,Mumbai,MH,,Male,Platinum,2025-12-27,9964.34
1925,Customer_1925,customer1925@mail.com,Delhi,DL,25,Female,Platinum,2026-04-03,6592.05
1926,Customer_1926,customer1926@mail.com,Delhi,DL,47,Female,Platinum,2025-05-28,2791.4
1927,Customer_1927,customer1927@mail.com,Bengaluru,KA,64,Female,Silver,2025-01-30,1703.93
1928,Customer_1928,customer1928@mail.com,Pune,MH,22,Female,Silver,2026-02-22,4218.42
1929,Customer_1929,customer1929@mail.com,Pune,MH,,Male,Silver,2025-03-13,2132.26
1930,Customer_1930,customer1930@mail.com,Pune,MH,25,Male,Platinum,2025-07-27,5075.5
1931,Customer_1931,customer1931@mail.com,Bengaluru,KA,51,Female,Gold,2025-02-15,1425.64
1932,Customer_1932,customer1932@mail.com,Delhi,DL,,Male,Gold,2025-12-07,2616.58
1933,Customer_1933,customer1933@mail.com,Mumbai,MH,,Male,Silver,2025-04-30,8468.96
1934,Customer_1934,customer1934@mail.com,Hyderabad,TS,23,Female,Silver,2025-11-29,8983.32
1935,Customer_1935,customer1935@mail.com,Delhi,DL,49,Male,Silver,2025-07-02,6108.33
1936,Customer_1936,customer1936@mail.com,Delhi,DL,45,Male,Platinum,2025-03-04,6246.1
1937,Customer_1937,customer1937@mail.com,Delhi,DL,,Male,Gold,2025-11-03,451.48
1938,Customer_1938,customer1938@mail.com,Delhi,DL,,Male,Gold,2025-08-05,739.68
1939,Customer_1939,customer1939@mail.com,Delhi,DL,,Male,Silver,2025-05-22,8231.68
1940,Customer_1940,customer1940@mail.com,Mumbai,MH,,Female,Platinum,2025-01-08,4636.12
1941,Customer_1941,customer1941@mail.com,Bengaluru,KA,27,Male,Gold,2026-05-11,3274.22
1942,Customer_1942,customer1942@mail.com,Pune,MH,47,Male,Silver,2026-01-16,9653.39
1943,Customer_1943,customer1943@mail.com,Pune,MH,,Female,Platinum,2026-01-17,1668.31
1944,Customer_1944,customer1944@mail.com,Hyderabad,TS,,Male,Silver,2025-11-10,5405.21
1945,Customer_1945,customer1945@mail.com,Bengaluru,KA,,Female,Silver,2025-09-26,5787.0
1946,Customer_1946,customer1946@mail.com,Chennai,TN,34,Male,Gold,2025-12-20,5458.81
1947,Customer_1947,customer1947@mail.com,Hyderabad,TS,,Female,Platinum,2026-01-23,273.44
1948,Customer_1948,customer1948@mail.com,Chennai,TN,,Male,Silver,2025-09-17,1635.7
1949,Customer_1949,customer1949@mail.com,Bengaluru,KA,,Female,Platinum,2025-09-12,4855.07
1950,Customer_1950,customer1950@mail.com,Mumbai,MH,,Female,Platinum,2025-11-26,4570.04
1951,Customer_1951,customer1951@mail.com,Bengaluru,KA,,Female,Gold,2025-04-29,590.75
1952,Customer_1952,customer1952@mail.com,Bengaluru,KA,18,Male,Silver,2025-01-13,9583.86
1953,Customer_1953,customer1953@mail.com,Hyderabad,TS,21,Male,Platinum,2025-06-03,8537.63
1954,Customer_1954,customer1954@mail.com,Pune,MH,,Male,Silver,2025-09-26,661.8
1955,Customer_1955,customer1955@mail.com,Mumbai,MH,,Male,Gold,2026-02-02,5716.37
1956,Customer_1956,customer1956@mail.com,Hyderabad,TS,,Male,Gold,2025-12-03,9595.83
1957,Customer_1957,customer1957@mail.com,Hyderabad,TS,21,Male,Platinum,2025-04-23,3773.46
1958,Customer_1958,customer1958@mail.com,Chennai,TN,,Female,Gold,2026-01-10,7488.95
1959,Customer_1959,customer1959@mail.com,Chennai,TN,40,Male,Silver,2025-09-12,1778.09
1960,Customer_1960,customer1960@mail.com,Chennai,TN,,Male,Platinum,2026-04-03,6257.33
1961,Customer_1961,customer1961@mail.com,Hyderabad,TS,46,Male,Gold,2025-12-16,4633.3
1962,Customer_1962,customer1962@mail.com,Hyderabad,TS,,Male,Gold,2025-03-27,8513.37
1963,Customer_1963,customer1963@mail.com,Delhi,DL,26,Male,Platinum,2025-06-29,4295.4
1964,Customer_1964,customer1964@mail.com,Delhi,DL,,Male,Silver,2025-09-27,1778.19
1965,Customer_1965,customer1965@mail.com,Bengaluru,KA,35,Male,Silver,2025-06-30,7139.49
1966,Customer_1966,customer1966@mail.com,Mumbai,MH,61,Male,Silver,2025-10-30,503.88
1967,Customer_1967,customer1967@mail.com,Bengaluru,KA,,Male,Gold,2025-05-25,2208.15
1968,Customer_1968,customer1968@mail.com,Pune,MH,,Female,Platinum,2025-04-05,8926.6
1969,Customer_1969,customer1969@mail.com,Hyderabad,TS,53,Male,Silver,2026-01-14,5157.44
1970,Customer_1970,customer1970@mail.com,Bengaluru,KA,36,Female,Gold,2025-10-10,831.31
1971,Customer_1971,customer1971@mail.com,Delhi,DL,,Female,Gold,2026-02-24,5964.29
1972,Customer_1972,customer1972@mail.com,Bengaluru,KA,,Female,Platinum,2025-05-22,3175.75
1973,Customer_1973,customer1973@mail.com,Pune,MH,,Male,Silver,2025-12-20,9936.03
1974,Customer_1974,customer1974@mail.com,Pune,MH,,Female,Platinum,2025-02-15,127.51
1975,Customer_1975,customer1975@mail.com,Mumbai,MH,61,Female,Gold,2026-04-13,5555.46
1976,Customer_1976,customer1976@mail.com,Bengaluru,KA,,Female,Silver,2025-11-02,6115.99
1977,Customer_1977,customer1977@mail.com,Delhi,DL,,Female,Platinum,2026-05-04,8184.89
1978,Customer_1978,customer1978@mail.com,Delhi,DL,,Female,Gold,2026-02-18,2862.11
1979,Customer_1979,customer1979@mail.com,Bengaluru,KA,18,Male,Silver,2026-05-03,7150.99
1980,Customer_1980,customer1980@mail.com,Hyderabad,TS,19,Female,Platinum,2025-07-15,4012.93
1981,Customer_1981,customer1981@mail.com,Pune,MH,20,Male,Silver,2026-05-02,6407.6
1982,Customer_1982,customer1982@mail.com,Hyderabad,TS,59,Female,Silver,2025-04-22,2124.78
1983,Customer_1983,customer1983@mail.com,Pune,MH,59,Female,Gold,2025-09-09,2896.46
1984,Customer_1984,customer1984@mail.com,Hyderabad,TS,,Female,Gold,2025-02-08,8129.66
1985,Customer_1985,customer1985@mail.com,Mumbai,MH,,Female,Silver,2025-05-08,1339.51
1986,Customer_1986,customer1986@mail.com,Hyderabad,TS,,Female,Platinum,2025-11-11,2528.32
1987,Customer_1987,customer1987@mail.com,Chennai,TN,63,Male,Platinum,2025-01-28,9126.71
1988,Customer_1988,customer1988@mail.com,Hyderabad,TS,,Female,Gold,2025-08-15,4676.42
1989,Customer_1989,customer1989@mail.com,Hyderabad,TS,,Male,Platinum,2026-01-16,8364.44
1990,Customer_1990,customer1990@mail.com,Mumbai,MH,35,Male,Gold,2025-10-14,9007.08
1991,Customer_1991,customer1991@mail.com,Delhi,DL,,Male,Silver,2026-05-09,5708.17
1992,Customer_1992,customer1992@mail.com,Hyderabad,TS,,Male,Platinum,2025-02-25,2686.71
1993,Customer_1993,customer1993@mail.com,Delhi,DL,,Male,Silver,2025-08-04,5715.43
1994,Customer_1994,customer1994@mail.com,Hyderabad,TS,,Female,Silver,2026-01-08,5763.3
1995,Customer_1995,customer1995@mail.com,Chennai,TN,,Male,Silver,2026-04-27,7747.3
1996,Customer_1996,customer1996@mail.com,Bengaluru,KA,63,Female,Gold,2025-09-23,3897.48
1997,Customer_1997,customer1997@mail.com,Mumbai,MH,,Male,Gold,2025-11-01,3272.86
1998,Customer_1998,customer1998@mail.com,Mumbai,MH,27,Male,Gold,2025-05-02,8160.41
1999,Customer_1999,customer1999@mail.com,Bengaluru,KA,27,Female,Gold,2025-04-19,8449.87
2000,Customer_2000,customer2000@mail.com,Chennai,TN,58,Male,Silver,2025-03-20,9857.99
2001,Customer_2001,customer2001@mail.com,Hyderabad,TS,40,Male,Gold,2025-09-16,603.63
2002,Customer_2002,customer2002@mail.com,Chennai,TN,26,Male,Silver,2025-04-12,8195.05
2003,Customer_2003,customer2003@mail.com,Bengaluru,KA,21,Male,Gold,2025-04-06,6756.93
2004,Customer_2004,customer2004@mail.com,Delhi,DL,56,Female,Platinum,2025-09-20,3110.91
2005,Customer_2005,customer2005@mail.com,Chennai,TN,,Female,Platinum,2025-11-17,3975.93
2006,Customer_2006,customer2006@mail.com,Pune,MH,39,Male,Gold,2026-04-10,2570.77
2007,Customer_2007,customer2007@mail.com,Chennai,TN,31,Female,Silver,2025-11-17,2477.48
2008,Customer_2008,customer2008@mail.com,Pune,MH,,Female,Platinum,2026-03-09,4568.75
2009,Customer_2009,customer2009@mail.com,Chennai,TN,38,Male,Platinum,2025-04-06,2280.95
2010,Customer_2010,customer2010@mail.com,Chennai,TN,60,Male,Silver,2026-02-19,1856.96
2011,Customer_2011,customer2011@mail.com,Mumbai,MH,,Female,Gold,2026-03-01,4203.84
2012,Customer_2012,customer2012@mail.com,Chennai,TN,54,Male,Gold,2025-02-13,6802.22
2013,Customer_2013,customer2013@mail.com,Pune,MH,39,Female,Silver,2025-11-12,1162.98
2014,Customer_2014,customer2014@mail.com,Delhi,DL,,Female,Platinum,2025-02-12,5358.19
2015,Customer_2015,customer2015@mail.com,Delhi,DL,53,Female,Platinum,2025-10-19,4287.41
2016,Customer_2016,customer2016@mail.com,Bengaluru,KA,,Male,Gold,2025-01-13,6462.53
2017,Customer_2017,customer2017@mail.com,Mumbai,MH,,Female,Gold,2025-09-06,8671.37
2018,Customer_2018,,Chennai,TN,,Female,Platinum,2025-01-25,1557.38
2019,Customer_2019,customer2019@mail.com,Mumbai,MH,,Male,Platinum,2025-11-05,7532.61
2020,Customer_2020,customer2020@mail.com,Mumbai,MH,,Male,Gold,2025-06-17,4856.25
2021,Customer_2021,customer2021@mail.com,Pune,MH,61,Female,Gold,2026-03-07,4973.4
2022,Customer_2022,customer2022@mail.com,Bengaluru,KA,25,Male,Silver,2025-04-25,4176.89
2023,Customer_2023,customer2023@mail.com,Mumbai,MH,,Male,Gold,2026-03-04,2114.15
2024,Customer_2024,customer2024@mail.com,Chennai,TN,,Female,Gold,2025-12-01,9401.99
2025,Customer_2025,customer2025@mail.com,Pune,MH,,Male,Gold,2026-05-10,8970.95
2026,Customer_2026,customer2026@mail.com,Delhi,DL,29,Female,Silver,2025-08-16,6460.58
2027,Customer_2027,customer2027@mail.com,Chennai,TN,65,Female,Silver,2026-05-16,5710.39
2028,Customer_2028,customer2028@mail.com,Pune,MH,,Female,Gold,2026-04-19,5984.2
2029,Customer_2029,customer2029@mail.com,Pune,MH,18,Male,Platinum,2025-04-20,4750.99
2030,Customer_2030,customer2030@mail.com,Hyderabad,TS,62,Male,Gold,2025-03-30,4164.48
2031,Customer_2031,customer2031@mail.com,Delhi,DL,,Female,Silver,2025-04-02,9924.0
2032,Customer_2032,customer2032@mail.com,Delhi,DL,62,Male,Platinum,2025-10-07,7522.08
2033,Customer_2033,customer2033@mail.com,Hyderabad,TS,,Female,Gold,2025-11-04,4956.93
2034,Customer_2034,customer2034@mail.com,Pune,MH,34,Male,Platinum,2025-07-24,3830.24
2035,Customer_2035,customer2035@mail.com,Mumbai,MH,,Female,Gold,2025-07-01,3342.06
2036,Customer_2036,customer2036@mail.com,Delhi,DL,37,Male,Silver,2025-09-03,1344.71
2037,Customer_2037,customer2037@mail.com,Bengaluru,KA,,Male,Gold,2025-07-13,5620.17
2038,Customer_2038,customer2038@mail.com,Delhi,DL,29,Female,Silver,2025-04-09,9890.99
2039,Customer_2039,customer2039@mail.com,Hyderabad,TS,,Male,Platinum,2025-03-06,5084.53
2040,Customer_2040,customer2040@mail.com,Chennai,TN,32,Male,Gold,2025-09-08,9367.83
2041,Customer_2041,customer2041@mail.com,Hyderabad,TS,22,Female,Gold,2025-03-11,2567.06
2042,Customer_2042,customer2042@mail.com,Mumbai,MH,,Female,Platinum,2025-07-07,688.16
2043,Customer_2043,customer2043@mail.com,Mumbai,MH,33,Female,Platinum,2025-09-29,9697.74
2044,Customer_2044,customer2044@mail.com,Bengaluru,KA,41,Male,Gold,2025-07-06,7614.24
2045,Customer_2045,customer2045@mail.com,Pune,MH,64,Female,Platinum,2025-09-07,6097.8
2046,Customer_2046,customer2046@mail.com,Delhi,DL,18,Male,Silver,2025-07-12,4601.76
2047,Customer_2047,customer2047@mail.com,Hyderabad,TS,43,Female,Platinum,2025-02-11,2529.46
2048,Customer_2048,customer2048@mail.com,Hyderabad,TS,,Male,Gold,2025-07-03,9588.8
2049,Customer_2049,customer2049@mail.com,Mumbai,MH,19,Female,Gold,2026-05-10,1832.83
2050,Customer_2050,customer2050@mail.com,Pune,MH,27,Male,Silver,2025-10-03,7697.92
2051,Customer_2051,customer2051@mail.com,Bengaluru,KA,21,Male,Gold,2025-06-12,4623.33
2052,Customer_2052,customer2052@mail.com,Chennai,TN,19,Male,Platinum,2026-02-26,7642.75
2053,Customer_2053,customer2053@mail.com,Hyderabad,TS,,Male,Silver,2025-10-05,6804.21
2054,Customer_2054,customer2054@mail.com,Chennai,TN,39,Male,Platinum,2025-02-15,6259.36
2055,Customer_2055,customer2055@mail.com,Hyderabad,TS,59,Male,Platinum,2025-02-24,8902.66
2056,Customer_2056,customer2056@mail.com,Mumbai,MH,43,Female,Platinum,2025-04-15,6937.9
2057,Customer_2057,customer2057@mail.com,Delhi,DL,46,Male,Platinum,2026-03-06,2826.9
2058,Customer_2058,customer2058@mail.com,Delhi,DL,35,Female,Gold,2026-04-16,310.72
2059,Customer_2059,customer2059@mail.com,Hyderabad,TS,,Male,Platinum,2025-09-23,7073.08
2060,Customer_2060,customer2060@mail.com,Delhi,DL,48,Male,Platinum,2026-03-05,1269.11
2061,Customer_2061,customer2061@mail.com,Hyderabad,TS,18,Male,Silver,2026-05-11,2968.9
2062,Customer_2062,customer2062@mail.com,Pune,MH,,Female,Gold,2026-02-28,6030.75
2063,Customer_2063,customer2063@mail.com,Delhi,DL,,Female,Gold,2026-04-02,5048.12
2064,Customer_2064,customer2064@mail.com,Delhi,DL,,Male,Platinum,2026-02-12,365.1
2065,Customer_2065,customer2065@mail.com,Bengaluru,KA,64,Male,Gold,2025-10-08,1105.99
2066,Customer_2066,customer2066@mail.com,Delhi,DL,41,Female,Silver,2025-04-25,2907.55
2067,Customer_2067,customer2067@mail.com,Mumbai,MH,40,Male,Silver,2026-02-20,2737.11
2068,Customer_2068,customer2068@mail.com,Bengaluru,KA,,Male,Platinum,2025-06-14,5897.01
2069,Customer_2069,customer2069@mail.com,Delhi,DL,24,Female,Silver,2025-12-21,4964.03
2070,Customer_2070,customer2070@mail.com,Delhi,DL,,Male,Silver,2025-11-02,9232.91
2071,Customer_2071,customer2071@mail.com,Bengaluru,KA,43,Male,Platinum,2025-07-17,1469.93
2072,Customer_2072,customer2072@mail.com,Delhi,DL,,Male,Platinum,2026-05-02,7659.74
2073,Customer_2073,customer2073@mail.com,Hyderabad,TS,46,Female,Silver,2026-03-15,5503.11
2074,Customer_2074,customer2074@mail.com,Pune,MH,,Female,Gold,2026-03-08,9317.5
2075,Customer_2075,customer2075@mail.com,Delhi,DL,56,Female,Gold,2025-05-10,6951.63
2076,Customer_2076,customer2076@mail.com,Hyderabad,TS,,Male,Gold,2025-02-07,6088.4
2077,Customer_2077,customer2077@mail.com,Delhi,DL,27,Female,Silver,2025-06-02,3803.25
2078,Customer_2078,customer2078@mail.com,Chennai,TN,,Male,Gold,2026-03-12,4026.84
2079,Customer_2079,customer2079@mail.com,Delhi,DL,39,Male,Platinum,2026-01-14,6591.21
2080,Customer_2080,customer2080@mail.com,Bengaluru,KA,,Female,Gold,2025-05-24,5645.92
2081,Customer_2081,customer2081@mail.com,Pune,MH,,Female,Platinum,2025-01-23,6587.86
2082,Customer_2082,customer2082@mail.com,Delhi,DL,26,Male,Gold,2025-02-15,4689.95
2083,Customer_2083,customer2083@mail.com,Delhi,DL,31,Female,Platinum,2025-06-21,3238.79
2084,Customer_2084,customer2084@mail.com,Hyderabad,TS,,Male,Gold,2025-01-23,9421.61
2085,Customer_2085,customer2085@mail.com,Pune,MH,,Male,Platinum,2025-07-14,3281.71
2086,Customer_2086,customer2086@mail.com,Bengaluru,KA,,Male,Silver,2025-08-27,8569.64
2087,Customer_2087,customer2087@mail.com,Pune,MH,51,Male,Silver,2025-05-18,4414.54
2088,Customer_2088,customer2088@mail.com,Bengaluru,KA,,Male,Platinum,2026-02-24,7466.06
2089,Customer_2089,customer2089@mail.com,Bengaluru,KA,41,Female,Platinum,2025-09-22,3394.04
2090,Customer_2090,customer2090@mail.com,Chennai,TN,,Female,Silver,2025-08-12,2628.9
2091,Customer_2091,customer2091@mail.com,Mumbai,MH,,Female,Gold,2026-03-26,6026.83
2092,Customer_2092,customer2092@mail.com,Hyderabad,TS,23,Female,Gold,2026-04-13,3513.56
2093,Customer_2093,customer2093@mail.com,Pune,MH,39,Male,Silver,2025-04-19,2847.81
2094,Customer_2094,customer2094@mail.com,Pune,MH,,Female,Gold,2025-01-07,8788.86
2095,Customer_2095,customer2095@mail.com,Delhi,DL,,Female,Platinum,2026-03-29,6066.67
2096,Customer_2096,customer2096@mail.com,Hyderabad,TS,,Male,Gold,2026-02-15,7864.99
2097,Customer_2097,customer2097@mail.com,Delhi,DL,49,Female,Platinum,2026-03-14,1021.4
2098,Customer_2098,customer2098@mail.com,Pune,MH,24,Male,Silver,2025-10-09,1012.82
2099,Customer_2099,customer2099@mail.com,Hyderabad,TS,,Male,Gold,2026-04-23,7829.69
2100,Customer_2100,customer2100@mail.com,Hyderabad,TS,,Male,Silver,2025-03-09,5702.69
2101,Customer_2101,customer2101@mail.com,Chennai,TN,32,Male,Gold,2025-05-19,7956.66
2102,Customer_2102,customer2102@mail.com,Pune,MH,,Male,Silver,2025-11-28,9620.07
2103,Customer_2103,customer2103@mail.com,Hyderabad,TS,25,Female,Gold,2025-05-29,9827.19
2104,Customer_2104,customer2104@mail.com,Hyderabad,TS,,Female,Gold,2025-12-30,5023.81
2105,Customer_2105,customer2105@mail.com,Delhi,DL,,Female,Gold,2025-05-01,6898.68
2106,Customer_2106,customer2106@mail.com,Pune,MH,62,Male,Gold,2026-02-26,6984.81
2107,Customer_2107,customer2107@mail.com,Hyderabad,TS,52,Female,Gold,2026-04-13,6478.79
2108,Customer_2108,customer2108@mail.com,Bengaluru,KA,22,Female,Silver,2025-01-24,8336.7
2109,Customer_2109,customer2109@mail.com,Mumbai,MH,,Female,Gold,2025-03-04,9604.08
2110,Customer_2110,customer2110@mail.com,Pune,MH,,Female,Platinum,2025-08-21,1321.24
2111,Customer_2111,customer2111@mail.com,Pune,MH,49,Male,Gold,2025-12-13,5920.09
2112,Customer_2112,customer2112@mail.com,Bengaluru,KA,20,Female,Silver,2026-03-27,6018.58
2113,Customer_2113,customer2113@mail.com,Pune,MH,,Male,Gold,2025-04-13,6615.59
2114,Customer_2114,customer2114@mail.com,Chennai,TN,,Male,Silver,2025-07-03,5299.39
2115,Customer_2115,customer2115@mail.com,Delhi,DL,,Male,Gold,2025-01-03,3650.33
2116,Customer_2116,customer2116@mail.com,Mumbai,MH,47,Male,Gold,2025-08-30,2809.54
2117,Customer_2117,customer2117@mail.com,Chennai,TN,43,Male,Platinum,2025-09-24,1345.35
2118,Customer_2118,customer2118@mail.com,Chennai,TN,,Female,Platinum,2025-06-10,563.05
2119,Customer_2119,customer2119@mail.com,Mumbai,MH,28,Male,Silver,2025-03-29,1850.99
2120,Customer_2120,customer2120@mail.com,Pune,MH,,Male,Gold,2025-02-13,773.51
2121,Customer_2121,customer2121@mail.com,Hyderabad,TS,,Male,Platinum,2025-07-16,9937.29
2122,Customer_2122,customer2122@mail.com,Delhi,DL,,Female,Silver,2026-03-01,981.82
2123,Customer_2123,customer2123@mail.com,Pune,MH,,Male,Silver,2026-03-20,3608.55
2124,Customer_2124,customer2124@mail.com,Pune,MH,25,Male,Platinum,2025-06-02,126.02
2125,Customer_2125,customer2125@mail.com,Mumbai,MH,,Female,Platinum,2026-03-04,6217.13
2126,Customer_2126,customer2126@mail.com,Bengaluru,KA,36,Male,Gold,2025-01-05,7065.83
2127,Customer_2127,customer2127@mail.com,Delhi,DL,19,Female,Gold,2026-02-17,7247.44
2128,Customer_2128,customer2128@mail.com,Delhi,DL,,Male,Silver,2025-09-21,1954.37
2129,Customer_2129,customer2129@mail.com,Mumbai,MH,,Female,Platinum,2025-04-25,122.55
2130,Customer_2130,customer2130@mail.com,Hyderabad,TS,,Female,Silver,2025-12-19,8914.77
2131,Customer_2131,customer2131@mail.com,Delhi,DL,,Female,Gold,2025-06-04,9580.41
2132,Customer_2132,customer2132@mail.com,Delhi,DL,,Female,Gold,2025-03-29,7871.21
2133,Customer_2133,customer2133@mail.com,Chennai,TN,,Male,Gold,2025-05-03,1737.64
2134,Customer_2134,customer2134@mail.com,Chennai,TN,34,Male,Gold,2026-01-16,4034.71
2135,Customer_2135,customer2135@mail.com,Mumbai,MH,53,Female,Platinum,2025-01-27,5948.62
2136,Customer_2136,customer2136@mail.com,Chennai,TN,,Female,Gold,2026-01-14,9318.21
2137,Customer_2137,customer2137@mail.com,Bengaluru,KA,32,Female,Gold,2025-01-24,4378.62
2138,Customer_2138,customer2138@mail.com,Bengaluru,KA,23,Female,Gold,2025-10-26,1863.93
2139,Customer_2139,customer2139@mail.com,Pune,MH,37,Male,Silver,2025-01-18,8065.3
2140,Customer_2140,customer2140@mail.com,Delhi,DL,,Female,Silver,2025-03-24,576.95
2141,Customer_2141,customer2141@mail.com,Chennai,TN,,Male,Gold,2025-05-18,3695.19
2142,Customer_2142,customer2142@mail.com,Hyderabad,TS,,Male,Gold,2026-04-03,3489.95
2143,Customer_2143,customer2143@mail.com,Bengaluru,KA,,Male,Platinum,2026-04-15,4426.7
2144,Customer_2144,customer2144@mail.com,Bengaluru,KA,36,Female,Platinum,2025-05-16,3805.38
2145,Customer_2145,customer2145@mail.com,Pune,MH,63,Female,Gold,2025-03-05,2394.6
2146,Customer_2146,customer2146@mail.com,Bengaluru,KA,,Male,Silver,2025-05-06,1149.32
2147,Customer_2147,customer2147@mail.com,Mumbai,MH,,Female,Gold,2026-02-19,8486.42
2148,Customer_2148,customer2148@mail.com,Hyderabad,TS,,Female,Platinum,2026-04-25,5426.74
2149,Customer_2149,customer2149@mail.com,Delhi,DL,,Female,Platinum,2025-04-28,9139.83
2150,Customer_2150,customer2150@mail.com,Bengaluru,KA,,Female,Gold,2026-05-03,6098.38
2151,Customer_2151,customer2151@mail.com,Pune,MH,,Male,Silver,2025-01-10,7456.96
2152,Customer_2152,customer2152@mail.com,Hyderabad,TS,31,Female,Platinum,2025-03-15,5812.99
2153,Customer_2153,customer2153@mail.com,Mumbai,MH,20,Male,Gold,2025-07-15,6266.72
2154,Customer_2154,customer2154@mail.com,Delhi,DL,41,Female,Gold,2026-04-11,6120.53
2155,Customer_2155,customer2155@mail.com,Chennai,TN,,Female,Platinum,2026-01-14,4396.75
2156,Customer_2156,customer2156@mail.com,Pune,MH,19,Female,Platinum,2025-03-27,5985.92
2157,Customer_2157,customer2157@mail.com,Delhi,DL,,Female,Silver,2026-01-25,4803.74
2158,Customer_2158,customer2158@mail.com,Hyderabad,TS,,Male,Gold,2025-01-09,4093.95
2159,Customer_2159,customer2159@mail.com,Delhi,DL,,Female,Silver,2025-03-29,4941.8
2160,Customer_2160,customer2160@mail.com,Pune,MH,,Female,Platinum,2025-06-03,627.46
2161,Customer_2161,customer2161@mail.com,Chennai,TN,19,Female,Gold,2025-03-10,4883.15
2162,Customer_2162,customer2162@mail.com,Bengaluru,KA,50,Male,Silver,2025-05-30,1323.21
2163,Customer_2163,customer2163@mail.com,Hyderabad,TS,47,Female,Silver,2026-02-27,1258.21
2164,Customer_2164,customer2164@mail.com,Chennai,TN,,Female,Silver,2026-02-18,4092.82
2165,Customer_2165,customer2165@mail.com,Mumbai,MH,51,Male,Gold,2025-11-27,1652.73
2166,Customer_2166,customer2166@mail.com,Bengaluru,KA,,Female,Gold,2025-07-19,6586.59
2167,Customer_2167,customer2167@mail.com,Delhi,DL,62,Male,Platinum,2025-10-07,3215.16
2168,Customer_2168,customer2168@mail.com,Hyderabad,TS,54,Female,Gold,2026-04-05,7634.4
2169,Customer_2169,customer2169@mail.com,Bengaluru,KA,56,Male,Silver,2026-01-01,219.52
2170,Customer_2170,customer2170@mail.com,Delhi,DL,,Male,Platinum,2025-02-09,3432.74
2171,Customer_2171,customer2171@mail.com,Bengaluru,KA,,Male,Platinum,2025-07-15,6122.48
2172,Customer_2172,customer2172@mail.com,Pune,MH,27,Male,Gold,2025-05-24,347.77
2173,Customer_2173,customer2173@mail.com,Hyderabad,TS,30,Male,Silver,2025-05-09,9409.23
2174,Customer_2174,customer2174@mail.com,Pune,MH,,Male,Gold,2025-12-22,886.24
2175,Customer_2175,customer2175@mail.com,Hyderabad,TS,62,Male,Silver,2025-11-19,1718.33
2176,Customer_2176,customer2176@mail.com,Delhi,DL,,Male,Gold,2025-03-01,7637.04
2177,Customer_2177,customer2177@mail.com,Delhi,DL,25,Female,Platinum,2025-06-20,3356.0
2178,Customer_2178,customer2178@mail.com,Pune,MH,,Female,Gold,2025-06-03,5225.8
2179,Customer_2179,customer2179@mail.com,Hyderabad,TS,,Female,Silver,2026-01-22,5855.87
2180,Customer_2180,customer2180@mail.com,Bengaluru,KA,61,Female,Silver,2025-04-19,4538.48
2181,Customer_2181,customer2181@mail.com,Pune,MH,50,Female,Silver,2025-06-30,129.65
2182,Customer_2182,customer2182@mail.com,Hyderabad,TS,50,Female,Platinum,2025-07-25,9563.46
2183,Customer_2183,customer2183@mail.com,Hyderabad,TS,64,Male,Platinum,2025-12-05,3377.52
2184,Customer_2184,customer2184@mail.com,Pune,MH,,Female,Gold,2025-09-22,1833.82
2185,Customer_2185,customer2185@mail.com,Mumbai,MH,,Female,Gold,2025-11-09,4847.91
2186,Customer_2186,customer2186@mail.com,Mumbai,MH,44,Female,Gold,2025-10-13,2737.98
2187,Customer_2187,customer2187@mail.com,Pune,MH,20,Female,Silver,2025-09-27,8754.4
2188,Customer_2188,customer2188@mail.com,Hyderabad,TS,55,Female,Silver,2025-01-23,9573.64
2189,Customer_2189,customer2189@mail.com,Chennai,TN,,Male,Gold,2026-04-26,3013.14
2190,Customer_2190,customer2190@mail.com,Bengaluru,KA,58,Male,Gold,2026-02-09,5534.2
2191,Customer_2191,customer2191@mail.com,Delhi,DL,,Male,Gold,2025-09-26,5431.16
2192,Customer_2192,customer2192@mail.com,Mumbai,MH,,Male,Silver,2025-05-21,6634.21
2193,Customer_2193,customer2193@mail.com,Mumbai,MH,,Female,Platinum,2025-03-29,4061.62
2194,Customer_2194,customer2194@mail.com,Pune,MH,,Female,Gold,2026-01-14,5542.33
2195,Customer_2195,customer2195@mail.com,Bengaluru,KA,23,Female,Silver,2026-05-07,4939.99
2196,Customer_2196,customer2196@mail.com,Hyderabad,TS,,Male,Platinum,2025-10-23,9629.89
2197,Customer_2197,customer2197@mail.com,Chennai,TN,37,Male,Silver,2025-10-10,8407.89
2198,Customer_2198,customer2198@mail.com,Hyderabad,TS,,Female,Silver,2025-11-06,1846.9
2199,Customer_2199,customer2199@mail.com,Chennai,TN,36,Female,Platinum,2025-04-01,7917.52
2200,Customer_2200,,Pune,MH,,Male,Silver,2025-09-13,7878.38
2201,Customer_2201,customer2201@mail.com,Pune,MH,18,Female,Gold,2025-10-08,8484.81
2202,Customer_2202,customer2202@mail.com,Hyderabad,TS,,Female,Gold,2025-08-01,7250.25
2203,Customer_2203,customer2203@mail.com,Mumbai,MH,,Male,Silver,2025-04-26,4422.98
2204,Customer_2204,customer2204@mail.com,Pune,MH,,Female,Silver,2025-10-09,9800.18
2205,Customer_2205,customer2205@mail.com,Mumbai,MH,,Male,Gold,2025-03-07,8951.02
2206,Customer_2206,customer2206@mail.com,Mumbai,MH,35,Female,Gold,2025-10-24,551.75
2207,Customer_2207,customer2207@mail.com,Pune,MH,59,Female,Silver,2025-05-17,6707.72
2208,Customer_2208,customer2208@mail.com,Chennai,TN,,Female,Gold,2025-07-16,8409.24
2209,Customer_2209,customer2209@mail.com,Delhi,DL,,Male,Gold,2025-02-23,8627.13
2210,Customer_2210,customer2210@mail.com,Bengaluru,KA,28,Female,Silver,2025-01-23,2437.1
2211,Customer_2211,customer2211@mail.com,Bengaluru,KA,55,Male,Gold,2025-02-17,1456.33
2212,Customer_2212,customer2212@mail.com,Chennai,TN,,Female,Platinum,2025-12-08,1543.65
2213,Customer_2213,customer2213@mail.com,Pune,MH,,Female,Platinum,2025-08-06,6131.67
2214,Customer_2214,customer2214@mail.com,Mumbai,MH,28,Female,Gold,2025-02-08,2833.43
2215,Customer_2215,customer2215@mail.com,Mumbai,MH,,Female,Platinum,2025-09-12,139.7
2216,Customer_2216,customer2216@mail.com,Delhi,DL,,Male,Gold,2025-03-11,4317.76
2217,Customer_2217,customer2217@mail.com,Chennai,TN,59,Female,Silver,2025-05-04,3649.65
2218,Customer_2218,customer2218@mail.com,Mumbai,MH,51,Male,Platinum,2025-05-16,7511.58
2219,Customer_2219,customer2219@mail.com,Delhi,DL,35,Female,Silver,2025-07-20,2606.86
2220,Customer_2220,customer2220@mail.com,Mumbai,MH,,Male,Platinum,2026-04-07,3459.05
2221,Customer_2221,customer2221@mail.com,Delhi,DL,18,Female,Silver,2025-10-02,4274.0
2222,Customer_2222,customer2222@mail.com,Delhi,DL,,Male,Silver,2025-07-03,6191.26
2223,Customer_2223,customer2223@mail.com,Chennai,TN,,Male,Gold,2025-01-25,9280.33
2224,Customer_2224,customer2224@mail.com,Mumbai,MH,,Female,Platinum,2026-02-06,5147.18
2225,Customer_2225,customer2225@mail.com,Mumbai,MH,35,Male,Silver,2025-01-08,5214.72
2226,Customer_2226,customer2226@mail.com,Hyderabad,TS,19,Male,Platinum,2026-02-24,7141.02
2227,Customer_2227,customer2227@mail.com,Mumbai,MH,,Female,Gold,2026-03-17,7387.87
2228,Customer_2228,customer2228@mail.com,Chennai,TN,,Female,Platinum,2025-07-31,9968.03
2229,Customer_2229,customer2229@mail.com,Pune,MH,,Male,Platinum,2025-11-26,1599.25
2230,Customer_2230,customer2230@mail.com,Delhi,DL,18,Female,Silver,2025-12-02,7346.68
2231,Customer_2231,customer2231@mail.com,Mumbai,MH,33,Male,Platinum,2025-12-24,8201.87
2232,Customer_2232,customer2232@mail.com,Mumbai,MH,52,Male,Silver,2026-03-05,4408.74
2233,Customer_2233,customer2233@mail.com,Delhi,DL,31,Male,Gold,2025-09-05,4277.0
2234,Customer_2234,customer2234@mail.com,Delhi,DL,42,Male,Platinum,2025-03-18,1945.42
2235,Customer_2235,customer2235@mail.com,Hyderabad,TS,24,Male,Platinum,2025-06-20,770.85
2236,Customer_2236,customer2236@mail.com,Mumbai,MH,53,Male,Platinum,2026-05-05,8675.97
2237,Customer_2237,customer2237@mail.com,Mumbai,MH,,Female,Gold,2025-04-23,6938.55
2238,Customer_2238,customer2238@mail.com,Delhi,DL,,Female,Silver,2025-02-27,8261.67
2239,Customer_2239,customer2239@mail.com,Mumbai,MH,40,Male,Gold,2025-06-03,3621.72
2240,Customer_2240,customer2240@mail.com,Pune,MH,,Female,Platinum,2025-03-17,9214.32
2241,Customer_2241,customer2241@mail.com,Delhi,DL,,Male,Silver,2025-10-19,6857.22
2242,Customer_2242,customer2242@mail.com,Delhi,DL,,Male,Silver,2025-09-11,1785.06
2243,Customer_2243,customer2243@mail.com,Pune,MH,34,Female,Platinum,2025-01-11,2037.53
2244,Customer_2244,customer2244@mail.com,Hyderabad,TS,,Male,Platinum,2025-04-04,9613.16
2245,Customer_2245,customer2245@mail.com,Hyderabad,TS,57,Female,Gold,2025-09-13,923.32
2246,Customer_2246,customer2246@mail.com,Chennai,TN,63,Female,Gold,2026-01-13,6800.7
2247,Customer_2247,customer2247@mail.com,Delhi,DL,,Female,Gold,2025-12-01,699.6
2248,Customer_2248,customer2248@mail.com,Pune,MH,,Female,Silver,2026-04-09,5485.08
2249,Customer_2249,customer2249@mail.com,Hyderabad,TS,32,Male,Platinum,2026-01-18,6141.29
2250,Customer_2250,customer2250@mail.com,Chennai,TN,32,Male,Silver,2026-02-14,7082.01
2251,Customer_2251,customer2251@mail.com,Delhi,DL,50,Female,Platinum,2025-03-31,3088.22
2252,Customer_2252,customer2252@mail.com,Bengaluru,KA,,Male,Silver,2025-03-28,4296.34
2253,Customer_2253,customer2253@mail.com,Pune,MH,,Male,Silver,2025-08-29,8700.54
2254,Customer_2254,customer2254@mail.com,Bengaluru,KA,,Female,Silver,2026-02-23,511.18
2255,Customer_2255,customer2255@mail.com,Mumbai,MH,44,Female,Gold,2026-05-03,3527.96
2256,Customer_2256,customer2256@mail.com,Delhi,DL,22,Female,Gold,2025-12-29,5366.11
2257,Customer_2257,customer2257@mail.com,Bengaluru,KA,32,Male,Platinum,2025-05-08,3416.98
2258,Customer_2258,customer2258@mail.com,Hyderabad,TS,64,Female,Silver,2025-08-01,8508.77
2259,Customer_2259,customer2259@mail.com,Delhi,DL,,Male,Platinum,2025-12-23,5738.63
2260,Customer_2260,customer2260@mail.com,Chennai,TN,32,Female,Platinum,2026-04-18,8905.31
2261,Customer_2261,customer2261@mail.com,Mumbai,MH,,Female,Gold,2025-11-14,7095.83
2262,Customer_2262,customer2262@mail.com,Delhi,DL,53,Male,Gold,2025-04-19,667.41
2263,Customer_2263,customer2263@mail.com,Chennai,TN,39,Male,Silver,2025-02-15,9804.53
2264,Customer_2264,customer2264@mail.com,Hyderabad,TS,19,Female,Silver,2025-08-10,8552.77
2265,Customer_2265,customer2265@mail.com,Pune,MH,43,Male,Platinum,2025-06-21,2833.69
2266,Customer_2266,customer2266@mail.com,Delhi,DL,46,Male,Silver,2026-01-09,9271.35
2267,Customer_2267,customer2267@mail.com,Mumbai,MH,47,Female,Silver,2025-01-27,5605.83
2268,Customer_2268,customer2268@mail.com,Pune,MH,,Female,Gold,2025-02-08,1682.13
2269,Customer_2269,customer2269@mail.com,Bengaluru,KA,36,Female,Silver,2025-03-15,598.75
2270,Customer_2270,customer2270@mail.com,Chennai,TN,,Male,Platinum,2026-03-13,2213.44
2271,Customer_2271,customer2271@mail.com,Chennai,TN,,Male,Silver,2025-05-08,1315.91
2272,Customer_2272,customer2272@mail.com,Chennai,TN,58,Female,Silver,2026-04-02,348.84
2273,Customer_2273,customer2273@mail.com,Hyderabad,TS,56,Male,Platinum,2025-01-16,1712.87
2274,Customer_2274,customer2274@mail.com,Hyderabad,TS,,Female,Silver,2025-09-02,2099.47
2275,Customer_2275,customer2275@mail.com,Pune,MH,,Male,Platinum,2026-01-04,9015.88
2276,Customer_2276,customer2276@mail.com,Bengaluru,KA,,Female,Gold,2026-01-05,4857.31
2277,Customer_2277,customer2277@mail.com,Delhi,DL,52,Male,Platinum,2025-04-13,7651.8
2278,Customer_2278,customer2278@mail.com,Delhi,DL,,Female,Silver,2026-03-26,6009.98
2279,Customer_2279,customer2279@mail.com,Delhi,DL,,Male,Gold,2025-09-17,5225.48
2280,Customer_2280,customer2280@mail.com,Chennai,TN,53,Male,Silver,2026-04-04,7460.31
2281,Customer_2281,customer2281@mail.com,Bengaluru,KA,,Male,Gold,2025-08-16,6843.12
2282,Customer_2282,customer2282@mail.com,Hyderabad,TS,,Female,Gold,2025-05-12,7342.72
2283,Customer_2283,customer2283@mail.com,Delhi,DL,18,Female,Silver,2026-05-06,2813.5
2284,Customer_2284,customer2284@mail.com,Delhi,DL,27,Male,Silver,2025-01-03,6545.19
2285,Customer_2285,customer2285@mail.com,Bengaluru,KA,42,Male,Silver,2025-08-16,2815.64
2286,Customer_2286,customer2286@mail.com,Pune,MH,,Male,Silver,2025-06-20,3525.17
2287,Customer_2287,customer2287@mail.com,Delhi,DL,,Male,Gold,2026-02-05,5825.48
2288,Customer_2288,customer2288@mail.com,Pune,MH,,Male,Silver,2025-07-20,7386.06
2289,Customer_2289,customer2289@mail.com,Delhi,DL,,Male,Platinum,2025-11-12,9494.7
2290,Customer_2290,customer2290@mail.com,Pune,MH,55,Male,Silver,2025-04-16,4472.59
2291,Customer_2291,customer2291@mail.com,Delhi,DL,54,Male,Gold,2025-08-11,5868.27
2292,Customer_2292,customer2292@mail.com,Pune,MH,42,Male,Silver,2025-03-06,4557.66
2293,Customer_2293,customer2293@mail.com,Bengaluru,KA,,Male,Gold,2025-10-13,1890.88
2294,Customer_2294,customer2294@mail.com,Pune,MH,,Female,Platinum,2025-11-13,628.48
2295,Customer_2295,customer2295@mail.com,Hyderabad,TS,19,Male,Platinum,2026-01-10,5317.71
2296,Customer_2296,customer2296@mail.com,Pune,MH,49,Male,Silver,2025-11-07,7853.64
2297,Customer_2297,customer2297@mail.com,Delhi,DL,,Female,Silver,2025-08-22,950.15
2298,Customer_2298,customer2298@mail.com,Bengaluru,KA,62,Female,Platinum,2025-05-21,4122.61
2299,Customer_2299,customer2299@mail.com,Chennai,TN,,Male,Gold,2025-08-07,233.09
2300,Customer_2300,customer2300@mail.com,Delhi,DL,,Male,Gold,2025-10-18,4736.32
2301,Customer_2301,customer2301@mail.com,Chennai,TN,,Female,Platinum,2025-01-25,5807.67
2302,Customer_2302,customer2302@mail.com,Delhi,DL,47,Female,Platinum,2025-10-14,5670.92
2303,Customer_2303,,Bengaluru,KA,,Female,Silver,2025-01-13,1478.62
2304,Customer_2304,customer2304@mail.com,Chennai,TN,,Male,Gold,2025-12-23,624.24
2305,Customer_2305,customer2305@mail.com,Chennai,TN,,Female,Silver,2025-08-13,3304.93
2306,Customer_2306,customer2306@mail.com,Bengaluru,KA,58,Female,Platinum,2025-04-04,657.18
2307,Customer_2307,customer2307@mail.com,Mumbai,MH,64,Male,Gold,2026-02-27,8753.75
2308,Customer_2308,customer2308@mail.com,Hyderabad,TS,,Male,Platinum,2025-08-07,1860.97
2309,Customer_2309,customer2309@mail.com,Hyderabad,TS,,Female,Gold,2025-09-18,9135.76
2310,Customer_2310,customer2310@mail.com,Bengaluru,KA,20,Male,Silver,2025-04-30,8901.97
2311,Customer_2311,customer2311@mail.com,Mumbai,MH,56,Male,Silver,2025-01-02,6243.81
2312,Customer_2312,customer2312@mail.com,Chennai,TN,54,Female,Silver,2025-06-01,878.5
2313,Customer_2313,customer2313@mail.com,Hyderabad,TS,37,Female,Silver,2025-08-20,8781.97
2314,Customer_2314,customer2314@mail.com,Bengaluru,KA,,Female,Gold,2025-11-01,6225.99
2315,Customer_2315,customer2315@mail.com,Bengaluru,KA,,Male,Platinum,2025-08-15,1362.54
2316,Customer_2316,customer2316@mail.com,Mumbai,MH,,Female,Silver,2025-04-03,8072.34
2317,Customer_2317,customer2317@mail.com,Bengaluru,KA,21,Male,Platinum,2026-05-02,585.43
2318,Customer_2318,customer2318@mail.com,Chennai,TN,57,Female,Silver,2026-01-28,1941.89
2319,Customer_2319,customer2319@mail.com,Hyderabad,TS,,Female,Silver,2025-06-05,7449.72
2320,Customer_2320,customer2320@mail.com,Delhi,DL,,Male,Gold,2025-05-24,3873.68
2321,Customer_2321,customer2321@mail.com,Delhi,DL,,Female,Gold,2025-03-30,8921.73
2322,Customer_2322,customer2322@mail.com,Delhi,DL,50,Female,Platinum,2026-01-07,1243.99
2323,Customer_2323,customer2323@mail.com,Hyderabad,TS,,Male,Platinum,2025-02-14,941.29
2324,Customer_2324,customer2324@mail.com,Chennai,TN,,Male,Silver,2025-01-08,1707.27
2325,Customer_2325,customer2325@mail.com,Delhi,DL,,Female,Platinum,2025-09-10,3917.55
2326,Customer_2326,customer2326@mail.com,Delhi,DL,,Female,Gold,2025-03-21,7575.18
2327,Customer_2327,customer2327@mail.com,Delhi,DL,20,Male,Silver,2026-03-09,741.78
2328,Customer_2328,customer2328@mail.com,Chennai,TN,,Female,Gold,2025-12-03,8227.01
2329,Customer_2329,customer2329@mail.com,Delhi,DL,,Female,Silver,2025-06-28,4951.42
2330,Customer_2330,customer2330@mail.com,Chennai,TN,42,Female,Silver,2025-07-31,4883.5
2331,Customer_2331,customer2331@mail.com,Chennai,TN,,Male,Platinum,2025-02-24,437.99
2332,Customer_2332,customer2332@mail.com,Mumbai,MH,,Female,Gold,2025-01-20,2034.49
2333,Customer_2333,customer2333@mail.com,Mumbai,MH,55,Male,Silver,2026-02-27,8919.16
2334,Customer_2334,customer2334@mail.com,Delhi,DL,64,Female,Silver,2025-08-13,3439.81
2335,Customer_2335,customer2335@mail.com,Hyderabad,TS,49,Female,Silver,2025-11-28,9189.1
2336,Customer_2336,customer2336@mail.com,Bengaluru,KA,37,Female,Platinum,2026-01-31,7685.59
2337,Customer_2337,customer2337@mail.com,Delhi,DL,,Female,Silver,2025-09-08,7329.33
2338,Customer_2338,customer2338@mail.com,Bengaluru,KA,21,Male,Gold,2025-12-02,9224.37
2339,Customer_2339,customer2339@mail.com,Chennai,TN,26,Female,Silver,2025-12-06,9596.02
2340,Customer_2340,customer2340@mail.com,Chennai,TN,65,Male,Silver,2026-04-25,1236.62
2341,Customer_2341,customer2341@mail.com,Delhi,DL,,Female,Gold,2025-04-24,6773.48
2342,Customer_2342,customer2342@mail.com,Pune,MH,59,Male,Silver,2025-03-14,4942.32
2343,Customer_2343,customer2343@mail.com,Chennai,TN,,Male,Gold,2025-04-30,1168.56
2344,Customer_2344,customer2344@mail.com,Delhi,DL,54,Male,Silver,2025-06-05,7006.54
2345,Customer_2345,customer2345@mail.com,Chennai,TN,,Female,Platinum,2025-12-08,7067.74
2346,Customer_2346,customer2346@mail.com,Delhi,DL,44,Male,Gold,2026-03-31,4659.41
2347,Customer_2347,customer2347@mail.com,Mumbai,MH,25,Male,Silver,2025-04-05,8178.12
2348,Customer_2348,customer2348@mail.com,Bengaluru,KA,27,Male,Platinum,2026-02-26,7873.43
2349,Customer_2349,customer2349@mail.com,Delhi,DL,,Female,Gold,2025-05-20,8288.25
2350,Customer_2350,customer2350@mail.com,Chennai,TN,,Male,Silver,2026-03-31,6007.51
2351,Customer_2351,customer2351@mail.com,Hyderabad,TS,,Female,Gold,2025-04-13,5726.41
2352,Customer_2352,customer2352@mail.com,Bengaluru,KA,,Female,Gold,2025-09-19,3055.21
2353,Customer_2353,customer2353@mail.com,Chennai,TN,43,Female,Silver,2025-05-28,1956.35
2354,Customer_2354,customer2354@mail.com,Bengaluru,KA,29,Male,Gold,2025-04-20,446.6
2355,Customer_2355,customer2355@mail.com,Bengaluru,KA,,Male,Silver,2025-01-02,6640.08
2356,Customer_2356,customer2356@mail.com,Delhi,DL,,Male,Gold,2026-04-14,824.01
2357,Customer_2357,customer2357@mail.com,Chennai,TN,,Female,Gold,2025-03-10,6418.12
2358,Customer_2358,customer2358@mail.com,Mumbai,MH,30,Female,Platinum,2025-02-11,9533.59
2359,Customer_2359,customer2359@mail.com,Hyderabad,TS,,Female,Silver,2025-10-24,3974.31
2360,Customer_2360,customer2360@mail.com,Delhi,DL,44,Female,Platinum,2025-01-19,4512.1
2361,Customer_2361,customer2361@mail.com,Chennai,TN,41,Female,Platinum,2025-10-17,5901.23
2362,Customer_2362,customer2362@mail.com,Pune,MH,,Male,Platinum,2025-10-15,5304.47
2363,Customer_2363,customer2363@mail.com,Delhi,DL,36,Female,Platinum,2025-06-03,5797.12
2364,Customer_2364,customer2364@mail.com,Delhi,DL,36,Male,Silver,2026-03-30,4651.2
2365,Customer_2365,customer2365@mail.com,Chennai,TN,,Female,Silver,2026-03-17,7002.07
2366,Customer_2366,customer2366@mail.com,Hyderabad,TS,,Male,Platinum,2026-01-25,5309.94
2367,Customer_2367,customer2367@mail.com,Bengaluru,KA,45,Female,Gold,2025-03-22,7897.99
2368,Customer_2368,customer2368@mail.com,Chennai,TN,26,Male,Gold,2025-03-23,5149.86
2369,Customer_2369,customer2369@mail.com,Chennai,TN,,Male,Platinum,2025-11-01,3818.53
2370,Customer_2370,customer2370@mail.com,Hyderabad,TS,33,Female,Gold,2025-06-10,2895.51
2371,Customer_2371,customer2371@mail.com,Hyderabad,TS,,Male,Platinum,2025-07-13,1882.74
2372,Customer_2372,customer2372@mail.com,Chennai,TN,,Male,Gold,2026-03-17,2164.62
2373,Customer_2373,customer2373@mail.com,Mumbai,MH,35,Female,Gold,2025-06-19,9011.67
2374,Customer_2374,customer2374@mail.com,Delhi,DL,,Male,Gold,2025-10-09,8245.28
2375,Customer_2375,customer2375@mail.com,Delhi,DL,20,Female,Platinum,2026-04-06,989.41
2376,Customer_2376,customer2376@mail.com,Mumbai,MH,18,Female,Platinum,2025-01-20,8324.18
2377,Customer_2377,customer2377@mail.com,Hyderabad,TS,,Female,Silver,2025-07-11,2879.58
2378,Customer_2378,customer2378@mail.com,Delhi,DL,,Female,Platinum,2025-09-27,7820.42
2379,Customer_2379,customer2379@mail.com,Delhi,DL,,Male,Gold,2025-11-15,311.21
2380,Customer_2380,customer2380@mail.com,Delhi,DL,18,Female,Platinum,2025-01-29,8525.27
2381,Customer_2381,customer2381@mail.com,Delhi,DL,,Male,Gold,2025-09-04,5105.71
2382,Customer_2382,,Delhi,DL,,Female,Platinum,2025-08-15,1541.69
2383,Customer_2383,customer2383@mail.com,Bengaluru,KA,,Male,Gold,2025-03-28,2325.24
2384,Customer_2384,,Pune,MH,,Female,Platinum,2025-03-01,7508.51
2385,Customer_2385,customer2385@mail.com,Pune,MH,,Female,Silver,2026-05-06,7999.98
2386,Customer_2386,customer2386@mail.com,Delhi,DL,,Male,Gold,2025-08-05,366.12
2387,Customer_2387,customer2387@mail.com,Pune,MH,40,Female,Silver,2025-12-02,8660.28
2388,Customer_2388,customer2388@mail.com,Pune,MH,,Female,Silver,2025-12-28,2144.31
2389,Customer_2389,customer2389@mail.com,Pune,MH,,Male,Gold,2025-07-28,2386.52
2390,Customer_2390,customer2390@mail.com,Chennai,TN,,Female,Silver,2025-05-20,644.89
2391,Customer_2391,customer2391@mail.com,Chennai,TN,,Male,Silver,2025-06-06,3477.99
2392,Customer_2392,customer2392@mail.com,Pune,MH,,Female,Gold,2025-08-27,5138.63
2393,Customer_2393,customer2393@mail.com,Mumbai,MH,,Male,Platinum,2025-01-27,8804.73
2394,Customer_2394,customer2394@mail.com,Pune,MH,45,Male,Silver,2025-11-07,8900.14
2395,Customer_2395,customer2395@mail.com,Delhi,DL,,Male,Gold,2026-01-10,5184.83
2396,Customer_2396,customer2396@mail.com,Hyderabad,TS,,Female,Gold,2025-08-24,1320.93
2397,Customer_2397,customer2397@mail.com,Hyderabad,TS,,Male,Platinum,2026-03-24,5898.79
2398,Customer_2398,customer2398@mail.com,Hyderabad,TS,,Male,Gold,2026-03-12,3272.68
2399,Customer_2399,customer2399@mail.com,Chennai,TN,,Male,Silver,2025-04-15,7397.22
2400,Customer_2400,customer2400@mail.com,Mumbai,MH,,Male,Gold,2026-04-29,9280.63
2401,Customer_2401,customer2401@mail.com,Chennai,TN,37,Male,Gold,2026-03-28,1233.73
2402,Customer_2402,customer2402@mail.com,Hyderabad,TS,,Male,Gold,2025-06-01,7858.12
2403,Customer_2403,customer2403@mail.com,Delhi,DL,43,Male,Silver,2026-01-01,7046.61
2404,Customer_2404,customer2404@mail.com,Delhi,DL,,Male,Gold,2025-10-19,7682.43
2405,Customer_2405,customer2405@mail.com,Pune,MH,23,Female,Silver,2025-03-01,5616.68
2406,Customer_2406,customer2406@mail.com,Bengaluru,KA,47,Female,Gold,2025-03-02,1424.49
2407,Customer_2407,customer2407@mail.com,Bengaluru,KA,,Male,Silver,2025-05-11,9406.71
2408,Customer_2408,customer2408@mail.com,Pune,MH,46,Male,Silver,2025-03-28,8565.57
2409,Customer_2409,customer2409@mail.com,Delhi,DL,27,Female,Platinum,2025-07-10,2697.6
2410,Customer_2410,customer2410@mail.com,Mumbai,MH,,Male,Gold,2025-09-04,1235.52
2411,Customer_2411,customer2411@mail.com,Delhi,DL,,Female,Gold,2025-02-21,8821.4
2412,Customer_2412,customer2412@mail.com,Pune,MH,,Female,Gold,2026-01-25,3869.9
2413,Customer_2413,customer2413@mail.com,Hyderabad,TS,,Male,Silver,2026-04-14,4073.45
2414,Customer_2414,customer2414@mail.com,Chennai,TN,61,Female,Gold,2025-03-28,6831.09
2415,Customer_2415,customer2415@mail.com,Hyderabad,TS,,Male,Gold,2026-01-14,3800.46
2416,Customer_2416,customer2416@mail.com,Hyderabad,TS,59,Male,Gold,2025-07-23,3995.26
2417,Customer_2417,customer2417@mail.com,Hyderabad,TS,64,Male,Platinum,2026-02-24,8252.86
2418,Customer_2418,customer2418@mail.com,Bengaluru,KA,59,Male,Platinum,2026-02-13,3121.09
2419,Customer_2419,customer2419@mail.com,Chennai,TN,33,Male,Platinum,2025-06-13,2684.58
2420,Customer_2420,customer2420@mail.com,Mumbai,MH,52,Female,Silver,2025-08-11,5157.3
2421,Customer_2421,customer2421@mail.com,Mumbai,MH,55,Female,Gold,2026-04-07,8444.58
2422,Customer_2422,customer2422@mail.com,Pune,MH,37,Male,Silver,2025-11-26,7344.27
2423,Customer_2423,customer2423@mail.com,Bengaluru,KA,30,Male,Silver,2025-04-15,1174.0
2424,Customer_2424,customer2424@mail.com,Hyderabad,TS,,Female,Gold,2025-08-28,8499.22
2425,Customer_2425,customer2425@mail.com,Bengaluru,KA,44,Female,Silver,2026-03-29,5604.08
2426,Customer_2426,customer2426@mail.com,Mumbai,MH,64,Male,Silver,2025-01-18,7921.16
2427,Customer_2427,customer2427@mail.com,Delhi,DL,49,Male,Silver,2025-12-30,4357.85
2428,Customer_2428,customer2428@mail.com,Hyderabad,TS,19,Female,Platinum,2025-07-30,3422.71
2429,Customer_2429,customer2429@mail.com,Chennai,TN,50,Female,Gold,2025-02-28,4521.82
2430,Customer_2430,customer2430@mail.com,Pune,MH,,Female,Gold,2025-02-04,1971.46
2431,Customer_2431,customer2431@mail.com,Pune,MH,28,Female,Gold,2026-05-01,6388.85
2432,Customer_2432,customer2432@mail.com,Hyderabad,TS,32,Female,Platinum,2025-04-26,1966.26
2433,Customer_2433,customer2433@mail.com,Mumbai,MH,18,Female,Platinum,2025-08-08,3171.2
2434,Customer_2434,customer2434@mail.com,Hyderabad,TS,,Male,Gold,2025-09-02,6047.84
2435,Customer_2435,customer2435@mail.com,Pune,MH,,Male,Silver,2025-04-30,8926.73
2436,Customer_2436,customer2436@mail.com,Chennai,TN,64,Female,Gold,2026-04-30,7919.99
2437,Customer_2437,customer2437@mail.com,Pune,MH,50,Male,Gold,2025-08-04,3641.82
2438,Customer_2438,customer2438@mail.com,Pune,MH,,Male,Gold,2025-02-09,3263.86
2439,Customer_2439,customer2439@mail.com,Bengaluru,KA,,Male,Silver,2026-04-17,8781.47
2440,Customer_2440,customer2440@mail.com,Pune,MH,,Female,Silver,2025-12-18,2562.86
2441,Customer_2441,customer2441@mail.com,Delhi,DL,,Female,Gold,2026-05-16,9788.28
2442,Customer_2442,customer2442@mail.com,Pune,MH,,Male,Silver,2025-12-12,4241.63
2443,Customer_2443,customer2443@mail.com,Hyderabad,TS,61,Female,Platinum,2025-02-20,9644.18
2444,Customer_2444,customer2444@mail.com,Chennai,TN,24,Female,Silver,2025-12-29,6302.09
2445,Customer_2445,customer2445@mail.com,Chennai,TN,,Male,Silver,2025-07-30,8649.0
2446,Customer_2446,customer2446@mail.com,Bengaluru,KA,29,Female,Silver,2025-11-13,3636.18
2447,Customer_2447,customer2447@mail.com,Hyderabad,TS,,Male,Gold,2025-03-01,7747.18
2448,Customer_2448,customer2448@mail.com,Pune,MH,39,Female,Silver,2025-02-25,7717.57
2449,Customer_2449,customer2449@mail.com,Pune,MH,,Female,Silver,2026-03-18,7077.0
2450,Customer_2450,customer2450@mail.com,Hyderabad,TS,,Male,Gold,2026-04-14,5679.41
2451,Customer_2451,customer2451@mail.com,Mumbai,MH,56,Female,Gold,2025-07-15,2100.63
2452,Customer_2452,customer2452@mail.com,Bengaluru,KA,27,Male,Silver,2026-03-22,1467.09
2453,Customer_2453,customer2453@mail.com,Pune,MH,59,Male,Silver,2025-12-28,2696.09
2454,Customer_2454,customer2454@mail.com,Pune,MH,,Male,Platinum,2025-02-21,1329.13
2455,Customer_2455,customer2455@mail.com,Mumbai,MH,21,Male,Silver,2026-01-03,9009.61
2456,Customer_2456,customer2456@mail.com,Chennai,TN,42,Male,Platinum,2025-03-07,5116.74
2457,Customer_2457,customer2457@mail.com,Pune,MH,,Male,Silver,2025-06-09,5498.53
2458,Customer_2458,customer2458@mail.com,Pune,MH,,Male,Silver,2026-05-06,8805.61
2459,Customer_2459,customer2459@mail.com,Mumbai,MH,,Female,Silver,2025-03-22,555.15
2460,Customer_2460,customer2460@mail.com,Pune,MH,,Female,Silver,2025-03-30,6156.04
2461,Customer_2461,customer2461@mail.com,Mumbai,MH,53,Female,Silver,2026-05-09,7764.86
2462,Customer_2462,customer2462@mail.com,Delhi,DL,53,Male,Platinum,2025-01-27,8131.69
2463,Customer_2463,customer2463@mail.com,Bengaluru,KA,,Female,Gold,2026-05-14,1695.44
2464,Customer_2464,customer2464@mail.com,Chennai,TN,21,Male,Platinum,2025-12-01,799.15
2465,Customer_2465,customer2465@mail.com,Pune,MH,52,Female,Silver,2025-01-17,5805.25
2466,Customer_2466,customer2466@mail.com,Hyderabad,TS,19,Male,Silver,2025-11-24,5126.91
2467,Customer_2467,customer2467@mail.com,Mumbai,MH,,Male,Silver,2025-03-23,1073.27
2468,Customer_2468,customer2468@mail.com,Mumbai,MH,40,Female,Silver,2025-07-03,1956.29
2469,Customer_2469,customer2469@mail.com,Chennai,TN,,Male,Silver,2025-07-24,4489.75
2470,Customer_2470,customer2470@mail.com,Delhi,DL,31,Female,Platinum,2026-05-16,7888.72
2471,Customer_2471,customer2471@mail.com,Mumbai,MH,46,Female,Silver,2026-01-22,4522.47
2472,Customer_2472,customer2472@mail.com,Mumbai,MH,,Female,Platinum,2025-05-13,5651.31
2473,Customer_2473,customer2473@mail.com,Bengaluru,KA,58,Female,Silver,2025-06-06,6600.99
2474,Customer_2474,customer2474@mail.com,Hyderabad,TS,,Male,Gold,2025-12-26,7885.49
2475,Customer_2475,customer2475@mail.com,Pune,MH,,Female,Gold,2025-05-22,4341.43
2476,Customer_2476,customer2476@mail.com,Hyderabad,TS,,Female,Silver,2026-05-03,5672.43
2477,Customer_2477,customer2477@mail.com,Bengaluru,KA,,Male,Silver,2025-10-02,2166.72
2478,Customer_2478,customer2478@mail.com,Hyderabad,TS,64,Female,Silver,2026-02-18,3250.41
2479,Customer_2479,customer2479@mail.com,Chennai,TN,43,Female,Silver,2025-11-14,6833.21
2480,Customer_2480,customer2480@mail.com,Delhi,DL,,Female,Silver,2025-02-23,7857.66
2481,Customer_2481,customer2481@mail.com,Pune,MH,64,Female,Silver,2025-12-30,5833.94
2482,Customer_2482,customer2482@mail.com,Chennai,TN,,Female,Gold,2025-10-16,4390.02
2483,Customer_2483,customer2483@mail.com,Hyderabad,TS,,Female,Silver,2026-01-04,2714.69
2484,Customer_2484,customer2484@mail.com,Chennai,TN,37,Male,Gold,2025-11-16,254.1
2485,Customer_2485,customer2485@mail.com,Bengaluru,KA,,Male,Platinum,2025-09-13,7583.58
2486,Customer_2486,customer2486@mail.com,Chennai,TN,45,Female,Silver,2025-07-22,5259.71
2487,Customer_2487,customer2487@mail.com,Chennai,TN,30,Female,Gold,2025-08-04,5437.72
2488,Customer_2488,customer2488@mail.com,Delhi,DL,28,Female,Platinum,2026-03-14,742.39
2489,Customer_2489,customer2489@mail.com,Pune,MH,60,Female,Silver,2025-11-09,9130.86
2490,Customer_2490,customer2490@mail.com,Delhi,DL,,Female,Silver,2025-08-16,7282.09
2491,Customer_2491,customer2491@mail.com,Mumbai,MH,28,Female,Gold,2026-01-30,6920.73
2492,Customer_2492,customer2492@mail.com,Mumbai,MH,,Male,Silver,2026-01-22,7314.05
2493,Customer_2493,customer2493@mail.com,Bengaluru,KA,,Male,Silver,2026-04-22,6108.05
2494,Customer_2494,customer2494@mail.com,Delhi,DL,,Female,Platinum,2025-03-05,1833.75
2495,Customer_2495,customer2495@mail.com,Mumbai,MH,,Female,Platinum,2025-06-30,7244.72
2496,Customer_2496,customer2496@mail.com,Bengaluru,KA,24,Female,Gold,2025-01-06,6713.53
2497,Customer_2497,customer2497@mail.com,Delhi,DL,,Male,Platinum,2025-10-22,8675.87
2498,Customer_2498,customer2498@mail.com,Pune,MH,28,Male,Platinum,2025-09-15,3506.89
2499,Customer_2499,customer2499@mail.com,Mumbai,MH,,Male,Platinum,2025-07-30,4123.39
2500,Customer_2500,customer2500@mail.com,Hyderabad,TS,62,Male,Silver,2026-04-29,9293.11
2501,Customer_2501,customer2501@mail.com,Hyderabad,TS,36,Male,Platinum,2025-11-07,2066.58
2502,Customer_2502,customer2502@mail.com,Hyderabad,TS,,Male,Gold,2026-05-14,419.5
2503,Customer_2503,customer2503@mail.com,Pune,MH,,Female,Platinum,2025-09-07,4088.87
2504,Customer_2504,,Mumbai,MH,,Male,Silver,2025-01-05,4347.33
2505,Customer_2505,customer2505@mail.com,Chennai,TN,55,Female,Gold,2025-08-17,8478.35
2506,Customer_2506,customer2506@mail.com,Pune,MH,45,Female,Gold,2025-05-12,5452.11
2507,Customer_2507,customer2507@mail.com,Mumbai,MH,59,Male,Platinum,2026-01-07,2830.29
2508,Customer_2508,customer2508@mail.com,Pune,MH,42,Male,Silver,2025-10-23,464.95
2509,Customer_2509,customer2509@mail.com,Mumbai,MH,,Male,Silver,2025-10-26,5724.89
2510,Customer_2510,customer2510@mail.com,Pune,MH,,Male,Gold,2025-10-25,8358.19
2511,Customer_2511,customer2511@mail.com,Hyderabad,TS,,Female,Silver,2026-01-29,7027.85
2512,Customer_2512,customer2512@mail.com,Chennai,TN,27,Female,Silver,2026-04-21,6719.41
2513,Customer_2513,customer2513@mail.com,Delhi,DL,19,Male,Silver,2025-03-29,8849.99
2514,Customer_2514,customer2514@mail.com,Delhi,DL,49,Female,Platinum,2025-12-28,6219.09
2515,Customer_2515,customer2515@mail.com,Pune,MH,,Female,Platinum,2025-09-04,4225.44
2516,Customer_2516,customer2516@mail.com,Hyderabad,TS,,Female,Platinum,2026-01-12,2144.41
2517,Customer_2517,customer2517@mail.com,Chennai,TN,18,Male,Gold,2026-01-17,4101.78
2518,Customer_2518,customer2518@mail.com,Mumbai,MH,21,Male,Silver,2025-12-04,2094.42
2519,Customer_2519,customer2519@mail.com,Mumbai,MH,,Female,Platinum,2025-10-11,4725.46
2520,Customer_2520,customer2520@mail.com,Mumbai,MH,54,Female,Silver,2025-06-07,9109.12
2521,Customer_2521,,Hyderabad,TS,,Male,Gold,2026-01-07,4605.14
2522,Customer_2522,customer2522@mail.com,Bengaluru,KA,,Female,Gold,2025-06-15,4796.71
2523,Customer_2523,customer2523@mail.com,Bengaluru,KA,24,Male,Gold,2025-10-26,7454.72
2524,Customer_2524,customer2524@mail.com,Chennai,TN,37,Female,Platinum,2025-09-19,7118.84
2525,Customer_2525,customer2525@mail.com,Bengaluru,KA,,Female,Silver,2025-12-23,8151.16
2526,Customer_2526,customer2526@mail.com,Hyderabad,TS,,Female,Gold,2026-04-18,5564.8
2527,Customer_2527,customer2527@mail.com,Delhi,DL,54,Female,Silver,2026-02-25,3177.17
2528,Customer_2528,customer2528@mail.com,Mumbai,MH,63,Male,Silver,2025-02-20,1850.98
2529,Customer_2529,customer2529@mail.com,Mumbai,MH,,Male,Silver,2025-04-10,494.67
2530,Customer_2530,customer2530@mail.com,Delhi,DL,,Female,Platinum,2025-05-20,4521.75
2531,Customer_2531,customer2531@mail.com,Delhi,DL,,Male,Silver,2025-11-29,5504.39
2532,Customer_2532,customer2532@mail.com,Chennai,TN,,Male,Platinum,2025-04-03,6667.34
2533,Customer_2533,customer2533@mail.com,Delhi,DL,,Male,Gold,2026-02-17,9645.05
2534,Customer_2534,customer2534@mail.com,Hyderabad,TS,30,Female,Silver,2025-09-24,6754.67
2535,Customer_2535,customer2535@mail.com,Pune,MH,57,Female,Platinum,2025-05-30,5431.72
2536,Customer_2536,customer2536@mail.com,Mumbai,MH,,Female,Gold,2025-01-27,8837.19
2537,Customer_2537,customer2537@mail.com,Bengaluru,KA,,Female,Gold,2025-11-18,684.1
2538,Customer_2538,customer2538@mail.com,Delhi,DL,,Male,Gold,2025-07-21,4456.15
2539,Customer_2539,customer2539@mail.com,Chennai,TN,44,Male,Platinum,2025-12-23,430.87
2540,Customer_2540,customer2540@mail.com,Bengaluru,KA,27,Female,Gold,2025-01-18,585.91
2541,Customer_2541,customer2541@mail.com,Chennai,TN,54,Male,Gold,2026-02-28,8195.58
2542,Customer_2542,customer2542@mail.com,Pune,MH,23,Male,Gold,2025-03-14,6590.29
2543,Customer_2543,customer2543@mail.com,Chennai,TN,31,Male,Platinum,2026-04-10,8098.66
2544,Customer_2544,customer2544@mail.com,Delhi,DL,58,Male,Gold,2025-02-02,4846.22
2545,Customer_2545,customer2545@mail.com,Delhi,DL,,Female,Silver,2025-06-15,9508.5
2546,Customer_2546,customer2546@mail.com,Chennai,TN,,Female,Silver,2026-03-07,6779.82
2547,Customer_2547,customer2547@mail.com,Hyderabad,TS,,Female,Gold,2026-04-24,4527.37
2548,Customer_2548,customer2548@mail.com,Delhi,DL,50,Male,Gold,2025-02-03,8519.21
2549,Customer_2549,customer2549@mail.com,Hyderabad,TS,,Female,Platinum,2026-02-06,4661.92
2550,Customer_2550,customer2550@mail.com,Mumbai,MH,57,Male,Silver,2025-04-19,6814.81
2551,Customer_2551,customer2551@mail.com,Pune,MH,38,Female,Platinum,2026-03-06,7217.22
2552,Customer_2552,customer2552@mail.com,Delhi,DL,49,Male,Gold,2025-08-30,3841.18
2553,Customer_2553,customer2553@mail.com,Chennai,TN,,Male,Silver,2026-02-20,2343.79
2554,Customer_2554,customer2554@mail.com,Chennai,TN,,Male,Silver,2025-04-23,8675.96
2555,Customer_2555,customer2555@mail.com,Delhi,DL,30,Female,Gold,2025-10-24,1129.87
2556,Customer_2556,customer2556@mail.com,Mumbai,MH,60,Female,Gold,2025-03-30,6967.54
2557,Customer_2557,customer2557@mail.com,Pune,MH,,Female,Gold,2025-07-14,1909.8
2558,Customer_2558,customer2558@mail.com,Bengaluru,KA,,Female,Gold,2026-04-20,7776.51
2559,Customer_2559,customer2559@mail.com,Chennai,TN,,Male,Silver,2026-02-12,7969.36
2560,Customer_2560,customer2560@mail.com,Delhi,DL,,Female,Silver,2025-04-05,2075.86
2561,Customer_2561,customer2561@mail.com,Delhi,DL,28,Male,Platinum,2025-12-28,7143.56
2562,Customer_2562,customer2562@mail.com,Chennai,TN,51,Male,Silver,2026-05-09,9929.88
2563,Customer_2563,customer2563@mail.com,Pune,MH,64,Female,Platinum,2026-04-09,108.43
2564,Customer_2564,customer2564@mail.com,Pune,MH,45,Male,Platinum,2025-06-11,5548.24
2565,Customer_2565,customer2565@mail.com,Bengaluru,KA,38,Male,Gold,2025-05-21,6289.42
2566,Customer_2566,customer2566@mail.com,Delhi,DL,38,Male,Platinum,2026-01-30,4870.11
2567,Customer_2567,customer2567@mail.com,Mumbai,MH,32,Female,Silver,2025-06-27,4893.97
2568,Customer_2568,customer2568@mail.com,Delhi,DL,60,Male,Platinum,2025-05-18,1691.86
2569,Customer_2569,customer2569@mail.com,Chennai,TN,,Male,Silver,2025-04-13,2004.8
2570,Customer_2570,customer2570@mail.com,Hyderabad,TS,,Male,Platinum,2025-01-26,9893.2
2571,Customer_2571,customer2571@mail.com,Hyderabad,TS,21,Female,Gold,2026-04-06,8413.02
2572,Customer_2572,customer2572@mail.com,Bengaluru,KA,,Female,Silver,2025-09-08,4316.0
2573,Customer_2573,customer2573@mail.com,Delhi,DL,,Male,Gold,2025-01-16,794.8
2574,Customer_2574,customer2574@mail.com,Mumbai,MH,55,Female,Platinum,2025-06-27,989.39
2575,Customer_2575,customer2575@mail.com,Mumbai,MH,34,Male,Platinum,2025-08-23,6656.5
2576,Customer_2576,customer2576@mail.com,Mumbai,MH,,Male,Gold,2025-08-14,9121.84
2577,Customer_2577,customer2577@mail.com,Delhi,DL,26,Female,Platinum,2025-12-15,1877.05
2578,Customer_2578,customer2578@mail.com,Mumbai,MH,,Male,Silver,2025-11-22,6265.83
2579,Customer_2579,customer2579@mail.com,Pune,MH,42,Female,Silver,2026-01-27,1991.12
2580,Customer_2580,customer2580@mail.com,Mumbai,MH,,Female,Gold,2026-01-03,3389.69
2581,Customer_2581,customer2581@mail.com,Delhi,DL,,Male,Gold,2025-06-27,4305.76
2582,Customer_2582,customer2582@mail.com,Mumbai,MH,,Male,Silver,2026-03-17,158.92
2583,Customer_2583,customer2583@mail.com,Pune,MH,63,Male,Gold,2026-01-24,4224.47
2584,Customer_2584,customer2584@mail.com,Delhi,DL,45,Female,Platinum,2026-01-14,7796.42
2585,Customer_2585,,Hyderabad,TS,30,Female,Silver,2025-05-27,5784.82
2586,Customer_2586,customer2586@mail.com,Bengaluru,KA,,Female,Gold,2025-06-06,4669.32
2587,Customer_2587,customer2587@mail.com,Bengaluru,KA,49,Male,Gold,2025-01-28,7775.52
2588,Customer_2588,customer2588@mail.com,Delhi,DL,59,Female,Silver,2025-10-27,4674.41
2589,Customer_2589,customer2589@mail.com,Chennai,TN,45,Female,Silver,2026-03-21,2893.99
2590,Customer_2590,customer2590@mail.com,Chennai,TN,30,Female,Gold,2025-07-20,6950.18
2591,Customer_2591,customer2591@mail.com,Hyderabad,TS,,Male,Platinum,2025-03-06,1114.18
2592,Customer_2592,customer2592@mail.com,Delhi,DL,,Female,Platinum,2025-12-23,4650.6
2593,Customer_2593,customer2593@mail.com,Delhi,DL,,Female,Silver,2025-06-20,4216.84
2594,Customer_2594,customer2594@mail.com,Hyderabad,TS,,Female,Platinum,2025-04-23,1143.08
2595,Customer_2595,customer2595@mail.com,Mumbai,MH,53,Male,Gold,2025-02-27,3080.88
2596,Customer_2596,customer2596@mail.com,Bengaluru,KA,28,Female,Platinum,2025-11-10,136.44
2597,Customer_2597,customer2597@mail.com,Mumbai,MH,37,Male,Silver,2025-09-27,6450.66
2598,Customer_2598,customer2598@mail.com,Hyderabad,TS,,Male,Platinum,2026-03-11,4525.67
2599,Customer_2599,customer2599@mail.com,Hyderabad,TS,25,Female,Silver,2025-11-28,5446.79
2600,Customer_2600,customer2600@mail.com,Mumbai,MH,28,Male,Gold,2025-11-03,3450.81
2601,Customer_2601,customer2601@mail.com,Mumbai,MH,20,Female,Silver,2025-01-13,4729.26
2602,Customer_2602,customer2602@mail.com,Mumbai,MH,,Male,Gold,2026-02-23,9751.29
2603,Customer_2603,customer2603@mail.com,Bengaluru,KA,31,Male,Gold,2025-04-24,8379.74
2604,Customer_2604,customer2604@mail.com,Hyderabad,TS,54,Female,Platinum,2025-02-05,9288.03
2605,Customer_2605,customer2605@mail.com,Delhi,DL,53,Male,Gold,2025-06-03,986.6
2606,Customer_2606,customer2606@mail.com,Bengaluru,KA,,Male,Gold,2026-04-11,8790.36
2607,Customer_2607,customer2607@mail.com,Bengaluru,KA,55,Male,Silver,2026-01-18,9466.07
2608,Customer_2608,customer2608@mail.com,Chennai,TN,19,Male,Platinum,2025-12-20,5953.73
2609,Customer_2609,customer2609@mail.com,Chennai,TN,26,Female,Silver,2025-02-11,8239.25
2610,Customer_2610,customer2610@mail.com,Bengaluru,KA,26,Female,Platinum,2025-01-17,678.18
2611,Customer_2611,customer2611@mail.com,Chennai,TN,65,Male,Platinum,2025-08-20,7620.42
2612,Customer_2612,customer2612@mail.com,Delhi,DL,30,Female,Silver,2025-03-27,8606.25
2613,Customer_2613,customer2613@mail.com,Hyderabad,TS,27,Female,Gold,2026-01-07,3784.2
2614,Customer_2614,customer2614@mail.com,Pune,MH,22,Female,Platinum,2026-03-17,700.16
2615,Customer_2615,customer2615@mail.com,Bengaluru,KA,,Male,Silver,2025-10-24,8534.1
2616,Customer_2616,customer2616@mail.com,Bengaluru,KA,,Female,Gold,2025-11-19,457.66
2617,Customer_2617,customer2617@mail.com,Bengaluru,KA,,Male,Silver,2025-12-23,9213.22
2618,Customer_2618,customer2618@mail.com,Pune,MH,,Male,Gold,2025-02-02,5113.12
2619,Customer_2619,customer2619@mail.com,Delhi,DL,,Male,Platinum,2026-03-09,3854.25
2620,Customer_2620,customer2620@mail.com,Bengaluru,KA,,Female,Platinum,2025-03-20,6152.86
2621,Customer_2621,customer2621@mail.com,Chennai,TN,,Male,Gold,2025-04-21,4182.51
2622,Customer_2622,customer2622@mail.com,Pune,MH,60,Male,Platinum,2025-11-26,6670.32
2623,Customer_2623,customer2623@mail.com,Bengaluru,KA,,Male,Silver,2025-06-20,2763.91
2624,Customer_2624,customer2624@mail.com,Bengaluru,KA,45,Male,Platinum,2025-07-15,467.61
2625,Customer_2625,customer2625@mail.com,Mumbai,MH,,Male,Gold,2025-09-08,6869.81
2626,Customer_2626,customer2626@mail.com,Chennai,TN,,Female,Platinum,2025-11-29,4339.89
2627,Customer_2627,customer2627@mail.com,Hyderabad,TS,21,Female,Silver,2025-01-06,661.71
2628,Customer_2628,customer2628@mail.com,Pune,MH,23,Female,Platinum,2025-09-08,3038.48
2629,Customer_2629,customer2629@mail.com,Delhi,DL,51,Female,Platinum,2026-01-26,2167.06
2630,Customer_2630,customer2630@mail.com,Pune,MH,38,Female,Gold,2025-02-10,9065.78
2631,Customer_2631,customer2631@mail.com,Pune,MH,59,Female,Platinum,2026-05-11,3971.82
2632,Customer_2632,customer2632@mail.com,Chennai,TN,,Male,Silver,2025-11-20,1253.45
2633,Customer_2633,customer2633@mail.com,Pune,MH,,Male,Gold,2025-12-14,9946.36
2634,Customer_2634,customer2634@mail.com,Pune,MH,50,Male,Silver,2026-04-17,8942.3
2635,Customer_2635,customer2635@mail.com,Mumbai,MH,21,Female,Gold,2025-08-02,3508.21
2636,Customer_2636,customer2636@mail.com,Delhi,DL,59,Male,Gold,2025-02-19,5053.38
2637,Customer_2637,customer2637@mail.com,Pune,MH,56,Male,Gold,2025-02-14,3999.98
2638,Customer_2638,customer2638@mail.com,Pune,MH,,Male,Platinum,2025-05-29,4661.04
2639,Customer_2639,customer2639@mail.com,Hyderabad,TS,,Male,Gold,2026-03-02,1080.62
2640,Customer_2640,customer2640@mail.com,Hyderabad,TS,,Male,Platinum,2025-03-17,7100.13
2641,Customer_2641,customer2641@mail.com,Hyderabad,TS,,Female,Platinum,2025-03-24,2736.92
2642,Customer_2642,customer2642@mail.com,Bengaluru,KA,30,Female,Gold,2025-02-05,4153.09
2643,Customer_2643,customer2643@mail.com,Mumbai,MH,38,Female,Platinum,2026-02-27,3646.89
2644,Customer_2644,customer2644@mail.com,Hyderabad,TS,27,Female,Platinum,2026-02-13,9572.97
2645,Customer_2645,customer2645@mail.com,Mumbai,MH,48,Female,Platinum,2025-04-03,4515.18
2646,Customer_2646,customer2646@mail.com,Delhi,DL,52,Female,Gold,2025-07-30,8811.13
2647,Customer_2647,customer2647@mail.com,Hyderabad,TS,,Female,Gold,2026-03-26,8868.27
2648,Customer_2648,customer2648@mail.com,Hyderabad,TS,,Male,Silver,2025-11-07,1725.88
2649,Customer_2649,customer2649@mail.com,Chennai,TN,,Male,Gold,2025-03-02,4919.76
2650,Customer_2650,customer2650@mail.com,Bengaluru,KA,59,Male,Silver,2025-06-07,576.4
2651,Customer_2651,customer2651@mail.com,Chennai,TN,36,Female,Silver,2025-08-19,9200.73
2652,Customer_2652,customer2652@mail.com,Pune,MH,,Female,Silver,2025-11-16,7180.38
2653,Customer_2653,customer2653@mail.com,Delhi,DL,28,Female,Platinum,2025-06-21,7365.59
2654,Customer_2654,customer2654@mail.com,Mumbai,MH,30,Male,Gold,2025-07-26,169.19
2655,Customer_2655,customer2655@mail.com,Mumbai,MH,50,Male,Platinum,2025-04-20,2975.02
2656,Customer_2656,customer2656@mail.com,Delhi,DL,,Female,Silver,2026-03-30,4061.58
2657,Customer_2657,customer2657@mail.com,Mumbai,MH,,Female,Gold,2026-01-16,4807.63
2658,Customer_2658,customer2658@mail.com,Pune,MH,,Male,Gold,2026-01-17,3771.99
2659,Customer_2659,customer2659@mail.com,Delhi,DL,56,Female,Gold,2025-05-07,8527.51
2660,Customer_2660,customer2660@mail.com,Pune,MH,57,Female,Platinum,2025-04-01,278.22
2661,Customer_2661,customer2661@mail.com,Bengaluru,KA,57,Male,Silver,2025-05-07,6537.85
2662,Customer_2662,customer2662@mail.com,Bengaluru,KA,,Male,Platinum,2025-10-12,5937.28
2663,Customer_2663,customer2663@mail.com,Mumbai,MH,65,Female,Silver,2026-03-13,3394.14
2664,Customer_2664,customer2664@mail.com,Bengaluru,KA,,Male,Platinum,2025-11-20,2747.87
2665,Customer_2665,customer2665@mail.com,Hyderabad,TS,38,Male,Silver,2026-04-04,7508.24
2666,Customer_2666,customer2666@mail.com,Mumbai,MH,24,Female,Platinum,2026-03-24,7388.1
2667,Customer_2667,customer2667@mail.com,Mumbai,MH,,Female,Silver,2025-02-16,7583.11
2668,Customer_2668,customer2668@mail.com,Hyderabad,TS,,Female,Silver,2025-04-15,6947.52
2669,Customer_2669,customer2669@mail.com,Hyderabad,TS,27,Male,Platinum,2025-02-21,6323.27
2670,Customer_2670,customer2670@mail.com,Bengaluru,KA,43,Female,Gold,2026-05-08,8025.43
2671,Customer_2671,customer2671@mail.com,Pune,MH,54,Female,Platinum,2026-02-27,5368.5
2672,Customer_2672,customer2672@mail.com,Mumbai,MH,41,Female,Gold,2026-04-22,922.05
2673,Customer_2673,customer2673@mail.com,Chennai,TN,,Male,Silver,2025-12-13,9038.4
2674,Customer_2674,customer2674@mail.com,Delhi,DL,,Male,Platinum,2025-11-15,9790.43
2675,Customer_2675,customer2675@mail.com,Bengaluru,KA,30,Female,Silver,2025-10-10,6349.8
2676,Customer_2676,customer2676@mail.com,Pune,MH,,Female,Platinum,2025-02-02,7010.76
2677,Customer_2677,customer2677@mail.com,Mumbai,MH,26,Male,Silver,2025-12-01,6926.09
2678,Customer_2678,customer2678@mail.com,Bengaluru,KA,,Male,Silver,2026-03-10,7579.92
2679,Customer_2679,customer2679@mail.com,Mumbai,MH,,Male,Platinum,2025-11-20,8036.72
2680,Customer_2680,customer2680@mail.com,Chennai,TN,,Male,Gold,2025-10-14,4015.99
2681,Customer_2681,customer2681@mail.com,Hyderabad,TS,,Male,Silver,2025-06-23,6573.3
2682,Customer_2682,customer2682@mail.com,Pune,MH,,Female,Gold,2025-04-20,8853.26
2683,Customer_2683,customer2683@mail.com,Bengaluru,KA,,Female,Platinum,2025-07-30,861.32
2684,Customer_2684,customer2684@mail.com,Hyderabad,TS,18,Male,Gold,2025-12-06,7591.61
2685,Customer_2685,customer2685@mail.com,Delhi,DL,22,Female,Silver,2025-08-10,4905.17
2686,Customer_2686,customer2686@mail.com,Pune,MH,,Male,Gold,2025-08-27,2140.76
2687,Customer_2687,customer2687@mail.com,Hyderabad,TS,54,Female,Platinum,2025-09-24,3656.58
2688,Customer_2688,customer2688@mail.com,Pune,MH,,Female,Gold,2026-01-12,7062.06
2689,Customer_2689,customer2689@mail.com,Chennai,TN,,Female,Platinum,2026-04-01,673.81
2690,Customer_2690,customer2690@mail.com,Bengaluru,KA,47,Female,Silver,2026-02-04,6709.69
2691,Customer_2691,customer2691@mail.com,Pune,MH,,Male,Silver,2026-03-20,5009.05
2692,Customer_2692,customer2692@mail.com,Bengaluru,KA,,Female,Gold,2025-12-24,9884.5
2693,Customer_2693,customer2693@mail.com,Delhi,DL,,Male,Platinum,2026-01-02,319.89
2694,Customer_2694,customer2694@mail.com,Hyderabad,TS,,Male,Gold,2025-02-28,6290.84
2695,Customer_2695,customer2695@mail.com,Delhi,DL,,Female,Gold,2025-06-25,5722.66
2696,Customer_2696,customer2696@mail.com,Bengaluru,KA,65,Male,Silver,2025-06-06,3658.38
2697,Customer_2697,customer2697@mail.com,Chennai,TN,,Male,Silver,2025-05-26,2557.49
2698,Customer_2698,customer2698@mail.com,Mumbai,MH,,Male,Gold,2025-04-02,6547.26
2699,Customer_2699,customer2699@mail.com,Chennai,TN,,Female,Gold,2026-01-02,9860.62
2700,Customer_2700,customer2700@mail.com,Delhi,DL,,Male,Silver,2025-02-23,8743.73
2701,Customer_2701,customer2701@mail.com,Mumbai,MH,30,Female,Gold,2026-05-08,3786.38
2702,Customer_2702,customer2702@mail.com,Hyderabad,TS,,Female,Platinum,2025-09-28,8354.86
2703,Customer_2703,customer2703@mail.com,Chennai,TN,,Male,Platinum,2025-12-01,2490.85
2704,Customer_2704,customer2704@mail.com,Delhi,DL,46,Female,Silver,2025-03-28,2081.69
2705,Customer_2705,customer2705@mail.com,Pune,MH,,Female,Platinum,2025-02-03,1233.38
2706,Customer_2706,customer2706@mail.com,Bengaluru,KA,,Male,Platinum,2026-01-15,5757.88
2707,Customer_2707,customer2707@mail.com,Hyderabad,TS,29,Female,Gold,2025-09-08,4574.18
2708,Customer_2708,,Chennai,TN,28,Female,Gold,2025-03-07,7763.06
2709,Customer_2709,customer2709@mail.com,Bengaluru,KA,,Male,Gold,2026-05-11,9693.65
2710,Customer_2710,customer2710@mail.com,Chennai,TN,,Female,Gold,2025-08-07,4061.91
2711,Customer_2711,customer2711@mail.com,Hyderabad,TS,,Male,Gold,2025-11-05,5763.41
2712,Customer_2712,customer2712@mail.com,Chennai,TN,42,Male,Silver,2025-06-17,6683.29
2713,Customer_2713,customer2713@mail.com,Chennai,TN,,Male,Gold,2025-07-10,1233.5
2714,Customer_2714,customer2714@mail.com,Bengaluru,KA,63,Female,Platinum,2026-04-09,8004.91
2715,Customer_2715,customer2715@mail.com,Pune,MH,,Male,Gold,2026-03-27,9258.18
2716,Customer_2716,customer2716@mail.com,Hyderabad,TS,,Female,Silver,2026-02-20,3446.68
2717,Customer_2717,customer2717@mail.com,Chennai,TN,,Male,Platinum,2025-03-19,4723.63
2718,Customer_2718,customer2718@mail.com,Chennai,TN,18,Female,Platinum,2025-09-23,8362.96
2719,Customer_2719,customer2719@mail.com,Hyderabad,TS,,Female,Platinum,2025-08-25,4993.29
2720,Customer_2720,customer2720@mail.com,Bengaluru,KA,,Male,Platinum,2025-02-18,8973.54
2721,Customer_2721,customer2721@mail.com,Delhi,DL,,Male,Gold,2025-01-17,5949.03
2722,Customer_2722,customer2722@mail.com,Pune,MH,,Male,Gold,2025-01-17,5305.44
2723,Customer_2723,customer2723@mail.com,Hyderabad,TS,52,Male,Silver,2025-10-20,4217.36
2724,Customer_2724,customer2724@mail.com,Pune,MH,26,Male,Platinum,2025-12-23,889.41
2725,Customer_2725,customer2725@mail.com,Chennai,TN,,Female,Silver,2025-03-19,5672.42
2726,Customer_2726,customer2726@mail.com,Chennai,TN,41,Male,Platinum,2025-09-25,7612.94
2727,Customer_2727,customer2727@mail.com,Delhi,DL,43,Male,Platinum,2025-11-15,4476.27
2728,Customer_2728,customer2728@mail.com,Mumbai,MH,34,Male,Silver,2026-04-25,582.54
2729,Customer_2729,customer2729@mail.com,Hyderabad,TS,21,Male,Silver,2025-11-17,5077.51
2730,Customer_2730,customer2730@mail.com,Mumbai,MH,,Female,Silver,2026-01-01,2241.09
2731,Customer_2731,customer2731@mail.com,Mumbai,MH,,Female,Platinum,2025-07-25,2602.43
2732,Customer_2732,customer2732@mail.com,Bengaluru,KA,,Male,Platinum,2025-01-13,994.4
2733,Customer_2733,customer2733@mail.com,Hyderabad,TS,,Male,Gold,2026-04-23,1973.33
2734,Customer_2734,customer2734@mail.com,Chennai,TN,,Female,Gold,2025-02-14,5694.69
2735,Customer_2735,customer2735@mail.com,Chennai,TN,,Female,Silver,2025-11-16,3236.88
2736,Customer_2736,customer2736@mail.com,Hyderabad,TS,27,Male,Silver,2026-03-08,6052.93
2737,Customer_2737,customer2737@mail.com,Hyderabad,TS,56,Male,Gold,2025-09-01,9299.07
2738,Customer_2738,customer2738@mail.com,Pune,MH,22,Female,Platinum,2025-03-04,2655.34
2739,Customer_2739,customer2739@mail.com,Mumbai,MH,,Male,Gold,2025-04-30,4737.08
2740,Customer_2740,customer2740@mail.com,Chennai,TN,,Male,Silver,2025-08-15,7000.64
2741,Customer_2741,customer2741@mail.com,Hyderabad,TS,54,Female,Platinum,2025-05-13,5351.11
2742,Customer_2742,customer2742@mail.com,Mumbai,MH,,Male,Silver,2025-02-07,8575.61
2743,Customer_2743,customer2743@mail.com,Delhi,DL,37,Male,Silver,2025-07-07,2022.55
2744,Customer_2744,customer2744@mail.com,Pune,MH,55,Male,Gold,2025-06-16,5977.02
2745,Customer_2745,customer2745@mail.com,Chennai,TN,,Male,Silver,2025-12-02,9616.05
2746,Customer_2746,customer2746@mail.com,Hyderabad,TS,49,Male,Silver,2026-05-08,4327.23
2747,Customer_2747,customer2747@mail.com,Mumbai,MH,,Male,Platinum,2026-02-09,4790.39
2748,Customer_2748,customer2748@mail.com,Chennai,TN,,Female,Silver,2026-03-16,9064.71
2749,Customer_2749,customer2749@mail.com,Chennai,TN,42,Female,Platinum,2025-11-18,1956.66
2750,Customer_2750,,Bengaluru,KA,19,Female,Platinum,2025-02-28,3006.35
2751,Customer_2751,customer2751@mail.com,Hyderabad,TS,,Male,Silver,2026-02-05,2412.99
2752,Customer_2752,customer2752@mail.com,Pune,MH,,Male,Platinum,2025-03-24,3723.09
2753,Customer_2753,customer2753@mail.com,Hyderabad,TS,,Male,Gold,2025-01-07,3096.11
2754,Customer_2754,customer2754@mail.com,Bengaluru,KA,,Male,Platinum,2026-05-05,9913.79
2755,Customer_2755,customer2755@mail.com,Pune,MH,,Male,Silver,2026-01-04,1261.97
2756,Customer_2756,customer2756@mail.com,Pune,MH,44,Male,Gold,2025-10-31,3437.73
2757,Customer_2757,customer2757@mail.com,Chennai,TN,,Male,Silver,2025-05-12,8178.19
2758,Customer_2758,customer2758@mail.com,Mumbai,MH,,Female,Platinum,2025-10-19,1690.32
2759,Customer_2759,customer2759@mail.com,Bengaluru,KA,51,Female,Gold,2026-01-24,8599.56
2760,Customer_2760,customer2760@mail.com,Hyderabad,TS,64,Female,Gold,2026-05-06,2183.05
2761,Customer_2761,customer2761@mail.com,Chennai,TN,,Male,Gold,2025-12-11,236.28
2762,Customer_2762,customer2762@mail.com,Bengaluru,KA,,Male,Platinum,2025-06-30,6140.26
2763,Customer_2763,customer2763@mail.com,Bengaluru,KA,56,Female,Silver,2025-08-25,6692.03
2764,Customer_2764,customer2764@mail.com,Chennai,TN,,Male,Platinum,2026-01-11,8630.92
2765,Customer_2765,customer2765@mail.com,Pune,MH,,Female,Silver,2025-12-26,2419.86
2766,Customer_2766,customer2766@mail.com,Delhi,DL,,Male,Silver,2026-01-24,4460.74
2767,Customer_2767,customer2767@mail.com,Hyderabad,TS,,Female,Platinum,2025-08-26,3986.25
2768,Customer_2768,customer2768@mail.com,Pune,MH,58,Female,Platinum,2025-08-10,4588.6
2769,Customer_2769,customer2769@mail.com,Bengaluru,KA,21,Female,Platinum,2025-10-10,2970.08
2770,Customer_2770,customer2770@mail.com,Bengaluru,KA,,Female,Silver,2026-01-21,3353.99
2771,Customer_2771,customer2771@mail.com,Hyderabad,TS,,Female,Platinum,2025-02-24,9532.51
2772,Customer_2772,customer2772@mail.com,Delhi,DL,48,Female,Platinum,2025-07-30,1528.43
2773,Customer_2773,customer2773@mail.com,Pune,MH,,Female,Silver,2026-03-18,2685.24
2774,Customer_2774,customer2774@mail.com,Chennai,TN,31,Male,Platinum,2026-01-29,5896.01
2775,Customer_2775,customer2775@mail.com,Delhi,DL,35,Female,Silver,2025-12-31,1870.84
2776,Customer_2776,customer2776@mail.com,Mumbai,MH,50,Female,Silver,2026-01-20,5363.09
2777,Customer_2777,customer2777@mail.com,Pune,MH,42,Male,Silver,2025-01-13,2887.01
2778,Customer_2778,customer2778@mail.com,Bengaluru,KA,,Male,Platinum,2025-05-08,1305.94
2779,Customer_2779,customer2779@mail.com,Mumbai,MH,55,Male,Platinum,2025-01-28,9694.92
2780,Customer_2780,customer2780@mail.com,Hyderabad,TS,26,Female,Platinum,2025-01-21,312.3
2781,Customer_2781,customer2781@mail.com,Mumbai,MH,,Male,Silver,2025-03-27,8604.87
2782,Customer_2782,customer2782@mail.com,Chennai,TN,49,Male,Silver,2025-01-03,5124.82
2783,Customer_2783,customer2783@mail.com,Mumbai,MH,30,Female,Silver,2026-04-29,6923.6
2784,Customer_2784,customer2784@mail.com,Chennai,TN,,Male,Gold,2026-01-15,4227.96
2785,Customer_2785,customer2785@mail.com,Delhi,DL,36,Male,Platinum,2026-03-31,5888.86
2786,Customer_2786,customer2786@mail.com,Mumbai,MH,65,Male,Silver,2025-02-19,8953.08
2787,Customer_2787,customer2787@mail.com,Chennai,TN,,Female,Platinum,2025-11-12,3731.46
2788,Customer_2788,customer2788@mail.com,Chennai,TN,,Male,Platinum,2026-03-12,5343.94
2789,Customer_2789,customer2789@mail.com,Bengaluru,KA,,Female,Gold,2025-10-10,2268.86
2790,Customer_2790,customer2790@mail.com,Delhi,DL,49,Female,Platinum,2025-10-10,1586.07
2791,Customer_2791,customer2791@mail.com,Bengaluru,KA,,Female,Gold,2026-05-04,6643.73
2792,Customer_2792,customer2792@mail.com,Delhi,DL,60,Male,Gold,2025-10-20,9619.22
2793,Customer_2793,customer2793@mail.com,Hyderabad,TS,46,Male,Gold,2026-02-06,871.44
2794,Customer_2794,customer2794@mail.com,Bengaluru,KA,,Male,Gold,2025-12-28,9965.93
2795,Customer_2795,customer2795@mail.com,Hyderabad,TS,,Male,Silver,2025-09-14,8500.45
2796,Customer_2796,customer2796@mail.com,Mumbai,MH,51,Female,Platinum,2025-01-12,1796.64
2797,Customer_2797,customer2797@mail.com,Mumbai,MH,,Male,Platinum,2025-04-02,4469.62
2798,Customer_2798,customer2798@mail.com,Delhi,DL,60,Male,Gold,2025-05-26,490.49
2799,Customer_2799,customer2799@mail.com,Mumbai,MH,,Male,Gold,2025-01-13,3135.99
2800,Customer_2800,customer2800@mail.com,Chennai,TN,47,Female,Platinum,2025-11-20,8092.66
2801,Customer_2801,customer2801@mail.com,Mumbai,MH,,Female,Gold,2025-09-15,5830.42
2802,Customer_2802,customer2802@mail.com,Pune,MH,,Male,Silver,2025-01-06,8069.13
2803,Customer_2803,customer2803@mail.com,Mumbai,MH,,Female,Silver,2025-08-12,9824.51
2804,Customer_2804,customer2804@mail.com,Chennai,TN,,Female,Silver,2026-01-26,2140.56
2805,Customer_2805,customer2805@mail.com,Delhi,DL,52,Female,Gold,2026-04-10,8975.94
2806,Customer_2806,customer2806@mail.com,Delhi,DL,20,Male,Silver,2025-10-26,1850.74
2807,Customer_2807,customer2807@mail.com,Delhi,DL,65,Female,Silver,2025-02-04,5416.36
2808,Customer_2808,customer2808@mail.com,Mumbai,MH,44,Female,Platinum,2026-02-13,2403.77
2809,Customer_2809,customer2809@mail.com,Delhi,DL,,Female,Silver,2025-11-03,7016.74
2810,Customer_2810,customer2810@mail.com,Chennai,TN,60,Female,Platinum,2026-04-27,9889.45
2811,Customer_2811,customer2811@mail.com,Bengaluru,KA,,Male,Gold,2026-01-29,5581.24
2812,Customer_2812,customer2812@mail.com,Mumbai,MH,34,Male,Platinum,2025-11-23,9041.61
2813,Customer_2813,customer2813@mail.com,Chennai,TN,,Male,Platinum,2025-10-25,6512.31
2814,Customer_2814,customer2814@mail.com,Pune,MH,47,Male,Gold,2025-01-10,3089.21
2815,Customer_2815,customer2815@mail.com,Chennai,TN,,Male,Platinum,2025-09-29,8190.74
2816,Customer_2816,customer2816@mail.com,Mumbai,MH,,Male,Platinum,2025-04-13,3250.52
2817,Customer_2817,customer2817@mail.com,Chennai,TN,,Male,Silver,2025-08-26,9768.74
2818,Customer_2818,customer2818@mail.com,Delhi,DL,,Female,Gold,2026-03-11,1872.13
2819,Customer_2819,customer2819@mail.com,Pune,MH,29,Male,Silver,2026-02-17,514.01
2820,Customer_2820,customer2820@mail.com,Bengaluru,KA,,Male,Silver,2025-03-16,9033.31
2821,Customer_2821,customer2821@mail.com,Hyderabad,TS,,Female,Silver,2025-07-29,4011.01
2822,Customer_2822,customer2822@mail.com,Pune,MH,,Male,Platinum,2025-07-24,3509.78
2823,Customer_2823,customer2823@mail.com,Mumbai,MH,56,Female,Silver,2025-07-10,8675.87
2824,Customer_2824,customer2824@mail.com,Chennai,TN,53,Male,Gold,2026-01-04,4437.14
2825,Customer_2825,customer2825@mail.com,Pune,MH,,Male,Gold,2025-04-15,1950.59
2826,Customer_2826,customer2826@mail.com,Hyderabad,TS,22,Female,Silver,2025-12-14,8573.47
2827,Customer_2827,customer2827@mail.com,Bengaluru,KA,,Female,Gold,2025-08-10,6307.89
2828,Customer_2828,customer2828@mail.com,Bengaluru,KA,53,Female,Platinum,2025-12-03,2165.52
2829,Customer_2829,customer2829@mail.com,Delhi,DL,,Female,Gold,2025-09-18,1955.11
2830,Customer_2830,customer2830@mail.com,Hyderabad,TS,32,Female,Gold,2026-03-23,9837.28
2831,Customer_2831,customer2831@mail.com,Bengaluru,KA,57,Female,Silver,2026-02-05,647.16
2832,Customer_2832,customer2832@mail.com,Bengaluru,KA,,Male,Silver,2025-07-09,6151.59
2833,Customer_2833,customer2833@mail.com,Hyderabad,TS,,Male,Silver,2025-12-25,7950.91
2834,Customer_2834,customer2834@mail.com,Hyderabad,TS,35,Female,Silver,2025-04-08,6275.67
2835,Customer_2835,customer2835@mail.com,Mumbai,MH,,Female,Platinum,2026-03-27,9638.91
2836,Customer_2836,customer2836@mail.com,Delhi,DL,40,Male,Platinum,2025-12-02,122.44
2837,Customer_2837,customer2837@mail.com,Delhi,DL,51,Male,Gold,2025-03-20,1401.7
2838,Customer_2838,customer2838@mail.com,Pune,MH,47,Female,Platinum,2025-05-06,5669.66
2839,Customer_2839,customer2839@mail.com,Chennai,TN,19,Female,Gold,2025-06-22,9358.77
2840,Customer_2840,customer2840@mail.com,Bengaluru,KA,48,Male,Platinum,2025-06-12,3410.73
2841,Customer_2841,customer2841@mail.com,Hyderabad,TS,32,Female,Silver,2025-08-03,6471.28
2842,Customer_2842,customer2842@mail.com,Hyderabad,TS,63,Female,Silver,2026-02-17,5518.92
2843,Customer_2843,customer2843@mail.com,Bengaluru,KA,45,Female,Platinum,2026-04-04,6516.16
2844,Customer_2844,customer2844@mail.com,Delhi,DL,,Male,Platinum,2026-04-29,1235.19
2845,Customer_2845,customer2845@mail.com,Hyderabad,TS,56,Male,Gold,2025-01-28,6292.21
2846,Customer_2846,customer2846@mail.com,Pune,MH,43,Male,Gold,2025-02-02,2247.84
2847,Customer_2847,customer2847@mail.com,Delhi,DL,,Male,Silver,2025-01-20,1436.64
2848,Customer_2848,customer2848@mail.com,Bengaluru,KA,58,Male,Gold,2025-02-05,6492.69
2849,Customer_2849,customer2849@mail.com,Chennai,TN,36,Male,Silver,2025-02-14,2104.61
2850,Customer_2850,customer2850@mail.com,Bengaluru,KA,,Female,Platinum,2025-05-02,5326.99
2851,Customer_2851,customer2851@mail.com,Pune,MH,,Male,Gold,2026-04-25,5192.93
2852,Customer_2852,customer2852@mail.com,Pune,MH,65,Male,Gold,2025-09-01,7721.45
2853,Customer_2853,customer2853@mail.com,Hyderabad,TS,23,Female,Platinum,2025-02-13,9424.1
2854,Customer_2854,customer2854@mail.com,Hyderabad,TS,,Male,Platinum,2025-01-16,5112.12
2855,Customer_2855,customer2855@mail.com,Bengaluru,KA,30,Female,Platinum,2025-06-11,3892.75
2856,Customer_2856,customer2856@mail.com,Pune,MH,,Female,Platinum,2025-06-16,2103.18
2857,Customer_2857,customer2857@mail.com,Mumbai,MH,33,Male,Platinum,2025-06-23,9864.19
2858,Customer_2858,customer2858@mail.com,Mumbai,MH,,Male,Gold,2025-10-03,2275.96
2859,Customer_2859,customer2859@mail.com,Mumbai,MH,58,Male,Silver,2026-01-31,2283.09
2860,Customer_2860,customer2860@mail.com,Pune,MH,53,Female,Platinum,2025-02-22,943.17
2861,Customer_2861,customer2861@mail.com,Hyderabad,TS,,Female,Platinum,2025-04-20,7050.21
2862,Customer_2862,customer2862@mail.com,Mumbai,MH,,Male,Gold,2026-01-27,4317.57
2863,Customer_2863,customer2863@mail.com,Bengaluru,KA,58,Male,Platinum,2025-09-20,7968.66
2864,Customer_2864,customer2864@mail.com,Hyderabad,TS,,Female,Gold,2025-05-25,2303.84
2865,Customer_2865,customer2865@mail.com,Bengaluru,KA,,Male,Platinum,2025-01-15,3473.41
2866,Customer_2866,customer2866@mail.com,Pune,MH,,Female,Gold,2025-12-03,2841.14
2867,Customer_2867,customer2867@mail.com,Mumbai,MH,20,Male,Gold,2025-01-28,6268.1
2868,Customer_2868,customer2868@mail.com,Mumbai,MH,25,Female,Platinum,2025-03-09,3410.49
2869,Customer_2869,customer2869@mail.com,Mumbai,MH,61,Male,Silver,2026-02-07,3338.43
2870,Customer_2870,customer2870@mail.com,Pune,MH,49,Male,Gold,2025-06-13,2869.28
2871,Customer_2871,customer2871@mail.com,Mumbai,MH,38,Male,Gold,2025-03-19,2068.89
2872,Customer_2872,customer2872@mail.com,Bengaluru,KA,,Female,Platinum,2025-10-05,3768.89
2873,Customer_2873,customer2873@mail.com,Mumbai,MH,,Male,Silver,2025-11-15,7871.12
2874,Customer_2874,customer2874@mail.com,Chennai,TN,,Female,Platinum,2025-09-13,8161.81
2875,Customer_2875,customer2875@mail.com,Hyderabad,TS,55,Female,Platinum,2026-04-06,8216.74
2876,Customer_2876,customer2876@mail.com,Pune,MH,,Male,Silver,2025-11-03,9504.69
2877,Customer_2877,customer2877@mail.com,Hyderabad,TS,39,Male,Platinum,2025-10-17,516.63
2878,Customer_2878,customer2878@mail.com,Pune,MH,49,Male,Platinum,2025-07-17,6288.94
2879,Customer_2879,customer2879@mail.com,Hyderabad,TS,,Female,Gold,2025-08-20,8278.5
2880,Customer_2880,customer2880@mail.com,Bengaluru,KA,44,Male,Platinum,2025-02-04,7449.02
2881,Customer_2881,customer2881@mail.com,Chennai,TN,32,Female,Silver,2025-04-03,6987.29
2882,Customer_2882,customer2882@mail.com,Hyderabad,TS,,Male,Gold,2025-08-23,3488.53
2883,Customer_2883,customer2883@mail.com,Pune,MH,,Female,Platinum,2025-06-07,9889.13
2884,Customer_2884,customer2884@mail.com,Delhi,DL,,Male,Silver,2025-04-30,527.67
2885,Customer_2885,customer2885@mail.com,Mumbai,MH,28,Female,Silver,2025-09-07,4303.86
2886,Customer_2886,customer2886@mail.com,Delhi,DL,44,Female,Gold,2026-03-30,6113.1
2887,Customer_2887,customer2887@mail.com,Chennai,TN,25,Female,Platinum,2025-11-11,6205.32
2888,Customer_2888,customer2888@mail.com,Bengaluru,KA,62,Male,Silver,2025-08-28,8314.18
2889,Customer_2889,customer2889@mail.com,Delhi,DL,56,Female,Gold,2025-02-05,4246.4
2890,Customer_2890,customer2890@mail.com,Hyderabad,TS,,Male,Platinum,2025-04-09,6408.18
2891,Customer_2891,customer2891@mail.com,Chennai,TN,42,Male,Silver,2025-03-11,5095.07
2892,Customer_2892,customer2892@mail.com,Chennai,TN,65,Female,Silver,2025-03-02,7518.91
2893,Customer_2893,customer2893@mail.com,Delhi,DL,19,Female,Platinum,2025-10-02,9973.45
2894,Customer_2894,customer2894@mail.com,Hyderabad,TS,60,Male,Platinum,2025-09-17,4542.64
2895,Customer_2895,customer2895@mail.com,Bengaluru,KA,37,Male,Silver,2025-07-21,445.17
2896,Customer_2896,customer2896@mail.com,Bengaluru,KA,,Male,Gold,2025-08-04,8116.99
2897,Customer_2897,customer2897@mail.com,Chennai,TN,29,Female,Platinum,2026-02-06,4795.56
2898,Customer_2898,customer2898@mail.com,Chennai,TN,63,Female,Platinum,2025-08-24,7032.38
2899,Customer_2899,,Hyderabad,TS,53,Female,Gold,2026-02-16,1201.9
2900,Customer_2900,customer2900@mail.com,Delhi,DL,47,Female,Silver,2026-01-05,5888.58
2901,Customer_2901,customer2901@mail.com,Chennai,TN,55,Female,Gold,2025-07-01,9306.13
2902,Customer_2902,customer2902@mail.com,Hyderabad,TS,36,Male,Silver,2026-01-01,8965.79
2903,Customer_2903,customer2903@mail.com,Hyderabad,TS,35,Male,Silver,2026-01-29,1816.78
2904,Customer_2904,customer2904@mail.com,Pune,MH,63,Male,Gold,2025-10-03,1736.72
2905,Customer_2905,customer2905@mail.com,Chennai,TN,26,Male,Gold,2025-11-17,6173.3
2906,Customer_2906,customer2906@mail.com,Mumbai,MH,,Female,Silver,2025-05-26,2964.34
2907,Customer_2907,customer2907@mail.com,Chennai,TN,,Male,Platinum,2026-04-03,5182.87
2908,Customer_2908,customer2908@mail.com,Hyderabad,TS,23,Male,Platinum,2026-05-02,6911.71
2909,Customer_2909,customer2909@mail.com,Mumbai,MH,41,Male,Silver,2025-02-03,590.18
2910,Customer_2910,customer2910@mail.com,Delhi,DL,35,Female,Gold,2025-04-30,9680.86
2911,Customer_2911,customer2911@mail.com,Chennai,TN,,Female,Platinum,2025-03-18,7867.99
2912,Customer_2912,customer2912@mail.com,Delhi,DL,,Male,Platinum,2025-07-31,8800.61
2913,Customer_2913,customer2913@mail.com,Bengaluru,KA,,Female,Silver,2025-09-20,3002.38
2914,Customer_2914,customer2914@mail.com,Hyderabad,TS,39,Female,Platinum,2026-02-25,7358.95
2915,Customer_2915,customer2915@mail.com,Hyderabad,TS,,Female,Gold,2025-02-13,6953.11
2916,Customer_2916,customer2916@mail.com,Hyderabad,TS,,Male,Silver,2025-02-10,9999.79
2917,Customer_2917,customer2917@mail.com,Delhi,DL,39,Male,Silver,2025-03-14,7205.8
2918,Customer_2918,customer2918@mail.com,Hyderabad,TS,,Female,Silver,2025-08-02,5257.34
2919,Customer_2919,customer2919@mail.com,Mumbai,MH,65,Female,Silver,2025-10-20,6739.75
2920,Customer_2920,customer2920@mail.com,Mumbai,MH,,Male,Platinum,2025-07-06,1560.6
2921,Customer_2921,customer2921@mail.com,Hyderabad,TS,25,Female,Platinum,2025-04-25,9980.77
2922,Customer_2922,customer2922@mail.com,Chennai,TN,,Male,Silver,2025-01-26,7028.97
2923,Customer_2923,customer2923@mail.com,Hyderabad,TS,41,Female,Platinum,2025-01-23,7212.32
2924,Customer_2924,customer2924@mail.com,Bengaluru,KA,,Female,Platinum,2025-11-06,2652.69
2925,Customer_2925,customer2925@mail.com,Chennai,TN,28,Female,Platinum,2025-12-06,1294.31
2926,Customer_2926,customer2926@mail.com,Delhi,DL,,Male,Platinum,2025-10-03,6162.56
2927,Customer_2927,customer2927@mail.com,Mumbai,MH,,Female,Gold,2026-03-31,5199.7
2928,Customer_2928,customer2928@mail.com,Hyderabad,TS,37,Male,Silver,2026-03-14,3032.47
2929,Customer_2929,customer2929@mail.com,Mumbai,MH,62,Male,Silver,2025-11-12,7525.81
2930,Customer_2930,customer2930@mail.com,Mumbai,MH,42,Male,Gold,2025-06-11,5710.53
2931,Customer_2931,customer2931@mail.com,Mumbai,MH,60,Female,Gold,2025-03-03,2102.28
2932,Customer_2932,customer2932@mail.com,Hyderabad,TS,,Male,Platinum,2025-04-22,6564.0
2933,Customer_2933,customer2933@mail.com,Delhi,DL,22,Female,Platinum,2025-02-24,933.37
2934,Customer_2934,customer2934@mail.com,Bengaluru,KA,34,Male,Platinum,2025-07-28,1357.86
2935,Customer_2935,customer2935@mail.com,Hyderabad,TS,42,Female,Platinum,2025-02-18,6397.99
2936,Customer_2936,customer2936@mail.com,Hyderabad,TS,45,Female,Platinum,2026-01-08,211.1
2937,Customer_2937,customer2937@mail.com,Delhi,DL,,Female,Gold,2025-12-02,2120.24
2938,Customer_2938,customer2938@mail.com,Hyderabad,TS,,Male,Gold,2026-02-08,8523.77
2939,Customer_2939,customer2939@mail.com,Mumbai,MH,,Male,Platinum,2026-04-15,9480.94
2940,Customer_2940,customer2940@mail.com,Bengaluru,KA,,Male,Silver,2026-01-02,9744.57
2941,Customer_2941,customer2941@mail.com,Bengaluru,KA,,Male,Silver,2026-01-18,4306.33
2942,Customer_2942,customer2942@mail.com,Pune,MH,21,Female,Silver,2026-02-06,6263.71
2943,Customer_2943,customer2943@mail.com,Mumbai,MH,50,Female,Silver,2026-04-07,6284.17
2944,Customer_2944,customer2944@mail.com,Mumbai,MH,23,Male,Gold,2025-09-13,3688.81
2945,Customer_2945,customer2945@mail.com,Hyderabad,TS,,Male,Platinum,2025-10-24,2096.85
2946,Customer_2946,customer2946@mail.com,Pune,MH,26,Female,Platinum,2026-02-21,4219.62
2947,Customer_2947,customer2947@mail.com,Mumbai,MH,31,Female,Silver,2025-04-14,550.9
2948,Customer_2948,customer2948@mail.com,Mumbai,MH,45,Female,Platinum,2025-06-28,7340.82
2949,Customer_2949,customer2949@mail.com,Hyderabad,TS,60,Male,Gold,2025-02-24,8286.77
2950,Customer_2950,customer2950@mail.com,Pune,MH,,Female,Platinum,2026-02-26,4848.73
2951,Customer_2951,customer2951@mail.com,Mumbai,MH,,Male,Silver,2025-07-23,6514.04
2952,Customer_2952,customer2952@mail.com,Hyderabad,TS,59,Female,Silver,2025-02-13,4891.44
2953,Customer_2953,customer2953@mail.com,Hyderabad,TS,44,Female,Platinum,2025-10-29,9803.62
2954,Customer_2954,customer2954@mail.com,Hyderabad,TS,,Female,Platinum,2026-03-24,7102.77
2955,Customer_2955,customer2955@mail.com,Bengaluru,KA,44,Male,Gold,2026-04-29,4314.15
2956,Customer_2956,customer2956@mail.com,Pune,MH,,Male,Silver,2025-03-13,3725.22
2957,Customer_2957,customer2957@mail.com,Chennai,TN,50,Female,Gold,2025-05-29,5602.2
2958,Customer_2958,customer2958@mail.com,Hyderabad,TS,18,Female,Silver,2026-03-13,5351.01
2959,Customer_2959,customer2959@mail.com,Bengaluru,KA,29,Male,Platinum,2025-09-23,2462.95
2960,Customer_2960,customer2960@mail.com,Hyderabad,TS,31,Female,Platinum,2025-11-10,7249.4
2961,Customer_2961,customer2961@mail.com,Hyderabad,TS,42,Male,Gold,2025-12-28,8033.81
2962,Customer_2962,customer2962@mail.com,Mumbai,MH,30,Female,Gold,2025-08-08,1399.67
2963,Customer_2963,customer2963@mail.com,Bengaluru,KA,36,Male,Platinum,2025-06-18,3175.46
2964,Customer_2964,customer2964@mail.com,Bengaluru,KA,,Male,Platinum,2025-03-27,1375.94
2965,Customer_2965,customer2965@mail.com,Mumbai,MH,19,Male,Silver,2026-04-24,1669.38
2966,Customer_2966,customer2966@mail.com,Mumbai,MH,57,Female,Gold,2026-05-05,226.76
2967,Customer_2967,customer2967@mail.com,Chennai,TN,42,Male,Gold,2025-10-03,6302.79
2968,Customer_2968,customer2968@mail.com,Pune,MH,,Male,Silver,2026-04-17,2146.78
2969,Customer_2969,customer2969@mail.com,Chennai,TN,56,Male,Platinum,2026-05-14,3990.67
2970,Customer_2970,customer2970@mail.com,Chennai,TN,,Female,Gold,2025-08-04,1867.55
2971,Customer_2971,customer2971@mail.com,Mumbai,MH,63,Male,Silver,2026-05-12,5787.74
2972,Customer_2972,customer2972@mail.com,Hyderabad,TS,23,Male,Platinum,2025-01-08,2405.11
2973,Customer_2973,customer2973@mail.com,Pune,MH,,Female,Silver,2025-01-06,1594.25
2974,Customer_2974,customer2974@mail.com,Mumbai,MH,,Male,Silver,2025-12-10,1336.73
2975,Customer_2975,customer2975@mail.com,Pune,MH,29,Male,Gold,2026-05-06,7070.79
2976,Customer_2976,customer2976@mail.com,Delhi,DL,,Female,Platinum,2025-05-04,6860.57
2977,Customer_2977,customer2977@mail.com,Chennai,TN,45,Female,Silver,2026-03-22,906.46
2978,Customer_2978,customer2978@mail.com,Pune,MH,,Female,Platinum,2025-12-22,4929.95
2979,Customer_2979,customer2979@mail.com,Hyderabad,TS,,Female,Silver,2025-08-15,5867.13
2980,Customer_2980,customer2980@mail.com,Delhi,DL,18,Female,Silver,2025-08-03,2903.43
2981,Customer_2981,customer2981@mail.com,Delhi,DL,,Male,Gold,2026-01-07,5819.66
2982,Customer_2982,customer2982@mail.com,Mumbai,MH,60,Male,Silver,2025-04-12,6568.09
2983,Customer_2983,customer2983@mail.com,Mumbai,MH,,Female,Gold,2025-01-05,134.08
2984,Customer_2984,customer2984@mail.com,Chennai,TN,20,Female,Silver,2026-03-21,2399.46
2985,Customer_2985,customer2985@mail.com,Mumbai,MH,,Female,Platinum,2025-04-09,2062.32
2986,Customer_2986,customer2986@mail.com,Bengaluru,KA,22,Female,Silver,2025-07-18,379.16
2987,Customer_2987,customer2987@mail.com,Mumbai,MH,35,Female,Gold,2025-05-09,3158.34
2988,Customer_2988,customer2988@mail.com,Delhi,DL,28,Female,Gold,2025-02-20,7250.07
2989,Customer_2989,customer2989@mail.com,Mumbai,MH,26,Female,Silver,2025-04-07,409.42
2990,Customer_2990,customer2990@mail.com,Chennai,TN,24,Female,Platinum,2025-05-22,3619.55
2991,Customer_2991,customer2991@mail.com,Delhi,DL,22,Male,Silver,2025-01-06,8193.91
2992,Customer_2992,customer2992@mail.com,Mumbai,MH,42,Male,Platinum,2025-12-23,6351.95
2993,Customer_2993,customer2993@mail.com,Pune,MH,55,Male,Silver,2026-03-26,8063.89
2994,Customer_2994,customer2994@mail.com,Chennai,TN,49,Male,Silver,2026-04-13,1151.8
2995,Customer_2995,customer2995@mail.com,Delhi,DL,,Female,Silver,2025-10-11,4350.07
2996,Customer_2996,customer2996@mail.com,Bengaluru,KA,65,Female,Platinum,2026-02-28,8022.4
2997,Customer_2997,customer2997@mail.com,Bengaluru,KA,,Male,Platinum,2025-10-28,2626.3
2998,Customer_2998,customer2998@mail.com,Delhi,DL,35,Male,Platinum,2026-05-09,4688.46
2999,Customer_2999,customer2999@mail.com,Hyderabad,TS,50,Male,Gold,2025-07-03,9660.14
3000,Customer_3000,customer3000@mail.com,Chennai,TN,,Female,Silver,2026-02-02,1976.68
3001,Customer_3001,customer3001@mail.com,Chennai,TN,,Female,Gold,2025-06-28,8086.18
3002,Customer_3002,customer3002@mail.com,Bengaluru,KA,49,Male,Silver,2026-04-12,3866.32
3003,Customer_3003,customer3003@mail.com,Mumbai,MH,,Male,Platinum,2025-07-19,2769.45
3004,Customer_3004,customer3004@mail.com,Hyderabad,TS,53,Male,Platinum,2025-12-18,3086.64
3005,Customer_3005,customer3005@mail.com,Chennai,TN,32,Female,Platinum,2025-05-27,9909.51
3006,Customer_3006,customer3006@mail.com,Mumbai,MH,31,Female,Gold,2025-08-02,9343.52
3007,Customer_3007,customer3007@mail.com,Mumbai,MH,21,Male,Silver,2025-09-18,4324.77
3008,Customer_3008,customer3008@mail.com,Pune,MH,62,Female,Platinum,2025-11-05,3601.82
3009,Customer_3009,customer3009@mail.com,Hyderabad,TS,65,Female,Platinum,2026-01-05,7237.72
3010,Customer_3010,customer3010@mail.com,Mumbai,MH,32,Female,Gold,2025-08-29,8711.48
3011,Customer_3011,customer3011@mail.com,Pune,MH,,Male,Platinum,2026-02-20,2913.97
3012,Customer_3012,customer3012@mail.com,Bengaluru,KA,,Male,Platinum,2026-04-25,3714.82
3013,Customer_3013,customer3013@mail.com,Chennai,TN,,Female,Platinum,2025-05-11,1134.89
3014,Customer_3014,customer3014@mail.com,Bengaluru,KA,,Male,Gold,2025-12-11,4167.8
3015,Customer_3015,customer3015@mail.com,Mumbai,MH,,Female,Gold,2026-04-23,3257.78
3016,Customer_3016,customer3016@mail.com,Hyderabad,TS,49,Male,Platinum,2025-09-09,7497.2
3017,Customer_3017,customer3017@mail.com,Hyderabad,TS,59,Male,Gold,2026-02-10,8093.41
3018,Customer_3018,,Delhi,DL,,Male,Silver,2026-04-11,4338.51
3019,Customer_3019,customer3019@mail.com,Hyderabad,TS,,Male,Silver,2026-02-01,4292.18
3020,Customer_3020,customer3020@mail.com,Hyderabad,TS,,Female,Gold,2025-03-20,833.22
3021,Customer_3021,customer3021@mail.com,Delhi,DL,19,Male,Silver,2025-05-10,3811.27
3022,Customer_3022,customer3022@mail.com,Chennai,TN,,Male,Gold,2025-06-25,7078.18
3023,Customer_3023,customer3023@mail.com,Hyderabad,TS,,Male,Gold,2025-06-20,6190.89
3024,Customer_3024,customer3024@mail.com,Pune,MH,54,Female,Gold,2025-04-10,3659.87
3025,Customer_3025,customer3025@mail.com,Hyderabad,TS,,Female,Gold,2025-05-05,6654.94
3026,Customer_3026,customer3026@mail.com,Pune,MH,,Male,Silver,2025-01-30,5133.78
3027,Customer_3027,customer3027@mail.com,Chennai,TN,61,Female,Silver,2025-10-21,5451.59
3028,Customer_3028,customer3028@mail.com,Pune,MH,,Male,Silver,2025-03-27,4492.36
3029,Customer_3029,customer3029@mail.com,Chennai,TN,,Male,Platinum,2025-06-14,9447.12
3030,Customer_3030,customer3030@mail.com,Mumbai,MH,,Female,Gold,2025-11-08,3171.79
3031,Customer_3031,customer3031@mail.com,Bengaluru,KA,65,Female,Gold,2025-04-02,8795.6
3032,Customer_3032,customer3032@mail.com,Chennai,TN,,Male,Platinum,2025-08-22,5537.92
3033,Customer_3033,customer3033@mail.com,Pune,MH,,Female,Silver,2025-02-21,1361.0
3034,Customer_3034,customer3034@mail.com,Hyderabad,TS,,Male,Silver,2025-04-04,8560.57
3035,Customer_3035,customer3035@mail.com,Delhi,DL,,Female,Gold,2025-07-22,5196.04
3036,Customer_3036,customer3036@mail.com,Delhi,DL,45,Female,Gold,2025-04-16,3761.46
3037,Customer_3037,customer3037@mail.com,Pune,MH,61,Female,Platinum,2025-08-16,9872.38
3038,Customer_3038,customer3038@mail.com,Chennai,TN,28,Male,Gold,2026-03-21,7693.05
3039,Customer_3039,customer3039@mail.com,Delhi,DL,54,Male,Gold,2026-05-05,1202.8
3040,Customer_3040,customer3040@mail.com,Pune,MH,,Male,Gold,2025-11-05,9780.64
3041,Customer_3041,customer3041@mail.com,Hyderabad,TS,,Female,Platinum,2026-02-14,7477.64
3042,Customer_3042,customer3042@mail.com,Hyderabad,TS,,Male,Gold,2026-04-09,2713.47
3043,Customer_3043,customer3043@mail.com,Pune,MH,25,Male,Platinum,2026-03-29,9159.69
3044,Customer_3044,customer3044@mail.com,Chennai,TN,,Female,Platinum,2026-03-05,9547.84
3045,Customer_3045,customer3045@mail.com,Delhi,DL,,Male,Gold,2026-03-16,8187.03
3046,Customer_3046,customer3046@mail.com,Delhi,DL,19,Female,Silver,2025-07-19,1746.92
3047,Customer_3047,customer3047@mail.com,Bengaluru,KA,,Female,Platinum,2026-03-23,9020.28
3048,Customer_3048,customer3048@mail.com,Pune,MH,,Male,Platinum,2025-11-10,7644.02
3049,Customer_3049,customer3049@mail.com,Mumbai,MH,,Female,Platinum,2025-12-31,6970.12
3050,Customer_3050,customer3050@mail.com,Pune,MH,,Female,Gold,2025-04-06,5343.78
3051,Customer_3051,customer3051@mail.com,Chennai,TN,,Female,Platinum,2025-03-15,6970.74
3052,Customer_3052,customer3052@mail.com,Mumbai,MH,24,Female,Platinum,2025-11-06,9862.6
3053,Customer_3053,customer3053@mail.com,Hyderabad,TS,61,Male,Platinum,2025-04-18,9699.61
3054,Customer_3054,customer3054@mail.com,Pune,MH,38,Male,Gold,2025-07-22,9495.63
3055,Customer_3055,customer3055@mail.com,Bengaluru,KA,53,Female,Platinum,2025-12-09,2838.84
3056,Customer_3056,customer3056@mail.com,Bengaluru,KA,,Female,Gold,2026-03-13,2230.83
3057,Customer_3057,customer3057@mail.com,Hyderabad,TS,,Female,Silver,2025-09-14,5173.26
3058,Customer_3058,customer3058@mail.com,Mumbai,MH,55,Male,Silver,2025-10-13,1679.49
3059,Customer_3059,customer3059@mail.com,Pune,MH,55,Female,Silver,2025-04-04,5692.71
3060,Customer_3060,customer3060@mail.com,Pune,MH,,Male,Platinum,2025-07-08,9075.2
3061,Customer_3061,customer3061@mail.com,Bengaluru,KA,,Female,Platinum,2026-02-17,1127.38
3062,Customer_3062,customer3062@mail.com,Bengaluru,KA,53,Male,Platinum,2026-01-14,9346.9
3063,Customer_3063,customer3063@mail.com,Delhi,DL,62,Female,Silver,2026-03-22,218.56
3064,Customer_3064,customer3064@mail.com,Pune,MH,37,Female,Platinum,2025-10-28,7902.43
3065,Customer_3065,customer3065@mail.com,Delhi,DL,60,Male,Platinum,2025-11-29,2011.46
3066,Customer_3066,customer3066@mail.com,Hyderabad,TS,,Male,Gold,2025-10-02,3038.62
3067,Customer_3067,customer3067@mail.com,Chennai,TN,26,Male,Gold,2025-09-29,8787.31
3068,Customer_3068,customer3068@mail.com,Pune,MH,,Female,Platinum,2025-12-06,9232.04
3069,Customer_3069,customer3069@mail.com,Pune,MH,18,Male,Gold,2026-04-30,4558.7
3070,Customer_3070,customer3070@mail.com,Chennai,TN,52,Female,Platinum,2026-02-08,1873.79
3071,Customer_3071,customer3071@mail.com,Hyderabad,TS,,Female,Gold,2025-01-17,3189.8
3072,Customer_3072,customer3072@mail.com,Hyderabad,TS,58,Male,Platinum,2025-09-30,8951.69
3073,Customer_3073,customer3073@mail.com,Delhi,DL,40,Female,Silver,2025-12-09,2067.89
3074,Customer_3074,customer3074@mail.com,Bengaluru,KA,19,Male,Gold,2025-03-16,7331.78
3075,Customer_3075,customer3075@mail.com,Hyderabad,TS,,Female,Silver,2025-12-03,6075.61
3076,Customer_3076,customer3076@mail.com,Mumbai,MH,65,Male,Silver,2026-01-29,3128.97
3077,Customer_3077,customer3077@mail.com,Bengaluru,KA,33,Male,Gold,2025-12-20,6131.94
3078,Customer_3078,customer3078@mail.com,Hyderabad,TS,20,Male,Platinum,2025-09-15,8762.94
3079,Customer_3079,customer3079@mail.com,Hyderabad,TS,,Female,Platinum,2026-04-20,2150.7
3080,Customer_3080,customer3080@mail.com,Delhi,DL,51,Female,Platinum,2025-12-06,258.13
3081,Customer_3081,customer3081@mail.com,Bengaluru,KA,,Female,Gold,2025-02-17,697.06
3082,Customer_3082,customer3082@mail.com,Bengaluru,KA,55,Female,Platinum,2025-09-20,2897.91
3083,Customer_3083,customer3083@mail.com,Pune,MH,23,Male,Silver,2025-06-22,2895.0
3084,Customer_3084,customer3084@mail.com,Chennai,TN,,Male,Platinum,2025-12-11,1559.73
3085,Customer_3085,customer3085@mail.com,Chennai,TN,,Female,Platinum,2025-04-25,7594.22
3086,Customer_3086,customer3086@mail.com,Delhi,DL,,Female,Platinum,2025-10-23,5975.18
3087,Customer_3087,customer3087@mail.com,Pune,MH,,Female,Platinum,2025-07-03,8375.02
3088,Customer_3088,customer3088@mail.com,Delhi,DL,,Male,Gold,2025-03-24,5314.69
3089,Customer_3089,customer3089@mail.com,Chennai,TN,,Female,Silver,2025-02-25,3081.44
3090,Customer_3090,customer3090@mail.com,Mumbai,MH,54,Female,Silver,2026-01-18,2538.9
3091,Customer_3091,customer3091@mail.com,Hyderabad,TS,,Female,Platinum,2025-07-08,6582.37
3092,Customer_3092,customer3092@mail.com,Pune,MH,31,Female,Silver,2026-04-21,2086.95
3093,Customer_3093,customer3093@mail.com,Chennai,TN,57,Female,Gold,2025-04-19,5249.54
3094,Customer_3094,customer3094@mail.com,Hyderabad,TS,45,Male,Platinum,2026-03-26,1483.12
3095,Customer_3095,customer3095@mail.com,Pune,MH,20,Male,Silver,2025-12-27,5736.31
3096,Customer_3096,customer3096@mail.com,Pune,MH,,Male,Gold,2026-05-10,6923.19
3097,Customer_3097,customer3097@mail.com,Bengaluru,KA,,Male,Gold,2026-03-02,6288.58
3098,Customer_3098,customer3098@mail.com,Hyderabad,TS,62,Female,Platinum,2026-04-27,2974.46
3099,Customer_3099,customer3099@mail.com,Mumbai,MH,,Female,Platinum,2025-07-02,8859.96
3100,Customer_3100,customer3100@mail.com,Mumbai,MH,29,Male,Platinum,2025-03-20,955.13
3101,Customer_3101,customer3101@mail.com,Chennai,TN,55,Female,Silver,2025-11-03,4464.61
3102,Customer_3102,customer3102@mail.com,Delhi,DL,31,Female,Platinum,2025-04-16,2904.87
3103,Customer_3103,customer3103@mail.com,Delhi,DL,,Female,Silver,2025-11-28,5595.52
3104,Customer_3104,customer3104@mail.com,Hyderabad,TS,,Female,Silver,2025-03-16,8648.78
3105,Customer_3105,customer3105@mail.com,Bengaluru,KA,,Female,Silver,2026-04-15,1871.2
3106,Customer_3106,customer3106@mail.com,Pune,MH,,Male,Platinum,2025-06-09,2304.55
3107,Customer_3107,customer3107@mail.com,Pune,MH,,Female,Platinum,2025-02-10,5019.12
3108,Customer_3108,customer3108@mail.com,Hyderabad,TS,,Female,Silver,2025-05-13,4683.33
3109,Customer_3109,customer3109@mail.com,Pune,MH,,Male,Platinum,2025-06-12,4621.88
3110,Customer_3110,customer3110@mail.com,Mumbai,MH,31,Male,Silver,2025-04-22,9571.59
3111,Customer_3111,customer3111@mail.com,Chennai,TN,45,Male,Gold,2026-03-04,3036.23
3112,Customer_3112,customer3112@mail.com,Bengaluru,KA,41,Male,Silver,2025-03-29,9126.1
3113,Customer_3113,customer3113@mail.com,Chennai,TN,53,Male,Platinum,2025-11-30,8176.81
3114,Customer_3114,customer3114@mail.com,Mumbai,MH,,Female,Gold,2026-01-28,4181.16
3115,Customer_3115,customer3115@mail.com,Chennai,TN,,Male,Silver,2025-06-04,7415.21
3116,Customer_3116,customer3116@mail.com,Hyderabad,TS,,Female,Gold,2026-05-12,8783.85
3117,Customer_3117,customer3117@mail.com,Chennai,TN,23,Female,Gold,2026-04-24,5961.46
3118,Customer_3118,customer3118@mail.com,Chennai,TN,55,Female,Silver,2026-02-08,5811.77
3119,Customer_3119,customer3119@mail.com,Chennai,TN,,Female,Platinum,2025-08-10,2461.46
3120,Customer_3120,customer3120@mail.com,Mumbai,MH,,Male,Gold,2025-08-21,2988.78
3121,Customer_3121,customer3121@mail.com,Chennai,TN,,Male,Gold,2025-11-14,669.95
3122,Customer_3122,customer3122@mail.com,Chennai,TN,,Male,Gold,2026-03-27,5914.0
3123,Customer_3123,customer3123@mail.com,Bengaluru,KA,63,Male,Silver,2025-05-21,3448.75
3124,Customer_3124,customer3124@mail.com,Delhi,DL,40,Female,Silver,2026-02-18,9190.04
3125,Customer_3125,customer3125@mail.com,Mumbai,MH,34,Male,Silver,2025-05-22,6725.34
3126,Customer_3126,customer3126@mail.com,Mumbai,MH,35,Female,Gold,2025-12-17,1386.94
3127,Customer_3127,customer3127@mail.com,Delhi,DL,23,Female,Gold,2026-02-01,8845.79
3128,Customer_3128,customer3128@mail.com,Chennai,TN,34,Male,Platinum,2025-10-10,6945.64
3129,Customer_3129,customer3129@mail.com,Pune,MH,21,Female,Gold,2025-07-08,1770.1
3130,Customer_3130,customer3130@mail.com,Hyderabad,TS,,Male,Platinum,2025-05-28,7715.75
3131,Customer_3131,customer3131@mail.com,Bengaluru,KA,,Male,Silver,2025-04-15,9455.11
3132,Customer_3132,customer3132@mail.com,Mumbai,MH,,Male,Gold,2025-04-14,7981.49
3133,Customer_3133,customer3133@mail.com,Pune,MH,,Male,Platinum,2026-03-05,1843.93
3134,Customer_3134,customer3134@mail.com,Pune,MH,46,Female,Gold,2025-01-19,7302.9
3135,Customer_3135,customer3135@mail.com,Chennai,TN,,Male,Platinum,2025-02-20,3687.6
3136,Customer_3136,customer3136@mail.com,Delhi,DL,,Male,Platinum,2026-01-26,8618.42
3137,Customer_3137,customer3137@mail.com,Bengaluru,KA,,Male,Gold,2025-05-17,2405.99
3138,Customer_3138,customer3138@mail.com,Mumbai,MH,63,Female,Silver,2025-10-08,175.23
3139,Customer_3139,customer3139@mail.com,Mumbai,MH,32,Female,Silver,2025-09-12,284.3
3140,Customer_3140,customer3140@mail.com,Mumbai,MH,43,Male,Gold,2025-03-24,7249.42
3141,Customer_3141,customer3141@mail.com,Delhi,DL,,Male,Gold,2025-02-21,4753.82
3142,Customer_3142,customer3142@mail.com,Bengaluru,KA,,Female,Gold,2025-04-10,813.91
3143,Customer_3143,customer3143@mail.com,Hyderabad,TS,,Female,Silver,2025-01-31,4530.38
3144,Customer_3144,customer3144@mail.com,Hyderabad,TS,,Female,Gold,2026-05-01,541.06
3145,Customer_3145,customer3145@mail.com,Chennai,TN,,Male,Silver,2025-09-21,5942.03
3146,Customer_3146,customer3146@mail.com,Mumbai,MH,,Male,Gold,2025-06-05,9943.43
3147,Customer_3147,customer3147@mail.com,Hyderabad,TS,64,Female,Gold,2025-09-22,9975.0
3148,Customer_3148,customer3148@mail.com,Hyderabad,TS,53,Female,Gold,2026-03-23,4078.3
3149,Customer_3149,customer3149@mail.com,Chennai,TN,,Male,Platinum,2025-01-20,9081.55
3150,Customer_3150,customer3150@mail.com,Hyderabad,TS,60,Male,Silver,2025-07-16,6408.16
3151,Customer_3151,customer3151@mail.com,Delhi,DL,61,Male,Silver,2025-11-01,5817.74
3152,Customer_3152,customer3152@mail.com,Mumbai,MH,,Male,Platinum,2025-06-12,3860.98
3153,Customer_3153,customer3153@mail.com,Bengaluru,KA,,Female,Platinum,2026-04-11,6169.99
3154,Customer_3154,customer3154@mail.com,Delhi,DL,50,Female,Platinum,2025-12-09,626.12
3155,Customer_3155,customer3155@mail.com,Chennai,TN,27,Female,Silver,2025-05-11,3853.6
3156,Customer_3156,customer3156@mail.com,Delhi,DL,30,Female,Silver,2025-09-08,1326.91
3157,Customer_3157,customer3157@mail.com,Bengaluru,KA,,Male,Gold,2025-09-12,6806.17
3158,Customer_3158,customer3158@mail.com,Chennai,TN,59,Male,Silver,2025-03-28,207.97
3159,Customer_3159,customer3159@mail.com,Pune,MH,,Male,Silver,2025-11-01,5324.69
3160,Customer_3160,customer3160@mail.com,Bengaluru,KA,,Female,Platinum,2026-01-15,2299.47
3161,Customer_3161,customer3161@mail.com,Mumbai,MH,,Female,Silver,2025-02-15,6726.0
3162,Customer_3162,customer3162@mail.com,Delhi,DL,29,Male,Platinum,2025-03-08,6317.84
3163,Customer_3163,customer3163@mail.com,Chennai,TN,,Female,Silver,2025-07-21,1338.13
3164,Customer_3164,customer3164@mail.com,Delhi,DL,26,Male,Platinum,2025-08-02,1276.14
3165,Customer_3165,customer3165@mail.com,Hyderabad,TS,30,Male,Silver,2026-02-28,2683.57
3166,Customer_3166,customer3166@mail.com,Delhi,DL,43,Female,Platinum,2025-03-26,6856.49
3167,Customer_3167,customer3167@mail.com,Mumbai,MH,23,Male,Platinum,2026-03-31,9902.08
3168,Customer_3168,customer3168@mail.com,Bengaluru,KA,,Male,Platinum,2025-02-04,9703.62
3169,Customer_3169,customer3169@mail.com,Mumbai,MH,,Female,Platinum,2026-05-07,7939.65
3170,Customer_3170,customer3170@mail.com,Chennai,TN,,Male,Platinum,2025-04-04,8281.54
3171,Customer_3171,customer3171@mail.com,Delhi,DL,,Female,Silver,2026-01-29,7795.66
3172,Customer_3172,customer3172@mail.com,Chennai,TN,51,Male,Platinum,2025-09-21,5916.85
3173,Customer_3173,customer3173@mail.com,Hyderabad,TS,46,Male,Gold,2025-01-26,811.04
3174,Customer_3174,customer3174@mail.com,Chennai,TN,,Female,Platinum,2026-01-17,7828.67
3175,Customer_3175,customer3175@mail.com,Mumbai,MH,19,Male,Platinum,2025-04-16,8490.48
3176,Customer_3176,customer3176@mail.com,Hyderabad,TS,45,Female,Platinum,2025-09-06,8204.0
3177,Customer_3177,customer3177@mail.com,Pune,MH,23,Female,Silver,2026-04-14,3559.26
3178,Customer_3178,customer3178@mail.com,Pune,MH,33,Female,Gold,2025-06-14,2045.48
3179,Customer_3179,customer3179@mail.com,Mumbai,MH,37,Male,Platinum,2025-12-17,4680.4
3180,Customer_3180,customer3180@mail.com,Pune,MH,,Female,Gold,2025-04-23,9492.49
3181,Customer_3181,customer3181@mail.com,Delhi,DL,47,Male,Gold,2025-11-05,251.5
3182,Customer_3182,customer3182@mail.com,Pune,MH,28,Female,Platinum,2025-03-27,2134.64
3183,Customer_3183,customer3183@mail.com,Bengaluru,KA,27,Female,Gold,2025-08-04,6375.3
3184,Customer_3184,customer3184@mail.com,Hyderabad,TS,22,Female,Gold,2026-03-18,6606.64
3185,Customer_3185,customer3185@mail.com,Bengaluru,KA,18,Female,Platinum,2025-05-28,9527.14
3186,Customer_3186,customer3186@mail.com,Delhi,DL,,Male,Silver,2025-07-30,8217.29
3187,Customer_3187,customer3187@mail.com,Chennai,TN,64,Female,Silver,2026-03-16,5152.31
3188,Customer_3188,customer3188@mail.com,Mumbai,MH,,Female,Platinum,2026-02-27,5062.51
3189,Customer_3189,customer3189@mail.com,Delhi,DL,,Male,Silver,2025-01-17,5790.12
3190,Customer_3190,customer3190@mail.com,Mumbai,MH,65,Female,Gold,2025-04-12,2638.51
3191,Customer_3191,customer3191@mail.com,Hyderabad,TS,,Male,Gold,2025-10-31,7238.68
3192,Customer_3192,customer3192@mail.com,Pune,MH,25,Male,Silver,2025-11-01,6378.18
3193,Customer_3193,customer3193@mail.com,Hyderabad,TS,57,Female,Platinum,2025-06-27,8091.41
3194,Customer_3194,customer3194@mail.com,Bengaluru,KA,,Female,Gold,2025-12-04,3019.46
3195,Customer_3195,customer3195@mail.com,Bengaluru,KA,,Female,Gold,2025-06-12,736.01
3196,Customer_3196,customer3196@mail.com,Chennai,TN,20,Female,Platinum,2025-11-29,4518.75
3197,Customer_3197,customer3197@mail.com,Chennai,TN,64,Male,Silver,2026-01-11,4598.7
3198,Customer_3198,customer3198@mail.com,Chennai,TN,45,Female,Silver,2025-06-12,8963.95
3199,Customer_3199,customer3199@mail.com,Delhi,DL,,Male,Platinum,2025-12-04,9152.57
3200,Customer_3200,customer3200@mail.com,Bengaluru,KA,28,Female,Platinum,2025-05-13,7476.95
3201,Customer_3201,customer3201@mail.com,Hyderabad,TS,,Male,Platinum,2025-08-29,7654.78
3202,Customer_3202,customer3202@mail.com,Hyderabad,TS,29,Male,Silver,2025-06-01,4630.53
3203,Customer_3203,customer3203@mail.com,Hyderabad,TS,44,Female,Platinum,2026-03-10,3363.34
3204,Customer_3204,customer3204@mail.com,Mumbai,MH,49,Male,Platinum,2025-05-06,306.25
3205,Customer_3205,customer3205@mail.com,Delhi,DL,,Male,Silver,2025-10-02,5783.07
3206,Customer_3206,customer3206@mail.com,Pune,MH,,Female,Silver,2025-04-30,9215.0
3207,Customer_3207,customer3207@mail.com,Bengaluru,KA,,Female,Silver,2026-03-02,4921.36
3208,Customer_3208,customer3208@mail.com,Delhi,DL,,Male,Gold,2026-01-23,3248.15
3209,Customer_3209,customer3209@mail.com,Mumbai,MH,,Female,Gold,2025-03-01,5971.68
3210,Customer_3210,customer3210@mail.com,Mumbai,MH,,Female,Silver,2026-03-12,8983.36
3211,Customer_3211,customer3211@mail.com,Bengaluru,KA,34,Female,Platinum,2026-01-31,1850.24
3212,Customer_3212,customer3212@mail.com,Chennai,TN,,Male,Silver,2025-08-25,5150.17
3213,Customer_3213,customer3213@mail.com,Mumbai,MH,,Female,Gold,2025-07-05,573.68
3214,Customer_3214,customer3214@mail.com,Chennai,TN,,Female,Platinum,2025-12-20,2012.41
3215,Customer_3215,customer3215@mail.com,Chennai,TN,,Female,Platinum,2025-12-03,9500.2
3216,Customer_3216,customer3216@mail.com,Delhi,DL,,Male,Platinum,2025-09-28,9060.9
3217,Customer_3217,customer3217@mail.com,Hyderabad,TS,27,Female,Gold,2025-12-23,4583.33
3218,Customer_3218,customer3218@mail.com,Chennai,TN,65,Male,Silver,2025-08-04,1130.81
3219,Customer_3219,customer3219@mail.com,Hyderabad,TS,,Male,Platinum,2026-04-21,1741.92
3220,Customer_3220,customer3220@mail.com,Bengaluru,KA,30,Male,Platinum,2025-03-21,3020.47
3221,Customer_3221,customer3221@mail.com,Mumbai,MH,61,Male,Gold,2026-02-17,4355.24
3222,Customer_3222,customer3222@mail.com,Bengaluru,KA,26,Male,Gold,2025-04-25,2431.56
3223,Customer_3223,customer3223@mail.com,Bengaluru,KA,,Male,Silver,2025-12-21,5188.23
3224,Customer_3224,customer3224@mail.com,Mumbai,MH,,Female,Gold,2025-10-09,4430.92
3225,Customer_3225,customer3225@mail.com,Hyderabad,TS,21,Female,Gold,2025-11-15,1201.31
3226,Customer_3226,customer3226@mail.com,Mumbai,MH,26,Female,Silver,2025-05-23,183.41
3227,Customer_3227,customer3227@mail.com,Chennai,TN,36,Male,Gold,2025-03-24,5230.55
3228,Customer_3228,customer3228@mail.com,Chennai,TN,,Female,Silver,2025-06-12,5395.42
3229,Customer_3229,customer3229@mail.com,Pune,MH,,Female,Silver,2025-01-07,2762.87
3230,Customer_3230,customer3230@mail.com,Bengaluru,KA,44,Male,Gold,2025-04-06,8318.25
3231,Customer_3231,customer3231@mail.com,Mumbai,MH,46,Male,Silver,2026-01-15,1278.21
3232,Customer_3232,customer3232@mail.com,Bengaluru,KA,,Male,Platinum,2026-04-03,9139.94
3233,Customer_3233,customer3233@mail.com,Chennai,TN,54,Male,Silver,2025-07-26,481.97
3234,Customer_3234,customer3234@mail.com,Bengaluru,KA,,Male,Platinum,2026-02-28,7344.84
3235,Customer_3235,customer3235@mail.com,Pune,MH,,Male,Silver,2025-04-05,4147.31
3236,Customer_3236,customer3236@mail.com,Mumbai,MH,,Male,Gold,2026-03-23,6054.85
3237,Customer_3237,customer3237@mail.com,Mumbai,MH,,Male,Silver,2025-08-31,3682.5
3238,Customer_3238,customer3238@mail.com,Delhi,DL,,Female,Silver,2025-05-03,3127.25
3239,Customer_3239,customer3239@mail.com,Hyderabad,TS,,Male,Gold,2025-03-25,7290.4
3240,Customer_3240,customer3240@mail.com,Hyderabad,TS,32,Female,Gold,2026-04-07,7686.76
3241,Customer_3241,customer3241@mail.com,Delhi,DL,56,Female,Silver,2026-04-18,5609.75
3242,Customer_3242,customer3242@mail.com,Pune,MH,,Female,Silver,2025-01-10,7675.29
3243,Customer_3243,customer3243@mail.com,Delhi,DL,21,Male,Silver,2026-01-24,2978.02
3244,Customer_3244,customer3244@mail.com,Delhi,DL,49,Female,Silver,2026-04-29,672.98
3245,Customer_3245,customer3245@mail.com,Bengaluru,KA,62,Female,Gold,2025-03-28,9177.81
3246,Customer_3246,customer3246@mail.com,Chennai,TN,52,Male,Silver,2026-02-21,3879.12
3247,Customer_3247,customer3247@mail.com,Mumbai,MH,,Female,Gold,2026-03-03,5641.43
3248,Customer_3248,customer3248@mail.com,Chennai,TN,61,Male,Gold,2025-03-15,211.21
3249,Customer_3249,customer3249@mail.com,Hyderabad,TS,,Male,Platinum,2025-08-29,4994.61
3250,Customer_3250,customer3250@mail.com,Bengaluru,KA,,Male,Silver,2026-01-05,2380.61
3251,Customer_3251,customer3251@mail.com,Delhi,DL,,Male,Platinum,2025-03-14,9585.02
3252,Customer_3252,customer3252@mail.com,Pune,MH,,Female,Gold,2026-04-24,6022.95
3253,Customer_3253,customer3253@mail.com,Chennai,TN,,Male,Platinum,2025-05-23,3311.76
3254,Customer_3254,customer3254@mail.com,Bengaluru,KA,62,Female,Gold,2025-07-20,1147.67
3255,Customer_3255,customer3255@mail.com,Pune,MH,,Female,Gold,2025-08-11,7672.09
3256,Customer_3256,customer3256@mail.com,Bengaluru,KA,27,Male,Silver,2025-11-04,1867.7
3257,Customer_3257,customer3257@mail.com,Delhi,DL,22,Female,Silver,2025-06-11,9831.21
3258,Customer_3258,customer3258@mail.com,Bengaluru,KA,63,Male,Silver,2025-05-08,2554.74
3259,Customer_3259,customer3259@mail.com,Pune,MH,23,Female,Silver,2025-04-11,3736.83
3260,Customer_3260,customer3260@mail.com,Delhi,DL,,Male,Gold,2025-09-29,3078.03
3261,Customer_3261,customer3261@mail.com,Delhi,DL,,Female,Platinum,2026-01-06,2300.83
3262,Customer_3262,customer3262@mail.com,Bengaluru,KA,,Male,Gold,2025-03-14,2621.21
3263,Customer_3263,customer3263@mail.com,Hyderabad,TS,,Female,Silver,2025-10-22,4326.66
3264,Customer_3264,customer3264@mail.com,Pune,MH,54,Female,Gold,2025-04-12,2906.05
3265,Customer_3265,customer3265@mail.com,Bengaluru,KA,,Male,Silver,2025-11-09,7312.35
3266,Customer_3266,customer3266@mail.com,Hyderabad,TS,,Female,Silver,2026-03-30,2121.34
3267,Customer_3267,customer3267@mail.com,Hyderabad,TS,,Male,Gold,2025-05-27,2788.59
3268,Customer_3268,customer3268@mail.com,Hyderabad,TS,25,Male,Silver,2026-04-10,4559.45
3269,Customer_3269,customer3269@mail.com,Hyderabad,TS,,Female,Gold,2025-10-19,5843.46
3270,Customer_3270,customer3270@mail.com,Chennai,TN,26,Female,Gold,2025-03-29,5117.47
3271,Customer_3271,customer3271@mail.com,Hyderabad,TS,,Female,Platinum,2025-05-21,4983.36
3272,Customer_3272,customer3272@mail.com,Pune,MH,,Male,Silver,2025-04-27,9675.96
3273,Customer_3273,customer3273@mail.com,Bengaluru,KA,,Male,Gold,2025-10-28,8328.3
3274,Customer_3274,customer3274@mail.com,Chennai,TN,,Male,Silver,2025-12-03,5964.83
3275,Customer_3275,customer3275@mail.com,Delhi,DL,,Male,Gold,2026-03-08,4230.66
3276,Customer_3276,customer3276@mail.com,Pune,MH,,Male,Gold,2025-12-26,7740.98
3277,Customer_3277,customer3277@mail.com,Pune,MH,,Female,Gold,2025-10-13,9817.06
3278,Customer_3278,customer3278@mail.com,Mumbai,MH,,Male,Gold,2025-06-12,8325.54
3279,Customer_3279,customer3279@mail.com,Pune,MH,,Female,Silver,2025-12-29,8477.56
3280,Customer_3280,customer3280@mail.com,Bengaluru,KA,44,Female,Silver,2026-05-04,5585.65
3281,Customer_3281,customer3281@mail.com,Mumbai,MH,,Female,Silver,2026-01-03,374.69
3282,Customer_3282,customer3282@mail.com,Hyderabad,TS,60,Female,Platinum,2025-01-16,4877.37
3283,Customer_3283,customer3283@mail.com,Bengaluru,KA,,Male,Platinum,2025-10-16,4605.46
3284,Customer_3284,customer3284@mail.com,Chennai,TN,,Male,Silver,2025-07-16,3916.16
3285,Customer_3285,customer3285@mail.com,Mumbai,MH,55,Male,Platinum,2025-01-29,8190.51
3286,Customer_3286,customer3286@mail.com,Chennai,TN,60,Male,Platinum,2025-04-18,3626.43
3287,Customer_3287,customer3287@mail.com,Chennai,TN,,Female,Platinum,2026-03-27,9275.1
3288,Customer_3288,customer3288@mail.com,Chennai,TN,60,Male,Gold,2026-01-11,1105.73
3289,Customer_3289,customer3289@mail.com,Pune,MH,,Female,Platinum,2025-11-25,8792.76
3290,Customer_3290,customer3290@mail.com,Hyderabad,TS,52,Male,Platinum,2026-05-06,4772.02
3291,Customer_3291,customer3291@mail.com,Chennai,TN,,Male,Platinum,2026-01-23,542.44
3292,Customer_3292,customer3292@mail.com,Hyderabad,TS,43,Male,Platinum,2025-09-11,7005.31
3293,Customer_3293,customer3293@mail.com,Mumbai,MH,,Male,Platinum,2025-05-25,1227.1
3294,Customer_3294,customer3294@mail.com,Hyderabad,TS,45,Female,Gold,2026-04-07,7652.49
3295,Customer_3295,customer3295@mail.com,Pune,MH,41,Male,Platinum,2025-06-16,4732.83
3296,Customer_3296,customer3296@mail.com,Bengaluru,KA,48,Female,Gold,2025-07-08,3224.9
3297,Customer_3297,customer3297@mail.com,Delhi,DL,,Male,Platinum,2026-05-06,5803.43
3298,Customer_3298,customer3298@mail.com,Hyderabad,TS,,Male,Silver,2025-08-12,9237.13
3299,Customer_3299,customer3299@mail.com,Bengaluru,KA,48,Female,Gold,2025-11-02,1466.8
3300,Customer_3300,customer3300@mail.com,Bengaluru,KA,,Female,Gold,2025-11-01,1429.62
3301,Customer_3301,customer3301@mail.com,Pune,MH,62,Female,Gold,2025-05-25,8470.29
3302,Customer_3302,customer3302@mail.com,Mumbai,MH,45,Female,Platinum,2025-08-09,1936.59
3303,Customer_3303,customer3303@mail.com,Hyderabad,TS,,Male,Silver,2025-11-08,1931.27
3304,Customer_3304,customer3304@mail.com,Chennai,TN,46,Female,Silver,2025-12-29,5782.3
3305,Customer_3305,customer3305@mail.com,Bengaluru,KA,41,Male,Gold,2025-12-22,8752.82
3306,Customer_3306,customer3306@mail.com,Hyderabad,TS,59,Female,Gold,2025-03-17,7671.86
3307,Customer_3307,customer3307@mail.com,Mumbai,MH,,Male,Silver,2025-03-07,3576.84
3308,Customer_3308,customer3308@mail.com,Chennai,TN,38,Female,Silver,2025-02-28,172.9
3309,Customer_3309,customer3309@mail.com,Delhi,DL,29,Male,Silver,2025-12-30,914.89
3310,Customer_3310,customer3310@mail.com,Bengaluru,KA,,Male,Silver,2026-01-23,9277.15
3311,Customer_3311,customer3311@mail.com,Delhi,DL,,Female,Platinum,2025-09-26,7574.45
3312,Customer_3312,customer3312@mail.com,Mumbai,MH,,Female,Silver,2025-01-15,2748.59
3313,Customer_3313,customer3313@mail.com,Delhi,DL,39,Female,Gold,2025-01-10,9223.24
3314,Customer_3314,customer3314@mail.com,Pune,MH,50,Male,Platinum,2025-05-10,1268.31
3315,Customer_3315,customer3315@mail.com,Delhi,DL,36,Male,Silver,2025-06-09,7631.06
3316,Customer_3316,customer3316@mail.com,Mumbai,MH,,Male,Silver,2025-04-06,1103.32
3317,Customer_3317,customer3317@mail.com,Mumbai,MH,,Female,Gold,2025-01-28,1531.14
3318,Customer_3318,customer3318@mail.com,Pune,MH,38,Female,Platinum,2026-03-14,1680.31
3319,Customer_3319,customer3319@mail.com,Mumbai,MH,,Male,Platinum,2025-07-21,9741.07
3320,Customer_3320,customer3320@mail.com,Mumbai,MH,36,Female,Silver,2025-04-18,453.01
3321,Customer_3321,customer3321@mail.com,Hyderabad,TS,,Female,Silver,2026-05-04,6027.36
3322,Customer_3322,customer3322@mail.com,Bengaluru,KA,59,Female,Gold,2025-12-07,8350.57
3323,Customer_3323,customer3323@mail.com,Delhi,DL,47,Female,Platinum,2025-06-14,5653.62
3324,Customer_3324,customer3324@mail.com,Chennai,TN,,Male,Platinum,2025-04-09,8738.78
3325,Customer_3325,customer3325@mail.com,Mumbai,MH,41,Male,Platinum,2025-09-21,2642.27
3326,Customer_3326,customer3326@mail.com,Delhi,DL,28,Female,Silver,2025-02-27,5242.89
3327,Customer_3327,customer3327@mail.com,Bengaluru,KA,,Male,Silver,2025-12-20,7069.7
3328,Customer_3328,customer3328@mail.com,Hyderabad,TS,,Female,Silver,2025-10-25,2353.34
3329,Customer_3329,customer3329@mail.com,Delhi,DL,61,Male,Platinum,2025-11-25,1643.67
3330,Customer_3330,customer3330@mail.com,Mumbai,MH,55,Female,Gold,2025-04-19,1148.55
3331,Customer_3331,customer3331@mail.com,Chennai,TN,,Male,Platinum,2025-02-07,854.78
3332,Customer_3332,customer3332@mail.com,Chennai,TN,,Male,Silver,2025-04-24,364.24
3333,Customer_3333,customer3333@mail.com,Mumbai,MH,,Female,Gold,2025-03-25,7079.78
3334,Customer_3334,customer3334@mail.com,Chennai,TN,,Female,Platinum,2026-03-19,9840.63
3335,Customer_3335,customer3335@mail.com,Chennai,TN,,Female,Gold,2025-02-09,324.02
3336,Customer_3336,customer3336@mail.com,Bengaluru,KA,,Female,Gold,2026-02-16,7335.72
3337,Customer_3337,customer3337@mail.com,Pune,MH,,Female,Platinum,2025-10-01,5306.09
3338,Customer_3338,customer3338@mail.com,Mumbai,MH,,Female,Silver,2026-03-25,4913.91
3339,Customer_3339,customer3339@mail.com,Delhi,DL,,Female,Gold,2025-05-03,2352.95
3340,Customer_3340,customer3340@mail.com,Delhi,DL,,Female,Platinum,2025-01-09,2459.29
3341,Customer_3341,customer3341@mail.com,Bengaluru,KA,,Female,Silver,2025-05-30,8458.13
3342,Customer_3342,customer3342@mail.com,Pune,MH,,Female,Platinum,2026-04-02,1309.46
3343,Customer_3343,customer3343@mail.com,Bengaluru,KA,50,Male,Silver,2025-05-12,7211.66
3344,Customer_3344,customer3344@mail.com,Mumbai,MH,,Female,Silver,2025-03-13,819.67
3345,Customer_3345,customer3345@mail.com,Mumbai,MH,40,Male,Silver,2025-06-26,8041.65
3346,Customer_3346,customer3346@mail.com,Mumbai,MH,,Male,Gold,2025-06-11,1855.13
3347,Customer_3347,customer3347@mail.com,Chennai,TN,26,Male,Gold,2026-03-10,639.01
3348,Customer_3348,customer3348@mail.com,Mumbai,MH,,Male,Silver,2025-03-09,3922.3
3349,Customer_3349,customer3349@mail.com,Chennai,TN,,Male,Silver,2026-02-21,712.73
3350,Customer_3350,customer3350@mail.com,Chennai,TN,52,Female,Silver,2026-02-27,7573.65
3351,Customer_3351,customer3351@mail.com,Delhi,DL,,Male,Silver,2025-08-19,2271.08
3352,Customer_3352,customer3352@mail.com,Mumbai,MH,57,Female,Silver,2025-10-26,7537.34
3353,Customer_3353,customer3353@mail.com,Hyderabad,TS,52,Male,Silver,2025-05-21,6480.02
3354,Customer_3354,customer3354@mail.com,Chennai,TN,37,Female,Gold,2026-02-19,5512.61
3355,Customer_3355,customer3355@mail.com,Chennai,TN,,Male,Platinum,2026-03-12,9870.47
3356,Customer_3356,customer3356@mail.com,Delhi,DL,,Male,Silver,2026-04-17,134.76
3357,Customer_3357,customer3357@mail.com,Hyderabad,TS,53,Female,Platinum,2025-02-16,7534.64
3358,Customer_3358,customer3358@mail.com,Bengaluru,KA,,Male,Gold,2025-08-20,2060.1
3359,Customer_3359,customer3359@mail.com,Pune,MH,41,Male,Gold,2025-04-17,3990.73
3360,Customer_3360,customer3360@mail.com,Bengaluru,KA,34,Male,Platinum,2026-01-05,1512.32
3361,Customer_3361,customer3361@mail.com,Mumbai,MH,,Male,Gold,2025-01-31,6202.47
3362,Customer_3362,customer3362@mail.com,Mumbai,MH,,Female,Gold,2025-04-25,7876.48
3363,Customer_3363,customer3363@mail.com,Hyderabad,TS,,Male,Silver,2025-06-16,1201.41
3364,Customer_3364,customer3364@mail.com,Pune,MH,38,Female,Platinum,2025-03-21,6633.97
3365,Customer_3365,customer3365@mail.com,Hyderabad,TS,,Female,Platinum,2026-05-13,1022.06
3366,Customer_3366,customer3366@mail.com,Hyderabad,TS,32,Female,Platinum,2025-08-14,969.34
3367,Customer_3367,customer3367@mail.com,Chennai,TN,28,Male,Silver,2025-06-21,8274.38
3368,Customer_3368,customer3368@mail.com,Pune,MH,52,Male,Gold,2026-02-28,7460.18
3369,Customer_3369,customer3369@mail.com,Hyderabad,TS,,Male,Gold,2025-09-13,7887.72
3370,Customer_3370,customer3370@mail.com,Pune,MH,,Male,Platinum,2025-10-16,3960.34
3371,Customer_3371,customer3371@mail.com,Bengaluru,KA,39,Female,Platinum,2025-11-25,4270.68
3372,Customer_3372,customer3372@mail.com,Chennai,TN,38,Male,Silver,2025-03-30,5481.3
3373,Customer_3373,customer3373@mail.com,Pune,MH,48,Female,Gold,2025-03-09,8466.43
3374,Customer_3374,customer3374@mail.com,Hyderabad,TS,,Male,Platinum,2026-05-11,6577.71
3375,Customer_3375,customer3375@mail.com,Mumbai,MH,,Female,Platinum,2025-08-26,8203.53
3376,Customer_3376,customer3376@mail.com,Chennai,TN,36,Female,Silver,2025-06-05,9851.4
3377,Customer_3377,customer3377@mail.com,Delhi,DL,,Female,Silver,2026-03-03,146.72
3378,Customer_3378,customer3378@mail.com,Bengaluru,KA,47,Female,Gold,2025-12-29,1537.65
3379,Customer_3379,customer3379@mail.com,Hyderabad,TS,,Male,Platinum,2025-09-12,4321.33
3380,Customer_3380,customer3380@mail.com,Mumbai,MH,50,Female,Silver,2026-04-13,6083.84
3381,Customer_3381,customer3381@mail.com,Delhi,DL,,Male,Platinum,2025-12-28,6085.34
3382,Customer_3382,customer3382@mail.com,Pune,MH,,Female,Platinum,2026-03-14,3731.63
3383,Customer_3383,customer3383@mail.com,Hyderabad,TS,,Male,Platinum,2025-11-01,4535.08
3384,Customer_3384,customer3384@mail.com,Mumbai,MH,36,Male,Platinum,2025-04-13,902.35
3385,Customer_3385,customer3385@mail.com,Mumbai,MH,25,Male,Silver,2026-03-12,6567.45
3386,Customer_3386,customer3386@mail.com,Mumbai,MH,,Male,Silver,2025-01-17,1515.12
3387,Customer_3387,customer3387@mail.com,Hyderabad,TS,32,Female,Platinum,2025-09-14,8728.7
3388,Customer_3388,customer3388@mail.com,Delhi,DL,42,Female,Platinum,2025-02-19,7060.89
3389,Customer_3389,customer3389@mail.com,Bengaluru,KA,,Male,Platinum,2025-05-28,1118.27
3390,Customer_3390,customer3390@mail.com,Hyderabad,TS,,Female,Silver,2026-03-17,9254.71
3391,Customer_3391,customer3391@mail.com,Mumbai,MH,,Male,Silver,2025-07-03,9973.06
3392,Customer_3392,customer3392@mail.com,Bengaluru,KA,,Male,Platinum,2026-02-23,4737.53
3393,Customer_3393,customer3393@mail.com,Delhi,DL,29,Male,Gold,2025-12-23,6294.31
3394,Customer_3394,customer3394@mail.com,Delhi,DL,57,Female,Gold,2025-09-20,7352.52
3395,Customer_3395,customer3395@mail.com,Chennai,TN,56,Female,Platinum,2025-09-04,4981.69
3396,Customer_3396,customer3396@mail.com,Pune,MH,52,Female,Gold,2026-04-05,4276.83
3397,Customer_3397,customer3397@mail.com,Chennai,TN,,Female,Platinum,2025-11-24,8521.59
3398,Customer_3398,customer3398@mail.com,Delhi,DL,,Male,Silver,2025-10-22,9856.68
3399,Customer_3399,customer3399@mail.com,Bengaluru,KA,26,Male,Gold,2025-04-21,8246.63
3400,Customer_3400,customer3400@mail.com,Hyderabad,TS,62,Male,Platinum,2025-03-11,478.36
3401,Customer_3401,customer3401@mail.com,Pune,MH,62,Male,Gold,2025-12-11,4802.71
3402,Customer_3402,customer3402@mail.com,Chennai,TN,,Male,Platinum,2025-11-30,4626.42
3403,Customer_3403,customer3403@mail.com,Pune,MH,53,Female,Platinum,2025-09-24,2121.92
3404,Customer_3404,customer3404@mail.com,Delhi,DL,,Female,Platinum,2025-12-02,1365.92
3405,Customer_3405,customer3405@mail.com,Hyderabad,TS,38,Male,Silver,2025-04-17,4659.67
3406,Customer_3406,customer3406@mail.com,Bengaluru,KA,62,Male,Platinum,2026-04-01,3489.46
3407,Customer_3407,customer3407@mail.com,Mumbai,MH,,Male,Gold,2025-11-17,1506.71
3408,Customer_3408,customer3408@mail.com,Chennai,TN,32,Female,Gold,2026-04-06,3608.39
3409,Customer_3409,customer3409@mail.com,Hyderabad,TS,21,Female,Platinum,2025-09-13,4895.21
3410,Customer_3410,customer3410@mail.com,Hyderabad,TS,42,Male,Silver,2026-04-26,2820.73
3411,Customer_3411,customer3411@mail.com,Bengaluru,KA,46,Male,Gold,2025-05-19,3231.89
3412,Customer_3412,customer3412@mail.com,Delhi,DL,,Female,Platinum,2026-01-01,5486.82
3413,Customer_3413,customer3413@mail.com,Hyderabad,TS,,Female,Silver,2025-06-06,4028.0
3414,Customer_3414,customer3414@mail.com,Bengaluru,KA,65,Male,Silver,2025-05-31,9457.99
3415,Customer_3415,customer3415@mail.com,Hyderabad,TS,,Female,Gold,2025-05-18,1132.43
3416,Customer_3416,customer3416@mail.com,Pune,MH,62,Male,Gold,2025-09-04,3582.14
3417,Customer_3417,customer3417@mail.com,Bengaluru,KA,51,Female,Platinum,2025-12-19,1159.74
3418,Customer_3418,customer3418@mail.com,Delhi,DL,,Female,Silver,2025-01-31,813.9
3419,Customer_3419,customer3419@mail.com,Mumbai,MH,,Male,Silver,2025-09-27,7158.21
3420,Customer_3420,customer3420@mail.com,Pune,MH,25,Male,Silver,2026-03-08,9639.51
3421,Customer_3421,customer3421@mail.com,Mumbai,MH,,Male,Silver,2025-05-25,9367.29
3422,Customer_3422,customer3422@mail.com,Pune,MH,58,Female,Platinum,2025-09-29,7133.69
3423,Customer_3423,customer3423@mail.com,Delhi,DL,29,Female,Silver,2025-03-22,8080.04
3424,Customer_3424,customer3424@mail.com,Pune,MH,,Female,Silver,2025-12-10,6627.58
3425,Customer_3425,customer3425@mail.com,Chennai,TN,,Male,Silver,2025-09-24,1154.16
3426,Customer_3426,customer3426@mail.com,Bengaluru,KA,65,Female,Gold,2025-04-29,2779.93
3427,Customer_3427,customer3427@mail.com,Hyderabad,TS,,Male,Silver,2025-04-02,362.77
3428,Customer_3428,customer3428@mail.com,Delhi,DL,,Female,Silver,2025-08-28,2113.67
3429,Customer_3429,customer3429@mail.com,Delhi,DL,,Female,Gold,2026-04-10,633.98
3430,Customer_3430,customer3430@mail.com,Hyderabad,TS,,Male,Gold,2025-03-04,2953.87
3431,Customer_3431,customer3431@mail.com,Delhi,DL,,Female,Gold,2025-12-25,4856.85
3432,Customer_3432,customer3432@mail.com,Bengaluru,KA,,Male,Silver,2025-05-16,7600.55
3433,Customer_3433,customer3433@mail.com,Hyderabad,TS,33,Female,Gold,2025-12-17,8280.05
3434,Customer_3434,customer3434@mail.com,Bengaluru,KA,,Male,Silver,2025-01-15,6175.47
3435,Customer_3435,customer3435@mail.com,Pune,MH,47,Male,Platinum,2025-02-13,3731.27
3436,Customer_3436,customer3436@mail.com,Pune,MH,,Female,Platinum,2026-04-29,5594.78
3437,Customer_3437,customer3437@mail.com,Pune,MH,24,Female,Silver,2026-05-15,5762.96
3438,Customer_3438,customer3438@mail.com,Mumbai,MH,38,Female,Silver,2025-03-31,6085.71
3439,Customer_3439,customer3439@mail.com,Delhi,DL,21,Male,Silver,2025-03-14,5278.05
3440,Customer_3440,customer3440@mail.com,Mumbai,MH,,Male,Platinum,2025-10-30,397.18
3441,Customer_3441,customer3441@mail.com,Delhi,DL,47,Male,Platinum,2025-03-09,6495.47
3442,Customer_3442,customer3442@mail.com,Bengaluru,KA,,Female,Silver,2025-09-24,1371.79
3443,Customer_3443,customer3443@mail.com,Bengaluru,KA,,Female,Platinum,2025-03-19,9471.96
3444,Customer_3444,customer3444@mail.com,Chennai,TN,43,Male,Gold,2025-03-30,2753.66
3445,Customer_3445,customer3445@mail.com,Mumbai,MH,56,Female,Platinum,2025-08-26,1656.4
3446,Customer_3446,customer3446@mail.com,Chennai,TN,49,Male,Gold,2025-07-30,186.06
3447,Customer_3447,customer3447@mail.com,Mumbai,MH,26,Male,Silver,2025-07-09,1724.7
3448,Customer_3448,customer3448@mail.com,Mumbai,MH,29,Male,Gold,2025-05-20,4409.26
3449,Customer_3449,customer3449@mail.com,Bengaluru,KA,56,Female,Platinum,2025-10-11,9145.27
3450,Customer_3450,customer3450@mail.com,Chennai,TN,,Female,Platinum,2025-11-29,3832.3
3451,Customer_3451,customer3451@mail.com,Bengaluru,KA,36,Female,Silver,2025-07-22,9006.31
3452,Customer_3452,customer3452@mail.com,Bengaluru,KA,,Male,Silver,2025-05-20,993.17
3453,Customer_3453,customer3453@mail.com,Bengaluru,KA,49,Female,Platinum,2025-01-20,6884.81
3454,Customer_3454,customer3454@mail.com,Bengaluru,KA,36,Male,Platinum,2025-06-30,6091.38
3455,Customer_3455,customer3455@mail.com,Delhi,DL,55,Female,Gold,2025-04-02,9167.22
3456,Customer_3456,customer3456@mail.com,Chennai,TN,,Male,Silver,2025-07-21,5969.32
3457,Customer_3457,customer3457@mail.com,Mumbai,MH,,Female,Gold,2025-08-28,7301.28
3458,Customer_3458,customer3458@mail.com,Chennai,TN,,Female,Gold,2026-03-25,6549.91
3459,Customer_3459,customer3459@mail.com,Delhi,DL,,Female,Platinum,2026-04-29,5346.12
3460,Customer_3460,customer3460@mail.com,Mumbai,MH,53,Male,Silver,2025-02-22,8619.98
3461,Customer_3461,customer3461@mail.com,Chennai,TN,,Male,Platinum,2025-06-28,4663.77
3462,Customer_3462,customer3462@mail.com,Chennai,TN,33,Female,Gold,2025-02-05,4340.85
3463,Customer_3463,customer3463@mail.com,Mumbai,MH,37,Male,Silver,2025-08-17,2802.95
3464,Customer_3464,customer3464@mail.com,Hyderabad,TS,,Male,Platinum,2025-10-02,3514.76
3465,Customer_3465,customer3465@mail.com,Mumbai,MH,,Male,Silver,2025-02-26,7691.87
3466,Customer_3466,customer3466@mail.com,Hyderabad,TS,34,Female,Platinum,2025-04-11,7181.64
3467,Customer_3467,customer3467@mail.com,Mumbai,MH,27,Male,Silver,2026-03-11,7133.35
3468,Customer_3468,customer3468@mail.com,Chennai,TN,35,Male,Gold,2025-02-02,9702.54
3469,Customer_3469,customer3469@mail.com,Hyderabad,TS,32,Female,Gold,2025-08-20,3740.29
3470,Customer_3470,customer3470@mail.com,Delhi,DL,,Male,Gold,2026-01-03,1696.43
3471,Customer_3471,customer3471@mail.com,Chennai,TN,,Male,Gold,2025-07-11,2243.24
3472,Customer_3472,customer3472@mail.com,Mumbai,MH,,Male,Gold,2026-04-10,1734.56
3473,Customer_3473,customer3473@mail.com,Pune,MH,,Female,Silver,2025-06-22,3241.41
3474,Customer_3474,customer3474@mail.com,Chennai,TN,,Male,Silver,2025-02-18,4424.03
3475,Customer_3475,customer3475@mail.com,Mumbai,MH,50,Male,Platinum,2026-03-17,8409.59
3476,Customer_3476,customer3476@mail.com,Chennai,TN,,Female,Platinum,2025-07-25,1405.2
3477,Customer_3477,customer3477@mail.com,Pune,MH,51,Female,Gold,2026-05-09,4395.57
3478,Customer_3478,customer3478@mail.com,Pune,MH,30,Female,Silver,2025-03-06,4726.77
3479,Customer_3479,customer3479@mail.com,Mumbai,MH,,Male,Platinum,2025-02-08,5628.97
3480,Customer_3480,customer3480@mail.com,Delhi,DL,,Male,Gold,2025-07-16,3565.91
3481,Customer_3481,customer3481@mail.com,Chennai,TN,30,Female,Gold,2025-01-29,1418.62
3482,Customer_3482,customer3482@mail.com,Pune,MH,,Female,Silver,2025-12-03,5292.69
3483,Customer_3483,customer3483@mail.com,Delhi,DL,64,Male,Silver,2026-04-29,9575.13
3484,Customer_3484,customer3484@mail.com,Chennai,TN,,Male,Gold,2025-07-04,4689.11
3485,Customer_3485,customer3485@mail.com,Mumbai,MH,,Male,Gold,2026-05-03,8786.82
3486,Customer_3486,customer3486@mail.com,Mumbai,MH,25,Male,Silver,2025-06-20,7611.47
3487,Customer_3487,customer3487@mail.com,Pune,MH,,Male,Silver,2026-01-26,4954.9
3488,Customer_3488,customer3488@mail.com,Mumbai,MH,,Male,Gold,2025-01-31,367.5
3489,Customer_3489,customer3489@mail.com,Pune,MH,21,Female,Gold,2025-10-22,4892.89
3490,Customer_3490,customer3490@mail.com,Delhi,DL,,Female,Platinum,2026-03-16,6930.56
3491,Customer_3491,customer3491@mail.com,Pune,MH,,Female,Gold,2026-04-19,686.75
3492,Customer_3492,customer3492@mail.com,Bengaluru,KA,61,Female,Silver,2025-11-12,517.78
3493,Customer_3493,customer3493@mail.com,Pune,MH,,Male,Gold,2025-01-20,8684.86
3494,Customer_3494,customer3494@mail.com,Delhi,DL,,Male,Silver,2025-08-01,2605.39
3495,Customer_3495,customer3495@mail.com,Delhi,DL,,Male,Silver,2025-12-03,7605.99
3496,Customer_3496,customer3496@mail.com,Mumbai,MH,36,Male,Silver,2025-10-19,6492.66
3497,Customer_3497,customer3497@mail.com,Bengaluru,KA,,Male,Gold,2025-06-25,7586.46
3498,Customer_3498,customer3498@mail.com,Bengaluru,KA,,Male,Platinum,2025-01-03,6488.28
3499,Customer_3499,customer3499@mail.com,Chennai,TN,32,Female,Silver,2026-04-06,9174.23
3500,Customer_3500,customer3500@mail.com,Pune,MH,,Male,Platinum,2025-04-13,7667.18
3501,Customer_3501,customer3501@mail.com,Hyderabad,TS,,Female,Platinum,2025-03-24,6371.72
3502,Customer_3502,customer3502@mail.com,Bengaluru,KA,52,Male,Platinum,2025-04-28,9214.35
3503,Customer_3503,customer3503@mail.com,Pune,MH,61,Female,Platinum,2025-12-23,5930.73
3504,Customer_3504,customer3504@mail.com,Mumbai,MH,,Male,Gold,2025-12-31,4679.59
3505,Customer_3505,customer3505@mail.com,Mumbai,MH,,Male,Gold,2025-09-24,2838.02
3506,Customer_3506,customer3506@mail.com,Hyderabad,TS,51,Male,Gold,2025-10-26,899.79
3507,Customer_3507,customer3507@mail.com,Chennai,TN,37,Female,Gold,2025-05-09,1693.87
3508,Customer_3508,customer3508@mail.com,Bengaluru,KA,,Male,Platinum,2025-01-16,4168.35
3509,Customer_3509,customer3509@mail.com,Pune,MH,37,Male,Silver,2025-04-27,1016.3
3510,Customer_3510,customer3510@mail.com,Mumbai,MH,,Male,Platinum,2025-01-06,3877.18
3511,Customer_3511,customer3511@mail.com,Chennai,TN,47,Female,Gold,2026-02-15,2313.9
3512,Customer_3512,customer3512@mail.com,Bengaluru,KA,,Female,Silver,2026-04-29,2956.73
3513,Customer_3513,customer3513@mail.com,Bengaluru,KA,42,Female,Platinum,2025-07-09,8749.99
3514,Customer_3514,customer3514@mail.com,Mumbai,MH,37,Female,Gold,2025-12-01,1568.33
3515,Customer_3515,customer3515@mail.com,Pune,MH,55,Female,Platinum,2025-10-07,7600.53
3516,Customer_3516,customer3516@mail.com,Hyderabad,TS,,Female,Silver,2025-02-06,141.95
3517,Customer_3517,customer3517@mail.com,Mumbai,MH,29,Male,Gold,2025-07-09,145.16
3518,Customer_3518,customer3518@mail.com,Delhi,DL,,Male,Silver,2025-09-24,754.62
3519,Customer_3519,customer3519@mail.com,Delhi,DL,,Male,Silver,2026-03-04,7958.83
3520,Customer_3520,customer3520@mail.com,Pune,MH,20,Male,Silver,2025-11-13,3557.79
3521,Customer_3521,customer3521@mail.com,Mumbai,MH,,Female,Platinum,2025-08-31,1797.1
3522,Customer_3522,customer3522@mail.com,Bengaluru,KA,60,Male,Platinum,2025-09-21,2906.95
3523,Customer_3523,customer3523@mail.com,Delhi,DL,,Female,Gold,2025-02-28,6764.34
3524,Customer_3524,customer3524@mail.com,Bengaluru,KA,46,Male,Gold,2026-01-30,5511.56
3525,Customer_3525,customer3525@mail.com,Chennai,TN,51,Female,Silver,2025-04-19,2792.63
3526,Customer_3526,customer3526@mail.com,Bengaluru,KA,34,Female,Platinum,2025-01-04,6694.76
3527,Customer_3527,customer3527@mail.com,Delhi,DL,20,Male,Silver,2026-02-08,599.79
3528,Customer_3528,customer3528@mail.com,Chennai,TN,40,Female,Platinum,2025-04-29,1819.0
3529,Customer_3529,customer3529@mail.com,Mumbai,MH,59,Female,Silver,2025-06-25,7392.6
3530,Customer_3530,customer3530@mail.com,Bengaluru,KA,,Female,Platinum,2025-08-10,8356.95
3531,Customer_3531,customer3531@mail.com,Delhi,DL,,Male,Silver,2025-10-18,5348.85
3532,Customer_3532,customer3532@mail.com,Mumbai,MH,36,Male,Platinum,2025-08-12,7041.02
3533,Customer_3533,customer3533@mail.com,Pune,MH,,Male,Gold,2025-09-02,6661.59
3534,Customer_3534,customer3534@mail.com,Hyderabad,TS,42,Female,Silver,2025-06-14,3573.74
3535,Customer_3535,customer3535@mail.com,Hyderabad,TS,,Male,Silver,2025-09-24,1187.04
3536,Customer_3536,customer3536@mail.com,Bengaluru,KA,43,Female,Silver,2025-03-06,420.61
3537,Customer_3537,customer3537@mail.com,Bengaluru,KA,32,Male,Silver,2025-01-29,8082.19
3538,Customer_3538,customer3538@mail.com,Hyderabad,TS,21,Female,Gold,2025-12-08,1843.98
3539,Customer_3539,customer3539@mail.com,Mumbai,MH,24,Female,Gold,2026-04-06,7390.74
3540,Customer_3540,customer3540@mail.com,Chennai,TN,,Female,Gold,2025-07-07,1726.17
3541,Customer_3541,customer3541@mail.com,Chennai,TN,,Male,Platinum,2026-03-13,9655.96
3542,Customer_3542,customer3542@mail.com,Pune,MH,34,Male,Platinum,2025-06-19,2265.15
3543,Customer_3543,customer3543@mail.com,Chennai,TN,48,Male,Silver,2026-03-06,2685.35
3544,Customer_3544,customer3544@mail.com,Chennai,TN,,Female,Platinum,2026-02-25,8073.1
3545,Customer_3545,customer3545@mail.com,Delhi,DL,,Male,Platinum,2025-09-04,8883.34
3546,Customer_3546,customer3546@mail.com,Chennai,TN,,Female,Silver,2025-03-22,3705.38
3547,Customer_3547,customer3547@mail.com,Pune,MH,,Male,Silver,2025-03-03,7839.3
3548,Customer_3548,customer3548@mail.com,Bengaluru,KA,,Female,Platinum,2025-01-13,1721.27
3549,Customer_3549,customer3549@mail.com,Hyderabad,TS,57,Male,Gold,2025-10-09,5783.57
3550,Customer_3550,customer3550@mail.com,Delhi,DL,,Male,Gold,2025-08-17,2070.13
3551,Customer_3551,customer3551@mail.com,Mumbai,MH,,Male,Gold,2025-04-14,9139.92
3552,Customer_3552,customer3552@mail.com,Bengaluru,KA,,Male,Gold,2025-04-10,2003.66
3553,Customer_3553,customer3553@mail.com,Bengaluru,KA,18,Male,Silver,2025-10-31,6273.58
3554,Customer_3554,customer3554@mail.com,Chennai,TN,,Female,Silver,2026-05-01,4007.68
3555,Customer_3555,customer3555@mail.com,Bengaluru,KA,42,Female,Gold,2025-02-03,3107.85
3556,Customer_3556,customer3556@mail.com,Chennai,TN,21,Male,Gold,2025-11-04,7299.92
3557,Customer_3557,customer3557@mail.com,Chennai,TN,49,Female,Silver,2026-01-27,5676.69
3558,Customer_3558,customer3558@mail.com,Delhi,DL,,Male,Silver,2025-11-17,5779.14
3559,Customer_3559,customer3559@mail.com,Hyderabad,TS,,Female,Gold,2025-11-19,4529.47
3560,Customer_3560,customer3560@mail.com,Chennai,TN,,Male,Gold,2026-01-17,7541.65
3561,Customer_3561,customer3561@mail.com,Bengaluru,KA,,Male,Platinum,2025-11-28,5415.67
3562,Customer_3562,customer3562@mail.com,Hyderabad,TS,58,Female,Platinum,2025-09-14,3188.19
3563,Customer_3563,customer3563@mail.com,Chennai,TN,52,Male,Gold,2026-04-18,3047.93
3564,Customer_3564,customer3564@mail.com,Chennai,TN,,Female,Silver,2025-12-04,9396.64
3565,Customer_3565,customer3565@mail.com,Pune,MH,27,Female,Gold,2025-07-15,5205.13
3566,Customer_3566,customer3566@mail.com,Delhi,DL,42,Female,Gold,2025-10-29,5747.23
3567,Customer_3567,customer3567@mail.com,Bengaluru,KA,,Female,Gold,2026-05-10,1806.54
3568,Customer_3568,customer3568@mail.com,Mumbai,MH,55,Male,Platinum,2025-12-22,1801.91
3569,Customer_3569,customer3569@mail.com,Pune,MH,52,Male,Gold,2025-04-02,1699.1
3570,Customer_3570,customer3570@mail.com,Mumbai,MH,60,Male,Gold,2025-03-17,2262.42
3571,Customer_3571,customer3571@mail.com,Mumbai,MH,33,Female,Gold,2026-01-29,224.43
3572,Customer_3572,customer3572@mail.com,Pune,MH,29,Female,Gold,2025-09-17,837.77
3573,Customer_3573,customer3573@mail.com,Mumbai,MH,,Male,Silver,2026-04-03,3988.45
3574,Customer_3574,customer3574@mail.com,Delhi,DL,35,Male,Gold,2026-01-08,5300.6
3575,Customer_3575,customer3575@mail.com,Bengaluru,KA,44,Female,Gold,2026-04-05,7419.17
3576,Customer_3576,customer3576@mail.com,Bengaluru,KA,59,Male,Platinum,2025-08-18,3168.76
3577,Customer_3577,customer3577@mail.com,Bengaluru,KA,,Female,Silver,2025-09-23,6112.4
3578,Customer_3578,customer3578@mail.com,Chennai,TN,,Male,Silver,2025-09-14,8404.48
3579,Customer_3579,customer3579@mail.com,Pune,MH,,Female,Silver,2025-04-30,5149.38
3580,Customer_3580,customer3580@mail.com,Mumbai,MH,21,Female,Gold,2026-01-11,9701.42
3581,Customer_3581,customer3581@mail.com,Mumbai,MH,58,Female,Gold,2025-10-05,2667.63
3582,Customer_3582,customer3582@mail.com,Pune,MH,,Male,Platinum,2025-11-02,7811.28
3583,Customer_3583,customer3583@mail.com,Bengaluru,KA,,Male,Platinum,2025-10-27,9906.6
3584,Customer_3584,customer3584@mail.com,Bengaluru,KA,33,Male,Platinum,2025-07-08,9126.8
3585,Customer_3585,customer3585@mail.com,Hyderabad,TS,,Male,Gold,2025-11-24,3166.15
3586,Customer_3586,customer3586@mail.com,Chennai,TN,,Male,Silver,2025-09-22,5719.15
3587,Customer_3587,customer3587@mail.com,Chennai,TN,,Female,Platinum,2025-08-06,3156.65
3588,Customer_3588,customer3588@mail.com,Mumbai,MH,,Female,Gold,2026-03-06,745.45
3589,Customer_3589,customer3589@mail.com,Delhi,DL,32,Male,Gold,2026-01-18,9643.4
3590,Customer_3590,customer3590@mail.com,Mumbai,MH,44,Female,Gold,2026-01-23,7564.56
3591,Customer_3591,customer3591@mail.com,Delhi,DL,62,Male,Silver,2025-02-23,2800.89
3592,Customer_3592,customer3592@mail.com,Chennai,TN,25,Male,Platinum,2025-08-31,1378.92
3593,Customer_3593,customer3593@mail.com,Hyderabad,TS,,Female,Silver,2025-07-31,1427.79
3594,Customer_3594,customer3594@mail.com,Chennai,TN,,Male,Silver,2026-05-01,3246.71
3595,Customer_3595,customer3595@mail.com,Delhi,DL,,Male,Platinum,2025-11-17,8841.22
3596,Customer_3596,customer3596@mail.com,Mumbai,MH,,Male,Platinum,2026-04-16,4605.46
3597,Customer_3597,customer3597@mail.com,Delhi,DL,,Male,Platinum,2025-09-25,9651.02
3598,Customer_3598,customer3598@mail.com,Pune,MH,62,Female,Silver,2026-02-23,5503.42
3599,Customer_3599,customer3599@mail.com,Bengaluru,KA,,Male,Silver,2026-04-24,6506.2
3600,Customer_3600,customer3600@mail.com,Chennai,TN,,Female,Gold,2026-03-18,6815.87
3601,Customer_3601,customer3601@mail.com,Pune,MH,40,Female,Platinum,2025-11-06,3297.86
3602,Customer_3602,customer3602@mail.com,Chennai,TN,,Male,Gold,2025-07-26,674.7
3603,Customer_3603,customer3603@mail.com,Pune,MH,,Male,Gold,2025-11-23,6327.17
3604,Customer_3604,customer3604@mail.com,Bengaluru,KA,,Female,Gold,2025-10-05,892.02
3605,Customer_3605,customer3605@mail.com,Bengaluru,KA,38,Female,Gold,2025-10-06,8228.81
3606,Customer_3606,customer3606@mail.com,Chennai,TN,,Female,Platinum,2025-01-11,5891.62
3607,Customer_3607,customer3607@mail.com,Hyderabad,TS,44,Female,Gold,2025-06-24,2942.82
3608,Customer_3608,customer3608@mail.com,Mumbai,MH,,Male,Silver,2025-08-12,9170.68
3609,Customer_3609,customer3609@mail.com,Chennai,TN,,Female,Silver,2026-03-17,6283.83
3610,Customer_3610,customer3610@mail.com,Mumbai,MH,,Female,Gold,2026-03-12,4821.59
3611,Customer_3611,customer3611@mail.com,Chennai,TN,35,Male,Silver,2025-12-09,9287.43
3612,Customer_3612,customer3612@mail.com,Chennai,TN,,Female,Silver,2026-02-03,9016.24
3613,Customer_3613,customer3613@mail.com,Bengaluru,KA,60,Female,Silver,2025-05-25,8319.87
3614,Customer_3614,customer3614@mail.com,Delhi,DL,,Male,Gold,2025-11-13,2102.99
3615,Customer_3615,customer3615@mail.com,Mumbai,MH,,Female,Gold,2025-03-05,8257.71
3616,Customer_3616,customer3616@mail.com,Chennai,TN,,Male,Gold,2025-02-05,7884.28
3617,Customer_3617,customer3617@mail.com,Hyderabad,TS,48,Male,Silver,2025-09-21,1119.08
3618,Customer_3618,customer3618@mail.com,Hyderabad,TS,,Female,Gold,2025-12-23,846.09
3619,Customer_3619,customer3619@mail.com,Hyderabad,TS,,Female,Gold,2026-02-04,9838.49
3620,Customer_3620,customer3620@mail.com,Bengaluru,KA,,Female,Platinum,2025-05-26,7089.58
3621,Customer_3621,customer3621@mail.com,Chennai,TN,29,Female,Platinum,2026-05-06,9799.93
3622,Customer_3622,customer3622@mail.com,Pune,MH,45,Female,Platinum,2025-06-24,9857.63
3623,Customer_3623,customer3623@mail.com,Pune,MH,22,Male,Silver,2025-10-06,9054.22
3624,Customer_3624,customer3624@mail.com,Pune,MH,,Male,Platinum,2025-04-26,241.91
3625,Customer_3625,customer3625@mail.com,Bengaluru,KA,33,Male,Platinum,2025-01-04,4746.73
3626,Customer_3626,customer3626@mail.com,Pune,MH,40,Female,Platinum,2026-03-18,837.06
3627,Customer_3627,customer3627@mail.com,Chennai,TN,47,Female,Silver,2025-02-23,4237.78
3628,Customer_3628,customer3628@mail.com,Mumbai,MH,62,Female,Gold,2025-06-06,5539.12
3629,Customer_3629,customer3629@mail.com,Mumbai,MH,,Male,Platinum,2025-04-25,9002.26
3630,Customer_3630,customer3630@mail.com,Chennai,TN,,Male,Platinum,2025-07-19,501.54
3631,Customer_3631,customer3631@mail.com,Chennai,TN,,Female,Gold,2025-07-15,575.68
3632,Customer_3632,customer3632@mail.com,Pune,MH,,Male,Gold,2025-11-10,1846.27
3633,Customer_3633,customer3633@mail.com,Bengaluru,KA,41,Female,Silver,2025-10-28,4980.08
3634,Customer_3634,customer3634@mail.com,Bengaluru,KA,,Male,Gold,2026-03-19,9337.37
3635,Customer_3635,customer3635@mail.com,Mumbai,MH,43,Female,Silver,2025-06-11,4436.62
3636,Customer_3636,customer3636@mail.com,Bengaluru,KA,27,Female,Gold,2026-05-02,4700.75
3637,Customer_3637,customer3637@mail.com,Pune,MH,46,Male,Silver,2025-03-30,2072.02
3638,Customer_3638,customer3638@mail.com,Chennai,TN,,Female,Platinum,2025-10-07,2692.39
3639,Customer_3639,customer3639@mail.com,Delhi,DL,,Male,Gold,2025-05-12,4231.12
3640,Customer_3640,customer3640@mail.com,Hyderabad,TS,,Female,Gold,2026-01-25,6802.59
3641,Customer_3641,customer3641@mail.com,Chennai,TN,,Female,Silver,2025-09-07,3608.49
3642,Customer_3642,customer3642@mail.com,Chennai,TN,,Male,Gold,2025-10-04,2341.78
3643,Customer_3643,customer3643@mail.com,Chennai,TN,63,Male,Platinum,2025-08-26,149.78
3644,Customer_3644,customer3644@mail.com,Pune,MH,,Male,Silver,2026-05-04,8443.7
3645,Customer_3645,customer3645@mail.com,Chennai,TN,,Male,Platinum,2025-11-15,8022.71
3646,Customer_3646,customer3646@mail.com,Mumbai,MH,40,Male,Gold,2025-03-27,809.8
3647,Customer_3647,customer3647@mail.com,Hyderabad,TS,,Male,Platinum,2026-04-01,5410.28
3648,Customer_3648,customer3648@mail.com,Bengaluru,KA,23,Male,Platinum,2025-08-28,8853.38
3649,Customer_3649,customer3649@mail.com,Chennai,TN,22,Male,Silver,2025-12-10,9724.61
3650,Customer_3650,customer3650@mail.com,Delhi,DL,65,Male,Gold,2025-09-23,4322.98
3651,Customer_3651,customer3651@mail.com,Delhi,DL,,Female,Silver,2025-09-28,6271.13
3652,Customer_3652,customer3652@mail.com,Pune,MH,25,Male,Silver,2025-11-02,9269.96
3653,Customer_3653,customer3653@mail.com,Hyderabad,TS,,Male,Platinum,2025-08-16,8160.71
3654,Customer_3654,customer3654@mail.com,Chennai,TN,,Male,Silver,2025-08-24,8411.81
3655,Customer_3655,customer3655@mail.com,Mumbai,MH,,Male,Silver,2025-05-10,1209.85
3656,Customer_3656,customer3656@mail.com,Chennai,TN,,Female,Silver,2026-03-26,2676.1
3657,Customer_3657,customer3657@mail.com,Bengaluru,KA,59,Female,Platinum,2026-03-06,6999.05
3658,Customer_3658,customer3658@mail.com,Mumbai,MH,49,Male,Gold,2026-05-07,7434.58
3659,Customer_3659,customer3659@mail.com,Hyderabad,TS,,Female,Silver,2025-07-18,7133.71
3660,Customer_3660,customer3660@mail.com,Chennai,TN,,Male,Silver,2025-01-01,2398.64
3661,Customer_3661,customer3661@mail.com,Chennai,TN,30,Male,Silver,2025-06-01,2937.33
3662,Customer_3662,customer3662@mail.com,Pune,MH,62,Female,Platinum,2026-04-27,961.99
3663,Customer_3663,customer3663@mail.com,Mumbai,MH,43,Male,Gold,2025-10-04,3007.64
3664,Customer_3664,customer3664@mail.com,Delhi,DL,29,Female,Silver,2025-12-11,8164.49
3665,Customer_3665,customer3665@mail.com,Mumbai,MH,39,Male,Silver,2025-05-19,9928.17
3666,Customer_3666,customer3666@mail.com,Pune,MH,,Male,Gold,2025-10-12,6499.41
3667,Customer_3667,customer3667@mail.com,Delhi,DL,,Female,Gold,2026-03-27,2640.98
3668,Customer_3668,customer3668@mail.com,Chennai,TN,,Male,Silver,2025-08-25,9018.71
3669,Customer_3669,customer3669@mail.com,Chennai,TN,32,Female,Silver,2026-01-01,2787.53
3670,Customer_3670,customer3670@mail.com,Hyderabad,TS,,Female,Silver,2025-06-22,7435.12
3671,Customer_3671,customer3671@mail.com,Mumbai,MH,,Male,Platinum,2025-01-06,8155.99
3672,Customer_3672,customer3672@mail.com,Mumbai,MH,22,Female,Gold,2025-10-23,1725.95
3673,Customer_3673,customer3673@mail.com,Bengaluru,KA,,Male,Platinum,2025-03-02,2022.94
3674,Customer_3674,customer3674@mail.com,Delhi,DL,21,Male,Platinum,2025-06-12,2290.83
3675,Customer_3675,customer3675@mail.com,Bengaluru,KA,,Female,Platinum,2025-04-18,651.18
3676,Customer_3676,customer3676@mail.com,Mumbai,MH,19,Female,Platinum,2025-09-26,3441.59
3677,Customer_3677,customer3677@mail.com,Pune,MH,27,Male,Gold,2025-08-02,6129.76
3678,Customer_3678,customer3678@mail.com,Mumbai,MH,,Female,Gold,2025-04-07,589.89
3679,Customer_3679,customer3679@mail.com,Delhi,DL,21,Male,Gold,2026-01-13,2921.61
3680,Customer_3680,customer3680@mail.com,Bengaluru,KA,46,Male,Gold,2025-06-13,5367.63
3681,Customer_3681,customer3681@mail.com,Bengaluru,KA,34,Female,Platinum,2025-06-15,1295.59
3682,Customer_3682,customer3682@mail.com,Hyderabad,TS,33,Male,Gold,2025-04-25,4807.14
3683,Customer_3683,customer3683@mail.com,Hyderabad,TS,56,Female,Platinum,2026-03-03,3592.31
3684,Customer_3684,customer3684@mail.com,Chennai,TN,58,Female,Platinum,2026-01-17,8739.9
3685,Customer_3685,customer3685@mail.com,Pune,MH,31,Female,Silver,2026-04-05,3856.09
3686,Customer_3686,customer3686@mail.com,Hyderabad,TS,,Female,Gold,2025-05-26,9636.97
3687,Customer_3687,customer3687@mail.com,Delhi,DL,62,Male,Silver,2025-07-12,7537.22
3688,Customer_3688,customer3688@mail.com,Chennai,TN,,Male,Platinum,2026-03-23,298.91
3689,Customer_3689,customer3689@mail.com,Hyderabad,TS,25,Male,Silver,2025-11-03,9854.59
3690,Customer_3690,customer3690@mail.com,Delhi,DL,23,Female,Silver,2025-06-16,2883.79
3691,Customer_3691,customer3691@mail.com,Pune,MH,60,Female,Gold,2025-03-25,1520.46
3692,Customer_3692,customer3692@mail.com,Chennai,TN,18,Female,Platinum,2025-05-07,768.23
3693,Customer_3693,customer3693@mail.com,Hyderabad,TS,,Female,Platinum,2025-12-20,6792.77
3694,Customer_3694,customer3694@mail.com,Pune,MH,60,Female,Gold,2026-01-30,9393.12
3695,Customer_3695,customer3695@mail.com,Delhi,DL,40,Female,Platinum,2025-12-10,8038.27
3696,Customer_3696,customer3696@mail.com,Hyderabad,TS,,Female,Platinum,2025-02-03,6522.34
3697,Customer_3697,customer3697@mail.com,Chennai,TN,58,Male,Platinum,2026-02-13,5175.91
3698,Customer_3698,customer3698@mail.com,Hyderabad,TS,,Female,Silver,2026-04-03,1712.46
3699,Customer_3699,customer3699@mail.com,Pune,MH,63,Female,Platinum,2026-01-05,677.54
3700,Customer_3700,customer3700@mail.com,Delhi,DL,,Male,Gold,2025-04-05,9110.37
3701,Customer_3701,customer3701@mail.com,Delhi,DL,59,Male,Gold,2026-04-20,3509.19
3702,Customer_3702,customer3702@mail.com,Delhi,DL,,Male,Gold,2025-10-28,1754.35
3703,Customer_3703,customer3703@mail.com,Pune,MH,,Female,Platinum,2025-02-06,8552.8
3704,Customer_3704,customer3704@mail.com,Bengaluru,KA,,Male,Platinum,2025-01-13,6590.45
3705,Customer_3705,customer3705@mail.com,Delhi,DL,,Female,Silver,2025-04-10,5503.35
3706,Customer_3706,customer3706@mail.com,Mumbai,MH,,Female,Gold,2025-07-15,900.1
3707,Customer_3707,customer3707@mail.com,Chennai,TN,,Male,Platinum,2026-01-02,3252.63
3708,Customer_3708,customer3708@mail.com,Delhi,DL,58,Male,Platinum,2026-02-06,8506.59
3709,Customer_3709,customer3709@mail.com,Chennai,TN,56,Female,Platinum,2025-12-03,3708.58
3710,Customer_3710,customer3710@mail.com,Mumbai,MH,59,Female,Gold,2025-03-29,3914.86
3711,Customer_3711,customer3711@mail.com,Hyderabad,TS,25,Male,Silver,2026-01-25,3506.78
3712,Customer_3712,customer3712@mail.com,Delhi,DL,33,Female,Gold,2026-04-20,7428.74
3713,Customer_3713,customer3713@mail.com,Pune,MH,,Male,Gold,2026-01-27,599.36
3714,Customer_3714,customer3714@mail.com,Mumbai,MH,46,Male,Silver,2026-05-07,7165.39
3715,Customer_3715,customer3715@mail.com,Delhi,DL,49,Male,Silver,2025-12-12,3608.42
3716,Customer_3716,customer3716@mail.com,Bengaluru,KA,,Female,Silver,2026-04-11,2956.35
3717,Customer_3717,customer3717@mail.com,Chennai,TN,65,Female,Gold,2026-01-28,733.88
3718,Customer_3718,customer3718@mail.com,Hyderabad,TS,59,Female,Gold,2025-01-28,342.71
3719,Customer_3719,customer3719@mail.com,Delhi,DL,34,Male,Gold,2025-04-25,9362.9
3720,Customer_3720,customer3720@mail.com,Hyderabad,TS,,Male,Gold,2026-01-15,2668.61
3721,Customer_3721,customer3721@mail.com,Mumbai,MH,33,Male,Gold,2025-02-07,4589.54
3722,Customer_3722,,Bengaluru,KA,,Male,Gold,2025-04-10,3204.0
3723,Customer_3723,customer3723@mail.com,Bengaluru,KA,,Female,Platinum,2026-01-01,3466.58
3724,Customer_3724,customer3724@mail.com,Bengaluru,KA,49,Male,Platinum,2026-02-21,5836.92
3725,Customer_3725,customer3725@mail.com,Mumbai,MH,,Male,Gold,2026-01-10,3368.39
3726,Customer_3726,customer3726@mail.com,Bengaluru,KA,44,Female,Platinum,2026-02-16,8104.82
3727,Customer_3727,customer3727@mail.com,Delhi,DL,36,Female,Gold,2025-03-13,8363.31
3728,Customer_3728,customer3728@mail.com,Hyderabad,TS,,Male,Gold,2025-06-04,1181.51
3729,Customer_3729,customer3729@mail.com,Chennai,TN,31,Female,Gold,2025-02-20,4796.43
3730,Customer_3730,customer3730@mail.com,Hyderabad,TS,,Female,Silver,2025-08-29,5999.18
3731,Customer_3731,customer3731@mail.com,Hyderabad,TS,58,Female,Platinum,2025-07-15,4623.78
3732,Customer_3732,customer3732@mail.com,Mumbai,MH,36,Female,Silver,2026-02-09,4106.01
3733,Customer_3733,customer3733@mail.com,Bengaluru,KA,,Female,Platinum,2025-04-12,508.74
3734,Customer_3734,customer3734@mail.com,Pune,MH,,Female,Platinum,2025-04-09,3358.39
3735,Customer_3735,customer3735@mail.com,Delhi,DL,,Female,Silver,2025-06-13,4245.15
3736,Customer_3736,customer3736@mail.com,Hyderabad,TS,,Male,Gold,2025-10-22,5810.2
3737,Customer_3737,customer3737@mail.com,Chennai,TN,40,Female,Silver,2025-07-07,5934.79
3738,Customer_3738,customer3738@mail.com,Hyderabad,TS,,Female,Platinum,2025-03-03,1638.98
3739,Customer_3739,customer3739@mail.com,Pune,MH,,Male,Gold,2025-12-15,4119.31
3740,Customer_3740,customer3740@mail.com,Delhi,DL,,Male,Gold,2025-08-26,1314.15
3741,Customer_3741,customer3741@mail.com,Chennai,TN,,Female,Platinum,2026-01-31,4126.23
3742,Customer_3742,customer3742@mail.com,Mumbai,MH,27,Female,Gold,2025-12-16,2904.88
3743,Customer_3743,customer3743@mail.com,Bengaluru,KA,,Female,Silver,2025-08-17,6921.92
3744,Customer_3744,customer3744@mail.com,Bengaluru,KA,,Male,Platinum,2025-11-23,5847.77
3745,Customer_3745,,Chennai,TN,53,Female,Silver,2025-06-11,4137.05
3746,Customer_3746,customer3746@mail.com,Pune,MH,23,Female,Gold,2025-02-17,3759.08
3747,Customer_3747,customer3747@mail.com,Hyderabad,TS,,Female,Silver,2026-05-02,9910.61
3748,Customer_3748,customer3748@mail.com,Pune,MH,63,Male,Silver,2025-01-18,9556.13
3749,Customer_3749,customer3749@mail.com,Hyderabad,TS,,Male,Silver,2025-01-11,6538.92
3750,Customer_3750,customer3750@mail.com,Hyderabad,TS,29,Female,Silver,2026-05-01,6456.63
3751,Customer_3751,customer3751@mail.com,Chennai,TN,,Female,Gold,2025-02-12,7639.22
3752,Customer_3752,customer3752@mail.com,Hyderabad,TS,,Male,Silver,2025-12-27,9836.24
3753,Customer_3753,customer3753@mail.com,Mumbai,MH,,Male,Gold,2025-09-12,1616.85
3754,Customer_3754,customer3754@mail.com,Chennai,TN,,Male,Platinum,2025-02-01,6305.25
3755,Customer_3755,customer3755@mail.com,Delhi,DL,34,Male,Platinum,2025-02-17,1826.86
3756,Customer_3756,customer3756@mail.com,Mumbai,MH,,Female,Silver,2025-10-23,7870.64
3757,Customer_3757,customer3757@mail.com,Bengaluru,KA,,Male,Silver,2025-02-16,953.47
3758,Customer_3758,customer3758@mail.com,Delhi,DL,21,Male,Platinum,2025-11-08,4789.93
3759,Customer_3759,customer3759@mail.com,Bengaluru,KA,53,Male,Platinum,2026-03-10,4961.18
3760,Customer_3760,customer3760@mail.com,Bengaluru,KA,20,Female,Silver,2026-05-08,247.9
3761,Customer_3761,customer3761@mail.com,Hyderabad,TS,,Male,Gold,2025-12-16,1521.3
3762,Customer_3762,customer3762@mail.com,Hyderabad,TS,,Female,Platinum,2025-08-24,3534.37
3763,Customer_3763,customer3763@mail.com,Bengaluru,KA,27,Male,Platinum,2025-12-24,3658.43
3764,Customer_3764,customer3764@mail.com,Mumbai,MH,39,Female,Gold,2025-06-07,6434.7
3765,Customer_3765,customer3765@mail.com,Pune,MH,,Male,Silver,2025-05-27,2058.57
3766,Customer_3766,customer3766@mail.com,Mumbai,MH,,Male,Platinum,2025-07-22,8430.19
3767,Customer_3767,customer3767@mail.com,Mumbai,MH,56,Male,Silver,2025-12-12,2166.11
3768,Customer_3768,customer3768@mail.com,Pune,MH,50,Male,Gold,2025-01-31,274.53
3769,Customer_3769,customer3769@mail.com,Hyderabad,TS,,Male,Gold,2025-05-30,1028.91
3770,Customer_3770,customer3770@mail.com,Bengaluru,KA,50,Male,Silver,2026-05-03,2213.89
3771,Customer_3771,customer3771@mail.com,Hyderabad,TS,,Male,Gold,2026-01-09,4506.85
3772,Customer_3772,customer3772@mail.com,Bengaluru,KA,55,Female,Silver,2026-04-20,8481.39
3773,Customer_3773,customer3773@mail.com,Hyderabad,TS,38,Female,Gold,2025-05-14,2943.27
3774,Customer_3774,customer3774@mail.com,Mumbai,MH,22,Female,Gold,2026-02-02,9003.61
3775,Customer_3775,customer3775@mail.com,Chennai,TN,,Male,Platinum,2025-04-04,8073.36
3776,Customer_3776,customer3776@mail.com,Hyderabad,TS,,Male,Platinum,2025-10-29,3407.65
3777,Customer_3777,customer3777@mail.com,Bengaluru,KA,44,Male,Gold,2025-08-14,3086.3
3778,Customer_3778,customer3778@mail.com,Bengaluru,KA,,Male,Platinum,2026-02-27,4401.85
3779,Customer_3779,customer3779@mail.com,Mumbai,MH,,Male,Gold,2025-01-31,4182.64
3780,Customer_3780,customer3780@mail.com,Bengaluru,KA,,Female,Gold,2025-06-14,7005.83
3781,Customer_3781,customer3781@mail.com,Chennai,TN,,Female,Silver,2025-07-21,4600.91
3782,Customer_3782,customer3782@mail.com,Pune,MH,,Female,Silver,2025-11-17,4800.09
3783,Customer_3783,customer3783@mail.com,Bengaluru,KA,,Male,Gold,2026-01-15,4596.48
3784,Customer_3784,customer3784@mail.com,Bengaluru,KA,,Male,Silver,2026-01-05,7109.12
3785,Customer_3785,customer3785@mail.com,Bengaluru,KA,36,Female,Platinum,2025-08-20,5490.96
3786,Customer_3786,customer3786@mail.com,Delhi,DL,,Male,Silver,2025-12-10,1005.48
3787,Customer_3787,customer3787@mail.com,Delhi,DL,,Male,Platinum,2026-02-10,4216.92
3788,Customer_3788,customer3788@mail.com,Delhi,DL,,Male,Platinum,2025-04-18,7890.8
3789,Customer_3789,customer3789@mail.com,Hyderabad,TS,49,Male,Platinum,2025-08-19,7743.45
3790,Customer_3790,customer3790@mail.com,Mumbai,MH,32,Male,Silver,2025-10-22,6269.76
3791,Customer_3791,customer3791@mail.com,Pune,MH,41,Male,Silver,2025-10-12,5230.5
3792,Customer_3792,customer3792@mail.com,Delhi,DL,41,Male,Platinum,2026-02-18,5190.25
3793,Customer_3793,customer3793@mail.com,Hyderabad,TS,46,Male,Silver,2025-03-28,5238.56
3794,Customer_3794,customer3794@mail.com,Hyderabad,TS,29,Female,Gold,2025-09-28,6426.39
3795,Customer_3795,customer3795@mail.com,Delhi,DL,,Female,Platinum,2025-10-15,6112.48
3796,Customer_3796,customer3796@mail.com,Chennai,TN,,Female,Silver,2025-08-27,6485.31
3797,Customer_3797,customer3797@mail.com,Mumbai,MH,24,Female,Platinum,2026-05-07,1365.39
3798,Customer_3798,customer3798@mail.com,Mumbai,MH,24,Male,Platinum,2025-01-19,5472.77
3799,Customer_3799,customer3799@mail.com,Bengaluru,KA,33,Female,Silver,2026-02-20,9627.25
3800,Customer_3800,customer3800@mail.com,Mumbai,MH,24,Female,Gold,2025-07-29,3280.82
3801,Customer_3801,customer3801@mail.com,Pune,MH,,Male,Gold,2025-03-21,7365.78
3802,Customer_3802,customer3802@mail.com,Pune,MH,,Female,Silver,2025-06-04,4588.76
3803,Customer_3803,customer3803@mail.com,Pune,MH,,Male,Gold,2025-03-04,6961.22
3804,Customer_3804,customer3804@mail.com,Delhi,DL,,Male,Silver,2025-11-29,2275.83
3805,Customer_3805,customer3805@mail.com,Chennai,TN,,Male,Silver,2026-01-07,3979.43
3806,Customer_3806,customer3806@mail.com,Chennai,TN,,Male,Platinum,2025-03-20,622.95
3807,Customer_3807,customer3807@mail.com,Chennai,TN,60,Male,Gold,2025-08-20,8167.01
3808,Customer_3808,customer3808@mail.com,Hyderabad,TS,,Male,Gold,2026-02-04,9457.43
3809,Customer_3809,customer3809@mail.com,Mumbai,MH,21,Female,Gold,2025-11-21,6335.49
3810,Customer_3810,customer3810@mail.com,Pune,MH,30,Female,Platinum,2025-01-23,1795.57
3811,Customer_3811,customer3811@mail.com,Mumbai,MH,,Female,Platinum,2025-09-21,3850.74
3812,Customer_3812,customer3812@mail.com,Hyderabad,TS,,Male,Gold,2025-10-29,3208.27
3813,Customer_3813,customer3813@mail.com,Bengaluru,KA,,Female,Gold,2025-01-15,1153.73
3814,Customer_3814,customer3814@mail.com,Mumbai,MH,,Male,Silver,2026-04-23,6566.86
3815,Customer_3815,customer3815@mail.com,Chennai,TN,,Female,Silver,2025-03-08,5767.84
3816,Customer_3816,customer3816@mail.com,Pune,MH,25,Female,Platinum,2026-03-31,6369.22
3817,Customer_3817,customer3817@mail.com,Pune,MH,22,Female,Silver,2025-12-05,7678.78
3818,Customer_3818,customer3818@mail.com,Hyderabad,TS,28,Male,Gold,2025-03-12,1346.39
3819,Customer_3819,customer3819@mail.com,Bengaluru,KA,,Male,Platinum,2026-02-27,1792.47
3820,Customer_3820,customer3820@mail.com,Chennai,TN,32,Male,Platinum,2025-07-30,4771.21
3821,Customer_3821,customer3821@mail.com,Bengaluru,KA,,Female,Gold,2025-10-13,3325.76
3822,Customer_3822,customer3822@mail.com,Pune,MH,,Male,Platinum,2025-08-06,4859.85
3823,Customer_3823,customer3823@mail.com,Pune,MH,41,Male,Silver,2026-03-15,4160.88
3824,Customer_3824,customer3824@mail.com,Pune,MH,30,Female,Gold,2025-05-11,3076.46
3825,Customer_3825,customer3825@mail.com,Hyderabad,TS,28,Female,Silver,2026-02-23,9137.26
3826,Customer_3826,customer3826@mail.com,Bengaluru,KA,28,Female,Platinum,2025-10-30,5641.02
3827,Customer_3827,customer3827@mail.com,Pune,MH,,Female,Platinum,2025-07-18,855.58
3828,Customer_3828,customer3828@mail.com,Bengaluru,KA,20,Female,Silver,2026-03-01,7639.13
3829,Customer_3829,customer3829@mail.com,Pune,MH,,Female,Gold,2026-03-07,4198.4
3830,Customer_3830,customer3830@mail.com,Chennai,TN,,Female,Silver,2025-10-02,1559.32
3831,Customer_3831,customer3831@mail.com,Bengaluru,KA,42,Female,Platinum,2025-07-04,2210.22
3832,Customer_3832,customer3832@mail.com,Pune,MH,,Female,Silver,2026-05-03,3664.09
3833,Customer_3833,customer3833@mail.com,Bengaluru,KA,,Female,Platinum,2025-05-29,1955.42
3834,Customer_3834,customer3834@mail.com,Pune,MH,57,Male,Platinum,2025-08-27,1609.32
3835,Customer_3835,customer3835@mail.com,Pune,MH,53,Female,Platinum,2025-08-10,8723.7
3836,Customer_3836,customer3836@mail.com,Delhi,DL,55,Male,Silver,2025-07-01,6765.89
3837,Customer_3837,customer3837@mail.com,Hyderabad,TS,,Female,Platinum,2025-12-26,456.94
3838,Customer_3838,customer3838@mail.com,Pune,MH,,Female,Platinum,2026-01-12,6093.35
3839,Customer_3839,customer3839@mail.com,Bengaluru,KA,,Male,Gold,2025-09-13,3537.15
3840,Customer_3840,customer3840@mail.com,Hyderabad,TS,,Male,Platinum,2026-04-16,8921.32
3841,Customer_3841,customer3841@mail.com,Hyderabad,TS,,Male,Silver,2026-03-22,8928.72
3842,Customer_3842,customer3842@mail.com,Bengaluru,KA,,Female,Gold,2025-10-31,8675.43
3843,Customer_3843,customer3843@mail.com,Chennai,TN,18,Female,Silver,2025-09-10,9847.49
3844,Customer_3844,customer3844@mail.com,Bengaluru,KA,,Male,Platinum,2025-02-10,5178.63
3845,Customer_3845,customer3845@mail.com,Mumbai,MH,,Female,Platinum,2026-05-06,5013.03
3846,Customer_3846,customer3846@mail.com,Delhi,DL,,Male,Gold,2026-02-06,6090.13
3847,Customer_3847,customer3847@mail.com,Mumbai,MH,,Female,Silver,2025-04-10,126.77
3848,Customer_3848,customer3848@mail.com,Chennai,TN,54,Female,Gold,2025-06-25,1340.18
3849,Customer_3849,customer3849@mail.com,Delhi,DL,,Male,Platinum,2025-11-09,7012.0
3850,Customer_3850,customer3850@mail.com,Hyderabad,TS,,Female,Platinum,2026-01-16,1782.73
3851,Customer_3851,customer3851@mail.com,Pune,MH,,Female,Silver,2025-04-08,669.87
3852,Customer_3852,customer3852@mail.com,Chennai,TN,,Male,Silver,2025-01-03,7813.55
3853,Customer_3853,customer3853@mail.com,Chennai,TN,,Male,Silver,2025-03-04,2445.52
3854,Customer_3854,customer3854@mail.com,Hyderabad,TS,61,Male,Silver,2025-11-09,2752.15
3855,Customer_3855,customer3855@mail.com,Bengaluru,KA,,Male,Silver,2025-02-24,3020.52
3856,Customer_3856,customer3856@mail.com,Chennai,TN,,Female,Gold,2026-03-12,3846.55
3857,Customer_3857,customer3857@mail.com,Mumbai,MH,36,Male,Platinum,2025-03-06,6156.36
3858,Customer_3858,customer3858@mail.com,Bengaluru,KA,42,Male,Platinum,2025-10-15,536.41
3859,Customer_3859,customer3859@mail.com,Pune,MH,38,Female,Gold,2025-08-14,1571.39
3860,Customer_3860,customer3860@mail.com,Hyderabad,TS,18,Male,Gold,2025-12-01,3589.12
3861,Customer_3861,customer3861@mail.com,Pune,MH,,Female,Platinum,2026-01-22,7744.27
3862,Customer_3862,customer3862@mail.com,Hyderabad,TS,43,Male,Silver,2025-12-07,3904.11
3863,Customer_3863,customer3863@mail.com,Bengaluru,KA,51,Male,Gold,2025-11-02,8052.98
3864,Customer_3864,customer3864@mail.com,Chennai,TN,,Female,Silver,2025-03-02,7497.7
3865,Customer_3865,customer3865@mail.com,Chennai,TN,34,Male,Platinum,2025-10-15,2391.13
3866,Customer_3866,customer3866@mail.com,Chennai,TN,,Male,Silver,2025-10-20,4345.31
3867,Customer_3867,customer3867@mail.com,Bengaluru,KA,32,Male,Silver,2025-08-05,8543.55
3868,Customer_3868,customer3868@mail.com,Mumbai,MH,,Male,Platinum,2025-09-08,2412.51
3869,Customer_3869,customer3869@mail.com,Delhi,DL,,Male,Platinum,2025-03-13,5899.44
3870,Customer_3870,customer3870@mail.com,Mumbai,MH,,Female,Gold,2026-02-17,2720.84
3871,Customer_3871,customer3871@mail.com,Pune,MH,,Female,Gold,2026-01-04,5044.05
3872,Customer_3872,customer3872@mail.com,Bengaluru,KA,,Female,Silver,2025-09-17,4286.27
3873,Customer_3873,customer3873@mail.com,Bengaluru,KA,,Male,Gold,2026-05-14,7383.11
3874,Customer_3874,customer3874@mail.com,Chennai,TN,47,Male,Silver,2025-04-01,6693.02
3875,Customer_3875,customer3875@mail.com,Mumbai,MH,55,Female,Gold,2025-08-04,1006.54
3876,Customer_3876,customer3876@mail.com,Mumbai,MH,57,Male,Platinum,2025-03-07,1505.0
3877,Customer_3877,customer3877@mail.com,Pune,MH,23,Female,Silver,2026-04-09,8729.2
3878,Customer_3878,customer3878@mail.com,Mumbai,MH,40,Female,Silver,2026-02-03,5776.61
3879,Customer_3879,customer3879@mail.com,Pune,MH,26,Female,Platinum,2026-03-19,2920.34
3880,Customer_3880,customer3880@mail.com,Chennai,TN,43,Female,Platinum,2025-04-18,9839.19
3881,Customer_3881,customer3881@mail.com,Chennai,TN,,Male,Platinum,2025-08-27,3169.92
3882,Customer_3882,customer3882@mail.com,Delhi,DL,,Female,Platinum,2025-11-17,1082.92
3883,Customer_3883,customer3883@mail.com,Chennai,TN,35,Female,Silver,2025-11-09,8395.01
3884,Customer_3884,customer3884@mail.com,Delhi,DL,33,Female,Silver,2025-05-13,7563.62
3885,Customer_3885,customer3885@mail.com,Chennai,TN,,Male,Silver,2026-03-26,1518.93
3886,Customer_3886,customer3886@mail.com,Bengaluru,KA,,Male,Platinum,2025-02-01,9467.8
3887,Customer_3887,customer3887@mail.com,Delhi,DL,59,Female,Platinum,2026-03-29,4773.26
3888,Customer_3888,customer3888@mail.com,Pune,MH,,Female,Platinum,2025-10-10,7862.39
3889,Customer_3889,customer3889@mail.com,Mumbai,MH,57,Female,Platinum,2026-04-18,6223.88
3890,Customer_3890,customer3890@mail.com,Bengaluru,KA,33,Female,Silver,2025-06-18,3076.55
3891,Customer_3891,customer3891@mail.com,Bengaluru,KA,,Male,Silver,2025-03-06,227.18
3892,Customer_3892,customer3892@mail.com,Hyderabad,TS,50,Male,Gold,2025-01-28,9661.57
3893,Customer_3893,customer3893@mail.com,Delhi,DL,,Male,Silver,2025-06-18,5060.43
3894,Customer_3894,customer3894@mail.com,Pune,MH,,Male,Silver,2025-01-23,5027.03
3895,Customer_3895,customer3895@mail.com,Pune,MH,50,Male,Silver,2025-06-09,9528.17
3896,Customer_3896,customer3896@mail.com,Delhi,DL,,Female,Silver,2025-05-09,2366.48
3897,Customer_3897,customer3897@mail.com,Bengaluru,KA,,Female,Platinum,2025-04-16,8172.46
3898,Customer_3898,customer3898@mail.com,Delhi,DL,,Male,Gold,2025-08-13,7014.02
3899,Customer_3899,customer3899@mail.com,Bengaluru,KA,24,Female,Silver,2025-06-11,5204.36
3900,Customer_3900,customer3900@mail.com,Chennai,TN,,Female,Platinum,2025-10-18,7254.45
3901,Customer_3901,customer3901@mail.com,Hyderabad,TS,31,Male,Platinum,2025-12-04,8127.35
3902,Customer_3902,customer3902@mail.com,Delhi,DL,,Male,Gold,2025-04-13,3863.0
3903,Customer_3903,customer3903@mail.com,Bengaluru,KA,,Female,Platinum,2025-03-23,1474.45
3904,Customer_3904,customer3904@mail.com,Mumbai,MH,29,Male,Gold,2025-10-27,4349.2
3905,Customer_3905,customer3905@mail.com,Pune,MH,43,Female,Silver,2025-09-11,4707.0
3906,Customer_3906,customer3906@mail.com,Mumbai,MH,27,Female,Gold,2025-05-04,725.01
3907,Customer_3907,customer3907@mail.com,Hyderabad,TS,47,Female,Gold,2026-04-07,452.9
3908,Customer_3908,customer3908@mail.com,Pune,MH,46,Male,Platinum,2025-04-09,3449.32
3909,Customer_3909,customer3909@mail.com,Hyderabad,TS,,Male,Silver,2025-04-06,4031.76
3910,Customer_3910,customer3910@mail.com,Pune,MH,65,Male,Gold,2025-08-22,6453.27
3911,Customer_3911,customer3911@mail.com,Hyderabad,TS,,Male,Gold,2026-05-13,625.7
3912,Customer_3912,customer3912@mail.com,Hyderabad,TS,,Male,Platinum,2025-06-29,3005.68
3913,Customer_3913,customer3913@mail.com,Pune,MH,,Female,Silver,2025-07-18,3912.01
3914,Customer_3914,customer3914@mail.com,Bengaluru,KA,41,Male,Platinum,2025-05-20,9480.78
3915,Customer_3915,customer3915@mail.com,Pune,MH,38,Female,Gold,2026-01-04,3790.04
3916,Customer_3916,customer3916@mail.com,Hyderabad,TS,50,Male,Silver,2025-07-01,4985.05
3917,Customer_3917,customer3917@mail.com,Mumbai,MH,25,Female,Silver,2025-11-19,6311.16
3918,Customer_3918,customer3918@mail.com,Chennai,TN,43,Male,Gold,2025-03-10,9652.38
3919,Customer_3919,customer3919@mail.com,Mumbai,MH,21,Male,Silver,2025-08-17,6266.01
3920,Customer_3920,customer3920@mail.com,Bengaluru,KA,50,Male,Silver,2025-05-07,5198.62
3921,Customer_3921,customer3921@mail.com,Pune,MH,51,Female,Platinum,2025-07-28,6644.57
3922,Customer_3922,customer3922@mail.com,Bengaluru,KA,,Male,Gold,2025-08-16,7146.07
3923,Customer_3923,customer3923@mail.com,Pune,MH,,Male,Platinum,2025-06-08,5899.33
3924,Customer_3924,customer3924@mail.com,Pune,MH,40,Female,Silver,2026-05-15,7500.9
3925,Customer_3925,customer3925@mail.com,Hyderabad,TS,24,Female,Gold,2026-02-20,1348.04
3926,Customer_3926,customer3926@mail.com,Bengaluru,KA,,Male,Gold,2025-01-26,4941.08
3927,Customer_3927,customer3927@mail.com,Delhi,DL,,Female,Silver,2025-06-19,3846.37
3928,Customer_3928,customer3928@mail.com,Pune,MH,,Female,Silver,2025-07-29,1938.13
3929,Customer_3929,customer3929@mail.com,Delhi,DL,24,Male,Platinum,2025-08-30,9085.68
3930,Customer_3930,customer3930@mail.com,Delhi,DL,41,Female,Silver,2026-03-26,3433.63
3931,Customer_3931,customer3931@mail.com,Chennai,TN,18,Female,Gold,2025-06-09,8627.09
3932,Customer_3932,customer3932@mail.com,Bengaluru,KA,,Male,Platinum,2025-07-06,6176.92
3933,Customer_3933,,Bengaluru,KA,,Female,Platinum,2025-04-22,3078.98
3934,Customer_3934,customer3934@mail.com,Delhi,DL,18,Male,Gold,2025-01-27,1117.28
3935,Customer_3935,customer3935@mail.com,Pune,MH,,Male,Silver,2025-11-13,2989.73
3936,Customer_3936,customer3936@mail.com,Delhi,DL,,Male,Silver,2026-02-09,122.61
3937,Customer_3937,customer3937@mail.com,Hyderabad,TS,,Female,Gold,2025-12-07,5964.13
3938,Customer_3938,customer3938@mail.com,Chennai,TN,55,Female,Gold,2026-02-03,8732.18
3939,Customer_3939,customer3939@mail.com,Chennai,TN,,Female,Gold,2025-07-28,5777.27
3940,Customer_3940,customer3940@mail.com,Pune,MH,,Female,Platinum,2025-03-16,3547.41
3941,Customer_3941,customer3941@mail.com,Chennai,TN,64,Female,Silver,2025-08-16,9124.1
3942,Customer_3942,customer3942@mail.com,Hyderabad,TS,,Male,Silver,2025-03-03,4046.37
3943,Customer_3943,customer3943@mail.com,Mumbai,MH,18,Female,Silver,2025-08-21,5473.07
3944,Customer_3944,customer3944@mail.com,Bengaluru,KA,,Male,Silver,2025-01-30,4289.96
3945,Customer_3945,customer3945@mail.com,Delhi,DL,58,Male,Silver,2025-06-16,6663.0
3946,Customer_3946,customer3946@mail.com,Mumbai,MH,,Male,Gold,2025-09-21,664.28
3947,Customer_3947,customer3947@mail.com,Chennai,TN,,Male,Silver,2026-03-01,5237.99
3948,Customer_3948,customer3948@mail.com,Chennai,TN,,Female,Silver,2025-05-01,3893.68
3949,Customer_3949,customer3949@mail.com,Bengaluru,KA,58,Male,Gold,2025-10-11,4708.27
3950,Customer_3950,customer3950@mail.com,Chennai,TN,47,Male,Platinum,2025-10-02,4282.6
3951,Customer_3951,customer3951@mail.com,Bengaluru,KA,,Female,Gold,2026-04-20,338.81
3952,Customer_3952,customer3952@mail.com,Bengaluru,KA,58,Female,Platinum,2025-06-19,9218.93
3953,Customer_3953,customer3953@mail.com,Bengaluru,KA,64,Male,Platinum,2025-08-01,8324.95
3954,Customer_3954,customer3954@mail.com,Bengaluru,KA,63,Male,Gold,2025-06-07,851.08
3955,Customer_3955,customer3955@mail.com,Pune,MH,,Female,Platinum,2025-11-03,1090.69
3956,Customer_3956,customer3956@mail.com,Delhi,DL,43,Male,Platinum,2025-02-24,9740.93
3957,Customer_3957,customer3957@mail.com,Bengaluru,KA,30,Female,Gold,2025-11-22,5503.75
3958,Customer_3958,customer3958@mail.com,Mumbai,MH,26,Female,Platinum,2026-05-13,8712.24
3959,Customer_3959,customer3959@mail.com,Pune,MH,,Male,Platinum,2025-10-12,1751.21
3960,Customer_3960,customer3960@mail.com,Mumbai,MH,,Male,Gold,2026-05-14,5650.98
3961,Customer_3961,customer3961@mail.com,Mumbai,MH,20,Female,Platinum,2026-03-26,1214.99
3962,Customer_3962,customer3962@mail.com,Chennai,TN,25,Male,Silver,2025-06-16,9416.73
3963,Customer_3963,customer3963@mail.com,Hyderabad,TS,35,Female,Silver,2026-03-05,2944.62
3964,Customer_3964,customer3964@mail.com,Pune,MH,,Male,Silver,2026-04-30,6694.76
3965,Customer_3965,customer3965@mail.com,Mumbai,MH,25,Female,Platinum,2025-05-14,533.56
3966,Customer_3966,customer3966@mail.com,Mumbai,MH,,Female,Gold,2025-08-20,2497.05
3967,Customer_3967,customer3967@mail.com,Hyderabad,TS,,Female,Platinum,2025-01-21,8321.89
3968,Customer_3968,customer3968@mail.com,Hyderabad,TS,,Female,Gold,2025-10-13,9401.15
3969,Customer_3969,customer3969@mail.com,Hyderabad,TS,54,Male,Silver,2025-08-22,8416.48
3970,Customer_3970,customer3970@mail.com,Bengaluru,KA,21,Female,Platinum,2025-01-18,6696.15
3971,Customer_3971,customer3971@mail.com,Bengaluru,KA,50,Male,Platinum,2025-06-13,254.47
3972,Customer_3972,customer3972@mail.com,Pune,MH,35,Female,Gold,2025-01-22,2118.18
3973,Customer_3973,customer3973@mail.com,Chennai,TN,36,Male,Platinum,2025-09-21,9470.91
3974,Customer_3974,customer3974@mail.com,Bengaluru,KA,,Male,Gold,2025-08-30,8361.99
3975,Customer_3975,customer3975@mail.com,Delhi,DL,,Male,Gold,2025-12-23,469.73
3976,Customer_3976,customer3976@mail.com,Chennai,TN,49,Male,Platinum,2025-07-15,3627.39
3977,Customer_3977,customer3977@mail.com,Delhi,DL,,Male,Platinum,2025-07-28,640.48
3978,Customer_3978,customer3978@mail.com,Mumbai,MH,,Male,Silver,2026-02-08,3961.19
3979,Customer_3979,customer3979@mail.com,Hyderabad,TS,,Male,Gold,2026-03-30,4409.42
3980,Customer_3980,customer3980@mail.com,Chennai,TN,,Male,Platinum,2025-12-14,8613.53
3981,Customer_3981,customer3981@mail.com,Mumbai,MH,,Female,Silver,2025-05-31,228.91
3982,Customer_3982,customer3982@mail.com,Chennai,TN,,Male,Silver,2025-07-27,892.97
3983,Customer_3983,customer3983@mail.com,Chennai,TN,39,Male,Gold,2026-04-17,133.81
3984,Customer_3984,customer3984@mail.com,Bengaluru,KA,40,Male,Platinum,2026-01-21,1814.29
3985,Customer_3985,customer3985@mail.com,Bengaluru,KA,65,Male,Platinum,2025-01-18,1956.21
3986,Customer_3986,customer3986@mail.com,Bengaluru,KA,55,Male,Gold,2025-06-11,8195.8
3987,Customer_3987,customer3987@mail.com,Chennai,TN,,Female,Platinum,2025-09-19,8016.43
3988,Customer_3988,customer3988@mail.com,Hyderabad,TS,42,Male,Gold,2026-01-08,2884.06
3989,Customer_3989,customer3989@mail.com,Hyderabad,TS,,Female,Silver,2025-01-27,6083.08
3990,Customer_3990,,Hyderabad,TS,64,Female,Platinum,2026-04-09,9884.39
3991,Customer_3991,customer3991@mail.com,Delhi,DL,51,Male,Platinum,2025-11-18,1858.2
3992,Customer_3992,customer3992@mail.com,Hyderabad,TS,,Male,Platinum,2025-04-26,6929.86
3993,Customer_3993,customer3993@mail.com,Bengaluru,KA,52,Male,Gold,2025-08-09,9152.5
3994,Customer_3994,customer3994@mail.com,Chennai,TN,25,Female,Silver,2025-08-27,1633.33
3995,Customer_3995,customer3995@mail.com,Chennai,TN,,Female,Platinum,2025-10-31,2879.25
3996,Customer_3996,customer3996@mail.com,Delhi,DL,43,Female,Silver,2025-06-23,7132.65
3997,Customer_3997,customer3997@mail.com,Delhi,DL,58,Male,Platinum,2026-02-15,8269.73
3998,Customer_3998,customer3998@mail.com,Mumbai,MH,,Male,Gold,2025-03-07,404.15
3999,Customer_3999,customer3999@mail.com,Hyderabad,TS,,Male,Gold,2026-03-17,124.37
4000,Customer_4000,customer4000@mail.com,Delhi,DL,,Female,Silver,2026-01-16,5131.15
4001,Customer_4001,customer4001@mail.com,Pune,MH,56,Male,Silver,2025-01-26,4946.37
4002,Customer_4002,customer4002@mail.com,Pune,MH,18,Female,Gold,2025-07-16,9589.4
4003,Customer_4003,customer4003@mail.com,Delhi,DL,,Male,Silver,2025-07-23,8529.35
4004,Customer_4004,customer4004@mail.com,Delhi,DL,23,Male,Platinum,2026-03-23,2181.3
4005,Customer_4005,customer4005@mail.com,Bengaluru,KA,,Male,Gold,2025-01-09,1419.32
4006,Customer_4006,customer4006@mail.com,Pune,MH,,Female,Gold,2025-04-11,2695.23
4007,Customer_4007,customer4007@mail.com,Bengaluru,KA,,Male,Gold,2025-05-15,8673.32
4008,Customer_4008,customer4008@mail.com,Chennai,TN,,Female,Gold,2026-03-17,9028.85
4009,Customer_4009,customer4009@mail.com,Chennai,TN,25,Female,Gold,2025-02-01,5314.81
4010,Customer_4010,customer4010@mail.com,Pune,MH,,Male,Platinum,2025-04-24,1316.09
4011,Customer_4011,customer4011@mail.com,Bengaluru,KA,28,Female,Gold,2025-02-08,8989.17
4012,Customer_4012,customer4012@mail.com,Pune,MH,62,Male,Gold,2025-09-13,2195.46
4013,Customer_4013,customer4013@mail.com,Pune,MH,,Male,Silver,2025-06-13,7901.7
4014,Customer_4014,customer4014@mail.com,Hyderabad,TS,53,Female,Gold,2026-02-11,8846.92
4015,Customer_4015,customer4015@mail.com,Delhi,DL,,Male,Silver,2025-08-08,8187.93
4016,Customer_4016,customer4016@mail.com,Chennai,TN,56,Male,Gold,2025-04-13,876.44
4017,Customer_4017,customer4017@mail.com,Mumbai,MH,,Female,Gold,2025-12-29,9182.64
4018,Customer_4018,customer4018@mail.com,Chennai,TN,56,Female,Gold,2025-08-25,2337.5
4019,Customer_4019,customer4019@mail.com,Hyderabad,TS,,Male,Silver,2025-08-11,3956.62
4020,Customer_4020,customer4020@mail.com,Hyderabad,TS,,Female,Platinum,2026-03-04,9914.33
4021,Customer_4021,customer4021@mail.com,Delhi,DL,58,Female,Platinum,2025-11-20,1410.86
4022,Customer_4022,customer4022@mail.com,Bengaluru,KA,31,Male,Platinum,2025-01-27,8731.75
4023,Customer_4023,customer4023@mail.com,Chennai,TN,38,Female,Silver,2026-01-16,9879.29
4024,Customer_4024,customer4024@mail.com,Chennai,TN,,Male,Gold,2025-06-26,6969.23
4025,Customer_4025,customer4025@mail.com,Hyderabad,TS,,Female,Platinum,2025-09-23,2345.73
4026,Customer_4026,customer4026@mail.com,Delhi,DL,45,Male,Silver,2025-02-27,2329.95
4027,Customer_4027,customer4027@mail.com,Pune,MH,,Male,Gold,2025-11-10,1709.79
4028,Customer_4028,customer4028@mail.com,Bengaluru,KA,,Male,Silver,2026-01-25,1309.58
4029,Customer_4029,customer4029@mail.com,Hyderabad,TS,44,Male,Platinum,2026-04-16,7232.29
4030,Customer_4030,customer4030@mail.com,Hyderabad,TS,56,Female,Silver,2025-02-19,5025.15
4031,Customer_4031,customer4031@mail.com,Hyderabad,TS,,Male,Gold,2026-03-07,9862.43
4032,Customer_4032,customer4032@mail.com,Mumbai,MH,,Male,Silver,2026-02-21,3317.84
4033,Customer_4033,customer4033@mail.com,Mumbai,MH,,Male,Gold,2025-10-17,4303.55
4034,Customer_4034,customer4034@mail.com,Chennai,TN,24,Male,Gold,2025-12-24,2222.43
4035,Customer_4035,customer4035@mail.com,Bengaluru,KA,52,Female,Gold,2025-02-27,2614.39
4036,Customer_4036,customer4036@mail.com,Hyderabad,TS,19,Female,Silver,2025-03-29,603.63
4037,Customer_4037,customer4037@mail.com,Chennai,TN,,Female,Gold,2025-08-25,7277.52
4038,Customer_4038,customer4038@mail.com,Pune,MH,,Female,Gold,2025-09-23,7882.13
4039,Customer_4039,customer4039@mail.com,Pune,MH,,Female,Platinum,2026-01-21,8640.19
4040,Customer_4040,customer4040@mail.com,Chennai,TN,,Female,Platinum,2025-09-04,4795.9
4041,Customer_4041,customer4041@mail.com,Bengaluru,KA,25,Female,Silver,2025-12-17,8689.08
4042,Customer_4042,customer4042@mail.com,Delhi,DL,,Male,Platinum,2026-04-21,5532.68
4043,Customer_4043,customer4043@mail.com,Delhi,DL,,Male,Silver,2026-03-23,6219.2
4044,Customer_4044,customer4044@mail.com,Hyderabad,TS,,Female,Silver,2025-07-26,8334.0
4045,Customer_4045,customer4045@mail.com,Pune,MH,57,Female,Silver,2025-03-31,2015.02
4046,Customer_4046,customer4046@mail.com,Pune,MH,54,Male,Platinum,2026-04-07,9991.51
4047,Customer_4047,customer4047@mail.com,Pune,MH,,Male,Platinum,2025-09-04,1165.46
4048,Customer_4048,customer4048@mail.com,Bengaluru,KA,,Male,Gold,2026-05-06,9085.59
4049,Customer_4049,customer4049@mail.com,Pune,MH,,Female,Silver,2025-11-09,4274.1
4050,Customer_4050,customer4050@mail.com,Hyderabad,TS,23,Male,Gold,2025-04-06,8367.7
4051,Customer_4051,customer4051@mail.com,Mumbai,MH,44,Male,Gold,2026-02-22,3217.67
4052,Customer_4052,customer4052@mail.com,Chennai,TN,65,Female,Gold,2025-01-24,1981.46
4053,Customer_4053,customer4053@mail.com,Pune,MH,35,Female,Silver,2025-05-10,5413.91
4054,Customer_4054,customer4054@mail.com,Bengaluru,KA,,Male,Gold,2025-06-12,3132.97
4055,Customer_4055,customer4055@mail.com,Pune,MH,,Male,Silver,2025-04-26,6407.19
4056,Customer_4056,customer4056@mail.com,Pune,MH,34,Female,Gold,2025-08-21,7299.3
4057,Customer_4057,customer4057@mail.com,Chennai,TN,33,Female,Platinum,2026-03-05,7132.81
4058,Customer_4058,customer4058@mail.com,Chennai,TN,22,Female,Gold,2025-06-14,4729.24
4059,Customer_4059,customer4059@mail.com,Bengaluru,KA,,Male,Silver,2025-11-06,1523.01
4060,Customer_4060,customer4060@mail.com,Mumbai,MH,32,Male,Silver,2025-06-09,8319.83
4061,Customer_4061,customer4061@mail.com,Bengaluru,KA,,Male,Silver,2026-02-04,2338.27
4062,Customer_4062,customer4062@mail.com,Bengaluru,KA,48,Female,Gold,2026-02-04,7435.4
4063,Customer_4063,customer4063@mail.com,Chennai,TN,,Female,Silver,2025-10-09,4729.37
4064,Customer_4064,customer4064@mail.com,Chennai,TN,20,Female,Gold,2025-01-14,3161.42
4065,Customer_4065,customer4065@mail.com,Bengaluru,KA,28,Male,Platinum,2025-01-17,7114.89
4066,Customer_4066,customer4066@mail.com,Bengaluru,KA,65,Male,Silver,2025-04-30,8161.29
4067,Customer_4067,customer4067@mail.com,Bengaluru,KA,,Female,Gold,2026-05-08,5143.15
4068,Customer_4068,customer4068@mail.com,Bengaluru,KA,,Female,Gold,2025-06-29,1361.26
4069,Customer_4069,customer4069@mail.com,Bengaluru,KA,49,Male,Platinum,2026-04-18,9653.72
4070,Customer_4070,customer4070@mail.com,Chennai,TN,38,Female,Gold,2026-05-10,4553.32
4071,Customer_4071,customer4071@mail.com,Delhi,DL,47,Female,Gold,2026-04-14,1885.64
4072,Customer_4072,customer4072@mail.com,Bengaluru,KA,,Male,Gold,2026-01-18,9609.47
4073,Customer_4073,customer4073@mail.com,Mumbai,MH,,Male,Platinum,2025-03-16,4618.38
4074,Customer_4074,customer4074@mail.com,Delhi,DL,64,Female,Platinum,2025-02-23,6276.61
4075,Customer_4075,customer4075@mail.com,Pune,MH,29,Male,Gold,2026-05-15,9918.77
4076,Customer_4076,customer4076@mail.com,Bengaluru,KA,,Male,Silver,2025-12-07,7006.1
4077,Customer_4077,customer4077@mail.com,Chennai,TN,,Female,Silver,2025-11-06,4472.33
4078,Customer_4078,customer4078@mail.com,Mumbai,MH,49,Female,Silver,2025-03-08,583.82
4079,Customer_4079,customer4079@mail.com,Pune,MH,,Male,Gold,2025-05-09,7838.29
4080,Customer_4080,customer4080@mail.com,Mumbai,MH,,Male,Platinum,2025-04-24,1266.98
4081,Customer_4081,customer4081@mail.com,Bengaluru,KA,,Female,Gold,2025-02-20,6491.94
4082,Customer_4082,customer4082@mail.com,Hyderabad,TS,,Female,Silver,2026-03-18,6693.34
4083,Customer_4083,customer4083@mail.com,Delhi,DL,61,Male,Platinum,2025-01-29,9398.73
4084,Customer_4084,customer4084@mail.com,Pune,MH,,Female,Gold,2025-06-30,9885.61
4085,Customer_4085,customer4085@mail.com,Chennai,TN,42,Male,Gold,2025-06-04,249.81
4086,Customer_4086,customer4086@mail.com,Chennai,TN,,Female,Platinum,2025-08-01,2860.47
4087,Customer_4087,customer4087@mail.com,Bengaluru,KA,,Female,Gold,2025-05-31,6928.52
4088,Customer_4088,customer4088@mail.com,Bengaluru,KA,,Female,Gold,2025-07-29,3183.78
4089,Customer_4089,customer4089@mail.com,Delhi,DL,,Female,Gold,2025-08-26,1094.91
4090,Customer_4090,customer4090@mail.com,Bengaluru,KA,,Male,Silver,2025-12-17,4728.22
4091,Customer_4091,customer4091@mail.com,Delhi,DL,,Female,Silver,2025-08-04,3733.54
4092,Customer_4092,customer4092@mail.com,Bengaluru,KA,28,Female,Platinum,2026-03-11,2874.18
4093,Customer_4093,customer4093@mail.com,Mumbai,MH,62,Male,Silver,2025-03-06,7982.48
4094,Customer_4094,customer4094@mail.com,Delhi,DL,49,Male,Silver,2025-10-11,9341.02
4095,Customer_4095,customer4095@mail.com,Delhi,DL,56,Male,Silver,2025-02-21,378.37
4096,Customer_4096,customer4096@mail.com,Mumbai,MH,26,Female,Platinum,2025-10-14,920.73
4097,Customer_4097,customer4097@mail.com,Hyderabad,TS,48,Female,Gold,2026-05-05,509.58
4098,Customer_4098,customer4098@mail.com,Pune,MH,40,Male,Gold,2025-02-18,2267.12
4099,Customer_4099,customer4099@mail.com,Mumbai,MH,,Female,Platinum,2026-01-11,8067.67
4100,Customer_4100,customer4100@mail.com,Mumbai,MH,,Female,Gold,2025-06-25,1189.22
4101,Customer_4101,customer4101@mail.com,Chennai,TN,47,Female,Gold,2025-02-05,5662.47
4102,Customer_4102,customer4102@mail.com,Hyderabad,TS,,Female,Gold,2025-07-31,7681.96
4103,Customer_4103,,Chennai,TN,45,Female,Platinum,2025-03-29,6607.81
4104,Customer_4104,customer4104@mail.com,Mumbai,MH,33,Female,Gold,2025-06-13,7976.92
4105,Customer_4105,customer4105@mail.com,Hyderabad,TS,45,Male,Gold,2025-07-08,1395.04
4106,Customer_4106,customer4106@mail.com,Chennai,TN,53,Male,Gold,2026-05-10,6486.0
4107,Customer_4107,customer4107@mail.com,Hyderabad,TS,19,Male,Platinum,2025-09-03,6536.63
4108,Customer_4108,customer4108@mail.com,Bengaluru,KA,,Male,Silver,2025-06-06,7996.52
4109,Customer_4109,customer4109@mail.com,Bengaluru,KA,,Female,Platinum,2025-05-11,919.55
4110,Customer_4110,customer4110@mail.com,Mumbai,MH,,Female,Gold,2025-03-02,3806.85
4111,Customer_4111,customer4111@mail.com,Hyderabad,TS,39,Female,Silver,2025-10-26,8499.32
4112,Customer_4112,customer4112@mail.com,Chennai,TN,,Male,Silver,2025-07-13,4309.84
4113,Customer_4113,customer4113@mail.com,Hyderabad,TS,,Female,Silver,2025-05-11,5289.82
4114,Customer_4114,customer4114@mail.com,Mumbai,MH,51,Female,Platinum,2025-04-02,9664.55
4115,Customer_4115,customer4115@mail.com,Mumbai,MH,22,Male,Platinum,2025-10-14,9135.14
4116,Customer_4116,customer4116@mail.com,Pune,MH,59,Female,Platinum,2025-12-20,9508.35
4117,Customer_4117,customer4117@mail.com,Pune,MH,,Male,Platinum,2026-03-21,802.58
4118,Customer_4118,customer4118@mail.com,Mumbai,MH,,Male,Platinum,2026-04-11,7356.78
4119,Customer_4119,customer4119@mail.com,Pune,MH,,Female,Gold,2025-09-11,4541.0
4120,Customer_4120,customer4120@mail.com,Delhi,DL,,Male,Platinum,2025-12-10,3622.23
4121,Customer_4121,customer4121@mail.com,Bengaluru,KA,43,Female,Gold,2025-10-29,9785.38
4122,Customer_4122,customer4122@mail.com,Hyderabad,TS,,Female,Platinum,2025-08-10,2675.89
4123,Customer_4123,customer4123@mail.com,Delhi,DL,23,Male,Platinum,2026-02-12,5767.3
4124,Customer_4124,customer4124@mail.com,Hyderabad,TS,26,Male,Platinum,2025-10-21,5036.61
4125,Customer_4125,customer4125@mail.com,Chennai,TN,,Male,Platinum,2025-03-18,3383.25
4126,Customer_4126,customer4126@mail.com,Delhi,DL,,Female,Gold,2025-08-10,5979.04
4127,Customer_4127,customer4127@mail.com,Pune,MH,19,Female,Gold,2026-04-19,8075.79
4128,Customer_4128,customer4128@mail.com,Chennai,TN,49,Male,Gold,2025-09-27,2596.95
4129,Customer_4129,customer4129@mail.com,Chennai,TN,,Female,Gold,2026-01-31,2698.64
4130,Customer_4130,customer4130@mail.com,Delhi,DL,46,Male,Platinum,2025-03-28,2819.28
4131,Customer_4131,customer4131@mail.com,Chennai,TN,,Female,Platinum,2025-10-06,3304.84
4132,Customer_4132,customer4132@mail.com,Mumbai,MH,,Female,Platinum,2025-08-02,1769.06
4133,Customer_4133,customer4133@mail.com,Mumbai,MH,52,Male,Gold,2025-03-05,5250.88
4134,Customer_4134,customer4134@mail.com,Bengaluru,KA,52,Female,Platinum,2025-11-14,5818.72
4135,Customer_4135,customer4135@mail.com,Chennai,TN,33,Male,Platinum,2025-12-15,4478.49
4136,Customer_4136,customer4136@mail.com,Delhi,DL,48,Male,Silver,2025-04-16,4871.77
4137,Customer_4137,customer4137@mail.com,Bengaluru,KA,52,Female,Platinum,2025-02-14,8743.97
4138,Customer_4138,customer4138@mail.com,Hyderabad,TS,45,Female,Silver,2026-03-03,7697.04
4139,Customer_4139,customer4139@mail.com,Delhi,DL,34,Male,Silver,2025-06-19,3899.66
4140,Customer_4140,customer4140@mail.com,Bengaluru,KA,44,Male,Gold,2026-04-17,7203.14
4141,Customer_4141,customer4141@mail.com,Delhi,DL,44,Male,Gold,2025-04-19,6475.49
4142,Customer_4142,customer4142@mail.com,Pune,MH,64,Male,Gold,2025-03-26,3563.3
4143,Customer_4143,customer4143@mail.com,Chennai,TN,26,Female,Silver,2025-11-11,4710.08
4144,Customer_4144,customer4144@mail.com,Chennai,TN,,Male,Silver,2026-04-18,5430.79
4145,Customer_4145,customer4145@mail.com,Bengaluru,KA,21,Male,Platinum,2026-02-17,1660.7
4146,Customer_4146,customer4146@mail.com,Bengaluru,KA,19,Female,Gold,2026-03-22,7463.86
4147,Customer_4147,customer4147@mail.com,Delhi,DL,,Male,Silver,2026-02-14,9185.87
4148,Customer_4148,customer4148@mail.com,Bengaluru,KA,60,Female,Gold,2026-01-10,2745.65
4149,Customer_4149,customer4149@mail.com,Delhi,DL,53,Male,Silver,2025-11-16,6341.4
4150,Customer_4150,customer4150@mail.com,Pune,MH,,Female,Silver,2025-03-12,3797.7
4151,Customer_4151,customer4151@mail.com,Bengaluru,KA,,Male,Silver,2026-01-17,4087.88
4152,Customer_4152,customer4152@mail.com,Mumbai,MH,,Female,Platinum,2025-10-12,7607.13
4153,Customer_4153,customer4153@mail.com,Mumbai,MH,,Male,Gold,2025-05-29,3324.27
4154,Customer_4154,customer4154@mail.com,Delhi,DL,40,Female,Platinum,2025-05-17,4749.74
4155,Customer_4155,customer4155@mail.com,Hyderabad,TS,,Female,Gold,2025-10-06,5525.28
4156,Customer_4156,customer4156@mail.com,Bengaluru,KA,60,Male,Gold,2025-02-03,5730.64
4157,Customer_4157,customer4157@mail.com,Bengaluru,KA,,Female,Silver,2025-12-30,6627.17
4158,Customer_4158,customer4158@mail.com,Pune,MH,,Female,Gold,2025-05-27,961.77
4159,Customer_4159,customer4159@mail.com,Chennai,TN,,Male,Platinum,2025-02-19,946.32
4160,Customer_4160,customer4160@mail.com,Pune,MH,19,Female,Gold,2025-08-07,4119.04
4161,Customer_4161,customer4161@mail.com,Delhi,DL,,Female,Silver,2025-11-28,646.77
4162,Customer_4162,customer4162@mail.com,Pune,MH,,Male,Platinum,2025-01-06,9167.04
4163,Customer_4163,customer4163@mail.com,Delhi,DL,19,Female,Silver,2025-09-03,3121.13
4164,Customer_4164,customer4164@mail.com,Pune,MH,,Male,Platinum,2025-11-08,9894.09
4165,Customer_4165,customer4165@mail.com,Chennai,TN,,Male,Silver,2025-04-13,4232.25
4166,Customer_4166,customer4166@mail.com,Hyderabad,TS,,Male,Silver,2026-05-01,1780.33
4167,Customer_4167,customer4167@mail.com,Hyderabad,TS,20,Male,Gold,2026-01-28,7312.18
4168,Customer_4168,customer4168@mail.com,Hyderabad,TS,,Female,Gold,2026-03-01,4829.13
4169,Customer_4169,customer4169@mail.com,Delhi,DL,43,Female,Gold,2025-01-03,1163.88
4170,Customer_4170,customer4170@mail.com,Pune,MH,,Male,Platinum,2025-12-14,4678.81
4171,Customer_4171,customer4171@mail.com,Chennai,TN,,Male,Gold,2025-03-15,4457.8
4172,Customer_4172,customer4172@mail.com,Delhi,DL,45,Female,Platinum,2025-06-12,3583.01
4173,Customer_4173,customer4173@mail.com,Pune,MH,63,Female,Silver,2025-11-09,7562.37
4174,Customer_4174,customer4174@mail.com,Chennai,TN,20,Female,Gold,2025-02-09,8958.3
4175,Customer_4175,customer4175@mail.com,Chennai,TN,63,Female,Gold,2025-07-28,7794.65
4176,Customer_4176,customer4176@mail.com,Bengaluru,KA,29,Female,Silver,2025-06-26,9833.63
4177,Customer_4177,customer4177@mail.com,Pune,MH,56,Female,Platinum,2025-02-12,3662.54
4178,Customer_4178,customer4178@mail.com,Hyderabad,TS,,Female,Gold,2026-02-25,6610.46
4179,Customer_4179,customer4179@mail.com,Pune,MH,49,Female,Silver,2026-01-07,8233.76
4180,Customer_4180,customer4180@mail.com,Chennai,TN,,Female,Gold,2025-07-22,7139.23
4181,Customer_4181,customer4181@mail.com,Pune,MH,,Female,Platinum,2025-11-07,3034.8
4182,Customer_4182,customer4182@mail.com,Mumbai,MH,,Female,Gold,2025-07-07,8406.68
4183,Customer_4183,customer4183@mail.com,Mumbai,MH,34,Male,Gold,2025-02-05,1363.13
4184,Customer_4184,customer4184@mail.com,Bengaluru,KA,27,Male,Silver,2025-12-25,8907.78
4185,Customer_4185,customer4185@mail.com,Hyderabad,TS,48,Female,Platinum,2025-08-13,1147.43
4186,Customer_4186,customer4186@mail.com,Pune,MH,,Female,Gold,2025-05-29,8353.2
4187,Customer_4187,customer4187@mail.com,Mumbai,MH,,Male,Gold,2026-05-04,3377.73
4188,Customer_4188,customer4188@mail.com,Pune,MH,57,Female,Silver,2025-01-27,7880.79
4189,Customer_4189,customer4189@mail.com,Hyderabad,TS,44,Female,Gold,2025-03-31,7089.06
4190,Customer_4190,customer4190@mail.com,Bengaluru,KA,26,Female,Gold,2025-05-02,1967.6
4191,Customer_4191,customer4191@mail.com,Hyderabad,TS,59,Female,Gold,2025-07-16,3990.95
4192,Customer_4192,customer4192@mail.com,Pune,MH,65,Female,Platinum,2025-12-21,8475.05
4193,Customer_4193,customer4193@mail.com,Mumbai,MH,40,Female,Gold,2025-06-17,2813.93
4194,Customer_4194,customer4194@mail.com,Chennai,TN,,Male,Silver,2025-11-07,6738.79
4195,Customer_4195,customer4195@mail.com,Hyderabad,TS,,Female,Gold,2026-04-25,3883.91
4196,Customer_4196,customer4196@mail.com,Bengaluru,KA,,Female,Platinum,2025-02-16,3854.39
4197,Customer_4197,customer4197@mail.com,Bengaluru,KA,56,Male,Platinum,2025-11-18,8905.49
4198,Customer_4198,customer4198@mail.com,Pune,MH,,Male,Gold,2025-02-07,5649.1
4199,Customer_4199,customer4199@mail.com,Hyderabad,TS,51,Female,Silver,2026-05-05,2952.81
4200,Customer_4200,customer4200@mail.com,Bengaluru,KA,35,Female,Platinum,2026-04-27,3069.19
4201,Customer_4201,customer4201@mail.com,Bengaluru,KA,22,Male,Gold,2025-05-26,4857.18
4202,Customer_4202,customer4202@mail.com,Pune,MH,,Male,Platinum,2025-04-23,2382.69
4203,Customer_4203,customer4203@mail.com,Bengaluru,KA,48,Male,Gold,2025-06-29,5971.65
4204,Customer_4204,customer4204@mail.com,Hyderabad,TS,24,Male,Silver,2025-12-08,1998.7
4205,Customer_4205,customer4205@mail.com,Bengaluru,KA,46,Female,Silver,2026-04-17,9072.69
4206,Customer_4206,customer4206@mail.com,Bengaluru,KA,,Female,Gold,2026-04-29,6284.89
4207,Customer_4207,customer4207@mail.com,Mumbai,MH,33,Male,Silver,2025-08-21,7979.5
4208,Customer_4208,customer4208@mail.com,Pune,MH,20,Male,Silver,2026-03-11,698.96
4209,Customer_4209,customer4209@mail.com,Delhi,DL,,Male,Silver,2025-09-22,6935.01
4210,Customer_4210,customer4210@mail.com,Delhi,DL,,Female,Gold,2026-01-25,2547.96
4211,Customer_4211,customer4211@mail.com,Mumbai,MH,,Male,Gold,2025-06-18,8405.57
4212,Customer_4212,customer4212@mail.com,Bengaluru,KA,30,Female,Gold,2026-04-06,8975.22
4213,Customer_4213,customer4213@mail.com,Hyderabad,TS,,Female,Platinum,2025-10-25,2183.54
4214,Customer_4214,customer4214@mail.com,Bengaluru,KA,,Female,Silver,2026-03-20,3473.23
4215,Customer_4215,customer4215@mail.com,Pune,MH,,Male,Silver,2026-05-01,762.18
4216,Customer_4216,customer4216@mail.com,Pune,MH,65,Female,Platinum,2025-06-29,866.98
4217,Customer_4217,customer4217@mail.com,Mumbai,MH,,Female,Gold,2025-11-15,5305.73
4218,Customer_4218,customer4218@mail.com,Bengaluru,KA,,Male,Silver,2026-01-26,5313.51
4219,Customer_4219,customer4219@mail.com,Chennai,TN,,Female,Platinum,2026-04-14,7017.88
4220,Customer_4220,customer4220@mail.com,Chennai,TN,,Female,Silver,2026-01-03,1909.92
4221,Customer_4221,customer4221@mail.com,Mumbai,MH,33,Female,Silver,2025-06-23,9534.83
4222,Customer_4222,customer4222@mail.com,Chennai,TN,,Female,Gold,2025-10-23,8485.95
4223,Customer_4223,customer4223@mail.com,Pune,MH,22,Female,Gold,2026-04-29,4207.53
4224,Customer_4224,customer4224@mail.com,Mumbai,MH,43,Male,Platinum,2025-03-06,4509.81
4225,Customer_4225,customer4225@mail.com,Pune,MH,23,Female,Silver,2026-04-23,5805.79
4226,Customer_4226,customer4226@mail.com,Bengaluru,KA,40,Female,Gold,2026-01-05,1276.44
4227,Customer_4227,customer4227@mail.com,Pune,MH,,Female,Gold,2025-04-13,3831.59
4228,Customer_4228,customer4228@mail.com,Hyderabad,TS,,Male,Platinum,2025-11-02,1434.86
4229,Customer_4229,customer4229@mail.com,Chennai,TN,53,Female,Silver,2026-01-16,7887.81
4230,Customer_4230,customer4230@mail.com,Mumbai,MH,,Female,Platinum,2025-03-16,1984.24
4231,Customer_4231,customer4231@mail.com,Delhi,DL,,Female,Silver,2026-01-23,9544.77
4232,Customer_4232,customer4232@mail.com,Pune,MH,,Male,Silver,2025-05-26,5213.23
4233,Customer_4233,customer4233@mail.com,Delhi,DL,,Male,Gold,2025-09-29,8692.84
4234,Customer_4234,customer4234@mail.com,Pune,MH,,Male,Platinum,2025-03-14,4511.11
4235,Customer_4235,customer4235@mail.com,Delhi,DL,,Male,Gold,2025-07-12,6284.83
4236,Customer_4236,customer4236@mail.com,Bengaluru,KA,57,Female,Platinum,2026-03-13,2222.23
4237,Customer_4237,customer4237@mail.com,Chennai,TN,34,Female,Gold,2025-12-09,6987.87
4238,Customer_4238,customer4238@mail.com,Hyderabad,TS,,Female,Silver,2026-02-05,5931.12
4239,Customer_4239,customer4239@mail.com,Pune,MH,20,Male,Gold,2025-06-15,4290.08
4240,Customer_4240,customer4240@mail.com,Pune,MH,22,Male,Silver,2025-11-10,2336.27
4241,Customer_4241,customer4241@mail.com,Pune,MH,,Male,Silver,2025-07-31,7650.04
4242,Customer_4242,customer4242@mail.com,Hyderabad,TS,58,Female,Gold,2026-03-15,5272.9
4243,Customer_4243,customer4243@mail.com,Hyderabad,TS,,Female,Gold,2025-07-10,4022.07
4244,Customer_4244,customer4244@mail.com,Mumbai,MH,,Male,Platinum,2025-11-12,1365.96
4245,Customer_4245,customer4245@mail.com,Mumbai,MH,45,Male,Gold,2026-05-12,8945.45
4246,Customer_4246,customer4246@mail.com,Bengaluru,KA,30,Female,Silver,2025-07-25,9028.48
4247,Customer_4247,customer4247@mail.com,Hyderabad,TS,,Female,Gold,2025-08-20,7565.88
4248,Customer_4248,customer4248@mail.com,Chennai,TN,,Male,Silver,2025-10-31,1985.63
4249,Customer_4249,customer4249@mail.com,Chennai,TN,58,Female,Platinum,2025-03-08,1011.7
4250,Customer_4250,customer4250@mail.com,Mumbai,MH,,Male,Silver,2026-01-20,6527.47
4251,Customer_4251,customer4251@mail.com,Mumbai,MH,27,Male,Platinum,2025-12-13,2166.07
4252,Customer_4252,customer4252@mail.com,Pune,MH,,Male,Platinum,2026-05-06,1703.46
4253,Customer_4253,customer4253@mail.com,Pune,MH,,Female,Silver,2025-09-29,6333.49
4254,Customer_4254,customer4254@mail.com,Hyderabad,TS,58,Female,Gold,2025-09-22,8721.74
4255,Customer_4255,customer4255@mail.com,Hyderabad,TS,,Male,Platinum,2025-08-19,8997.57
4256,Customer_4256,customer4256@mail.com,Hyderabad,TS,50,Male,Silver,2026-03-23,6448.38
4257,Customer_4257,customer4257@mail.com,Hyderabad,TS,,Female,Gold,2025-04-08,5153.76
4258,Customer_4258,customer4258@mail.com,Chennai,TN,22,Female,Platinum,2026-04-03,2488.13
4259,Customer_4259,customer4259@mail.com,Bengaluru,KA,61,Female,Silver,2026-05-12,4180.55
4260,Customer_4260,customer4260@mail.com,Mumbai,MH,,Male,Gold,2025-05-16,4469.48
4261,Customer_4261,customer4261@mail.com,Hyderabad,TS,,Male,Gold,2026-02-23,9941.69
4262,Customer_4262,customer4262@mail.com,Hyderabad,TS,27,Female,Silver,2026-03-29,5539.76
4263,Customer_4263,customer4263@mail.com,Bengaluru,KA,,Female,Silver,2026-01-01,7958.06
4264,Customer_4264,customer4264@mail.com,Mumbai,MH,20,Female,Silver,2026-04-06,5793.87
4265,Customer_4265,customer4265@mail.com,Chennai,TN,54,Female,Gold,2025-12-14,2948.31
4266,Customer_4266,customer4266@mail.com,Delhi,DL,,Male,Platinum,2025-04-08,277.91
4267,Customer_4267,customer4267@mail.com,Bengaluru,KA,,Female,Silver,2026-02-26,3199.84
4268,Customer_4268,customer4268@mail.com,Chennai,TN,27,Female,Silver,2025-12-22,3294.73
4269,Customer_4269,customer4269@mail.com,Mumbai,MH,58,Male,Gold,2025-11-21,780.8
4270,Customer_4270,customer4270@mail.com,Chennai,TN,,Male,Gold,2025-03-15,5838.6
4271,Customer_4271,customer4271@mail.com,Pune,MH,24,Female,Gold,2025-01-20,4888.82
4272,Customer_4272,customer4272@mail.com,Hyderabad,TS,36,Female,Silver,2025-11-17,1911.24
4273,Customer_4273,customer4273@mail.com,Hyderabad,TS,43,Male,Gold,2025-03-22,2191.68
4274,Customer_4274,customer4274@mail.com,Pune,MH,31,Female,Silver,2025-08-25,1677.83
4275,Customer_4275,customer4275@mail.com,Pune,MH,20,Male,Silver,2025-07-09,958.06
4276,Customer_4276,customer4276@mail.com,Hyderabad,TS,61,Female,Silver,2025-03-30,4801.87
4277,Customer_4277,customer4277@mail.com,Delhi,DL,29,Male,Gold,2025-10-22,1468.68
4278,Customer_4278,customer4278@mail.com,Hyderabad,TS,,Female,Silver,2025-04-02,8829.89
4279,Customer_4279,customer4279@mail.com,Mumbai,MH,18,Male,Silver,2025-04-17,3286.41
4280,Customer_4280,customer4280@mail.com,Bengaluru,KA,,Male,Gold,2025-01-28,9922.95
4281,Customer_4281,customer4281@mail.com,Bengaluru,KA,,Female,Gold,2025-05-15,1883.77
4282,Customer_4282,customer4282@mail.com,Mumbai,MH,54,Female,Platinum,2026-01-11,9025.25
4283,Customer_4283,customer4283@mail.com,Chennai,TN,52,Female,Platinum,2025-04-23,2326.11
4284,Customer_4284,customer4284@mail.com,Chennai,TN,,Male,Silver,2025-02-23,4963.73
4285,Customer_4285,customer4285@mail.com,Bengaluru,KA,,Female,Gold,2025-10-30,2021.22
4286,Customer_4286,customer4286@mail.com,Mumbai,MH,,Female,Platinum,2026-04-16,1960.86
4287,Customer_4287,customer4287@mail.com,Chennai,TN,,Female,Gold,2025-05-10,6785.88
4288,Customer_4288,customer4288@mail.com,Mumbai,MH,,Male,Platinum,2025-04-23,8346.85
4289,Customer_4289,customer4289@mail.com,Bengaluru,KA,42,Male,Silver,2026-01-16,7519.28
4290,Customer_4290,customer4290@mail.com,Hyderabad,TS,,Female,Gold,2025-07-21,7513.5
4291,Customer_4291,,Hyderabad,TS,,Male,Gold,2025-03-31,8056.22
4292,Customer_4292,customer4292@mail.com,Bengaluru,KA,,Female,Gold,2025-05-14,7878.02
4293,Customer_4293,customer4293@mail.com,Delhi,DL,53,Male,Platinum,2026-02-06,5883.44
4294,Customer_4294,customer4294@mail.com,Delhi,DL,43,Female,Gold,2025-03-04,9392.9
4295,Customer_4295,customer4295@mail.com,Chennai,TN,23,Female,Platinum,2026-02-23,929.08
4296,Customer_4296,customer4296@mail.com,Mumbai,MH,,Male,Gold,2025-11-01,5916.71
4297,Customer_4297,customer4297@mail.com,Delhi,DL,44,Female,Gold,2025-06-24,3132.33
4298,Customer_4298,,Bengaluru,KA,47,Male,Platinum,2026-04-10,7123.09
4299,Customer_4299,customer4299@mail.com,Mumbai,MH,22,Female,Silver,2025-09-08,5892.24
4300,Customer_4300,customer4300@mail.com,Mumbai,MH,62,Male,Silver,2025-06-04,7130.08
4301,Customer_4301,customer4301@mail.com,Bengaluru,KA,,Female,Gold,2025-11-20,9961.35
4302,Customer_4302,customer4302@mail.com,Hyderabad,TS,,Male,Silver,2026-03-18,5573.62
4303,Customer_4303,customer4303@mail.com,Hyderabad,TS,,Male,Platinum,2026-04-21,6085.94
4304,Customer_4304,customer4304@mail.com,Bengaluru,KA,31,Male,Gold,2025-01-22,5318.54
4305,Customer_4305,customer4305@mail.com,Chennai,TN,62,Male,Platinum,2026-02-02,8627.03
4306,Customer_4306,customer4306@mail.com,Delhi,DL,,Male,Platinum,2026-04-22,7958.8
4307,Customer_4307,customer4307@mail.com,Bengaluru,KA,,Female,Gold,2025-08-31,4125.3
4308,Customer_4308,customer4308@mail.com,Bengaluru,KA,33,Male,Platinum,2025-06-07,4772.22
4309,Customer_4309,customer4309@mail.com,Bengaluru,KA,,Female,Platinum,2025-10-05,7311.75
4310,Customer_4310,customer4310@mail.com,Pune,MH,61,Female,Gold,2025-07-14,2505.2
4311,Customer_4311,customer4311@mail.com,Chennai,TN,,Male,Platinum,2026-05-14,6766.41
4312,Customer_4312,customer4312@mail.com,Delhi,DL,,Female,Silver,2025-04-17,2405.2
4313,Customer_4313,customer4313@mail.com,Delhi,DL,,Female,Gold,2025-01-12,141.31
4314,Customer_4314,customer4314@mail.com,Delhi,DL,,Male,Silver,2025-10-03,6534.58
4315,Customer_4315,customer4315@mail.com,Chennai,TN,34,Male,Silver,2025-11-15,4721.28
4316,Customer_4316,customer4316@mail.com,Bengaluru,KA,,Male,Silver,2025-06-14,6659.72
4317,Customer_4317,customer4317@mail.com,Pune,MH,,Female,Platinum,2026-04-09,4056.55
4318,Customer_4318,customer4318@mail.com,Chennai,TN,58,Female,Silver,2026-02-14,2854.58
4319,Customer_4319,customer4319@mail.com,Hyderabad,TS,20,Male,Platinum,2026-01-08,9792.67
4320,Customer_4320,customer4320@mail.com,Bengaluru,KA,,Female,Gold,2025-12-18,6002.95
4321,Customer_4321,customer4321@mail.com,Delhi,DL,,Male,Platinum,2026-01-15,7605.98
4322,Customer_4322,customer4322@mail.com,Mumbai,MH,,Female,Gold,2025-03-07,5044.54
4323,Customer_4323,customer4323@mail.com,Bengaluru,KA,20,Male,Platinum,2026-01-22,1297.68
4324,Customer_4324,customer4324@mail.com,Hyderabad,TS,24,Female,Platinum,2025-10-13,3741.12
4325,Customer_4325,customer4325@mail.com,Delhi,DL,,Male,Silver,2025-04-27,1005.11
4326,Customer_4326,customer4326@mail.com,Mumbai,MH,,Female,Silver,2025-11-21,8517.61
4327,Customer_4327,customer4327@mail.com,Delhi,DL,,Male,Gold,2025-07-26,2812.47
4328,Customer_4328,customer4328@mail.com,Bengaluru,KA,65,Male,Gold,2025-04-28,7404.38
4329,Customer_4329,customer4329@mail.com,Mumbai,MH,,Female,Platinum,2026-02-21,7035.06
4330,Customer_4330,,Hyderabad,TS,49,Male,Gold,2026-02-20,9056.09
4331,Customer_4331,customer4331@mail.com,Pune,MH,34,Female,Gold,2025-11-11,9745.01
4332,Customer_4332,customer4332@mail.com,Bengaluru,KA,,Male,Silver,2025-09-18,7977.59
4333,Customer_4333,customer4333@mail.com,Bengaluru,KA,24,Female,Silver,2025-04-01,5637.31
4334,Customer_4334,customer4334@mail.com,Bengaluru,KA,,Female,Silver,2026-03-23,3976.58
4335,Customer_4335,customer4335@mail.com,Delhi,DL,44,Male,Gold,2026-02-01,2457.94
4336,Customer_4336,customer4336@mail.com,Bengaluru,KA,,Male,Gold,2025-10-04,9674.42
4337,Customer_4337,customer4337@mail.com,Delhi,DL,65,Female,Gold,2025-11-19,5335.07
4338,Customer_4338,customer4338@mail.com,Bengaluru,KA,,Male,Silver,2026-01-18,9350.67
4339,Customer_4339,customer4339@mail.com,Chennai,TN,,Male,Gold,2025-12-22,1525.29
4340,Customer_4340,customer4340@mail.com,Chennai,TN,33,Female,Platinum,2025-08-28,532.56
4341,Customer_4341,customer4341@mail.com,Bengaluru,KA,50,Female,Silver,2026-04-29,9320.02
4342,Customer_4342,customer4342@mail.com,Hyderabad,TS,22,Male,Gold,2025-05-22,6124.56
4343,Customer_4343,customer4343@mail.com,Bengaluru,KA,25,Male,Silver,2026-03-15,161.99
4344,Customer_4344,customer4344@mail.com,Chennai,TN,,Female,Silver,2025-12-13,3599.67
4345,Customer_4345,customer4345@mail.com,Delhi,DL,50,Male,Gold,2025-03-31,3654.48
4346,Customer_4346,customer4346@mail.com,Chennai,TN,,Female,Gold,2025-08-26,7368.2
4347,Customer_4347,customer4347@mail.com,Pune,MH,28,Male,Gold,2026-01-25,9304.08
4348,Customer_4348,customer4348@mail.com,Hyderabad,TS,24,Male,Platinum,2025-06-14,9076.61
4349,Customer_4349,customer4349@mail.com,Delhi,DL,36,Male,Platinum,2025-08-16,4345.42
4350,Customer_4350,customer4350@mail.com,Delhi,DL,,Male,Silver,2025-02-26,8713.77
4351,Customer_4351,customer4351@mail.com,Pune,MH,48,Female,Platinum,2025-03-26,6829.75
4352,Customer_4352,customer4352@mail.com,Delhi,DL,19,Female,Silver,2026-03-24,5921.21
4353,Customer_4353,customer4353@mail.com,Mumbai,MH,49,Female,Silver,2025-02-07,5745.25
4354,Customer_4354,customer4354@mail.com,Pune,MH,28,Female,Silver,2026-02-12,6977.87
4355,Customer_4355,customer4355@mail.com,Mumbai,MH,26,Male,Silver,2026-04-18,9621.2
4356,Customer_4356,customer4356@mail.com,Mumbai,MH,,Female,Platinum,2026-01-18,1530.55
4357,Customer_4357,customer4357@mail.com,Delhi,DL,,Male,Gold,2025-04-18,3273.47
4358,Customer_4358,customer4358@mail.com,Delhi,DL,20,Male,Gold,2025-11-30,2875.27
4359,Customer_4359,customer4359@mail.com,Chennai,TN,,Female,Silver,2025-02-25,7177.95
4360,Customer_4360,customer4360@mail.com,Delhi,DL,34,Female,Gold,2026-04-08,3057.01
4361,Customer_4361,customer4361@mail.com,Delhi,DL,30,Male,Silver,2026-05-12,8662.33
4362,Customer_4362,customer4362@mail.com,Pune,MH,,Female,Silver,2025-08-24,4347.77
4363,Customer_4363,customer4363@mail.com,Mumbai,MH,60,Female,Silver,2026-02-08,5561.59
4364,Customer_4364,customer4364@mail.com,Bengaluru,KA,,Female,Silver,2025-11-17,1224.36
4365,Customer_4365,customer4365@mail.com,Chennai,TN,44,Female,Gold,2025-07-02,1496.29
4366,Customer_4366,customer4366@mail.com,Hyderabad,TS,,Female,Silver,2025-07-19,464.64
4367,Customer_4367,customer4367@mail.com,Delhi,DL,30,Female,Silver,2025-06-03,5974.62
4368,Customer_4368,customer4368@mail.com,Delhi,DL,,Male,Silver,2025-05-29,8141.09
4369,Customer_4369,customer4369@mail.com,Delhi,DL,,Female,Platinum,2025-11-12,135.44
4370,Customer_4370,customer4370@mail.com,Bengaluru,KA,23,Male,Silver,2025-06-09,2810.65
4371,Customer_4371,customer4371@mail.com,Bengaluru,KA,45,Female,Gold,2025-06-24,8134.92
4372,Customer_4372,customer4372@mail.com,Chennai,TN,,Female,Platinum,2025-07-02,4196.06
4373,Customer_4373,customer4373@mail.com,Hyderabad,TS,43,Male,Platinum,2025-03-05,4954.64
4374,Customer_4374,customer4374@mail.com,Bengaluru,KA,20,Female,Silver,2025-11-10,6171.31
4375,Customer_4375,customer4375@mail.com,Mumbai,MH,61,Female,Silver,2025-04-11,8843.02
4376,Customer_4376,customer4376@mail.com,Pune,MH,55,Female,Platinum,2026-05-13,900.32
4377,Customer_4377,customer4377@mail.com,Mumbai,MH,,Male,Silver,2026-02-08,8173.98
4378,Customer_4378,customer4378@mail.com,Mumbai,MH,,Male,Platinum,2026-05-12,2635.14
4379,Customer_4379,customer4379@mail.com,Chennai,TN,21,Male,Silver,2025-04-11,6463.46
4380,Customer_4380,customer4380@mail.com,Pune,MH,65,Male,Silver,2026-04-19,8193.02
4381,Customer_4381,customer4381@mail.com,Chennai,TN,53,Female,Platinum,2025-06-18,8339.9
4382,Customer_4382,customer4382@mail.com,Chennai,TN,39,Male,Platinum,2025-07-20,5883.47
4383,Customer_4383,customer4383@mail.com,Bengaluru,KA,,Female,Silver,2025-01-12,9738.34
4384,Customer_4384,customer4384@mail.com,Hyderabad,TS,54,Female,Silver,2026-05-06,7477.97
4385,Customer_4385,customer4385@mail.com,Bengaluru,KA,,Female,Gold,2025-04-14,7865.2
4386,Customer_4386,customer4386@mail.com,Bengaluru,KA,24,Female,Platinum,2025-08-03,6569.55
4387,Customer_4387,customer4387@mail.com,Hyderabad,TS,,Female,Gold,2025-08-22,3031.39
4388,Customer_4388,customer4388@mail.com,Bengaluru,KA,,Female,Gold,2025-09-07,3322.03
4389,Customer_4389,customer4389@mail.com,Hyderabad,TS,,Male,Silver,2025-05-17,3503.4
4390,Customer_4390,customer4390@mail.com,Bengaluru,KA,32,Male,Silver,2026-03-29,7085.63
4391,Customer_4391,customer4391@mail.com,Pune,MH,,Female,Silver,2025-05-08,2827.18
4392,Customer_4392,customer4392@mail.com,Delhi,DL,22,Female,Platinum,2026-02-09,3504.1
4393,Customer_4393,customer4393@mail.com,Chennai,TN,,Male,Silver,2026-01-11,1153.39
4394,Customer_4394,customer4394@mail.com,Pune,MH,42,Female,Gold,2026-03-30,4297.81
4395,Customer_4395,customer4395@mail.com,Delhi,DL,,Male,Silver,2025-10-11,9876.87
4396,Customer_4396,customer4396@mail.com,Mumbai,MH,,Male,Platinum,2025-08-25,4396.74
4397,Customer_4397,customer4397@mail.com,Pune,MH,38,Male,Platinum,2026-04-24,8507.85
4398,Customer_4398,customer4398@mail.com,Bengaluru,KA,,Female,Silver,2026-04-10,1226.05
4399,Customer_4399,customer4399@mail.com,Chennai,TN,,Male,Gold,2025-09-21,4300.14
4400,Customer_4400,customer4400@mail.com,Chennai,TN,37,Female,Platinum,2026-01-07,120.25
4401,Customer_4401,customer4401@mail.com,Mumbai,MH,,Male,Platinum,2025-01-19,1957.29
4402,Customer_4402,customer4402@mail.com,Chennai,TN,62,Female,Silver,2025-04-20,9763.75
4403,Customer_4403,customer4403@mail.com,Hyderabad,TS,,Male,Silver,2025-09-30,5273.57
4404,Customer_4404,customer4404@mail.com,Hyderabad,TS,,Female,Platinum,2025-09-08,1738.94
4405,Customer_4405,customer4405@mail.com,Delhi,DL,31,Female,Silver,2026-01-08,3546.84
4406,Customer_4406,customer4406@mail.com,Pune,MH,62,Female,Platinum,2026-03-05,9138.78
4407,Customer_4407,customer4407@mail.com,Delhi,DL,21,Female,Silver,2025-02-23,7217.26
4408,Customer_4408,customer4408@mail.com,Chennai,TN,22,Male,Platinum,2026-02-20,4539.46
4409,Customer_4409,customer4409@mail.com,Hyderabad,TS,,Male,Gold,2026-02-14,4795.86
4410,Customer_4410,customer4410@mail.com,Pune,MH,,Female,Silver,2025-12-03,2418.6
4411,Customer_4411,customer4411@mail.com,Hyderabad,TS,43,Male,Silver,2026-04-10,9725.78
4412,Customer_4412,customer4412@mail.com,Chennai,TN,,Male,Silver,2026-04-27,4899.09
4413,Customer_4413,customer4413@mail.com,Delhi,DL,29,Female,Silver,2026-02-22,3388.42
4414,Customer_4414,customer4414@mail.com,Hyderabad,TS,24,Female,Platinum,2025-09-29,9883.71
4415,Customer_4415,customer4415@mail.com,Mumbai,MH,54,Male,Gold,2025-06-09,3998.77
4416,Customer_4416,customer4416@mail.com,Bengaluru,KA,,Male,Gold,2025-08-17,9666.4
4417,Customer_4417,customer4417@mail.com,Hyderabad,TS,29,Female,Platinum,2025-05-11,5492.33
4418,Customer_4418,customer4418@mail.com,Pune,MH,,Male,Silver,2025-10-10,3351.59
4419,Customer_4419,customer4419@mail.com,Pune,MH,21,Female,Silver,2025-05-01,3716.33
4420,Customer_4420,customer4420@mail.com,Delhi,DL,,Female,Silver,2026-04-13,8876.95
4421,Customer_4421,customer4421@mail.com,Delhi,DL,55,Female,Gold,2025-05-26,9280.24
4422,Customer_4422,customer4422@mail.com,Hyderabad,TS,,Male,Platinum,2025-09-12,2611.88
4423,Customer_4423,customer4423@mail.com,Mumbai,MH,57,Female,Silver,2025-08-07,6769.23
4424,Customer_4424,customer4424@mail.com,Bengaluru,KA,,Female,Platinum,2026-03-27,6743.16
4425,Customer_4425,customer4425@mail.com,Hyderabad,TS,41,Female,Silver,2025-08-02,2093.09
4426,Customer_4426,customer4426@mail.com,Pune,MH,,Male,Platinum,2025-02-26,8977.56
4427,Customer_4427,customer4427@mail.com,Bengaluru,KA,61,Male,Silver,2025-06-27,4067.72
4428,Customer_4428,customer4428@mail.com,Delhi,DL,,Female,Gold,2025-09-15,1730.05
4429,Customer_4429,customer4429@mail.com,Delhi,DL,,Female,Platinum,2026-01-23,3020.71
4430,Customer_4430,customer4430@mail.com,Mumbai,MH,,Female,Platinum,2025-05-08,3277.73
4431,Customer_4431,customer4431@mail.com,Pune,MH,44,Female,Gold,2025-07-15,8149.5
4432,Customer_4432,customer4432@mail.com,Pune,MH,26,Female,Gold,2026-03-18,3064.94
4433,Customer_4433,customer4433@mail.com,Hyderabad,TS,,Male,Gold,2025-03-01,6905.55
4434,Customer_4434,customer4434@mail.com,Chennai,TN,,Male,Platinum,2025-04-10,1524.16
4435,Customer_4435,customer4435@mail.com,Mumbai,MH,47,Female,Platinum,2026-03-17,6050.41
4436,Customer_4436,customer4436@mail.com,Delhi,DL,47,Male,Platinum,2025-07-26,4468.41
4437,Customer_4437,customer4437@mail.com,Bengaluru,KA,39,Female,Silver,2025-08-08,8587.59
4438,Customer_4438,customer4438@mail.com,Chennai,TN,30,Female,Platinum,2025-10-14,2963.29
4439,Customer_4439,customer4439@mail.com,Chennai,TN,,Male,Gold,2025-02-25,7038.48
4440,Customer_4440,customer4440@mail.com,Chennai,TN,22,Male,Silver,2026-03-12,562.91
4441,Customer_4441,customer4441@mail.com,Bengaluru,KA,42,Male,Silver,2025-08-14,2754.02
4442,Customer_4442,customer4442@mail.com,Bengaluru,KA,,Female,Platinum,2025-06-21,3865.67
4443,Customer_4443,customer4443@mail.com,Chennai,TN,,Female,Gold,2026-04-11,3951.93
4444,Customer_4444,customer4444@mail.com,Hyderabad,TS,35,Male,Silver,2025-03-23,9573.48
4445,Customer_4445,customer4445@mail.com,Hyderabad,TS,,Female,Platinum,2025-08-01,9511.56
4446,Customer_4446,customer4446@mail.com,Mumbai,MH,38,Male,Silver,2025-07-06,5430.45
4447,Customer_4447,customer4447@mail.com,Mumbai,MH,,Female,Silver,2025-01-23,6578.61
4448,Customer_4448,customer4448@mail.com,Pune,MH,58,Female,Platinum,2025-08-05,6662.16
4449,Customer_4449,customer4449@mail.com,Mumbai,MH,,Female,Gold,2026-04-11,8153.15
4450,Customer_4450,customer4450@mail.com,Chennai,TN,50,Female,Silver,2025-03-24,5756.96
4451,Customer_4451,customer4451@mail.com,Pune,MH,,Female,Gold,2025-05-04,7767.42
4452,Customer_4452,customer4452@mail.com,Bengaluru,KA,55,Female,Gold,2025-03-14,5730.24
4453,Customer_4453,customer4453@mail.com,Pune,MH,59,Male,Platinum,2025-03-14,8699.54
4454,Customer_4454,customer4454@mail.com,Hyderabad,TS,,Male,Platinum,2025-01-25,4472.1
4455,Customer_4455,customer4455@mail.com,Mumbai,MH,,Male,Gold,2025-09-08,6063.96
4456,Customer_4456,customer4456@mail.com,Bengaluru,KA,,Female,Gold,2026-05-03,3394.08
4457,Customer_4457,customer4457@mail.com,Delhi,DL,,Male,Gold,2025-05-04,5257.6
4458,Customer_4458,customer4458@mail.com,Hyderabad,TS,58,Male,Silver,2025-09-04,3140.06
4459,Customer_4459,customer4459@mail.com,Mumbai,MH,,Female,Gold,2025-07-10,6667.59
4460,Customer_4460,customer4460@mail.com,Delhi,DL,25,Female,Platinum,2025-11-16,1937.35
4461,Customer_4461,customer4461@mail.com,Pune,MH,22,Female,Platinum,2025-01-16,8149.0
4462,Customer_4462,customer4462@mail.com,Delhi,DL,,Male,Silver,2025-10-17,9388.6
4463,Customer_4463,customer4463@mail.com,Bengaluru,KA,26,Male,Silver,2025-07-17,8808.43
4464,Customer_4464,customer4464@mail.com,Pune,MH,,Female,Silver,2025-01-05,6874.16
4465,Customer_4465,customer4465@mail.com,Delhi,DL,31,Female,Gold,2026-02-17,636.69
4466,Customer_4466,customer4466@mail.com,Mumbai,MH,,Female,Silver,2025-02-28,644.44
4467,Customer_4467,customer4467@mail.com,Chennai,TN,53,Male,Silver,2025-02-09,8622.88
4468,Customer_4468,customer4468@mail.com,Pune,MH,18,Male,Gold,2026-01-22,8163.7
4469,Customer_4469,customer4469@mail.com,Hyderabad,TS,,Male,Gold,2026-04-26,4805.36
4470,Customer_4470,customer4470@mail.com,Chennai,TN,22,Male,Silver,2025-09-14,1957.98
4471,Customer_4471,,Delhi,DL,26,Female,Platinum,2026-02-20,5233.14
4472,Customer_4472,customer4472@mail.com,Chennai,TN,63,Female,Silver,2025-11-09,3586.45
4473,Customer_4473,customer4473@mail.com,Pune,MH,,Male,Gold,2026-01-15,7167.49
4474,Customer_4474,customer4474@mail.com,Delhi,DL,,Female,Gold,2025-05-22,1961.68
4475,Customer_4475,customer4475@mail.com,Pune,MH,43,Female,Gold,2025-04-17,9991.6
4476,Customer_4476,customer4476@mail.com,Hyderabad,TS,23,Male,Silver,2025-05-26,933.62
4477,Customer_4477,customer4477@mail.com,Mumbai,MH,33,Male,Platinum,2025-12-02,7477.48
4478,Customer_4478,customer4478@mail.com,Bengaluru,KA,63,Male,Gold,2026-02-02,8020.57
4479,Customer_4479,customer4479@mail.com,Mumbai,MH,,Male,Gold,2026-04-29,5971.21
4480,Customer_4480,customer4480@mail.com,Pune,MH,,Female,Platinum,2025-03-06,6746.36
4481,Customer_4481,customer4481@mail.com,Chennai,TN,33,Male,Gold,2026-02-09,7787.2
4482,Customer_4482,customer4482@mail.com,Chennai,TN,,Male,Silver,2025-09-20,7627.92
4483,Customer_4483,customer4483@mail.com,Hyderabad,TS,,Male,Silver,2026-02-14,1889.2
4484,Customer_4484,customer4484@mail.com,Hyderabad,TS,32,Female,Silver,2026-03-26,3536.36
4485,Customer_4485,customer4485@mail.com,Hyderabad,TS,21,Male,Silver,2026-01-25,6050.55
4486,Customer_4486,customer4486@mail.com,Mumbai,MH,,Male,Gold,2025-02-06,2162.35
4487,Customer_4487,customer4487@mail.com,Chennai,TN,51,Male,Silver,2025-07-18,2323.87
4488,Customer_4488,customer4488@mail.com,Chennai,TN,19,Female,Silver,2025-08-15,1485.71
4489,Customer_4489,customer4489@mail.com,Pune,MH,54,Male,Platinum,2026-01-04,8980.96
4490,Customer_4490,customer4490@mail.com,Chennai,TN,,Male,Gold,2025-02-13,4084.83
4491,Customer_4491,customer4491@mail.com,Delhi,DL,33,Male,Silver,2025-11-07,4153.29
4492,Customer_4492,customer4492@mail.com,Mumbai,MH,40,Female,Platinum,2025-06-07,8658.99
4493,Customer_4493,customer4493@mail.com,Bengaluru,KA,35,Male,Silver,2026-03-03,2291.01
4494,Customer_4494,customer4494@mail.com,Delhi,DL,,Female,Platinum,2025-08-04,1945.01
4495,Customer_4495,customer4495@mail.com,Pune,MH,,Male,Gold,2026-01-10,3182.69
4496,Customer_4496,customer4496@mail.com,Mumbai,MH,,Male,Platinum,2025-12-12,9707.01
4497,Customer_4497,customer4497@mail.com,Hyderabad,TS,54,Female,Platinum,2025-02-09,8160.7
4498,Customer_4498,customer4498@mail.com,Chennai,TN,40,Female,Gold,2025-07-18,1399.25
4499,Customer_4499,customer4499@mail.com,Pune,MH,37,Male,Platinum,2026-03-23,9227.36
4500,Customer_4500,customer4500@mail.com,Chennai,TN,,Male,Platinum,2026-01-20,4421.12
4501,Customer_4501,customer4501@mail.com,Chennai,TN,,Male,Gold,2025-12-17,1899.9
4502,Customer_4502,customer4502@mail.com,Delhi,DL,64,Male,Platinum,2025-11-05,4004.24
4503,Customer_4503,customer4503@mail.com,Mumbai,MH,,Female,Platinum,2026-01-10,1688.92
4504,Customer_4504,customer4504@mail.com,Delhi,DL,55,Female,Gold,2025-11-17,4465.46
4505,Customer_4505,customer4505@mail.com,Hyderabad,TS,,Female,Silver,2025-09-29,9240.47
4506,Customer_4506,customer4506@mail.com,Bengaluru,KA,,Female,Platinum,2026-03-31,4015.63
4507,Customer_4507,customer4507@mail.com,Delhi,DL,45,Male,Platinum,2025-03-22,1438.67
4508,Customer_4508,customer4508@mail.com,Hyderabad,TS,,Female,Platinum,2025-12-16,5241.2
4509,Customer_4509,customer4509@mail.com,Hyderabad,TS,,Female,Platinum,2025-06-21,1661.12
4510,Customer_4510,customer4510@mail.com,Bengaluru,KA,38,Female,Silver,2025-04-13,6381.94
4511,Customer_4511,customer4511@mail.com,Pune,MH,,Female,Platinum,2025-02-24,5922.02
4512,Customer_4512,customer4512@mail.com,Chennai,TN,19,Male,Silver,2025-03-19,3647.24
4513,Customer_4513,customer4513@mail.com,Bengaluru,KA,,Male,Platinum,2025-01-10,1586.67
4514,Customer_4514,customer4514@mail.com,Chennai,TN,,Male,Platinum,2026-01-07,410.96
4515,Customer_4515,customer4515@mail.com,Delhi,DL,,Male,Silver,2025-05-02,9114.64
4516,Customer_4516,customer4516@mail.com,Hyderabad,TS,42,Male,Platinum,2025-08-07,1196.33
4517,Customer_4517,customer4517@mail.com,Mumbai,MH,,Male,Silver,2025-12-10,2173.78
4518,Customer_4518,customer4518@mail.com,Pune,MH,23,Female,Platinum,2025-05-18,6445.58
4519,Customer_4519,customer4519@mail.com,Chennai,TN,,Male,Silver,2026-05-02,5576.0
4520,Customer_4520,customer4520@mail.com,Bengaluru,KA,56,Female,Platinum,2026-04-11,8959.41
4521,Customer_4521,customer4521@mail.com,Mumbai,MH,55,Female,Silver,2025-08-29,1765.73
4522,Customer_4522,customer4522@mail.com,Pune,MH,37,Female,Silver,2025-03-30,1571.18
4523,Customer_4523,customer4523@mail.com,Hyderabad,TS,39,Female,Platinum,2025-06-24,7962.93
4524,Customer_4524,customer4524@mail.com,Hyderabad,TS,57,Male,Platinum,2025-04-12,4059.87
4525,Customer_4525,customer4525@mail.com,Pune,MH,,Male,Platinum,2025-04-17,1351.42
4526,Customer_4526,customer4526@mail.com,Delhi,DL,27,Female,Silver,2025-05-14,854.75
4527,Customer_4527,customer4527@mail.com,Delhi,DL,,Female,Silver,2025-07-13,3108.33
4528,Customer_4528,customer4528@mail.com,Pune,MH,,Female,Gold,2026-05-04,3759.32
4529,Customer_4529,customer4529@mail.com,Pune,MH,59,Female,Platinum,2026-01-13,2076.72
4530,Customer_4530,customer4530@mail.com,Hyderabad,TS,58,Male,Silver,2025-09-23,8272.27
4531,Customer_4531,customer4531@mail.com,Hyderabad,TS,,Male,Platinum,2025-09-19,8755.63
4532,Customer_4532,customer4532@mail.com,Hyderabad,TS,27,Male,Gold,2026-05-12,6531.44
4533,Customer_4533,customer4533@mail.com,Hyderabad,TS,25,Male,Platinum,2025-02-27,7430.97
4534,Customer_4534,customer4534@mail.com,Delhi,DL,47,Female,Silver,2025-04-21,2652.53
4535,Customer_4535,customer4535@mail.com,Pune,MH,,Male,Silver,2026-01-07,8198.36
4536,Customer_4536,customer4536@mail.com,Bengaluru,KA,,Female,Platinum,2025-04-27,4720.82
4537,Customer_4537,customer4537@mail.com,Mumbai,MH,24,Female,Silver,2025-04-19,8389.2
4538,Customer_4538,customer4538@mail.com,Mumbai,MH,44,Female,Silver,2025-07-10,5753.37
4539,Customer_4539,customer4539@mail.com,Mumbai,MH,,Female,Silver,2025-07-16,3100.63
4540,Customer_4540,customer4540@mail.com,Mumbai,MH,,Female,Platinum,2025-03-26,6927.75
4541,Customer_4541,customer4541@mail.com,Mumbai,MH,,Female,Silver,2026-01-12,8269.08
4542,Customer_4542,customer4542@mail.com,Hyderabad,TS,40,Male,Silver,2026-02-22,8916.32
4543,Customer_4543,customer4543@mail.com,Hyderabad,TS,51,Male,Gold,2025-10-02,4189.49
4544,Customer_4544,customer4544@mail.com,Chennai,TN,,Male,Silver,2025-01-30,9588.78
4545,Customer_4545,customer4545@mail.com,Bengaluru,KA,50,Male,Platinum,2025-03-04,9394.38
4546,Customer_4546,customer4546@mail.com,Bengaluru,KA,58,Male,Platinum,2026-01-28,4688.02
4547,Customer_4547,customer4547@mail.com,Pune,MH,62,Female,Gold,2026-02-02,2987.13
4548,Customer_4548,customer4548@mail.com,Pune,MH,20,Male,Silver,2026-01-20,1659.57
4549,Customer_4549,customer4549@mail.com,Pune,MH,,Female,Silver,2025-08-11,4403.76
4550,Customer_4550,customer4550@mail.com,Pune,MH,,Male,Gold,2025-04-26,1745.14
4551,Customer_4551,customer4551@mail.com,Chennai,TN,47,Male,Silver,2025-04-21,4010.35
4552,Customer_4552,customer4552@mail.com,Delhi,DL,,Female,Silver,2025-07-06,7270.83
4553,Customer_4553,customer4553@mail.com,Hyderabad,TS,35,Male,Silver,2026-02-10,3227.9
4554,Customer_4554,customer4554@mail.com,Mumbai,MH,46,Female,Silver,2025-05-20,4584.31
4555,Customer_4555,customer4555@mail.com,Delhi,DL,,Male,Silver,2025-04-12,7041.97
4556,Customer_4556,customer4556@mail.com,Chennai,TN,50,Male,Gold,2025-02-22,266.52
4557,Customer_4557,customer4557@mail.com,Bengaluru,KA,54,Male,Platinum,2025-06-16,5127.87
4558,Customer_4558,customer4558@mail.com,Bengaluru,KA,,Female,Silver,2025-07-28,3882.4
4559,Customer_4559,customer4559@mail.com,Hyderabad,TS,,Male,Silver,2025-05-04,9915.83
4560,Customer_4560,customer4560@mail.com,Chennai,TN,,Female,Gold,2025-05-02,5821.87
4561,Customer_4561,customer4561@mail.com,Mumbai,MH,,Male,Silver,2026-01-04,1302.66
4562,Customer_4562,customer4562@mail.com,Delhi,DL,40,Female,Silver,2025-03-31,9823.15
4563,Customer_4563,customer4563@mail.com,Pune,MH,,Female,Platinum,2025-11-17,5722.62
4564,Customer_4564,customer4564@mail.com,Mumbai,MH,,Female,Platinum,2025-04-23,2001.56
4565,Customer_4565,customer4565@mail.com,Delhi,DL,,Female,Silver,2025-01-10,4395.22
4566,Customer_4566,customer4566@mail.com,Pune,MH,22,Female,Platinum,2025-02-06,9867.58
4567,Customer_4567,customer4567@mail.com,Hyderabad,TS,21,Female,Gold,2026-02-01,7793.13
4568,Customer_4568,customer4568@mail.com,Pune,MH,28,Female,Platinum,2026-01-07,6148.36
4569,Customer_4569,customer4569@mail.com,Hyderabad,TS,,Female,Gold,2025-12-29,8524.05
4570,Customer_4570,customer4570@mail.com,Delhi,DL,25,Female,Silver,2025-08-14,8939.92
4571,Customer_4571,customer4571@mail.com,Hyderabad,TS,,Female,Gold,2025-08-04,7964.74
4572,Customer_4572,customer4572@mail.com,Bengaluru,KA,,Male,Platinum,2025-06-07,8427.26
4573,Customer_4573,customer4573@mail.com,Mumbai,MH,,Male,Silver,2025-07-27,7909.03
4574,Customer_4574,customer4574@mail.com,Pune,MH,41,Male,Gold,2026-01-02,5267.24
4575,Customer_4575,customer4575@mail.com,Chennai,TN,,Male,Platinum,2025-01-07,2021.45
4576,Customer_4576,customer4576@mail.com,Hyderabad,TS,35,Female,Gold,2025-08-20,8472.25
4577,Customer_4577,customer4577@mail.com,Delhi,DL,48,Female,Silver,2025-05-25,4799.58
4578,Customer_4578,customer4578@mail.com,Pune,MH,,Female,Silver,2025-01-27,4235.29
4579,Customer_4579,customer4579@mail.com,Delhi,DL,,Male,Platinum,2025-07-01,8917.22
4580,Customer_4580,customer4580@mail.com,Bengaluru,KA,,Male,Silver,2026-03-22,1439.19
4581,Customer_4581,customer4581@mail.com,Hyderabad,TS,,Male,Platinum,2026-02-03,9293.42
4582,Customer_4582,customer4582@mail.com,Pune,MH,61,Female,Platinum,2025-08-13,1573.3
4583,Customer_4583,customer4583@mail.com,Mumbai,MH,,Female,Silver,2025-10-31,5726.05
4584,Customer_4584,customer4584@mail.com,Delhi,DL,,Male,Gold,2026-04-16,4420.57
4585,Customer_4585,customer4585@mail.com,Pune,MH,,Female,Silver,2025-12-19,1972.91
4586,Customer_4586,customer4586@mail.com,Bengaluru,KA,21,Female,Platinum,2025-01-11,3374.09
4587,Customer_4587,customer4587@mail.com,Bengaluru,KA,,Female,Silver,2025-01-18,2820.33
4588,Customer_4588,customer4588@mail.com,Pune,MH,22,Male,Platinum,2025-12-29,8192.88
4589,Customer_4589,customer4589@mail.com,Chennai,TN,,Female,Platinum,2025-08-13,9242.83
4590,Customer_4590,customer4590@mail.com,Mumbai,MH,54,Male,Platinum,2025-05-24,3836.79
4591,Customer_4591,customer4591@mail.com,Bengaluru,KA,,Male,Platinum,2025-05-12,4167.04
4592,Customer_4592,customer4592@mail.com,Chennai,TN,,Female,Gold,2025-08-17,600.12
4593,Customer_4593,customer4593@mail.com,Chennai,TN,44,Male,Platinum,2025-09-01,3316.06
4594,Customer_4594,customer4594@mail.com,Mumbai,MH,64,Female,Gold,2026-05-04,7818.99
4595,Customer_4595,customer4595@mail.com,Mumbai,MH,26,Female,Gold,2025-07-04,6972.84
4596,Customer_4596,customer4596@mail.com,Mumbai,MH,,Male,Silver,2025-10-27,5616.98
4597,Customer_4597,customer4597@mail.com,Mumbai,MH,45,Female,Gold,2026-05-01,3946.51
4598,Customer_4598,customer4598@mail.com,Bengaluru,KA,59,Female,Platinum,2026-02-01,9455.67
4599,Customer_4599,customer4599@mail.com,Bengaluru,KA,,Female,Platinum,2025-11-14,5247.96
4600,Customer_4600,customer4600@mail.com,Delhi,DL,39,Female,Silver,2025-02-20,9251.25
4601,Customer_4601,customer4601@mail.com,Chennai,TN,58,Male,Platinum,2025-07-08,2640.47
4602,Customer_4602,customer4602@mail.com,Bengaluru,KA,,Male,Gold,2026-01-10,1577.85
4603,Customer_4603,customer4603@mail.com,Chennai,TN,,Female,Gold,2025-03-30,4254.23
4604,Customer_4604,customer4604@mail.com,Hyderabad,TS,43,Male,Platinum,2025-04-09,1127.12
4605,Customer_4605,customer4605@mail.com,Delhi,DL,38,Female,Platinum,2025-06-08,6232.72
4606,Customer_4606,customer4606@mail.com,Mumbai,MH,39,Male,Gold,2026-03-06,6563.48
4607,Customer_4607,customer4607@mail.com,Delhi,DL,21,Female,Silver,2025-08-13,8008.8
4608,Customer_4608,customer4608@mail.com,Mumbai,MH,39,Female,Silver,2025-04-24,6746.61
4609,Customer_4609,customer4609@mail.com,Mumbai,MH,,Male,Silver,2025-06-07,157.62
4610,Customer_4610,customer4610@mail.com,Pune,MH,53,Male,Silver,2026-01-11,1259.97
4611,Customer_4611,customer4611@mail.com,Delhi,DL,,Female,Platinum,2026-04-21,9436.74
4612,Customer_4612,customer4612@mail.com,Mumbai,MH,25,Male,Silver,2025-09-21,270.43
4613,Customer_4613,customer4613@mail.com,Delhi,DL,,Male,Gold,2025-07-13,8145.75
4614,Customer_4614,customer4614@mail.com,Chennai,TN,,Female,Gold,2025-05-10,9293.51
4615,Customer_4615,customer4615@mail.com,Chennai,TN,,Female,Platinum,2025-09-09,9486.37
4616,Customer_4616,customer4616@mail.com,Hyderabad,TS,,Male,Platinum,2025-01-07,4764.02
4617,Customer_4617,customer4617@mail.com,Hyderabad,TS,51,Female,Silver,2025-08-23,4947.99
4618,Customer_4618,customer4618@mail.com,Bengaluru,KA,47,Male,Silver,2026-01-15,1695.38
4619,Customer_4619,customer4619@mail.com,Delhi,DL,18,Male,Silver,2025-01-10,8615.44
4620,Customer_4620,customer4620@mail.com,Mumbai,MH,,Female,Silver,2026-04-03,6196.57
4621,Customer_4621,customer4621@mail.com,Delhi,DL,31,Female,Gold,2025-07-15,9612.33
4622,Customer_4622,customer4622@mail.com,Chennai,TN,,Male,Gold,2025-06-27,3784.38
4623,Customer_4623,customer4623@mail.com,Pune,MH,,Male,Platinum,2025-07-06,414.24
4624,Customer_4624,customer4624@mail.com,Delhi,DL,,Female,Gold,2025-08-10,3151.86
4625,Customer_4625,customer4625@mail.com,Delhi,DL,24,Female,Silver,2025-04-26,967.72
4626,Customer_4626,customer4626@mail.com,Delhi,DL,,Female,Silver,2025-09-23,9932.47
4627,Customer_4627,customer4627@mail.com,Chennai,TN,,Female,Silver,2025-05-02,4896.61
4628,Customer_4628,customer4628@mail.com,Delhi,DL,60,Female,Silver,2025-04-26,5763.14
4629,Customer_4629,customer4629@mail.com,Hyderabad,TS,,Male,Platinum,2025-11-05,8465.73
4630,Customer_4630,customer4630@mail.com,Chennai,TN,24,Female,Platinum,2025-12-15,7751.91
4631,Customer_4631,customer4631@mail.com,Hyderabad,TS,36,Female,Silver,2025-07-08,5243.6
4632,Customer_4632,customer4632@mail.com,Mumbai,MH,35,Female,Silver,2025-06-24,4448.4
4633,Customer_4633,customer4633@mail.com,Delhi,DL,,Male,Platinum,2025-04-12,5924.22
4634,Customer_4634,customer4634@mail.com,Pune,MH,63,Female,Platinum,2025-10-04,5998.02
4635,Customer_4635,customer4635@mail.com,Hyderabad,TS,65,Male,Platinum,2025-07-08,7550.96
4636,Customer_4636,customer4636@mail.com,Chennai,TN,29,Female,Platinum,2025-06-14,3050.01
4637,Customer_4637,customer4637@mail.com,Bengaluru,KA,64,Male,Platinum,2025-02-09,3736.95
4638,Customer_4638,customer4638@mail.com,Mumbai,MH,,Male,Platinum,2025-03-17,6831.89
4639,Customer_4639,customer4639@mail.com,Chennai,TN,41,Male,Gold,2025-04-18,7789.86
4640,Customer_4640,,Mumbai,MH,47,Female,Platinum,2026-03-31,545.73
4641,Customer_4641,customer4641@mail.com,Mumbai,MH,21,Female,Silver,2025-11-22,2312.09
4642,Customer_4642,customer4642@mail.com,Bengaluru,KA,45,Female,Gold,2026-03-23,8761.46
4643,Customer_4643,customer4643@mail.com,Delhi,DL,43,Male,Silver,2025-10-13,4874.23
4644,Customer_4644,customer4644@mail.com,Pune,MH,27,Male,Platinum,2026-04-03,4261.85
4645,Customer_4645,customer4645@mail.com,Chennai,TN,22,Female,Gold,2026-02-15,6873.76
4646,Customer_4646,,Hyderabad,TS,23,Female,Platinum,2025-10-17,1410.84
4647,Customer_4647,customer4647@mail.com,Chennai,TN,46,Female,Gold,2025-11-28,4226.86
4648,Customer_4648,customer4648@mail.com,Bengaluru,KA,35,Male,Platinum,2025-09-19,1938.84
4649,Customer_4649,customer4649@mail.com,Bengaluru,KA,,Female,Platinum,2025-08-13,1455.84
4650,Customer_4650,customer4650@mail.com,Chennai,TN,49,Male,Platinum,2025-07-10,6157.2
4651,Customer_4651,customer4651@mail.com,Delhi,DL,65,Female,Platinum,2025-11-07,8626.06
4652,Customer_4652,customer4652@mail.com,Bengaluru,KA,,Male,Silver,2025-07-13,1445.44
4653,Customer_4653,customer4653@mail.com,Bengaluru,KA,,Female,Gold,2025-10-01,3705.85
4654,Customer_4654,customer4654@mail.com,Mumbai,MH,,Male,Gold,2025-09-01,5400.76
4655,Customer_4655,customer4655@mail.com,Delhi,DL,25,Male,Silver,2026-02-12,7248.97
4656,Customer_4656,customer4656@mail.com,Bengaluru,KA,,Female,Silver,2026-04-21,4863.84
4657,Customer_4657,customer4657@mail.com,Delhi,DL,,Female,Platinum,2025-10-28,2540.53
4658,Customer_4658,customer4658@mail.com,Delhi,DL,,Female,Platinum,2025-03-26,9099.39
4659,Customer_4659,customer4659@mail.com,Mumbai,MH,27,Male,Gold,2026-03-09,6370.87
4660,Customer_4660,customer4660@mail.com,Bengaluru,KA,,Female,Silver,2025-07-19,5455.32
4661,Customer_4661,customer4661@mail.com,Chennai,TN,,Female,Gold,2025-11-23,1659.15
4662,Customer_4662,customer4662@mail.com,Hyderabad,TS,,Female,Gold,2025-01-04,5108.23
4663,Customer_4663,customer4663@mail.com,Hyderabad,TS,51,Female,Gold,2025-03-09,3021.03
4664,Customer_4664,customer4664@mail.com,Chennai,TN,,Male,Gold,2026-04-04,1897.86
4665,Customer_4665,customer4665@mail.com,Mumbai,MH,52,Female,Silver,2025-01-20,7702.77
4666,Customer_4666,customer4666@mail.com,Mumbai,MH,60,Female,Platinum,2025-11-25,3330.74
4667,Customer_4667,customer4667@mail.com,Mumbai,MH,,Male,Silver,2025-05-29,544.98
4668,Customer_4668,customer4668@mail.com,Chennai,TN,55,Male,Silver,2025-08-09,6697.89
4669,Customer_4669,customer4669@mail.com,Pune,MH,,Female,Silver,2025-09-25,4961.05
4670,Customer_4670,customer4670@mail.com,Pune,MH,,Male,Silver,2026-05-04,5473.19
4671,Customer_4671,customer4671@mail.com,Mumbai,MH,25,Female,Platinum,2025-08-25,2309.99
4672,Customer_4672,customer4672@mail.com,Mumbai,MH,30,Male,Platinum,2025-02-01,6168.92
4673,Customer_4673,customer4673@mail.com,Mumbai,MH,25,Male,Gold,2025-07-13,406.08
4674,Customer_4674,customer4674@mail.com,Pune,MH,26,Female,Platinum,2025-01-07,9006.65
4675,Customer_4675,customer4675@mail.com,Pune,MH,,Female,Silver,2025-03-12,8281.05
4676,Customer_4676,customer4676@mail.com,Delhi,DL,42,Female,Silver,2026-03-25,1035.32
4677,Customer_4677,customer4677@mail.com,Mumbai,MH,,Female,Gold,2026-03-30,7741.79
4678,Customer_4678,customer4678@mail.com,Hyderabad,TS,,Female,Gold,2026-01-19,7583.12
4679,Customer_4679,customer4679@mail.com,Delhi,DL,62,Male,Platinum,2025-05-26,6418.08
4680,Customer_4680,customer4680@mail.com,Hyderabad,TS,,Male,Platinum,2025-02-19,186.11
4681,Customer_4681,customer4681@mail.com,Hyderabad,TS,,Male,Silver,2025-11-20,5736.45
4682,Customer_4682,customer4682@mail.com,Pune,MH,,Female,Platinum,2025-07-14,751.11
4683,Customer_4683,customer4683@mail.com,Hyderabad,TS,,Female,Silver,2025-12-22,5700.77
4684,Customer_4684,customer4684@mail.com,Chennai,TN,,Female,Silver,2026-01-28,356.36
4685,Customer_4685,customer4685@mail.com,Mumbai,MH,20,Male,Silver,2025-07-28,1056.59
4686,Customer_4686,customer4686@mail.com,Hyderabad,TS,50,Male,Platinum,2025-03-01,3299.44
4687,Customer_4687,customer4687@mail.com,Delhi,DL,45,Female,Platinum,2025-02-04,3817.73
4688,Customer_4688,customer4688@mail.com,Delhi,DL,53,Female,Silver,2025-05-23,9232.82
4689,Customer_4689,customer4689@mail.com,Delhi,DL,63,Female,Silver,2025-01-09,4525.78
4690,Customer_4690,customer4690@mail.com,Delhi,DL,52,Female,Gold,2025-02-18,2572.45
4691,Customer_4691,customer4691@mail.com,Delhi,DL,,Female,Silver,2025-06-07,5258.24
4692,Customer_4692,customer4692@mail.com,Delhi,DL,34,Female,Silver,2026-02-04,3765.59
4693,Customer_4693,customer4693@mail.com,Mumbai,MH,53,Male,Silver,2025-09-09,3661.34
4694,Customer_4694,customer4694@mail.com,Mumbai,MH,59,Male,Platinum,2025-06-16,8950.6
4695,Customer_4695,customer4695@mail.com,Delhi,DL,,Male,Silver,2025-04-13,5046.74
4696,Customer_4696,customer4696@mail.com,Hyderabad,TS,24,Female,Platinum,2025-04-21,3407.2
4697,Customer_4697,customer4697@mail.com,Hyderabad,TS,,Male,Silver,2025-09-01,8908.09
4698,Customer_4698,customer4698@mail.com,Pune,MH,21,Female,Gold,2025-12-05,2255.24
4699,Customer_4699,customer4699@mail.com,Bengaluru,KA,,Female,Platinum,2026-03-24,4814.36
4700,Customer_4700,customer4700@mail.com,Mumbai,MH,,Male,Platinum,2025-12-06,709.24
4701,Customer_4701,customer4701@mail.com,Pune,MH,24,Female,Gold,2026-03-15,7065.61
4702,Customer_4702,customer4702@mail.com,Bengaluru,KA,,Female,Platinum,2025-01-07,5576.06
4703,Customer_4703,customer4703@mail.com,Pune,MH,,Male,Silver,2025-02-13,695.39
4704,Customer_4704,customer4704@mail.com,Bengaluru,KA,,Male,Gold,2025-11-30,6059.26
4705,Customer_4705,customer4705@mail.com,Chennai,TN,51,Female,Gold,2026-03-30,1511.68
4706,Customer_4706,customer4706@mail.com,Hyderabad,TS,33,Male,Platinum,2026-01-29,8325.48
4707,Customer_4707,customer4707@mail.com,Hyderabad,TS,,Female,Platinum,2025-11-12,9020.54
4708,Customer_4708,customer4708@mail.com,Pune,MH,37,Female,Gold,2025-09-25,1879.13
4709,Customer_4709,customer4709@mail.com,Pune,MH,,Male,Gold,2025-12-23,9848.55
4710,Customer_4710,customer4710@mail.com,Mumbai,MH,42,Female,Platinum,2025-03-19,5993.21
4711,Customer_4711,customer4711@mail.com,Hyderabad,TS,42,Female,Gold,2025-09-14,8654.0
4712,Customer_4712,customer4712@mail.com,Delhi,DL,,Male,Gold,2026-01-04,710.8
4713,Customer_4713,customer4713@mail.com,Mumbai,MH,,Male,Silver,2026-02-13,6139.6
4714,Customer_4714,customer4714@mail.com,Chennai,TN,,Male,Platinum,2025-01-13,9604.86
4715,Customer_4715,customer4715@mail.com,Delhi,DL,46,Female,Silver,2025-11-13,4422.09
4716,Customer_4716,customer4716@mail.com,Chennai,TN,48,Male,Platinum,2025-02-07,3953.36
4717,Customer_4717,customer4717@mail.com,Hyderabad,TS,,Male,Gold,2026-02-17,2383.96
4718,Customer_4718,customer4718@mail.com,Pune,MH,32,Male,Silver,2025-10-27,412.93
4719,Customer_4719,customer4719@mail.com,Chennai,TN,,Female,Silver,2025-05-31,433.87
4720,Customer_4720,customer4720@mail.com,Hyderabad,TS,,Female,Silver,2025-11-17,9944.01
4721,Customer_4721,customer4721@mail.com,Mumbai,MH,49,Male,Gold,2025-11-26,1136.08
4722,Customer_4722,customer4722@mail.com,Chennai,TN,44,Male,Silver,2025-12-12,6758.7
4723,Customer_4723,customer4723@mail.com,Mumbai,MH,,Male,Silver,2025-05-04,6117.13
4724,Customer_4724,customer4724@mail.com,Chennai,TN,,Male,Silver,2025-10-04,554.6
4725,Customer_4725,customer4725@mail.com,Mumbai,MH,39,Female,Gold,2026-03-08,793.02
4726,Customer_4726,customer4726@mail.com,Pune,MH,,Male,Platinum,2026-03-16,6806.04
4727,Customer_4727,customer4727@mail.com,Hyderabad,TS,,Female,Silver,2025-01-31,6300.13
4728,Customer_4728,customer4728@mail.com,Chennai,TN,39,Male,Gold,2025-11-23,4460.12
4729,Customer_4729,customer4729@mail.com,Pune,MH,,Female,Gold,2026-02-05,1162.13
4730,Customer_4730,customer4730@mail.com,Mumbai,MH,33,Male,Silver,2025-09-26,7579.88
4731,Customer_4731,customer4731@mail.com,Hyderabad,TS,,Female,Silver,2025-03-26,9875.7
4732,Customer_4732,customer4732@mail.com,Chennai,TN,,Female,Gold,2026-02-08,3479.01
4733,Customer_4733,customer4733@mail.com,Delhi,DL,28,Male,Gold,2025-02-06,6941.94
4734,Customer_4734,customer4734@mail.com,Bengaluru,KA,50,Female,Silver,2025-03-30,5587.25
4735,Customer_4735,customer4735@mail.com,Delhi,DL,,Male,Platinum,2025-02-05,5845.57
4736,Customer_4736,customer4736@mail.com,Delhi,DL,52,Male,Platinum,2026-04-24,5571.6
4737,Customer_4737,customer4737@mail.com,Hyderabad,TS,,Female,Gold,2025-06-20,9215.69
4738,Customer_4738,customer4738@mail.com,Pune,MH,,Male,Silver,2025-08-14,1459.99
4739,Customer_4739,customer4739@mail.com,Bengaluru,KA,40,Male,Platinum,2025-04-18,8188.32
4740,Customer_4740,customer4740@mail.com,Chennai,TN,,Female,Gold,2026-05-02,8411.84
4741,Customer_4741,customer4741@mail.com,Delhi,DL,33,Female,Gold,2025-08-27,2610.2
4742,Customer_4742,customer4742@mail.com,Pune,MH,34,Male,Platinum,2026-04-24,6756.52
4743,Customer_4743,customer4743@mail.com,Bengaluru,KA,,Female,Gold,2025-12-02,7288.05
4744,Customer_4744,customer4744@mail.com,Hyderabad,TS,32,Male,Silver,2026-04-25,5202.07
4745,Customer_4745,customer4745@mail.com,Chennai,TN,60,Female,Gold,2025-06-30,4155.26
4746,Customer_4746,customer4746@mail.com,Delhi,DL,18,Female,Silver,2026-02-11,755.62
4747,Customer_4747,customer4747@mail.com,Hyderabad,TS,56,Male,Platinum,2025-04-19,1481.11
4748,Customer_4748,customer4748@mail.com,Hyderabad,TS,,Male,Platinum,2025-12-23,7263.0
4749,Customer_4749,customer4749@mail.com,Hyderabad,TS,,Female,Gold,2026-04-23,1424.1
4750,Customer_4750,customer4750@mail.com,Pune,MH,,Male,Silver,2026-02-20,8916.64
4751,Customer_4751,customer4751@mail.com,Pune,MH,,Female,Platinum,2026-01-14,2448.29
4752,Customer_4752,customer4752@mail.com,Hyderabad,TS,,Male,Silver,2025-03-28,9447.63
4753,Customer_4753,customer4753@mail.com,Pune,MH,,Male,Gold,2025-05-26,9275.53
4754,Customer_4754,customer4754@mail.com,Mumbai,MH,28,Male,Platinum,2025-12-20,8478.94
4755,Customer_4755,customer4755@mail.com,Bengaluru,KA,,Female,Silver,2025-01-14,2284.54
4756,Customer_4756,customer4756@mail.com,Chennai,TN,35,Male,Platinum,2026-05-16,6080.78
4757,Customer_4757,customer4757@mail.com,Delhi,DL,,Male,Gold,2026-04-07,9941.08
4758,Customer_4758,customer4758@mail.com,Pune,MH,,Female,Silver,2026-02-22,2934.7
4759,Customer_4759,customer4759@mail.com,Hyderabad,TS,22,Female,Silver,2026-05-03,7479.05
4760,Customer_4760,customer4760@mail.com,Chennai,TN,,Male,Silver,2025-04-13,355.42
4761,Customer_4761,customer4761@mail.com,Pune,MH,53,Male,Silver,2025-04-04,8765.63
4762,Customer_4762,customer4762@mail.com,Delhi,DL,,Female,Silver,2025-04-30,6103.43
4763,Customer_4763,customer4763@mail.com,Pune,MH,,Female,Silver,2025-11-04,8319.37
4764,Customer_4764,customer4764@mail.com,Mumbai,MH,38,Male,Gold,2025-10-15,688.82
4765,Customer_4765,customer4765@mail.com,Bengaluru,KA,31,Male,Gold,2025-09-12,4890.07
4766,Customer_4766,customer4766@mail.com,Pune,MH,,Female,Platinum,2025-04-05,5239.4
4767,Customer_4767,customer4767@mail.com,Mumbai,MH,50,Female,Platinum,2026-04-07,9889.82
4768,Customer_4768,customer4768@mail.com,Bengaluru,KA,,Female,Platinum,2026-05-04,9030.23
4769,Customer_4769,customer4769@mail.com,Pune,MH,,Female,Silver,2025-07-20,8958.39
4770,Customer_4770,customer4770@mail.com,Bengaluru,KA,,Male,Gold,2025-02-13,5070.24
4771,Customer_4771,customer4771@mail.com,Bengaluru,KA,,Male,Silver,2025-10-30,6556.31
4772,Customer_4772,customer4772@mail.com,Pune,MH,24,Female,Platinum,2025-10-12,9731.58
4773,Customer_4773,customer4773@mail.com,Mumbai,MH,50,Male,Silver,2025-01-11,2089.88
4774,Customer_4774,customer4774@mail.com,Pune,MH,,Male,Gold,2025-04-28,2284.71
4775,Customer_4775,customer4775@mail.com,Hyderabad,TS,35,Male,Platinum,2025-05-06,6274.37
4776,Customer_4776,customer4776@mail.com,Bengaluru,KA,29,Female,Silver,2025-03-03,8827.81
4777,Customer_4777,customer4777@mail.com,Mumbai,MH,,Female,Silver,2025-04-01,6447.17
4778,Customer_4778,customer4778@mail.com,Mumbai,MH,,Female,Platinum,2025-07-08,9794.5
4779,Customer_4779,customer4779@mail.com,Bengaluru,KA,54,Female,Platinum,2026-02-21,7189.18
4780,Customer_4780,customer4780@mail.com,Delhi,DL,55,Female,Platinum,2026-03-05,4040.79
4781,Customer_4781,customer4781@mail.com,Pune,MH,42,Male,Platinum,2025-04-15,3533.64
4782,Customer_4782,customer4782@mail.com,Delhi,DL,,Male,Gold,2025-04-20,6958.41
4783,Customer_4783,customer4783@mail.com,Pune,MH,,Female,Gold,2026-03-19,4511.8
4784,Customer_4784,customer4784@mail.com,Delhi,DL,,Female,Platinum,2025-08-06,3539.42
4785,Customer_4785,customer4785@mail.com,Pune,MH,40,Female,Silver,2026-01-23,144.87
4786,Customer_4786,customer4786@mail.com,Mumbai,MH,47,Male,Platinum,2025-04-09,3070.49
4787,Customer_4787,customer4787@mail.com,Mumbai,MH,62,Female,Silver,2025-01-24,5806.9
4788,Customer_4788,customer4788@mail.com,Delhi,DL,,Male,Gold,2025-11-28,4678.27
4789,Customer_4789,customer4789@mail.com,Delhi,DL,50,Female,Platinum,2025-07-01,3959.15
4790,Customer_4790,customer4790@mail.com,Pune,MH,,Male,Gold,2026-03-10,574.89
4791,Customer_4791,customer4791@mail.com,Delhi,DL,20,Female,Platinum,2025-09-29,5937.59
4792,Customer_4792,customer4792@mail.com,Bengaluru,KA,,Female,Silver,2026-01-24,4738.46
4793,Customer_4793,customer4793@mail.com,Bengaluru,KA,,Female,Silver,2025-11-12,4311.46
4794,Customer_4794,customer4794@mail.com,Pune,MH,42,Female,Gold,2026-01-09,5659.44
4795,Customer_4795,customer4795@mail.com,Hyderabad,TS,,Male,Platinum,2025-08-09,2873.04
4796,Customer_4796,customer4796@mail.com,Mumbai,MH,19,Female,Silver,2026-05-08,8676.53
4797,Customer_4797,customer4797@mail.com,Mumbai,MH,23,Female,Platinum,2026-03-09,6075.77
4798,Customer_4798,customer4798@mail.com,Bengaluru,KA,45,Male,Silver,2026-01-13,9738.58
4799,Customer_4799,customer4799@mail.com,Hyderabad,TS,50,Female,Silver,2026-02-05,6665.98
4800,Customer_4800,customer4800@mail.com,Hyderabad,TS,35,Female,Silver,2025-11-03,2741.64
4801,Customer_4801,customer4801@mail.com,Hyderabad,TS,,Female,Silver,2026-04-25,5900.06
4802,Customer_4802,customer4802@mail.com,Mumbai,MH,57,Male,Platinum,2025-08-11,2034.57
4803,Customer_4803,customer4803@mail.com,Bengaluru,KA,,Female,Gold,2025-06-29,4693.69
4804,Customer_4804,customer4804@mail.com,Chennai,TN,,Female,Gold,2025-02-23,3410.19
4805,Customer_4805,customer4805@mail.com,Bengaluru,KA,,Female,Platinum,2025-12-16,1159.21
4806,Customer_4806,customer4806@mail.com,Bengaluru,KA,,Female,Gold,2025-02-22,4174.05
4807,Customer_4807,customer4807@mail.com,Hyderabad,TS,,Male,Silver,2025-01-27,455.48
4808,Customer_4808,customer4808@mail.com,Delhi,DL,,Female,Gold,2025-09-29,3729.35
4809,Customer_4809,customer4809@mail.com,Pune,MH,42,Male,Platinum,2025-07-23,4261.69
4810,Customer_4810,customer4810@mail.com,Pune,MH,,Male,Silver,2025-06-18,2185.32
4811,Customer_4811,customer4811@mail.com,Delhi,DL,52,Female,Silver,2025-01-24,7308.71
4812,Customer_4812,customer4812@mail.com,Chennai,TN,,Female,Platinum,2025-03-09,2961.48
4813,Customer_4813,customer4813@mail.com,Chennai,TN,,Female,Silver,2025-02-10,5910.71
4814,Customer_4814,customer4814@mail.com,Hyderabad,TS,,Male,Silver,2025-10-01,6851.77
4815,Customer_4815,customer4815@mail.com,Mumbai,MH,57,Male,Silver,2025-03-02,7331.48
4816,Customer_4816,customer4816@mail.com,Mumbai,MH,,Male,Silver,2025-05-01,6255.4
4817,Customer_4817,customer4817@mail.com,Pune,MH,,Female,Gold,2025-01-11,885.17
4818,Customer_4818,customer4818@mail.com,Mumbai,MH,63,Male,Gold,2025-11-26,4961.97
4819,Customer_4819,customer4819@mail.com,Delhi,DL,,Female,Platinum,2025-05-09,2125.7
4820,Customer_4820,customer4820@mail.com,Delhi,DL,35,Male,Silver,2025-11-28,1195.32
4821,Customer_4821,customer4821@mail.com,Bengaluru,KA,,Male,Silver,2025-09-22,6477.97
4822,Customer_4822,customer4822@mail.com,Delhi,DL,36,Female,Silver,2026-04-13,1654.25
4823,Customer_4823,customer4823@mail.com,Hyderabad,TS,48,Male,Silver,2025-08-15,5506.23
4824,Customer_4824,customer4824@mail.com,Bengaluru,KA,,Female,Silver,2025-07-03,5002.76
4825,Customer_4825,customer4825@mail.com,Pune,MH,,Female,Gold,2025-05-05,7296.91
4826,Customer_4826,customer4826@mail.com,Bengaluru,KA,18,Female,Silver,2025-03-10,8113.33
4827,Customer_4827,customer4827@mail.com,Hyderabad,TS,,Male,Silver,2025-02-08,3713.9
4828,Customer_4828,customer4828@mail.com,Hyderabad,TS,46,Male,Gold,2026-04-08,9563.78
4829,Customer_4829,customer4829@mail.com,Delhi,DL,64,Male,Platinum,2025-03-18,2621.88
4830,Customer_4830,customer4830@mail.com,Hyderabad,TS,,Male,Platinum,2025-06-10,8025.01
4831,Customer_4831,customer4831@mail.com,Hyderabad,TS,,Female,Silver,2025-12-30,2266.7
4832,Customer_4832,customer4832@mail.com,Chennai,TN,,Female,Platinum,2025-02-18,7473.12
4833,Customer_4833,customer4833@mail.com,Delhi,DL,,Male,Silver,2025-08-20,1328.19
4834,Customer_4834,customer4834@mail.com,Delhi,DL,,Female,Silver,2025-04-07,9600.91
4835,Customer_4835,customer4835@mail.com,Pune,MH,,Male,Gold,2025-08-05,2182.13
4836,Customer_4836,customer4836@mail.com,Pune,MH,,Male,Silver,2025-03-22,7987.52
4837,Customer_4837,customer4837@mail.com,Bengaluru,KA,,Male,Silver,2025-06-30,8371.1
4838,Customer_4838,customer4838@mail.com,Mumbai,MH,,Female,Gold,2025-12-27,7356.81
4839,Customer_4839,customer4839@mail.com,Delhi,DL,22,Female,Silver,2025-04-03,4701.79
4840,Customer_4840,customer4840@mail.com,Pune,MH,45,Male,Platinum,2025-11-21,2201.06
4841,Customer_4841,customer4841@mail.com,Hyderabad,TS,,Male,Gold,2025-07-08,9987.96
4842,Customer_4842,customer4842@mail.com,Hyderabad,TS,45,Male,Silver,2025-06-03,4512.09
4843,Customer_4843,customer4843@mail.com,Delhi,DL,19,Male,Gold,2025-04-11,9888.97
4844,Customer_4844,customer4844@mail.com,Bengaluru,KA,52,Male,Platinum,2025-11-16,1248.44
4845,Customer_4845,,Hyderabad,TS,20,Female,Gold,2025-08-23,3974.88
4846,Customer_4846,customer4846@mail.com,Hyderabad,TS,45,Female,Gold,2025-01-22,3823.03
4847,Customer_4847,customer4847@mail.com,Hyderabad,TS,,Male,Silver,2025-06-18,7403.84
4848,Customer_4848,customer4848@mail.com,Delhi,DL,,Female,Gold,2026-03-31,2067.82
4849,Customer_4849,customer4849@mail.com,Hyderabad,TS,35,Male,Gold,2026-02-17,3522.71
4850,Customer_4850,customer4850@mail.com,Bengaluru,KA,,Female,Platinum,2025-01-06,7375.13
4851,Customer_4851,customer4851@mail.com,Hyderabad,TS,,Male,Platinum,2026-01-16,8089.41
4852,Customer_4852,customer4852@mail.com,Pune,MH,50,Female,Platinum,2025-01-03,1988.69
4853,Customer_4853,customer4853@mail.com,Mumbai,MH,,Female,Silver,2025-02-16,7849.31
4854,Customer_4854,customer4854@mail.com,Hyderabad,TS,,Male,Silver,2025-12-05,8405.53
4855,Customer_4855,customer4855@mail.com,Mumbai,MH,,Male,Silver,2026-01-09,9014.39
4856,Customer_4856,customer4856@mail.com,Pune,MH,25,Male,Gold,2025-06-12,206.24
4857,Customer_4857,customer4857@mail.com,Hyderabad,TS,,Female,Gold,2026-05-02,6449.28
4858,Customer_4858,customer4858@mail.com,Mumbai,MH,65,Male,Silver,2026-01-27,4093.96
4859,Customer_4859,customer4859@mail.com,Mumbai,MH,,Male,Silver,2025-06-14,6787.39
4860,Customer_4860,customer4860@mail.com,Pune,MH,64,Male,Silver,2026-04-04,6566.5
4861,Customer_4861,customer4861@mail.com,Chennai,TN,,Female,Platinum,2025-07-04,9599.09
4862,Customer_4862,customer4862@mail.com,Chennai,TN,,Female,Gold,2026-03-26,200.45
4863,Customer_4863,customer4863@mail.com,Pune,MH,27,Male,Gold,2025-10-27,3647.16
4864,Customer_4864,customer4864@mail.com,Bengaluru,KA,49,Male,Silver,2025-11-13,7698.57
4865,Customer_4865,customer4865@mail.com,Pune,MH,,Male,Silver,2025-09-05,6474.68
4866,Customer_4866,customer4866@mail.com,Delhi,DL,,Female,Platinum,2025-01-10,796.74
4867,Customer_4867,customer4867@mail.com,Mumbai,MH,,Female,Silver,2025-02-08,234.89
4868,Customer_4868,customer4868@mail.com,Mumbai,MH,56,Male,Platinum,2025-01-11,985.46
4869,Customer_4869,customer4869@mail.com,Mumbai,MH,40,Male,Gold,2025-02-13,856.54
4870,Customer_4870,customer4870@mail.com,Mumbai,MH,,Male,Platinum,2025-08-19,2610.17
4871,Customer_4871,customer4871@mail.com,Bengaluru,KA,,Female,Platinum,2026-04-04,1494.06
4872,Customer_4872,customer4872@mail.com,Pune,MH,29,Female,Platinum,2025-12-31,681.23
4873,Customer_4873,customer4873@mail.com,Delhi,DL,,Female,Silver,2026-04-12,2943.12
4874,Customer_4874,customer4874@mail.com,Pune,MH,40,Male,Silver,2025-09-26,8814.23
4875,Customer_4875,customer4875@mail.com,Hyderabad,TS,47,Female,Silver,2025-04-10,6268.34
4876,Customer_4876,customer4876@mail.com,Bengaluru,KA,,Female,Platinum,2026-01-29,4858.38
4877,Customer_4877,customer4877@mail.com,Delhi,DL,20,Male,Platinum,2025-01-12,9417.75
4878,Customer_4878,customer4878@mail.com,Mumbai,MH,,Male,Silver,2026-04-15,1280.36
4879,Customer_4879,customer4879@mail.com,Delhi,DL,19,Male,Gold,2025-03-29,7390.35
4880,Customer_4880,customer4880@mail.com,Hyderabad,TS,36,Female,Silver,2025-07-15,6392.29
4881,Customer_4881,customer4881@mail.com,Delhi,DL,,Female,Gold,2025-05-07,4399.54
4882,Customer_4882,customer4882@mail.com,Mumbai,MH,,Female,Gold,2025-03-04,7725.73
4883,Customer_4883,customer4883@mail.com,Chennai,TN,27,Female,Platinum,2025-07-11,6224.14
4884,Customer_4884,customer4884@mail.com,Chennai,TN,,Male,Platinum,2025-07-06,7175.98
4885,Customer_4885,customer4885@mail.com,Hyderabad,TS,,Female,Platinum,2025-02-12,2009.42
4886,Customer_4886,customer4886@mail.com,Hyderabad,TS,,Male,Gold,2026-04-12,8225.03
4887,Customer_4887,customer4887@mail.com,Hyderabad,TS,,Male,Platinum,2025-06-07,1759.32
4888,Customer_4888,customer4888@mail.com,Pune,MH,54,Female,Silver,2025-08-28,8417.31
4889,Customer_4889,customer4889@mail.com,Hyderabad,TS,30,Male,Platinum,2026-02-19,5270.99
4890,Customer_4890,customer4890@mail.com,Hyderabad,TS,,Male,Silver,2026-01-18,4857.86
4891,Customer_4891,customer4891@mail.com,Hyderabad,TS,,Male,Silver,2025-12-24,2661.69
4892,Customer_4892,customer4892@mail.com,Bengaluru,KA,53,Male,Gold,2025-06-25,7993.6
4893,Customer_4893,customer4893@mail.com,Delhi,DL,,Female,Platinum,2025-01-08,6187.4
4894,Customer_4894,customer4894@mail.com,Delhi,DL,34,Male,Silver,2025-06-25,5561.38
4895,Customer_4895,customer4895@mail.com,Bengaluru,KA,,Female,Gold,2025-07-28,7609.5
4896,Customer_4896,customer4896@mail.com,Hyderabad,TS,25,Female,Gold,2025-06-29,5922.36
4897,Customer_4897,customer4897@mail.com,Hyderabad,TS,,Female,Gold,2025-09-30,5979.44
4898,Customer_4898,customer4898@mail.com,Delhi,DL,,Female,Gold,2025-03-08,1292.56
4899,Customer_4899,customer4899@mail.com,Delhi,DL,,Male,Gold,2025-05-16,3025.15
4900,Customer_4900,customer4900@mail.com,Mumbai,MH,37,Female,Platinum,2025-06-30,6854.18
4901,Customer_4901,customer4901@mail.com,Chennai,TN,36,Female,Silver,2025-01-11,8591.37
4902,Customer_4902,customer4902@mail.com,Delhi,DL,,Male,Platinum,2026-01-02,9018.19
4903,Customer_4903,customer4903@mail.com,Chennai,TN,24,Male,Platinum,2025-05-27,6093.09
4904,Customer_4904,customer4904@mail.com,Pune,MH,34,Female,Silver,2025-05-10,5267.25
4905,Customer_4905,customer4905@mail.com,Delhi,DL,,Female,Silver,2025-03-14,4942.62
4906,Customer_4906,customer4906@mail.com,Pune,MH,,Male,Gold,2025-02-04,5086.2
4907,Customer_4907,customer4907@mail.com,Mumbai,MH,,Female,Platinum,2026-01-09,2521.17
4908,Customer_4908,customer4908@mail.com,Mumbai,MH,44,Male,Gold,2025-07-21,294.5
4909,Customer_4909,customer4909@mail.com,Delhi,DL,36,Male,Silver,2025-09-15,6032.09
4910,Customer_4910,customer4910@mail.com,Bengaluru,KA,21,Male,Platinum,2025-02-23,2015.98
4911,Customer_4911,,Pune,MH,,Male,Platinum,2025-05-29,8895.26
4912,Customer_4912,customer4912@mail.com,Delhi,DL,60,Male,Silver,2025-04-10,5021.55
4913,Customer_4913,customer4913@mail.com,Mumbai,MH,,Female,Platinum,2026-03-01,6938.6
4914,Customer_4914,customer4914@mail.com,Bengaluru,KA,64,Female,Gold,2025-01-21,4604.0
4915,Customer_4915,customer4915@mail.com,Delhi,DL,32,Male,Platinum,2025-08-20,9142.1
4916,Customer_4916,customer4916@mail.com,Bengaluru,KA,,Female,Gold,2025-09-21,7892.47
4917,Customer_4917,customer4917@mail.com,Pune,MH,44,Male,Silver,2025-04-01,1716.41
4918,Customer_4918,customer4918@mail.com,Chennai,TN,,Male,Platinum,2025-01-27,220.61
4919,Customer_4919,customer4919@mail.com,Chennai,TN,31,Female,Gold,2025-02-15,3897.35
4920,Customer_4920,customer4920@mail.com,Chennai,TN,,Female,Gold,2025-08-07,7840.6
4921,Customer_4921,customer4921@mail.com,Delhi,DL,,Male,Gold,2025-12-22,5543.05
4922,Customer_4922,customer4922@mail.com,Pune,MH,,Female,Platinum,2026-03-01,8589.38
4923,Customer_4923,customer4923@mail.com,Mumbai,MH,54,Female,Platinum,2025-09-08,908.77
4924,Customer_4924,customer4924@mail.com,Delhi,DL,,Female,Silver,2025-03-16,2977.69
4925,Customer_4925,customer4925@mail.com,Mumbai,MH,40,Male,Gold,2026-02-22,915.45
4926,Customer_4926,customer4926@mail.com,Pune,MH,,Male,Platinum,2025-03-05,3326.91
4927,Customer_4927,customer4927@mail.com,Chennai,TN,48,Female,Silver,2025-06-08,6380.55
4928,Customer_4928,customer4928@mail.com,Delhi,DL,,Female,Silver,2025-11-07,6496.68
4929,Customer_4929,customer4929@mail.com,Bengaluru,KA,58,Female,Gold,2026-01-21,2577.4
4930,Customer_4930,customer4930@mail.com,Chennai,TN,,Female,Platinum,2026-03-17,7705.44
4931,Customer_4931,customer4931@mail.com,Chennai,TN,,Male,Silver,2025-07-24,7939.75
4932,Customer_4932,customer4932@mail.com,Chennai,TN,,Female,Silver,2026-05-09,5928.29
4933,Customer_4933,customer4933@mail.com,Mumbai,MH,62,Female,Platinum,2026-01-12,1840.74
4934,Customer_4934,customer4934@mail.com,Chennai,TN,,Male,Gold,2026-03-05,3995.27
4935,Customer_4935,customer4935@mail.com,Pune,MH,,Female,Gold,2025-09-05,6494.71
4936,Customer_4936,customer4936@mail.com,Mumbai,MH,,Male,Platinum,2025-12-20,8590.95
4937,Customer_4937,customer4937@mail.com,Bengaluru,KA,,Female,Gold,2026-02-14,9260.68
4938,Customer_4938,customer4938@mail.com,Bengaluru,KA,46,Female,Silver,2025-10-24,8748.16
4939,Customer_4939,customer4939@mail.com,Delhi,DL,49,Female,Silver,2025-06-11,8446.35
4940,Customer_4940,customer4940@mail.com,Hyderabad,TS,57,Female,Platinum,2025-06-14,4999.73
4941,Customer_4941,customer4941@mail.com,Delhi,DL,45,Male,Silver,2026-04-11,6130.72
4942,Customer_4942,customer4942@mail.com,Pune,MH,62,Male,Platinum,2025-04-14,1582.64
4943,Customer_4943,customer4943@mail.com,Chennai,TN,38,Female,Gold,2025-03-10,5367.1
4944,Customer_4944,customer4944@mail.com,Bengaluru,KA,54,Female,Platinum,2025-12-18,8002.41
4945,Customer_4945,customer4945@mail.com,Chennai,TN,62,Male,Gold,2025-12-31,5719.96
4946,Customer_4946,customer4946@mail.com,Pune,MH,,Male,Platinum,2025-05-29,2247.69
4947,Customer_4947,customer4947@mail.com,Bengaluru,KA,,Female,Silver,2025-09-12,4127.1
4948,Customer_4948,customer4948@mail.com,Pune,MH,34,Male,Platinum,2025-11-22,9793.02
4949,Customer_4949,customer4949@mail.com,Chennai,TN,23,Male,Silver,2026-04-04,7151.23
4950,Customer_4950,customer4950@mail.com,Pune,MH,,Male,Silver,2025-02-08,9622.05
4951,Customer_4951,customer4951@mail.com,Hyderabad,TS,58,Female,Silver,2025-08-20,8400.07
4952,Customer_4952,customer4952@mail.com,Bengaluru,KA,35,Female,Gold,2025-06-15,369.93
4953,Customer_4953,customer4953@mail.com,Bengaluru,KA,,Male,Platinum,2025-05-20,2270.44
4954,Customer_4954,customer4954@mail.com,Pune,MH,32,Male,Platinum,2026-03-24,5335.68
4955,Customer_4955,customer4955@mail.com,Pune,MH,20,Female,Gold,2025-09-06,8831.24
4956,Customer_4956,customer4956@mail.com,Bengaluru,KA,,Female,Platinum,2025-01-24,195.43
4957,Customer_4957,customer4957@mail.com,Delhi,DL,50,Female,Platinum,2025-02-13,9803.84
4958,Customer_4958,customer4958@mail.com,Pune,MH,,Female,Gold,2025-10-16,4613.72
4959,Customer_4959,customer4959@mail.com,Bengaluru,KA,,Female,Platinum,2025-03-07,2764.54
4960,Customer_4960,customer4960@mail.com,Mumbai,MH,,Female,Platinum,2025-01-07,5532.44
4961,Customer_4961,customer4961@mail.com,Hyderabad,TS,41,Female,Platinum,2026-05-14,1122.65
4962,Customer_4962,customer4962@mail.com,Bengaluru,KA,18,Female,Silver,2025-04-09,1540.67
4963,Customer_4963,customer4963@mail.com,Pune,MH,,Male,Gold,2025-08-26,7649.17
4964,Customer_4964,customer4964@mail.com,Bengaluru,KA,29,Male,Gold,2026-03-13,6338.28
4965,Customer_4965,customer4965@mail.com,Chennai,TN,,Female,Gold,2025-02-20,4018.03
4966,Customer_4966,customer4966@mail.com,Hyderabad,TS,,Female,Platinum,2025-10-11,7276.84
4967,Customer_4967,customer4967@mail.com,Bengaluru,KA,,Male,Platinum,2025-09-05,2731.54
4968,Customer_4968,customer4968@mail.com,Delhi,DL,,Female,Platinum,2025-01-04,9900.33
4969,Customer_4969,customer4969@mail.com,Hyderabad,TS,47,Female,Platinum,2025-01-01,126.69
4970,Customer_4970,customer4970@mail.com,Mumbai,MH,37,Male,Silver,2025-09-15,6115.8
4971,Customer_4971,customer4971@mail.com,Hyderabad,TS,,Male,Silver,2026-03-19,7781.16
4972,Customer_4972,customer4972@mail.com,Pune,MH,,Female,Silver,2025-11-20,6781.31
4973,Customer_4973,customer4973@mail.com,Bengaluru,KA,57,Female,Silver,2025-05-11,9623.84
4974,Customer_4974,customer4974@mail.com,Hyderabad,TS,,Female,Platinum,2025-05-18,8992.28
4975,Customer_4975,customer4975@mail.com,Delhi,DL,,Female,Silver,2025-08-05,7877.18
4976,Customer_4976,customer4976@mail.com,Hyderabad,TS,24,Male,Gold,2025-05-02,4069.97
4977,Customer_4977,customer4977@mail.com,Chennai,TN,,Female,Silver,2026-04-14,1667.94
4978,Customer_4978,customer4978@mail.com,Bengaluru,KA,,Female,Gold,2025-06-03,6920.67
4979,Customer_4979,customer4979@mail.com,Pune,MH,18,Male,Platinum,2025-06-26,4974.82
4980,Customer_4980,customer4980@mail.com,Bengaluru,KA,28,Male,Silver,2025-09-18,6780.79
4981,Customer_4981,customer4981@mail.com,Delhi,DL,,Female,Gold,2025-09-03,8278.63
4982,Customer_4982,customer4982@mail.com,Mumbai,MH,,Female,Gold,2025-04-05,8414.71
4983,Customer_4983,customer4983@mail.com,Pune,MH,,Female,Platinum,2025-02-02,2543.86
4984,Customer_4984,customer4984@mail.com,Mumbai,MH,,Female,Gold,2026-04-03,4121.91
4985,Customer_4985,customer4985@mail.com,Mumbai,MH,43,Female,Gold,2025-04-05,9779.84
4986,Customer_4986,customer4986@mail.com,Hyderabad,TS,,Male,Gold,2025-07-09,8783.72
4987,Customer_4987,customer4987@mail.com,Hyderabad,TS,,Male,Silver,2025-02-01,9005.14
4988,Customer_4988,customer4988@mail.com,Delhi,DL,,Male,Gold,2025-06-22,8869.81
4989,Customer_4989,customer4989@mail.com,Mumbai,MH,25,Female,Platinum,2025-06-18,3972.5
4990,Customer_4990,customer4990@mail.com,Mumbai,MH,,Female,Gold,2025-10-02,2106.38
4991,Customer_4991,customer4991@mail.com,Pune,MH,55,Male,Silver,2025-10-27,2262.21
4992,Customer_4992,customer4992@mail.com,Mumbai,MH,59,Male,Platinum,2026-03-08,2575.5
4993,Customer_4993,customer4993@mail.com,Chennai,TN,,Male,Gold,2025-12-18,5539.37
4994,Customer_4994,customer4994@mail.com,Hyderabad,TS,53,Male,Silver,2025-12-01,4754.89
4995,Customer_4995,customer4995@mail.com,Mumbai,MH,21,Female,Platinum,2025-06-10,7516.54
4996,Customer_4996,customer4996@mail.com,Hyderabad,TS,63,Female,Silver,2025-05-23,5261.45
4997,Customer_4997,customer4997@mail.com,Pune,MH,,Female,Gold,2025-04-27,9135.7
4998,Customer_4998,customer4998@mail.com,Bengaluru,KA,,Male,Silver,2025-08-14,8300.88
4999,Customer_4999,customer4999@mail.com,Chennai,TN,52,Male,Gold,2026-05-02,980.21
5000,Customer_5000,customer5000@mail.com,Pune,MH,,Male,Silver,2025-03-31,6516.51
1,Customer_1,customer1@mail.com,Bengaluru,KA,30,Male,Gold,2026-01-01,500
2,Customer_2,customer2@mail.com,Pune,MH,30,Male,Gold,2026-01-01,500
3,Customer_3,customer3@mail.com,Delhi,DL,30,Male,Gold,2026-01-01,500
4,Customer_4,customer4@mail.com,Hyderabad,TS,30,Male,Gold,2026-01-01,500
5,Customer_5,customer5@mail.com,Pune,MH,30,Male,Gold,2026-01-01,500
6,Customer_6,customer6@mail.com,Mumbai,MH,30,Male,Gold,2026-01-01,500
7,Customer_7,customer7@mail.com,Chennai,TN,30,Male,Gold,2026-01-01,500
8,Customer_8,customer8@mail.com,Mumbai,MH,30,Male,Gold,2026-01-01,500
9,Customer_9,customer9@mail.com,Delhi,DL,30,Male,Gold,2026-01-01,500
10,Customer_10,customer10@mail.com,Delhi,DL,30,Male,Gold,2026-01-01,500
11,Customer_11,customer11@mail.com,Mumbai,MH,30,Male,Gold,2026-01-01,500
12,Customer_12,customer12@mail.com,Pune,MH,30,Male,Gold,2026-01-01,500
13,Customer_13,customer13@mail.com,Chennai,TN,30,Male,Gold,2026-01-01,500
14,Customer_14,customer14@mail.com,Delhi,DL,30,Male,Gold,2026-01-01,500
15,Customer_15,customer15@mail.com,Mumbai,MH,30,Male,Gold,2026-01-01,500
16,Customer_16,customer16@mail.com,Hyderabad,TS,30,Male,Gold,2026-01-01,500
17,Customer_17,customer17@mail.com,Mumbai,MH,30,Male,Gold,2026-01-01,500
18,Customer_18,customer18@mail.com,Bengaluru,KA,30,Male,Gold,2026-01-01,500
19,Customer_19,customer19@mail.com,Pune,MH,30,Male,Gold,2026-01-01,500
20,Customer_20,customer20@mail.com,Mumbai,MH,30,Male,Gold,2026-01-01,500
