order_id,product_id,product_name,category,price,quantity,discount_percent,region,status,customer_name,order_date
100001,1001,Laptop,Electronics,74180.89,4.0,20,North,Returned,Customer_17,31-01-2025
100002,NULL,Monitor,Electronics,23342.82,10.0,20,West,Pending,Customer_230,12-10-2025
100003,1003,Keyboard,Electronics,69844.13,6.0,10,North,Completed,Customer_195,10-04-2025
100004,1004,Jacket,Clothing,60412.23,1.0,15,North,Cancelled,Customer_425,06-01-2026
100005,1005,Football,Sports,70486.73,1.0,0,South,Completed,Customer_195,12-10-2025
100006,NULL,Sugar,Groceries,16349.14,6.0,0,South,Pending,Customer_84,19-04-2026
100007,1007,Eggs,Groceries,98953.38,9.0,0,South,Completed,Customer_413,20-11-2025
100008,1008,Eggs,Groceries,6712.24,10.0,15,West,Returned,Customer_74,29-09-2025
100009,NULL,Sofa,Furniture,74524.4,9.0,20,West,Cancelled,Customer_113,22-05-2025
100010,1010,Badminton Racket,Sports,9181.85,1.0,5,West,Completed,Customer_198,26-01-2026
100011,1011,Badminton Racket,Sports,52958.52,,0,East,Cancelled,Customer_58,28-10-2025
100012,1012,Milk,Groceries,45427.0,5.0,20,North,Cancelled,Customer_431,04-06-2026
100013,1013,Football,Sports,15368.64,3.0,20,North,Cancelled,Customer_251,20-01-2025
100014,1014,Tablet,Electronics,87884.32,5.0,20,North,Completed,Customer_375,13-05-2026
100015,1015,Speaker,Electronics,76606.86,3.0,5,East,Returned,Customer_494,05-08-2025
100016,1016,Gloves,Sports,69017.78,5.0,10,West,Returned,Customer_62,11-09-2025
100017,1017,Table,Furniture,33874.75,10.0,0,North,Completed,Customer_118,11-03-2025
100018,1018,Tablet,Electronics,7178.65,4.0,20,South,Returned,Customer_125,30-04-2026
100019,1019,Bread,Groceries,9523.15,7.0,0,North,Completed,Customer_207,14-12-2025
100020,1020,Monitor,Electronics,19239.85,9.0,10,West,Pending,Customer_448,19-03-2025
100021,1021,Oil,Groceries,5153.77,9.0,5,South,Returned,Customer_249,08-05-2026
100022,1022,Shelf,Furniture,90254.04,3.0,10,West,Cancelled,Customer_217,14-05-2026
100023,1023,Sofa,Furniture,29741.11,1.0,10,North,Completed,Customer_300,04-05-2026
100024,1024,Helmet,Sports,15827.53,9.0,20,North,Pending,Customer_207,03-05-2025
100025,1025,Football,Sports,57934.01,1.0,20,East,Cancelled,Customer_105,18-11-2025
100028,1028,Eggs,Groceries,,9.0,10,North,Pending,Customer_136,29-04-2025
100029,1029,Speaker,Electronics,15629.25,5.0,5,East,Returned,Customer_129,22-02-2025
100030,1030,Printer,Electronics,,1.0,10,South,Returned,Customer_283,14-03-2026
100031,1031,Cricket Bat,Sports,11276.2,3.0,20,South,Returned,Customer_66,12-02-2025
100032,1032,Jacket,Clothing,89908.25,1.0,5,North,Cancelled,Customer_400,21-02-2026
100033,1033,Gloves,Sports,15539.88,4.0,5,West,Completed,Customer_92,07-12-2025
100034,1034,Bread,Groceries,26753.89,2.0,15,South,Pending,Customer_419,17-04-2026
100035,1035,Jacket,Clothing,82071.58,4.0,15,East,Cancelled,Customer_443,13-03-2025
100036,1036,Jacket,Clothing,64184.03,7.0,10,North,Completed,Customer_450,25-09-2025
100037,1037,Bed,Furniture,3921.89,10.0,10,West,Completed,Customer_198,14-07-2025
100038,1038,T-Shirt,Clothing,70907.65,1.0,5,East,Returned,Customer_36,05-12-2025
100039,1039,Tennis Racket,Sports,66372.41,2.0,10,West,Cancelled,Customer_207,30-10-2025
100040,1040,Football,Sports,19264.83,7.0,20,East,Returned,Customer_281,01-01-2025
100041,1041,Jacket,Clothing,21097.25,10.0,15,West,Pending,Customer_262,30-04-2026
100042,1042,Table,Furniture,28450.26,10.0,5,East,Pending,Customer_413,23-07-2025
100043,1043,Chair,Furniture,4716.75,8.0,15,West,Pending,Customer_368,29-01-2026
100044,1044,Tea,Groceries,24474.05,1.0,0,West,Pending,Customer_91,15-06-2026
100045,1045,Rice,Groceries,55784.84,2.0,20,East,Returned,Customer_314,01-06-2026
100046,1046,Coffee,Groceries,89731.09,8.0,10,West,Pending,Customer_141,27-03-2026
100047,1047,Phone,Electronics,23525.91,6.0,5,South,Pending,Customer_197,06-06-2025
100048,1048,Table,Furniture,41545.3,6.0,5,West,Returned,Customer_464,21-01-2025
100049,1049,Badminton Racket,Sports,47750.28,6.0,15,South,Returned,Customer_113,07-10-2025
100050,1050,Coffee,Groceries,2999.58,6.0,5,West,Pending,Customer_319,28-01-2025
100051,1051,Rice,Groceries,8486.35,7.0,0,East,Returned,Customer_168,05-08-2025
100052,1052,Sugar,Groceries,33816.3,7.0,15,East,Completed,Customer_241,20-01-2025
100053,1053,Cricket Bat,Sports,99990.79,6.0,0,North,Pending,Customer_103,21-01-2025
100054,1054,Football,Sports,23930.64,8.0,5,West,Cancelled,Customer_393,13-01-2026
100055,1055,Table,Furniture,77801.41,3.0,0,East,Returned,Customer_204,23-07-2025
100056,1056,Smartwatch,Electronics,69092.38,4.0,20,North,Completed,Customer_178,15-03-2026
100057,1057,T-Shirt,Clothing,,6.0,15,North,Returned,Customer_492,06-01-2026
100058,1058,Milk,Groceries,43605.17,9.0,20,West,Returned,Customer_224,02-10-2025
100059,1059,Jeans,Clothing,83090.03,2.0,15,West,Cancelled,Customer_15,22-05-2026
100060,1060,Jeans,Clothing,48806.24,6.0,20,East,Completed,Customer_265,15-07-2025
100061,1061,Monitor,Electronics,72035.46,8.0,15,West,Returned,Customer_406,18-01-2025
100062,1062,Phone,Electronics,22237.48,4.0,15,East,Returned,Customer_382,05-12-2025
100063,1063,Hoodie,Clothing,45429.15,5.0,5,East,Completed,Customer_381,09-07-2025
100064,1064,Sofa,Furniture,73886.6,5.0,20,East,Completed,Customer_427,18-07-2025
100065,1065,Jeans,Clothing,,5.0,10,North,Completed,Customer_284,27-10-2025
100066,1066,Stool,Furniture,10348.51,1.0,15,East,Pending,Customer_495,22-02-2025
100067,1067,Shirt,Clothing,11497.31,2.0,0,South,Pending,Customer_416,08-11-2025
100068,1068,Monitor,Electronics,11933.31,7.0,5,West,Returned,Customer_466,30-03-2026
100069,1069,Shoes,Clothing,99004.12,5.0,0,South,Pending,Customer_136,25-03-2025
100070,1070,Sofa,Furniture,17463.97,2.0,20,West,Cancelled,Customer_17,26-08-2025
100071,1071,Hoodie,Clothing,28343.57,8.0,10,South,Returned,Customer_59,19-08-2025
100072,1072,Bed,Furniture,82680.45,2.0,20,East,Returned,Customer_64,25-04-2026
100073,1073,Hoodie,Clothing,40310.6,5.0,0,North,Returned,Customer_377,27-11-2025
100074,1074,Tennis Racket,Sports,2683.9,4.0,20,North,Cancelled,Customer_296,11-02-2025
100075,1075,Stool,Furniture,51944.49,8.0,20,West,Returned,Customer_497,04-04-2025
100076,1076,Sugar,Groceries,40893.97,6.0,10,West,Returned,Customer_148,15-02-2026
100077,1077,Cricket Bat,Sports,45537.11,6.0,15,North,Returned,Customer_212,25-02-2025
100078,1078,Cabinet,Furniture,62301.12,8.0,5,East,Pending,Customer_475,22-10-2025
100079,1079,Coffee,Groceries,12230.47,10.0,10,North,Returned,Customer_48,19-08-2025
100080,1080,Camera,Electronics,94711.37,3.0,20,East,Returned,Customer_428,10-05-2026
100081,1081,Bread,Groceries,45732.97,3.0,20,South,Completed,Customer_142,01-03-2026
100082,1082,Shoes,Clothing,26790.55,1.0,20,West,Pending,Customer_229,11-05-2026
100083,1083,Jacket,Clothing,55236.55,9.0,5,South,Returned,Customer_120,25-02-2026
100084,1084,Tablet,Electronics,74496.04,7.0,5,West,Completed,Customer_65,30-05-2026
100085,1085,Tennis Racket,Sports,86983.06,8.0,0,South,Returned,Customer_446,08-06-2025
100086,1086,Camera,Electronics,78174.38,5.0,0,East,Returned,Customer_489,21-11-2025
100087,1087,Rice,Groceries,61784.2,4.0,5,North,Returned,Customer_51,13-04-2025
100088,1088,Milk,Groceries,69430.72,1.0,10,East,Cancelled,Customer_221,30-05-2025
100089,1089,Shelf,Furniture,56636.21,3.0,15,South,Returned,Customer_468,27-05-2025
100090,1090,Stool,Furniture,63826.67,,15,East,Pending,Customer_38,29-03-2026
100091,1091,Shoes,Clothing,29985.51,7.0,10,South,Returned,Customer_437,10-05-2026
100092,1092,Monitor,Electronics,38198.29,6.0,10,North,Returned,Customer_141,09-01-2025
100093,1093,Gloves,Sports,77853.33,1.0,10,South,Cancelled,Customer_113,14-07-2025
100094,1094,Tennis Racket,Sports,67808.67,3.0,0,East,Returned,Customer_18,09-01-2026
100095,1095,Table,Furniture,90971.82,6.0,5,East,Cancelled,Customer_426,18-06-2025
100096,1096,Shirt,Clothing,96741.67,5.0,0,West,Completed,Customer_73,20-08-2025
100097,1097,Sugar,Groceries,,7.0,15,East,Cancelled,Customer_300,26-01-2026
100098,1098,T-Shirt,Clothing,67516.17,8.0,20,East,Pending,Customer_332,06-03-2025
100099,1099,Eggs,Groceries,64959.02,2.0,10,West,Completed,Customer_50,29-08-2025
100100,1100,Football,Sports,38925.72,6.0,20,West,Pending,Customer_454,01-03-2026
100101,1101,Camera,Electronics,61603.66,5.0,15,West,Pending,Customer_438,07-01-2026
100102,1102,Tablet,Electronics,54492.14,6.0,0,West,Completed,Customer_340,06-08-2025
100103,1103,Cricket Bat,Sports,5152.79,6.0,20,South,Completed,Customer_425,01-08-2025
100104,1104,Football,Sports,81323.99,4.0,20,North,Cancelled,Customer_440,29-05-2025
100105,1105,Bed,Furniture,79871.53,2.0,0,East,Pending,Customer_302,28-11-2025
100106,1106,Keyboard,Electronics,26610.21,3.0,0,West,Returned,Customer_399,06-01-2026
100107,1107,Helmet,Sports,10994.5,9.0,20,East,Returned,Customer_330,01-02-2025
100108,1108,Camera,Electronics,84745.12,7.0,15,North,Completed,Customer_165,01-06-2025
100109,1109,Keyboard,Electronics,27574.1,10.0,20,East,Returned,Customer_259,17-03-2026
100110,1110,Mouse,Electronics,85293.99,9.0,15,South,Returned,Customer_174,10-04-2026
100111,1111,Tea,Groceries,72988.29,6.0,10,South,Returned,Customer_35,04-04-2025
100112,1112,Mouse,Electronics,43244.46,6.0,20,East,Completed,Customer_211,29-12-2025
100113,1113,Rice,Groceries,96843.02,10.0,20,South,Pending,Customer_337,09-05-2026
100114,1114,Table,Furniture,35076.39,9.0,20,South,Returned,Customer_433,27-01-2025
100115,1115,Gloves,Sports,82963.13,5.0,10,East,Cancelled,Customer_4,05-07-2025
100116,1116,Shelf,Furniture,7051.58,1.0,15,West,Returned,Customer_175,11-06-2025
100117,1117,Jacket,Clothing,72187.44,10.0,5,South,Completed,Customer_346,25-03-2025
100118,1118,Shirt,Clothing,66227.68,8.0,5,North,Cancelled,Customer_221,24-04-2025
100119,1119,Hoodie,Clothing,67880.78,8.0,5,West,Completed,Customer_4,29-07-2025
100120,1120,Jeans,Clothing,76758.22,5.0,15,West,Pending,Customer_67,25-01-2026
100121,1121,Gloves,Sports,23088.06,9.0,0,West,Completed,Customer_224,20-01-2025
100122,1122,Oil,Groceries,86224.79,10.0,15,East,Completed,Customer_208,22-01-2025
100123,1123,Jeans,Clothing,80152.08,10.0,10,North,Returned,Customer_433,19-04-2025
100124,1124,Shelf,Furniture,58928.24,9.0,10,South,Cancelled,Customer_399,22-06-2025
100125,1125,Speaker,Electronics,63359.14,9.0,10,East,Pending,Customer_121,16-04-2025
100126,1126,Bed,Furniture,19807.45,10.0,0,South,Returned,Customer_238,05-04-2026
100127,1127,Gloves,Sports,63566.3,10.0,10,South,Returned,Customer_35,26-04-2026
100128,1128,Eggs,Groceries,79653.33,10.0,10,West,Returned,Customer_20,28-02-2025
100129,1129,Jacket,Clothing,7765.43,2.0,15,North,Returned,Customer_466,12-07-2025
100130,1130,Shoes,Clothing,47615.34,3.0,10,North,Pending,Customer_21,11-09-2025
100131,1131,Coffee,Groceries,52454.45,10.0,10,West,Returned,Customer_397,13-12-2025
100132,1132,Cricket Bat,Sports,78943.77,6.0,15,East,Cancelled,Customer_371,03-06-2025
100133,1133,T-Shirt,Clothing,58315.68,3.0,15,South,Completed,Customer_159,21-01-2026
100134,1134,Jeans,Clothing,67044.63,9.0,20,East,Completed,Customer_186,13-11-2025
100135,1135,Sofa,Furniture,34239.06,8.0,5,North,Cancelled,Customer_433,14-04-2025
100136,1136,Helmet,Sports,83528.47,9.0,20,South,Returned,Customer_79,16-06-2025
100137,1137,Desk,Furniture,72146.18,1.0,5,West,Cancelled,Customer_386,05-04-2026
100138,1138,Sofa,Furniture,31015.84,8.0,20,West,Returned,Customer_394,16-10-2025
100139,1139,Tea,Groceries,96630.19,4.0,10,North,Returned,Customer_448,16-01-2026
100140,1140,Cricket Bat,Sports,71168.96,9.0,5,East,Returned,Customer_464,10-06-2026
100141,1141,Shelf,Furniture,9262.19,4.0,0,West,Completed,Customer_203,30-05-2026
100142,1142,Jeans,Clothing,38678.0,2.0,0,East,Pending,Customer_71,09-02-2025
100143,1143,Shirt,Clothing,69637.59,3.0,20,North,Completed,Customer_10,20-09-2025
100144,1144,Desk,Furniture,54925.54,10.0,10,South,Cancelled,Customer_63,18-02-2025
100145,1145,Shelf,Furniture,63931.28,10.0,15,North,Pending,Customer_368,28-05-2025
100146,1146,Shirt,Clothing,256.28,6.0,0,East,Completed,Customer_489,23-06-2026
100147,1147,Helmet,Sports,78662.59,9.0,15,North,Returned,Customer_192,17-09-2025
100148,1148,Tablet,Electronics,78873.15,6.0,0,East,Pending,Customer_23,27-12-2025
100149,1149,Tennis Racket,Sports,81369.54,3.0,15,South,Pending,Customer_33,14-04-2026
100150,1150,Phone,Electronics,20238.94,4.0,10,West,Returned,Customer_130,07-02-2025
100151,1151,Bed,Furniture,35761.72,1.0,0,East,Returned,Customer_456,14-02-2026
100153,1153,Printer,Electronics,60285.08,3.0,0,East,Cancelled,Customer_157,02-04-2026
100154,1154,Gloves,Sports,42669.0,8.0,10,West,Cancelled,Customer_328,28-02-2025
100155,1155,Printer,Electronics,36394.78,3.0,20,West,Completed,Customer_65,10-03-2025
100156,1156,Cabinet,Furniture,36278.84,10.0,15,East,Cancelled,Customer_228,20-03-2025
100157,1157,Football,Sports,52993.04,7.0,0,North,Pending,Customer_256,15-06-2026
100158,1158,Oil,Groceries,26251.49,5.0,20,East,Returned,Customer_103,06-05-2025
100159,1159,Table,Furniture,45259.06,8.0,10,East,Completed,Customer_282,25-10-2025
100160,1160,Jeans,Clothing,71209.73,3.0,0,South,Pending,Customer_122,21-05-2026
100161,1161,Tablet,Electronics,55446.74,6.0,5,North,Completed,Customer_159,12-02-2026
100162,1162,Tea,Groceries,76939.54,10.0,0,West,Returned,Customer_349,14-06-2026
100163,1163,Jeans,Clothing,87808.22,9.0,5,West,Completed,Customer_426,08-05-2025
100164,1164,Football,Sports,30482.04,3.0,10,East,Completed,Customer_129,21-07-2025
100165,1165,Tennis Racket,Sports,12604.51,5.0,5,South,Pending,Customer_338,12-12-2025
100166,1166,Cricket Bat,Sports,82541.1,1.0,20,East,Pending,Customer_393,03-03-2026
100167,1167,Gloves,Sports,3125.56,9.0,15,South,Returned,Customer_153,10-04-2026
100168,1168,Laptop,Electronics,15892.24,7.0,20,South,Cancelled,Customer_442,23-11-2025
100169,1169,Shirt,Clothing,13163.54,6.0,5,West,Completed,Customer_137,06-04-2026
100170,1170,Desk,Furniture,9771.48,5.0,15,South,Pending,Customer_417,02-12-2025
100171,1171,Gloves,Sports,31340.22,3.0,15,East,Returned,Customer_12,03-04-2025
100172,1172,Coffee,Groceries,96671.99,4.0,10,West,Returned,Customer_147,09-01-2025
100173,1173,Printer,Electronics,13480.1,5.0,10,North,Returned,Customer_27,19-07-2025
100174,1174,Shoes,Clothing,28931.31,7.0,10,North,Pending,Customer_500,10-04-2025
100175,1175,Sugar,Groceries,79510.23,6.0,5,South,Returned,Customer_257,11-02-2025
100176,1176,Laptop,Electronics,13789.93,6.0,5,South,Cancelled,Customer_477,23-11-2025
100178,1178,Jacket,Clothing,67413.26,7.0,0,West,Cancelled,Customer_496,22-08-2025
100179,1179,Smartwatch,Electronics,48096.83,9.0,15,South,Pending,Customer_17,23-04-2025
100180,1180,Chair,Furniture,44159.75,7.0,15,West,Completed,Customer_362,22-05-2025
100181,1181,Football,Sports,56132.59,8.0,5,West,Cancelled,Customer_280,29-12-2025
100182,1182,Shoes,Clothing,48469.59,4.0,10,East,Pending,Customer_354,16-05-2026
100183,1183,Shirt,Clothing,34945.44,5.0,20,West,Returned,Customer_420,20-12-2025
100184,1184,Bed,Furniture,4302.44,2.0,10,West,Pending,Customer_104,05-10-2025
100185,1185,Gloves,Sports,27234.98,2.0,5,North,Pending,Customer_327,27-08-2025
100186,1186,Mouse,Electronics,41388.81,8.0,0,South,Returned,Customer_335,03-05-2026
100187,1187,Bread,Groceries,75615.51,5.0,0,South,Completed,Customer_468,29-06-2025
100188,1188,Milk,Groceries,93398.87,1.0,15,South,Cancelled,Customer_449,08-02-2025
100189,1189,Phone,Electronics,56839.39,2.0,15,West,Pending,Customer_436,01-06-2026
100190,1190,Eggs,Groceries,19361.86,2.0,10,South,Completed,Customer_378,12-12-2025
100191,1191,Shoes,Clothing,67472.67,4.0,15,West,Cancelled,Customer_45,15-02-2026
100192,1192,Keyboard,Electronics,98170.35,8.0,10,West,Pending,Customer_229,01-10-2025
100193,1193,Jacket,Clothing,,10.0,5,North,Completed,Customer_239,11-11-2025
100194,1194,Shelf,Furniture,68638.75,5.0,10,East,Pending,Customer_113,17-05-2025
100195,1195,Milk,Groceries,45552.37,10.0,15,South,Pending,Customer_349,25-03-2025
100196,1196,Badminton Racket,Sports,52864.5,6.0,0,South,Pending,Customer_85,02-12-2025
100197,1197,Badminton Racket,Sports,11712.38,4.0,20,West,Completed,Customer_233,16-05-2025
100198,1198,Badminton Racket,Sports,45734.17,1.0,10,North,Returned,Customer_131,04-01-2025
100199,1199,Table,Furniture,4624.45,6.0,0,North,Returned,Customer_17,21-10-2025
100200,1200,Milk,Groceries,76920.31,7.0,15,West,Returned,Customer_42,17-05-2025
100201,1201,T-Shirt,Clothing,17929.52,9.0,5,North,Completed,Customer_153,20-04-2026
100202,1202,Badminton Racket,Sports,53240.17,4.0,10,South,Completed,Customer_17,06-03-2026
100203,1203,Cricket Bat,Sports,24142.56,2.0,20,North,Pending,Customer_380,15-02-2025
100204,1204,Coffee,Groceries,23510.49,4.0,5,East,Pending,Customer_418,23-11-2025
100205,1205,Helmet,Sports,77276.57,6.0,20,South,Returned,Customer_154,09-10-2025
100206,1206,Speaker,Electronics,94857.17,3.0,15,North,Cancelled,Customer_483,26-01-2026
100207,1207,Tennis Racket,Sports,69661.21,7.0,20,West,Pending,Customer_435,19-08-2025
100208,1208,Hoodie,Clothing,14520.74,8.0,15,South,Returned,Customer_125,19-09-2025
100209,1209,Cabinet,Furniture,64705.91,8.0,5,North,Cancelled,Customer_194,10-02-2025
100210,1210,Monitor,Electronics,80484.6,10.0,15,South,Cancelled,Customer_156,16-01-2025
100211,1211,Sofa,Furniture,96211.55,2.0,5,South,Returned,Customer_469,03-09-2025
100212,1212,Tennis Racket,Sports,77573.84,7.0,10,East,Cancelled,Customer_263,25-05-2026
100213,1213,Oil,Groceries,80301.38,8.0,5,East,Cancelled,Customer_212,16-02-2025
100214,1214,Football,Sports,74151.11,1.0,20,West,Cancelled,Customer_79,20-07-2025
100215,1215,Jeans,Clothing,38045.99,4.0,10,East,Returned,Customer_495,18-05-2026
100216,1216,Milk,Groceries,73303.95,6.0,15,South,Completed,Customer_269,04-02-2025
100217,1217,Laptop,Electronics,76457.45,7.0,0,South,Completed,Customer_112,02-06-2026
100218,1218,Sugar,Groceries,6138.97,10.0,0,North,Returned,Customer_7,18-01-2025
100219,1219,Gloves,Sports,,5.0,15,South,Completed,Customer_471,09-04-2025
100220,1220,Football,Sports,24172.79,10.0,10,West,Completed,Customer_192,20-02-2026
100221,1221,Bread,Groceries,99024.28,4.0,0,North,Completed,Customer_208,24-01-2026
100222,1222,Coffee,Groceries,5705.88,1.0,15,East,Completed,Customer_459,25-06-2026
100223,1223,Monitor,Electronics,21220.56,10.0,0,East,Completed,Customer_92,19-11-2025
100224,1224,Monitor,Electronics,58744.91,7.0,20,South,Returned,Customer_347,06-12-2025
100225,1225,Milk,Groceries,79070.76,2.0,0,North,Returned,Customer_119,19-03-2025
100226,1226,Shoes,Clothing,76923.66,10.0,0,East,Returned,Customer_252,22-08-2025
100227,1227,Shoes,Clothing,94120.17,7.0,15,North,Cancelled,Customer_409,10-09-2025
100228,1228,Mouse,Electronics,26870.41,7.0,15,East,Cancelled,Customer_55,04-04-2025
100229,1229,Phone,Electronics,44529.11,5.0,15,West,Returned,Customer_53,27-01-2025
100230,1230,Tablet,Electronics,55466.56,10.0,15,North,Cancelled,Customer_212,02-02-2026
100231,1231,Speaker,Electronics,90530.24,4.0,15,South,Pending,Customer_138,05-11-2025
100232,1232,Shirt,Clothing,14678.89,3.0,15,North,Cancelled,Customer_129,10-09-2025
100233,1233,Bread,Groceries,45840.38,3.0,10,West,Cancelled,Customer_226,09-12-2025
100234,1234,Milk,Groceries,30113.48,10.0,10,South,Returned,Customer_496,23-11-2025
100235,1235,Hoodie,Clothing,69526.28,8.0,10,West,Cancelled,Customer_419,07-02-2026
100236,1236,T-Shirt,Clothing,93213.51,4.0,20,North,Returned,Customer_483,03-08-2025
100237,1237,Eggs,Groceries,83145.05,2.0,15,West,Pending,Customer_325,07-11-2025
100238,1238,Bed,Furniture,65900.43,7.0,20,West,Returned,Customer_274,03-06-2026
100239,1239,Rice,Groceries,79093.02,6.0,20,North,Completed,Customer_394,12-09-2025
100240,1240,Jeans,Clothing,64735.28,1.0,15,East,Returned,Customer_55,11-01-2025
100241,1241,Phone,Electronics,22277.91,9.0,5,West,Cancelled,Customer_201,20-04-2026
100242,1242,Gloves,Sports,50096.53,6.0,10,West,Completed,Customer_60,26-05-2025
100243,1243,Jacket,Clothing,34372.36,4.0,0,West,Returned,Customer_164,10-03-2025
100244,1244,T-Shirt,Clothing,81037.58,2.0,0,South,Pending,Customer_265,28-06-2025
100245,1245,Football,Sports,33165.87,7.0,15,South,Pending,Customer_328,19-03-2026
100246,1246,Rice,Groceries,73765.1,4.0,0,South,Pending,Customer_143,06-03-2025
100247,1247,Cricket Bat,Sports,79970.29,9.0,15,North,Cancelled,Customer_344,17-05-2026
100248,1248,Gloves,Sports,31409.07,7.0,10,East,Returned,Customer_317,26-06-2025
100249,1249,Shoes,Clothing,59057.82,3.0,0,South,Cancelled,Customer_356,25-05-2025
100250,1250,Badminton Racket,Sports,41882.09,3.0,15,South,Pending,Customer_251,23-10-2025
100251,1251,Desk,Furniture,31526.54,8.0,0,West,Pending,Customer_100,29-01-2026
100252,1252,Helmet,Sports,65341.67,7.0,15,West,Pending,Customer_43,01-02-2025
100253,1253,Bed,Furniture,3366.24,4.0,15,West,Completed,Customer_294,27-04-2025
100254,1254,Shoes,Clothing,82345.95,6.0,15,South,Returned,Customer_53,11-09-2025
100255,1255,T-Shirt,Clothing,45028.26,6.0,0,South,Pending,Customer_416,26-12-2025
100256,1256,Gloves,Sports,42873.89,10.0,5,North,Cancelled,Customer_273,15-10-2025
100257,1257,Helmet,Sports,16920.9,5.0,20,North,Pending,Customer_493,26-02-2026
100258,1258,Phone,Electronics,86718.05,3.0,5,East,Pending,Customer_390,07-02-2026
100259,1259,Milk,Groceries,57784.81,5.0,0,North,Returned,Customer_264,12-10-2025
100260,1260,Shirt,Clothing,95030.38,6.0,0,West,Cancelled,Customer_436,06-03-2025
100261,1261,Badminton Racket,Sports,21861.21,7.0,10,East,Cancelled,Customer_281,14-05-2025
100262,1262,Badminton Racket,Sports,78851.53,1.0,15,North,Completed,Customer_476,11-06-2025
100263,1263,Coffee,Groceries,167.53,7.0,5,East,Pending,Customer_448,08-10-2025
100264,1264,Tablet,Electronics,25113.89,6.0,0,West,Cancelled,Customer_372,28-08-2025
100265,1265,Oil,Groceries,70399.43,1.0,20,South,Returned,Customer_5,09-01-2025
100266,1266,T-Shirt,Clothing,98816.68,7.0,5,West,Completed,Customer_375,15-04-2025
100267,1267,Tablet,Electronics,36819.41,5.0,5,South,Completed,Customer_272,09-01-2025
100268,1268,Gloves,Sports,16495.24,6.0,5,West,Returned,Customer_441,11-08-2025
100269,1269,Mouse,Electronics,14087.31,2.0,15,East,Pending,Customer_127,11-10-2025
100270,1270,Monitor,Electronics,55384.32,10.0,0,East,Pending,Customer_266,06-06-2026
100271,1271,Shelf,Furniture,29624.65,1.0,5,West,Returned,Customer_58,04-09-2025
100272,1272,Oil,Groceries,52875.82,1.0,5,West,Returned,Customer_188,26-06-2025
100273,1273,Oil,Groceries,,2.0,0,West,Cancelled,Customer_322,29-05-2026
100274,1274,Tea,Groceries,70210.88,2.0,5,East,Completed,Customer_159,22-03-2025
100275,1275,Football,Sports,97433.91,3.0,0,East,Returned,Customer_374,02-09-2025
100276,1276,Monitor,Electronics,8712.66,7.0,0,East,Pending,Customer_62,13-01-2025
100277,1277,Chair,Furniture,16466.88,6.0,10,South,Cancelled,Customer_65,03-10-2025
100278,1278,Laptop,Electronics,33567.6,7.0,20,North,Returned,Customer_234,08-06-2026
100279,1279,T-Shirt,Clothing,50011.04,10.0,0,North,Pending,Customer_380,06-06-2026
100280,1280,Laptop,Electronics,85883.03,1.0,15,South,Pending,Customer_477,06-02-2025
100281,1281,Gloves,Sports,74092.52,7.0,10,East,Completed,Customer_293,17-01-2026
100282,1282,Speaker,Electronics,67365.24,1.0,0,West,Completed,Customer_450,22-04-2026
100283,1283,Jacket,Clothing,32797.36,9.0,10,East,Pending,Customer_238,13-01-2026
100284,1284,Badminton Racket,Sports,99778.93,4.0,5,South,Completed,Customer_478,24-02-2026
100285,1285,Monitor,Electronics,54200.37,,15,East,Completed,Customer_106,01-09-2025
100286,1286,Coffee,Groceries,96122.39,3.0,5,West,Cancelled,Customer_235,28-03-2025
100287,1287,Cricket Bat,Sports,50592.23,7.0,15,South,Pending,Customer_150,25-09-2025
100288,1288,Shirt,Clothing,70102.49,6.0,0,South,Pending,Customer_400,22-04-2025
100289,1289,Table,Furniture,16521.06,8.0,10,South,Returned,Customer_158,20-04-2026
100290,1290,T-Shirt,Clothing,9133.05,5.0,0,South,Cancelled,Customer_76,04-04-2025
100291,1291,Cabinet,Furniture,39684.82,1.0,5,North,Returned,Customer_438,09-04-2026
100292,1292,Gloves,Sports,55057.08,2.0,5,North,Completed,Customer_32,16-08-2025
100293,1293,Sofa,Furniture,82384.97,6.0,0,East,Completed,Customer_12,08-03-2025
100294,1294,Stool,Furniture,80948.94,2.0,10,North,Completed,Customer_483,18-04-2026
100295,1295,Keyboard,Electronics,92420.76,7.0,0,West,Returned,Customer_89,29-12-2025
100296,1296,Desk,Furniture,27570.68,8.0,20,South,Cancelled,Customer_256,26-02-2026
100297,1297,Badminton Racket,Sports,6191.81,5.0,20,South,Completed,Customer_196,03-01-2026
100298,1298,Coffee,Groceries,34469.01,10.0,5,North,Cancelled,Customer_306,13-08-2025
100299,1299,Phone,Electronics,5953.26,8.0,5,South,Completed,Customer_127,04-09-2025
100300,1300,Shoes,Clothing,81646.89,1.0,20,West,Cancelled,Customer_479,27-06-2025
100301,1301,Sofa,Furniture,59292.7,6.0,10,South,Pending,Customer_429,20-05-2026
100302,1302,Tennis Racket,Sports,17638.12,1.0,5,North,Returned,Customer_1,06-12-2025
100303,1303,Football,Sports,80663.9,6.0,10,North,Completed,Customer_76,26-05-2025
100304,1304,Speaker,Electronics,86080.88,2.0,15,North,Cancelled,Customer_155,27-11-2025
100305,1305,Desk,Furniture,73261.97,7.0,10,South,Cancelled,Customer_115,29-06-2025
100306,1306,Eggs,Groceries,73426.1,5.0,20,West,Completed,Customer_94,22-11-2025
100307,1307,Football,Sports,64000.71,2.0,0,South,Cancelled,Customer_164,21-06-2025
100308,1308,Tablet,Electronics,44718.33,5.0,10,East,Completed,Customer_369,02-01-2025
100309,1309,Printer,Electronics,43878.19,7.0,15,West,Cancelled,Customer_280,20-01-2026
100310,1310,Camera,Electronics,78894.13,10.0,5,West,Completed,Customer_410,04-02-2025
100311,1311,T-Shirt,Clothing,31939.82,2.0,15,South,Completed,Customer_281,06-04-2025
100312,1312,Shoes,Clothing,98529.08,8.0,5,West,Pending,Customer_28,14-04-2025
100313,1313,Jeans,Clothing,97442.4,7.0,20,East,Cancelled,Customer_153,01-09-2025
100314,1314,Laptop,Electronics,39350.93,9.0,10,North,Returned,Customer_45,29-10-2025
100315,1315,Badminton Racket,Sports,20047.51,1.0,0,West,Completed,Customer_158,12-02-2026
100316,1316,Coffee,Groceries,89498.26,5.0,5,East,Returned,Customer_190,11-07-2025
100317,1317,Rice,Groceries,26403.27,8.0,20,North,Pending,Customer_386,10-04-2025
100318,1318,Tablet,Electronics,80837.2,7.0,20,North,Returned,Customer_420,20-06-2026
100319,1319,Coffee,Groceries,57314.16,4.0,0,South,Completed,Customer_487,05-04-2026
100320,1320,Desk,Furniture,97219.27,4.0,15,South,Pending,Customer_428,22-09-2025
100321,1321,Hoodie,Clothing,91425.98,2.0,20,East,Cancelled,Customer_267,15-04-2026
100322,1322,Smartwatch,Electronics,58798.85,7.0,20,North,Completed,Customer_289,14-04-2025
100323,1323,Shoes,Clothing,88025.56,7.0,20,West,Completed,Customer_89,10-10-2025
100324,1324,Milk,Groceries,61862.62,7.0,10,South,Completed,Customer_382,02-05-2026
100325,1325,Jacket,Clothing,2121.27,5.0,0,South,Pending,Customer_154,30-03-2026
100326,1326,Jacket,Clothing,72907.06,10.0,5,West,Returned,Customer_389,13-06-2026
100327,1327,T-Shirt,Clothing,51575.44,3.0,15,South,Completed,Customer_89,17-07-2025
100328,1328,Chair,Furniture,25024.08,8.0,5,East,Cancelled,Customer_422,21-04-2026
100329,1329,Badminton Racket,Sports,63577.44,2.0,15,West,Pending,Customer_492,01-05-2026
100330,1330,Helmet,Sports,35041.01,3.0,0,East,Completed,Customer_198,20-02-2025
100331,1331,Sofa,Furniture,85725.41,4.0,15,North,Completed,Customer_243,16-05-2025
100332,1332,Chair,Furniture,22454.63,10.0,10,West,Returned,Customer_437,24-12-2025
100333,1333,Eggs,Groceries,21899.08,5.0,15,North,Completed,Customer_262,19-01-2026
100334,1334,Gloves,Sports,59417.88,5.0,0,East,Cancelled,Customer_328,29-11-2025
100335,1335,Jacket,Clothing,65646.35,5.0,5,North,Returned,Customer_339,24-11-2025
100336,1336,Chair,Furniture,65574.52,5.0,15,North,Pending,Customer_176,16-08-2025
100337,1337,Gloves,Sports,78511.22,6.0,20,South,Cancelled,Customer_50,28-04-2026
100338,1338,Bed,Furniture,72546.15,9.0,10,North,Pending,Customer_182,17-08-2025
100339,1339,Shirt,Clothing,78830.23,6.0,15,North,Returned,Customer_28,14-03-2025
100340,1340,Bread,Groceries,50097.69,7.0,5,South,Pending,Customer_176,24-02-2026
100341,1341,Badminton Racket,Sports,14408.09,3.0,5,East,Completed,Customer_3,08-04-2026
100342,1342,Jeans,Clothing,76143.21,3.0,0,South,Returned,Customer_325,16-03-2026
100343,1343,Tea,Groceries,,7.0,10,North,Cancelled,Customer_388,15-07-2025
100344,1344,Laptop,Electronics,62706.02,4.0,10,South,Completed,Customer_197,31-05-2026
100345,1345,Tennis Racket,Sports,16785.32,1.0,20,East,Returned,Customer_455,18-05-2025
100346,1346,Shirt,Clothing,35989.16,4.0,15,North,Pending,Customer_115,15-05-2025
100347,1347,Chair,Furniture,59010.31,3.0,0,West,Cancelled,Customer_395,19-02-2025
100348,1348,Cricket Bat,Sports,66230.79,1.0,15,West,Completed,Customer_281,16-09-2025
100349,1349,Milk,Groceries,20628.94,1.0,20,East,Pending,Customer_215,18-04-2025
100350,1350,Gloves,Sports,61808.03,5.0,5,South,Cancelled,Customer_426,20-06-2026
100351,1351,Cabinet,Furniture,70373.33,5.0,5,West,Cancelled,Customer_121,03-01-2025
100352,1352,Mouse,Electronics,90697.32,10.0,0,North,Completed,Customer_464,20-09-2025
100353,1353,Stool,Furniture,98867.73,5.0,5,North,Cancelled,Customer_185,17-11-2025
100354,1354,Oil,Groceries,,1.0,5,East,Cancelled,Customer_458,25-03-2026
100355,1355,Tennis Racket,Sports,87859.71,2.0,0,West,Returned,Customer_493,13-04-2026
100356,1356,Shirt,Clothing,69021.25,8.0,5,North,Pending,Customer_357,02-03-2025
100357,1357,Table,Furniture,41661.17,10.0,15,South,Returned,Customer_399,03-01-2026
100358,1358,Cricket Bat,Sports,86271.32,3.0,15,West,Completed,Customer_33,25-09-2025
100359,1359,T-Shirt,Clothing,70486.36,9.0,20,South,Cancelled,Customer_266,20-06-2026
100360,1360,Cricket Bat,Sports,43341.51,4.0,15,South,Completed,Customer_6,10-06-2025
100361,1361,Badminton Racket,Sports,85201.93,3.0,5,East,Cancelled,Customer_26,04-06-2026
100362,1362,Shelf,Furniture,40387.37,4.0,20,West,Completed,Customer_439,26-05-2026
100363,1363,Sugar,Groceries,11958.81,,15,West,Completed,Customer_286,01-01-2025
100364,1364,Smartwatch,Electronics,96320.81,5.0,15,East,Cancelled,Customer_423,25-02-2025
100365,1365,Stool,Furniture,33264.07,10.0,10,West,Completed,Customer_50,16-08-2025
100366,1366,Tablet,Electronics,35578.38,5.0,0,North,Pending,Customer_253,24-05-2025
100367,1367,Oil,Groceries,25503.5,4.0,15,South,Returned,Customer_423,15-07-2025
100368,1368,T-Shirt,Clothing,75739.22,1.0,20,North,Returned,Customer_235,01-06-2026
100369,1369,Stool,Furniture,533.33,1.0,20,West,Pending,Customer_355,27-06-2025
100370,1370,Table,Furniture,38801.82,10.0,15,West,Pending,Customer_141,12-02-2026
100371,1371,Jacket,Clothing,45339.29,3.0,20,East,Cancelled,Customer_365,11-08-2025
100372,1372,Sofa,Furniture,62454.34,5.0,5,South,Cancelled,Customer_364,29-04-2025
100373,1373,Shoes,Clothing,48088.96,10.0,20,East,Returned,Customer_414,14-01-2025
100374,1374,Cricket Bat,Sports,2624.69,3.0,10,South,Cancelled,Customer_350,14-09-2025
100375,1375,Chair,Furniture,69090.43,5.0,10,West,Completed,Customer_316,18-08-2025
100376,1376,Badminton Racket,Sports,23835.79,5.0,15,West,Returned,Customer_490,17-11-2025
100377,1377,Cricket Bat,Sports,1395.23,5.0,15,South,Cancelled,Customer_387,21-07-2025
100378,1378,Bed,Furniture,44936.61,2.0,20,North,Returned,Customer_21,15-03-2026
100379,1379,Shoes,Clothing,26497.54,3.0,10,West,Pending,Customer_21,07-06-2025
100380,1380,Shoes,Clothing,5180.46,10.0,20,East,Completed,Customer_402,22-11-2025
100381,1381,Football,Sports,95703.07,9.0,15,West,Completed,Customer_179,15-08-2025
100382,1382,Cabinet,Furniture,33173.55,5.0,20,West,Completed,Customer_59,21-12-2025
100383,1383,Bread,Groceries,90459.2,10.0,0,East,Returned,Customer_469,27-04-2025
100384,1384,Eggs,Groceries,54069.71,5.0,10,West,Returned,Customer_23,31-10-2025
100385,1385,Cabinet,Furniture,51438.08,2.0,20,North,Completed,Customer_108,07-08-2025
100386,1386,Oil,Groceries,20637.4,7.0,5,North,Returned,Customer_368,06-12-2025
100387,1387,Mouse,Electronics,7417.48,3.0,20,South,Cancelled,Customer_209,02-02-2026
100388,1388,Tea,Groceries,43359.2,1.0,0,North,Completed,Customer_359,16-03-2025
100389,1389,Shoes,Clothing,10702.94,5.0,15,West,Returned,Customer_421,01-02-2025
100390,1390,Milk,Groceries,53393.43,3.0,20,East,Pending,Customer_153,18-01-2026
100391,1391,Speaker,Electronics,87489.22,,20,West,Completed,Customer_157,04-08-2025
100392,1392,Jeans,Clothing,41324.18,9.0,20,East,Pending,Customer_59,05-07-2025
100393,1393,Cricket Bat,Sports,85153.63,9.0,10,North,Cancelled,Customer_51,22-07-2025
100394,1394,Badminton Racket,Sports,95158.84,6.0,0,East,Completed,Customer_461,18-07-2025
100395,1395,Shirt,Clothing,45119.53,10.0,5,East,Cancelled,Customer_491,15-03-2026
100396,1396,Chair,Furniture,31390.16,4.0,10,East,Pending,Customer_348,06-12-2025
100397,1397,Coffee,Groceries,44591.26,5.0,20,North,Cancelled,Customer_440,24-05-2025
100398,1398,Football,Sports,26397.14,2.0,20,North,Returned,Customer_394,06-08-2025
100399,1399,Speaker,Electronics,26135.57,9.0,10,West,Pending,Customer_457,25-10-2025
100400,1400,Stool,Furniture,50162.2,2.0,5,South,Pending,Customer_229,13-06-2025
100401,1401,Desk,Furniture,73618.39,8.0,15,South,Completed,Customer_136,14-01-2026
100402,1402,Chair,Furniture,66891.7,9.0,15,West,Completed,Customer_21,28-11-2025
100403,1403,Speaker,Electronics,63393.34,5.0,20,South,Returned,Customer_335,23-01-2026
100404,1404,Shoes,Clothing,65368.32,2.0,5,West,Cancelled,Customer_419,20-12-2025
100405,1405,Coffee,Groceries,88728.48,1.0,5,South,Completed,Customer_264,15-10-2025
100406,1406,Desk,Furniture,18771.88,6.0,5,West,Cancelled,Customer_369,27-04-2025
100407,1407,Coffee,Groceries,47954.21,10.0,0,South,Completed,Customer_66,14-06-2025
100408,1408,Chair,Furniture,89090.69,3.0,5,West,Completed,Customer_450,18-10-2025
100409,1409,Monitor,Electronics,44975.42,8.0,15,South,Pending,Customer_320,08-06-2026
100410,1410,Jeans,Clothing,72446.26,6.0,0,South,Returned,Customer_198,16-05-2025
100411,1411,Laptop,Electronics,20314.62,9.0,20,North,Pending,Customer_244,09-02-2025
100412,1412,Helmet,Sports,75263.08,2.0,20,North,Returned,Customer_268,07-03-2026
100413,1413,T-Shirt,Clothing,69794.52,7.0,15,East,Completed,Customer_218,18-05-2025
100414,1414,Shirt,Clothing,76609.3,2.0,15,East,Pending,Customer_3,08-01-2025
100415,1415,Helmet,Sports,11871.08,1.0,10,West,Cancelled,Customer_55,08-06-2025
100416,1416,Eggs,Groceries,26204.16,9.0,10,West,Pending,Customer_212,10-05-2026
100417,1417,Cabinet,Furniture,55953.47,8.0,10,West,Pending,Customer_438,02-05-2025
100418,1418,Stool,Furniture,78332.62,3.0,10,North,Pending,Customer_200,06-01-2025
100419,1419,Keyboard,Electronics,47219.7,10.0,5,East,Completed,Customer_312,08-02-2025
100420,1420,Tea,Groceries,61435.16,9.0,0,South,Returned,Customer_225,11-01-2025
100421,1421,Bed,Furniture,19555.17,10.0,20,South,Completed,Customer_185,02-09-2025
100422,1422,Keyboard,Electronics,8775.6,5.0,15,West,Pending,Customer_266,16-01-2025
100423,1423,Mouse,Electronics,55004.31,9.0,10,South,Pending,Customer_233,18-02-2026
100424,1424,Cricket Bat,Sports,26184.64,7.0,20,East,Cancelled,Customer_485,30-04-2025
100425,1425,Tennis Racket,Sports,87623.69,10.0,15,West,Pending,Customer_388,14-12-2025
100426,1426,Coffee,Groceries,89662.73,1.0,15,South,Pending,Customer_410,20-11-2025
100427,1427,Sugar,Groceries,51698.77,1.0,10,North,Returned,Customer_345,17-12-2025
100428,1428,Speaker,Electronics,93146.48,8.0,20,East,Pending,Customer_485,14-07-2025
100429,1429,Bread,Groceries,23562.65,4.0,5,South,Cancelled,Customer_80,20-04-2025
100430,1430,Mouse,Electronics,67613.63,8.0,20,North,Returned,Customer_191,19-11-2025
100431,1431,Eggs,Groceries,49131.45,9.0,20,South,Completed,Customer_270,10-03-2026
100432,1432,Rice,Groceries,50297.27,7.0,15,North,Returned,Customer_162,09-01-2025
100433,1433,Monitor,Electronics,38004.86,2.0,10,South,Cancelled,Customer_122,03-10-2025
100434,1434,Sugar,Groceries,36655.82,8.0,10,East,Returned,Customer_144,07-04-2026
100435,1435,Desk,Furniture,97929.32,4.0,5,West,Returned,Customer_101,30-05-2025
100436,1436,Stool,Furniture,80586.27,3.0,20,East,Returned,Customer_154,14-09-2025
100437,1437,Helmet,Sports,4866.16,2.0,10,West,Completed,Customer_231,09-12-2025
100438,1438,Jacket,Clothing,36094.63,9.0,0,West,Completed,Customer_180,23-07-2025
100439,1439,Helmet,Sports,65021.56,9.0,10,East,Returned,Customer_397,03-04-2026
100440,1440,Printer,Electronics,61405.01,8.0,5,East,Returned,Customer_324,19-02-2026
100441,1441,Mouse,Electronics,16283.75,4.0,10,West,Cancelled,Customer_455,01-04-2026
100442,1442,Hoodie,Clothing,58733.29,8.0,0,South,Pending,Customer_339,15-09-2025
100443,1443,Monitor,Electronics,16774.36,2.0,15,North,Completed,Customer_395,11-02-2026
100444,1444,Cricket Bat,Sports,10482.45,10.0,15,East,Pending,Customer_127,18-10-2025
100445,1445,Milk,Groceries,13214.58,3.0,10,West,Returned,Customer_500,06-10-2025
100446,1446,Badminton Racket,Sports,13597.98,9.0,20,West,Cancelled,Customer_466,22-12-2025
100447,1447,Bread,Groceries,80490.31,8.0,5,East,Completed,Customer_1,20-06-2026
100448,1448,Cabinet,Furniture,,9.0,15,East,Completed,Customer_393,17-03-2026
100449,1449,Shoes,Clothing,23198.42,1.0,20,West,Returned,Customer_128,17-06-2025
100450,1450,Tea,Groceries,22137.18,2.0,20,East,Cancelled,Customer_333,03-10-2025
100451,1451,Bread,Groceries,85362.85,3.0,15,West,Cancelled,Customer_359,19-05-2026
100452,1452,Cabinet,Furniture,2037.6,1.0,0,East,Cancelled,Customer_65,25-03-2026
100453,1453,Monitor,Electronics,9110.68,1.0,10,West,Cancelled,Customer_238,02-02-2025
100454,1454,T-Shirt,Clothing,84370.28,3.0,0,West,Pending,Customer_99,14-09-2025
100455,1455,Rice,Groceries,12283.96,4.0,5,North,Pending,Customer_236,07-04-2025
100456,1456,Gloves,Sports,98213.37,8.0,10,South,Completed,Customer_382,18-06-2026
100457,1457,Phone,Electronics,48174.84,5.0,5,North,Pending,Customer_325,21-03-2026
100458,1458,T-Shirt,Clothing,16819.3,5.0,5,North,Completed,Customer_298,02-05-2026
100459,1459,Football,Sports,37202.73,2.0,20,East,Completed,Customer_31,31-12-2025
100460,1460,Table,Furniture,12670.16,4.0,10,West,Pending,Customer_11,22-01-2026
100461,1461,Hoodie,Clothing,13559.74,1.0,10,West,Pending,Customer_291,11-07-2025
100462,1462,Tennis Racket,Sports,32435.72,8.0,20,South,Completed,Customer_272,08-06-2025
100463,1463,Eggs,Groceries,81959.91,,20,West,Pending,Customer_453,20-01-2025
100464,1464,Tennis Racket,Sports,77624.06,4.0,20,West,Pending,Customer_269,25-05-2026
100465,1465,Football,Sports,61342.62,6.0,0,North,Completed,Customer_428,13-05-2025
100466,1466,Chair,Furniture,20287.69,8.0,15,West,Cancelled,Customer_26,11-01-2026
100467,1467,Table,Furniture,1407.3,4.0,0,West,Completed,Customer_185,02-03-2026
100468,1468,Hoodie,Clothing,5924.17,10.0,0,East,Completed,Customer_484,10-08-2025
100469,1469,Cricket Bat,Sports,10212.39,4.0,20,South,Pending,Customer_286,02-03-2026
100470,1470,Smartwatch,Electronics,35860.54,8.0,0,South,Pending,Customer_282,16-02-2026
100471,1471,Tennis Racket,Sports,65787.43,9.0,10,East,Cancelled,Customer_433,16-01-2026
100472,1472,Tea,Groceries,82632.88,6.0,5,West,Cancelled,Customer_185,09-04-2026
100473,1473,Tea,Groceries,119.54,1.0,20,South,Cancelled,Customer_4,04-11-2025
100474,1474,Sofa,Furniture,85586.47,1.0,10,South,Completed,Customer_20,17-04-2026
100475,1475,Jeans,Clothing,13926.98,6.0,10,East,Completed,Customer_293,14-02-2026
100476,1476,Football,Sports,73453.17,6.0,20,North,Cancelled,Customer_20,26-01-2026
100477,1477,Laptop,Electronics,92194.96,6.0,15,North,Pending,Customer_383,12-01-2025
100478,1478,Rice,Groceries,30547.86,1.0,10,South,Pending,Customer_26,07-02-2026
100479,1479,Oil,Groceries,22286.35,5.0,10,North,Returned,Customer_293,20-02-2025
100480,1480,Badminton Racket,Sports,26329.54,7.0,5,South,Returned,Customer_287,22-07-2025
100481,1481,Tea,Groceries,65259.62,4.0,20,South,Pending,Customer_37,30-09-2025
100482,1482,Sugar,Groceries,68505.32,10.0,15,East,Cancelled,Customer_98,25-11-2025
100483,1483,Shoes,Clothing,65575.44,5.0,15,South,Returned,Customer_23,28-08-2025
100484,1484,Cabinet,Furniture,15683.52,2.0,20,South,Cancelled,Customer_8,18-12-2025
100485,1485,Phone,Electronics,45061.15,1.0,5,South,Cancelled,Customer_281,10-05-2026
100486,1486,Gloves,Sports,99230.98,1.0,20,North,Cancelled,Customer_88,03-03-2025
100487,1487,Jeans,Clothing,78939.93,10.0,0,North,Returned,Customer_339,05-10-2025
100488,1488,T-Shirt,Clothing,2005.92,7.0,0,East,Returned,Customer_444,01-04-2025
100489,1489,Sofa,Furniture,50115.02,8.0,0,South,Cancelled,Customer_171,17-05-2026
100490,1490,Milk,Groceries,1935.39,6.0,20,East,Completed,Customer_321,21-09-2025
100491,1491,Rice,Groceries,94419.26,5.0,15,South,Completed,Customer_374,27-01-2026
100492,1492,Gloves,Sports,61283.59,4.0,15,East,Cancelled,Customer_230,15-05-2025
100493,1493,Desk,Furniture,58144.97,4.0,20,South,Returned,Customer_466,29-05-2025
100494,1494,Football,Sports,31817.87,9.0,5,East,Pending,Customer_373,31-01-2025
100495,1495,Shirt,Clothing,96123.5,5.0,10,South,Pending,Customer_55,15-05-2025
100496,1496,Chair,Furniture,76268.5,10.0,20,South,Pending,Customer_119,27-01-2025
100497,1497,T-Shirt,Clothing,68845.31,8.0,15,East,Pending,Customer_437,01-02-2026
100498,1498,Coffee,Groceries,13837.52,4.0,0,East,Returned,Customer_114,27-07-2025
100499,1499,Table,Furniture,17790.11,8.0,10,West,Pending,Customer_219,19-02-2026
100500,1500,Smartwatch,Electronics,73559.64,7.0,20,North,Completed,Customer_232,13-04-2026
100501,1501,Monitor,Electronics,51918.39,7.0,15,North,Pending,Customer_150,27-03-2026
100502,1502,Eggs,Groceries,77390.33,5.0,20,North,Pending,Customer_238,08-04-2026
100503,1503,Speaker,Electronics,11405.84,10.0,5,West,Returned,Customer_166,07-04-2026
100504,1504,Keyboard,Electronics,45422.71,4.0,10,South,Completed,Customer_47,27-04-2025
100505,1505,Sugar,Groceries,8622.12,7.0,20,South,Returned,Customer_282,25-01-2026
100506,1506,Keyboard,Electronics,91234.05,10.0,5,South,Pending,Customer_394,22-02-2025
100507,1507,Eggs,Groceries,31020.88,8.0,5,South,Completed,Customer_319,17-09-2025
100508,1508,Camera,Electronics,49813.0,,15,South,Pending,Customer_302,03-05-2026
100509,1509,Tea,Groceries,44243.35,10.0,20,East,Pending,Customer_26,09-07-2025
100510,1510,Chair,Furniture,65362.36,1.0,20,East,Cancelled,Customer_472,31-03-2025
100511,1511,Mouse,Electronics,41754.0,3.0,20,South,Returned,Customer_384,04-01-2026
100512,1512,Mouse,Electronics,76874.35,6.0,0,West,Completed,Customer_150,28-04-2026
100513,1513,Table,Furniture,69492.48,5.0,5,South,Completed,Customer_56,31-03-2025
100514,1514,Eggs,Groceries,42762.66,6.0,20,East,Pending,Customer_315,24-05-2026
100515,1515,Gloves,Sports,63222.57,8.0,5,East,Pending,Customer_1,02-05-2025
100516,1516,Camera,Electronics,62583.53,2.0,20,West,Returned,Customer_24,08-12-2025
100517,1517,Shoes,Clothing,,4.0,10,East,Completed,Customer_158,04-11-2025
100518,1518,Helmet,Sports,32459.99,1.0,15,North,Pending,Customer_100,05-12-2025
100519,1519,Hoodie,Clothing,47962.92,8.0,15,South,Returned,Customer_457,10-12-2025
100520,1520,Tea,Groceries,92786.22,1.0,10,North,Pending,Customer_296,06-12-2025
100521,1521,T-Shirt,Clothing,96964.37,5.0,15,South,Returned,Customer_96,30-04-2025
100522,1522,Hoodie,Clothing,85796.17,1.0,5,East,Returned,Customer_425,06-11-2025
100523,1523,Bed,Furniture,17583.77,6.0,0,West,Completed,Customer_410,10-05-2026
100524,1524,Football,Sports,19102.15,8.0,10,South,Completed,Customer_421,13-06-2026
100525,1525,Sofa,Furniture,72484.61,8.0,0,North,Cancelled,Customer_478,15-02-2025
100526,1526,Cricket Bat,Sports,33395.65,1.0,10,North,Cancelled,Customer_328,03-08-2025
100527,1527,Jeans,Clothing,19335.31,5.0,0,East,Pending,Customer_81,08-10-2025
100528,1528,Laptop,Electronics,95833.98,9.0,10,East,Cancelled,Customer_73,18-10-2025
100529,1529,Football,Sports,17210.37,5.0,15,North,Pending,Customer_15,28-04-2026
100530,1530,Mouse,Electronics,38421.6,2.0,20,West,Cancelled,Customer_160,07-12-2025
100531,1531,Table,Furniture,97370.82,8.0,15,North,Returned,Customer_159,22-04-2026
100532,1532,Bread,Groceries,94750.08,3.0,10,West,Pending,Customer_359,05-12-2025
100533,1533,Shirt,Clothing,48801.92,2.0,15,South,Cancelled,Customer_394,23-12-2025
100534,1534,Helmet,Sports,12826.66,2.0,0,East,Completed,Customer_406,06-11-2025
100535,1535,Badminton Racket,Sports,40141.57,7.0,5,West,Returned,Customer_34,15-12-2025
100536,1536,Shelf,Furniture,78452.97,7.0,5,South,Completed,Customer_379,14-05-2026
100537,1537,Smartwatch,Electronics,59647.94,6.0,5,East,Returned,Customer_36,22-04-2025
100538,1538,Badminton Racket,Sports,32808.08,1.0,20,North,Pending,Customer_339,02-06-2025
100539,1539,Eggs,Groceries,39059.27,10.0,10,East,Cancelled,Customer_471,22-03-2026
100540,1540,T-Shirt,Clothing,58314.43,10.0,5,East,Completed,Customer_190,24-02-2025
100541,1541,Speaker,Electronics,82093.25,6.0,0,South,Returned,Customer_360,08-02-2026
100542,1542,Hoodie,Clothing,38340.68,7.0,5,West,Pending,Customer_97,29-01-2026
100543,1543,Shirt,Clothing,15511.3,3.0,0,South,Returned,Customer_337,24-03-2026
100544,1544,Table,Furniture,13808.3,7.0,20,West,Pending,Customer_233,06-06-2026
100545,1545,Coffee,Groceries,38533.0,4.0,20,West,Pending,Customer_365,29-05-2026
100546,1546,Shirt,Clothing,92663.79,10.0,20,West,Cancelled,Customer_58,09-05-2026
100547,1547,Keyboard,Electronics,73045.53,9.0,10,West,Completed,Customer_268,01-04-2025
100548,1548,Stool,Furniture,63103.22,2.0,20,East,Completed,Customer_463,18-12-2025
100549,1549,Cricket Bat,Sports,46939.99,9.0,10,West,Cancelled,Customer_492,29-10-2025
100550,1550,Jeans,Clothing,3629.09,10.0,20,East,Completed,Customer_323,30-04-2026
100551,1551,Football,Sports,57328.71,5.0,10,West,Completed,Customer_65,02-06-2026
100552,1552,Phone,Electronics,25279.89,10.0,0,North,Pending,Customer_466,04-06-2025
100553,1553,Sugar,Groceries,80803.29,5.0,5,North,Cancelled,Customer_44,29-05-2025
100554,1554,Football,Sports,83777.66,7.0,15,South,Pending,Customer_296,20-12-2025
100555,1555,Phone,Electronics,75572.84,2.0,15,East,Returned,Customer_383,28-08-2025
100556,1556,Tea,Groceries,47511.5,3.0,10,West,Returned,Customer_348,20-11-2025
100557,1557,Gloves,Sports,95591.49,2.0,15,East,Cancelled,Customer_139,01-10-2025
100558,1558,Phone,Electronics,65468.89,7.0,5,South,Cancelled,Customer_347,04-07-2025
100559,1559,Shoes,Clothing,1156.74,,0,North,Returned,Customer_180,13-08-2025
100560,1560,Jacket,Clothing,19388.65,1.0,20,South,Completed,Customer_363,03-05-2025
100561,1561,Smartwatch,Electronics,13077.73,10.0,0,South,Cancelled,Customer_151,24-04-2026
100562,1562,Camera,Electronics,92277.27,5.0,10,East,Pending,Customer_400,17-03-2025
100563,1563,T-Shirt,Clothing,38341.62,6.0,10,South,Returned,Customer_36,19-05-2026
100564,1564,Shelf,Furniture,17926.37,8.0,15,South,Completed,Customer_468,29-03-2026
100565,1565,T-Shirt,Clothing,3582.6,2.0,15,North,Returned,Customer_77,01-01-2025
100566,1566,Printer,Electronics,26717.0,6.0,20,West,Returned,Customer_224,18-02-2026
100567,1567,Speaker,Electronics,22662.1,7.0,15,North,Cancelled,Customer_171,07-11-2025
100568,1568,Rice,Groceries,63264.03,2.0,10,North,Returned,Customer_390,24-10-2025
100569,1569,Desk,Furniture,55492.1,7.0,15,North,Cancelled,Customer_250,28-03-2025
100570,1570,Bread,Groceries,14080.3,4.0,5,West,Returned,Customer_33,12-11-2025
100571,1571,Coffee,Groceries,96660.76,1.0,0,West,Completed,Customer_109,20-06-2026
100572,1572,Milk,Groceries,74131.04,4.0,5,West,Completed,Customer_242,16-02-2025
100573,1573,Desk,Furniture,1535.08,1.0,0,West,Pending,Customer_428,07-03-2025
100574,1574,Mouse,Electronics,49764.64,10.0,15,East,Returned,Customer_167,04-05-2025
100575,1575,Helmet,Sports,13819.21,4.0,10,North,Completed,Customer_141,25-05-2025
100576,1576,Milk,Groceries,69659.95,9.0,20,North,Pending,Customer_52,21-01-2026
100577,1577,Chair,Furniture,,2.0,0,East,Returned,Customer_356,03-05-2026
100578,1578,Sofa,Furniture,14394.48,5.0,5,North,Pending,Customer_368,27-05-2026
100579,1579,Cricket Bat,Sports,62756.45,,5,South,Completed,Customer_272,08-04-2025
100580,1580,Tennis Racket,Sports,86286.83,9.0,5,East,Completed,Customer_100,26-04-2025
100581,1581,Stool,Furniture,49801.73,3.0,10,East,Pending,Customer_223,15-09-2025
100582,1582,Shoes,Clothing,80534.85,8.0,20,South,Pending,Customer_403,30-01-2025
100583,1583,Oil,Groceries,7178.86,4.0,10,West,Pending,Customer_383,30-11-2025
100584,1584,Table,Furniture,32680.61,2.0,5,West,Pending,Customer_38,28-04-2026
100585,1585,Badminton Racket,Sports,5528.5,7.0,15,South,Returned,Customer_192,20-05-2025
100586,1586,Bread,Groceries,63238.91,5.0,20,North,Cancelled,Customer_70,24-04-2025
100587,1587,Coffee,Groceries,41880.56,6.0,5,South,Pending,Customer_45,26-02-2026
100588,1588,Badminton Racket,Sports,86233.69,4.0,10,North,Returned,Customer_377,10-09-2025
100589,1589,Cabinet,Furniture,43481.45,4.0,5,North,Returned,Customer_23,11-02-2025
100590,1590,Rice,Groceries,42627.19,7.0,0,West,Returned,Customer_124,27-03-2025
100591,1591,Cricket Bat,Sports,69346.67,7.0,10,South,Completed,Customer_9,07-05-2026
100592,1592,Jeans,Clothing,70360.12,10.0,15,West,Pending,Customer_448,20-02-2026
100593,1593,Cabinet,Furniture,62718.41,1.0,10,North,Cancelled,Customer_219,04-10-2025
100594,1594,Helmet,Sports,57565.41,4.0,10,North,Cancelled,Customer_455,22-02-2025
100595,1595,Printer,Electronics,36622.53,10.0,20,North,Pending,Customer_71,09-12-2025
100596,1596,Table,Furniture,64938.94,10.0,5,East,Cancelled,Customer_460,01-10-2025
100597,1597,Gloves,Sports,42350.62,1.0,15,North,Returned,Customer_364,27-10-2025
100598,1598,Sugar,Groceries,80010.4,2.0,0,North,Returned,Customer_460,03-07-2025
100599,1599,T-Shirt,Clothing,11025.56,5.0,5,South,Completed,Customer_151,03-03-2026
100600,1600,Football,Sports,47443.1,7.0,10,South,Completed,Customer_12,26-08-2025
100601,1601,Gloves,Sports,33654.15,10.0,10,West,Returned,Customer_235,08-11-2025
100602,1602,Football,Sports,89838.36,5.0,15,East,Cancelled,Customer_395,18-02-2025
100603,1603,Cabinet,Furniture,28509.77,3.0,20,East,Pending,Customer_499,29-06-2025
100604,1604,Desk,Furniture,23866.74,1.0,15,East,Cancelled,Customer_95,30-07-2025
100605,1605,Gloves,Sports,3565.44,6.0,15,South,Cancelled,Customer_63,26-01-2025
100606,1606,Coffee,Groceries,76874.96,8.0,20,East,Cancelled,Customer_243,24-10-2025
100607,1607,Gloves,Sports,14793.64,10.0,10,North,Returned,Customer_461,11-02-2025
100608,1608,Table,Furniture,30877.41,7.0,10,North,Cancelled,Customer_29,19-07-2025
100609,1609,Helmet,Sports,22292.17,5.0,15,North,Returned,Customer_100,18-05-2026
100610,1610,Shoes,Clothing,60547.27,1.0,5,West,Cancelled,Customer_198,17-01-2026
100611,1611,Phone,Electronics,34557.53,5.0,0,South,Returned,Customer_380,02-03-2026
100612,1612,Eggs,Groceries,16462.66,7.0,20,North,Pending,Customer_107,07-11-2025
100613,1613,Sugar,Groceries,6704.97,10.0,15,East,Returned,Customer_90,19-04-2026
100614,1614,Football,Sports,20005.83,7.0,10,East,Returned,Customer_287,20-04-2026
100615,1615,Chair,Furniture,79142.83,3.0,15,North,Cancelled,Customer_214,03-07-2025
100616,1616,Bread,Groceries,2941.41,5.0,20,East,Returned,Customer_290,23-03-2026
100617,1617,Hoodie,Clothing,68622.69,2.0,0,East,Pending,Customer_298,01-03-2025
100618,1618,Cabinet,Furniture,46158.29,3.0,10,West,Cancelled,Customer_25,24-10-2025
100619,1619,Shoes,Clothing,63930.76,2.0,5,North,Pending,Customer_279,27-11-2025
100620,1620,Hoodie,Clothing,80007.73,5.0,0,East,Pending,Customer_7,21-05-2025
100621,1621,Tennis Racket,Sports,37364.12,8.0,5,North,Pending,Customer_80,31-05-2026
100622,1622,Sofa,Furniture,79531.16,9.0,20,North,Returned,Customer_236,20-03-2025
100623,1623,Keyboard,Electronics,92348.63,8.0,5,West,Cancelled,Customer_89,08-11-2025
100624,1624,Mouse,Electronics,22313.55,3.0,5,South,Completed,Customer_218,25-04-2025
100625,1625,Laptop,Electronics,77491.76,7.0,20,North,Returned,Customer_61,17-09-2025
100626,1626,Mouse,Electronics,30234.42,1.0,20,South,Pending,Customer_95,26-12-2025
100627,1627,Mouse,Electronics,14641.14,5.0,5,South,Completed,Customer_51,15-01-2025
100628,1628,Football,Sports,71609.58,5.0,0,North,Pending,Customer_472,01-06-2026
100629,1629,Sugar,Groceries,69843.48,3.0,5,East,Returned,Customer_218,08-08-2025
100630,1630,Football,Sports,40817.04,6.0,5,West,Cancelled,Customer_361,23-10-2025
100631,1631,Gloves,Sports,4156.8,6.0,15,East,Returned,Customer_116,22-02-2026
100632,1632,Shirt,Clothing,18959.62,2.0,10,South,Completed,Customer_346,19-05-2026
100633,1633,Printer,Electronics,43862.03,2.0,20,North,Pending,Customer_34,08-01-2026
100634,1634,Cabinet,Furniture,20106.32,7.0,15,East,Cancelled,Customer_388,14-02-2026
100635,1635,Shirt,Clothing,66701.03,7.0,5,West,Completed,Customer_63,14-09-2025
100636,1636,Coffee,Groceries,23159.1,3.0,0,West,Completed,Customer_498,03-07-2025
100637,1637,Sugar,Groceries,15358.39,10.0,20,West,Returned,Customer_104,28-10-2025
100638,1638,Coffee,Groceries,50529.0,9.0,20,North,Completed,Customer_221,02-05-2025
100639,1639,Coffee,Groceries,31524.46,7.0,5,East,Pending,Customer_252,18-03-2026
100640,1640,Bed,Furniture,71600.75,8.0,15,West,Returned,Customer_288,10-06-2025
100641,1641,Cricket Bat,Sports,39199.34,8.0,10,East,Cancelled,Customer_32,29-01-2025
100642,1642,Cricket Bat,Sports,12906.99,6.0,0,East,Returned,Customer_50,15-03-2026
100643,1643,Jacket,Clothing,41251.77,1.0,10,North,Completed,Customer_445,09-11-2025
100644,1644,Tablet,Electronics,17060.95,9.0,15,West,Cancelled,Customer_11,26-04-2026
100645,1645,Cricket Bat,Sports,98577.9,7.0,0,West,Completed,Customer_354,30-07-2025
100646,1646,Shirt,Clothing,50326.58,6.0,15,South,Returned,Customer_326,19-03-2025
100647,1647,Football,Sports,28806.82,1.0,5,North,Completed,Customer_304,11-12-2025
100648,1648,T-Shirt,Clothing,56686.19,9.0,0,East,Cancelled,Customer_222,17-11-2025
100649,1649,Shelf,Furniture,40289.87,10.0,20,South,Completed,Customer_322,13-06-2026
100650,1650,Stool,Furniture,21373.99,8.0,20,West,Completed,Customer_268,25-07-2025
100651,1651,Shirt,Clothing,14859.59,3.0,15,West,Cancelled,Customer_441,07-03-2025
100652,1652,Shelf,Furniture,26766.78,5.0,20,South,Returned,Customer_123,27-04-2025
100653,1653,Sofa,Furniture,2867.65,5.0,15,West,Completed,Customer_104,13-06-2025
100654,1654,Jeans,Clothing,3011.27,5.0,0,West,Completed,Customer_29,27-03-2025
100655,1655,Shoes,Clothing,29868.12,2.0,10,North,Returned,Customer_483,24-05-2025
100656,1656,Table,Furniture,57140.24,9.0,20,East,Returned,Customer_453,03-04-2025
100657,1657,Table,Furniture,77341.77,6.0,15,South,Returned,Customer_112,28-05-2025
100658,1658,Keyboard,Electronics,21489.45,5.0,20,North,Returned,Customer_274,19-01-2026
100659,1659,Tablet,Electronics,54619.93,8.0,5,East,Returned,Customer_367,12-01-2026
100660,1660,T-Shirt,Clothing,64575.22,10.0,0,South,Cancelled,Customer_283,29-01-2026
100661,1661,Hoodie,Clothing,95852.51,6.0,20,South,Returned,Customer_199,09-01-2025
100662,1662,Eggs,Groceries,30158.73,4.0,5,West,Cancelled,Customer_451,21-02-2026
100663,1663,Phone,Electronics,86657.81,8.0,10,West,Completed,Customer_423,14-06-2025
100664,1664,Shoes,Clothing,6730.09,7.0,10,West,Completed,Customer_391,23-02-2025
100665,1665,Stool,Furniture,,3.0,10,East,Completed,Customer_57,11-06-2025
100666,1666,Desk,Furniture,84711.35,7.0,15,South,Cancelled,Customer_89,02-12-2025
100667,1667,Jeans,Clothing,8531.46,6.0,20,South,Completed,Customer_486,24-01-2025
100668,1668,Gloves,Sports,61239.12,4.0,5,East,Pending,Customer_26,15-02-2026
100669,1669,Badminton Racket,Sports,60079.23,3.0,20,North,Completed,Customer_368,23-06-2026
100670,1670,Coffee,Groceries,82743.02,8.0,5,East,Cancelled,Customer_383,22-05-2026
100671,1671,Milk,Groceries,43187.73,4.0,10,South,Returned,Customer_93,23-02-2026
100672,1672,Chair,Furniture,29090.28,5.0,5,East,Returned,Customer_44,11-01-2025
100673,1673,Milk,Groceries,87157.2,7.0,15,East,Completed,Customer_49,02-03-2025
100674,1674,Tablet,Electronics,93113.35,8.0,20,North,Completed,Customer_130,01-06-2026
100675,1675,Badminton Racket,Sports,30320.48,7.0,20,North,Pending,Customer_134,23-06-2025
100676,1676,Badminton Racket,Sports,93039.66,8.0,20,West,Pending,Customer_134,30-04-2025
100677,1677,T-Shirt,Clothing,97853.81,8.0,10,West,Cancelled,Customer_463,27-09-2025
100678,1678,Tennis Racket,Sports,51745.57,7.0,15,South,Returned,Customer_28,13-07-2025
100679,1679,Chair,Furniture,23063.07,1.0,15,West,Completed,Customer_459,22-05-2026
100680,1680,Camera,Electronics,35716.36,9.0,5,North,Cancelled,Customer_48,28-07-2025
100681,1681,Jeans,Clothing,83511.87,9.0,20,South,Completed,Customer_270,04-07-2025
100682,1682,Oil,Groceries,24691.13,8.0,0,East,Completed,Customer_202,18-01-2026
100683,1683,Cricket Bat,Sports,83714.02,3.0,15,West,Cancelled,Customer_305,06-01-2025
100684,1684,T-Shirt,Clothing,65651.66,8.0,20,South,Pending,Customer_442,19-02-2025
100685,1685,Jacket,Clothing,79834.88,2.0,0,West,Cancelled,Customer_92,03-09-2025
100686,1686,Oil,Groceries,2149.15,4.0,10,South,Completed,Customer_153,18-05-2026
100687,1687,Eggs,Groceries,90383.05,10.0,10,South,Returned,Customer_229,02-02-2026
100688,1688,Eggs,Groceries,56349.4,7.0,10,South,Returned,Customer_323,13-03-2026
100689,1689,Laptop,Electronics,51382.81,8.0,5,West,Completed,Customer_149,25-04-2026
100690,1690,Oil,Groceries,90730.05,8.0,10,South,Returned,Customer_152,18-02-2025
100691,1691,Cricket Bat,Sports,91738.47,9.0,0,West,Cancelled,Customer_182,18-09-2025
100692,1692,Cricket Bat,Sports,76887.81,1.0,5,South,Returned,Customer_24,27-03-2025
100693,1693,Eggs,Groceries,31463.24,8.0,10,East,Pending,Customer_109,09-07-2025
100694,1694,Smartwatch,Electronics,26005.84,,15,North,Completed,Customer_88,04-05-2026
100695,1695,Tea,Groceries,86891.17,10.0,20,East,Returned,Customer_412,06-11-2025
100696,1696,Keyboard,Electronics,13597.88,,5,North,Pending,Customer_247,29-05-2025
100697,1697,Shelf,Furniture,84224.76,9.0,15,South,Returned,Customer_217,23-01-2025
100698,1698,Keyboard,Electronics,90251.29,8.0,15,South,Pending,Customer_151,06-02-2026
100699,1699,Tablet,Electronics,886.64,7.0,20,East,Completed,Customer_250,14-02-2026
100700,1700,Coffee,Groceries,23267.39,1.0,10,North,Cancelled,Customer_458,04-03-2026
100701,1701,Oil,Groceries,49529.4,6.0,5,East,Pending,Customer_241,19-12-2025
100702,1702,Bread,Groceries,50812.83,10.0,20,West,Pending,Customer_453,28-10-2025
100703,1703,Tea,Groceries,83324.77,6.0,5,South,Cancelled,Customer_354,30-03-2025
100704,1704,Milk,Groceries,17411.78,3.0,15,West,Cancelled,Customer_121,03-08-2025
100705,1705,Cricket Bat,Sports,99926.2,6.0,5,South,Completed,Customer_414,07-03-2025
100706,1706,Shirt,Clothing,11485.53,4.0,10,East,Cancelled,Customer_394,17-02-2025
100707,1707,Tennis Racket,Sports,89642.14,9.0,0,West,Returned,Customer_493,24-04-2025
100708,1708,Smartwatch,Electronics,61004.62,2.0,0,South,Completed,Customer_446,30-07-2025
100709,1709,Jeans,Clothing,72862.09,8.0,0,South,Cancelled,Customer_172,22-05-2025
100710,1710,Monitor,Electronics,43966.94,,15,East,Cancelled,Customer_259,25-06-2025
100711,1711,Phone,Electronics,37306.39,7.0,5,West,Pending,Customer_71,16-03-2026
100712,1712,Tea,Groceries,89816.72,9.0,0,West,Pending,Customer_395,11-01-2025
100713,1713,Cricket Bat,Sports,8569.34,6.0,15,North,Returned,Customer_389,07-02-2025
100714,1714,Chair,Furniture,97775.52,9.0,20,East,Cancelled,Customer_466,19-12-2025
100715,1715,Phone,Electronics,90030.83,10.0,15,South,Returned,Customer_358,20-12-2025
100716,1716,Bread,Groceries,88109.37,2.0,5,East,Pending,Customer_48,08-06-2026
100717,1717,Tennis Racket,Sports,52181.45,3.0,20,East,Pending,Customer_427,08-11-2025
100718,1718,Oil,Groceries,73225.42,6.0,0,North,Completed,Customer_230,02-11-2025
100719,1719,Gloves,Sports,620.82,6.0,20,South,Cancelled,Customer_154,19-10-2025
100720,1720,Gloves,Sports,14083.15,7.0,10,South,Cancelled,Customer_233,11-04-2025
100721,1721,Shelf,Furniture,82860.92,2.0,5,West,Pending,Customer_229,21-03-2025
100722,1722,Hoodie,Clothing,52672.93,10.0,10,West,Returned,Customer_226,17-05-2026
100723,1723,Milk,Groceries,14520.18,3.0,20,North,Pending,Customer_234,30-04-2026
100724,1724,Keyboard,Electronics,94412.55,6.0,15,North,Completed,Customer_190,24-10-2025
100725,1725,Speaker,Electronics,15415.12,6.0,10,West,Completed,Customer_406,27-05-2025
100726,1726,Shelf,Furniture,4960.24,5.0,15,North,Completed,Customer_281,24-12-2025
100727,1727,Laptop,Electronics,41815.76,10.0,10,West,Returned,Customer_428,16-05-2025
100728,1728,Stool,Furniture,76191.71,8.0,0,West,Returned,Customer_120,09-02-2026
100729,1729,Shoes,Clothing,4677.39,8.0,5,North,Cancelled,Customer_288,07-05-2025
100730,1730,Cricket Bat,Sports,19323.43,10.0,20,South,Returned,Customer_258,20-01-2025
100731,1731,Speaker,Electronics,18056.37,1.0,20,West,Completed,Customer_414,25-11-2025
100732,1732,Rice,Groceries,49198.16,1.0,0,East,Returned,Customer_132,04-04-2025
100733,1733,Mouse,Electronics,54223.75,5.0,0,South,Cancelled,Customer_488,22-02-2026
100734,1734,Chair,Furniture,61486.1,6.0,10,West,Completed,Customer_164,26-05-2025
100735,1735,Sugar,Groceries,25867.64,2.0,20,South,Returned,Customer_261,01-06-2026
100736,1736,Oil,Groceries,27001.82,6.0,15,North,Returned,Customer_325,28-08-2025
100737,1737,Phone,Electronics,55452.12,10.0,20,South,Cancelled,Customer_291,21-02-2026
100738,1738,Oil,Groceries,84643.16,9.0,10,South,Pending,Customer_276,10-03-2026
100739,1739,Badminton Racket,Sports,4275.03,8.0,5,North,Completed,Customer_478,09-05-2026
100740,1740,Shoes,Clothing,25163.81,7.0,5,East,Completed,Customer_83,13-03-2025
100741,1741,T-Shirt,Clothing,39590.96,2.0,10,West,Pending,Customer_313,01-06-2026
100742,1742,Hoodie,Clothing,94546.31,5.0,10,South,Cancelled,Customer_175,04-08-2025
100743,1743,Sugar,Groceries,1685.87,,15,North,Completed,Customer_345,27-06-2025
100744,1744,Coffee,Groceries,76270.28,9.0,0,North,Returned,Customer_345,07-05-2025
100745,1745,Shirt,Clothing,82763.94,6.0,0,North,Returned,Customer_190,17-07-2025
100746,1746,Rice,Groceries,22229.92,1.0,10,South,Completed,Customer_418,07-11-2025
100747,1747,Sofa,Furniture,98013.9,6.0,20,South,Completed,Customer_101,10-02-2026
100748,1748,Phone,Electronics,56953.31,8.0,20,South,Completed,Customer_302,12-05-2025
100749,1749,Keyboard,Electronics,26036.49,10.0,10,South,Completed,Customer_497,16-09-2025
100750,1750,Badminton Racket,Sports,295.3,7.0,0,East,Returned,Customer_433,21-02-2026
100751,1751,T-Shirt,Clothing,68049.33,8.0,0,South,Completed,Customer_143,07-03-2026
100752,1752,Badminton Racket,Sports,31692.57,7.0,20,North,Pending,Customer_354,10-03-2026
100753,1753,Monitor,Electronics,19767.99,6.0,0,North,Returned,Customer_222,25-01-2025
100754,1754,Gloves,Sports,93512.57,5.0,10,North,Cancelled,Customer_267,31-08-2025
100755,1755,Smartwatch,Electronics,61994.7,2.0,0,North,Completed,Customer_194,17-11-2025
100756,1756,Keyboard,Electronics,6294.02,8.0,15,North,Completed,Customer_347,27-02-2025
100757,1757,Cricket Bat,Sports,29562.19,7.0,15,South,Completed,Customer_233,29-01-2026
100758,1758,Tea,Groceries,88005.82,10.0,0,West,Cancelled,Customer_301,17-07-2025
100759,1759,Mouse,Electronics,1327.63,2.0,20,South,Cancelled,Customer_182,08-03-2026
100760,1760,Coffee,Groceries,18673.75,3.0,10,West,Cancelled,Customer_160,30-05-2025
100761,1761,Stool,Furniture,30936.57,6.0,20,South,Completed,Customer_122,04-06-2026
100762,1762,Cricket Bat,Sports,42263.91,4.0,5,North,Cancelled,Customer_97,03-05-2026
100763,1763,Sugar,Groceries,85215.67,10.0,15,East,Pending,Customer_54,11-04-2026
100764,1764,Camera,Electronics,22018.65,1.0,15,South,Pending,Customer_247,06-12-2025
100765,1765,Bread,Groceries,40091.23,1.0,0,North,Pending,Customer_149,27-03-2026
100766,1766,Cabinet,Furniture,4486.09,1.0,5,East,Pending,Customer_174,09-09-2025
100767,1767,Sofa,Furniture,2247.05,5.0,5,West,Completed,Customer_174,04-08-2025
100768,1768,Shirt,Clothing,24090.98,6.0,20,West,Completed,Customer_61,28-05-2025
100769,1769,Sofa,Furniture,19248.96,7.0,15,South,Completed,Customer_391,13-07-2025
100770,1770,Tennis Racket,Sports,78979.82,6.0,10,South,Returned,Customer_108,25-03-2025
100771,1771,Oil,Groceries,16826.61,7.0,20,East,Returned,Customer_266,21-04-2026
100772,1772,Cabinet,Furniture,71277.44,9.0,15,West,Cancelled,Customer_298,15-02-2026
100773,1773,Gloves,Sports,3756.79,4.0,5,West,Pending,Customer_157,12-03-2026
100774,1774,Milk,Groceries,93556.34,6.0,0,East,Returned,Customer_266,27-12-2025
100775,1775,Chair,Furniture,46578.79,10.0,15,West,Cancelled,Customer_412,25-05-2026
100776,1776,Jacket,Clothing,38298.86,3.0,0,East,Completed,Customer_151,29-05-2026
100777,1777,Helmet,Sports,64401.07,5.0,0,East,Completed,Customer_280,25-07-2025
100778,1778,Jeans,Clothing,67543.22,5.0,10,South,Pending,Customer_438,25-09-2025
100779,1779,Phone,Electronics,28256.34,6.0,15,North,Returned,Customer_335,09-06-2026
100780,1780,Shelf,Furniture,22835.09,4.0,20,West,Returned,Customer_175,29-03-2025
100781,1781,Jeans,Clothing,42936.42,7.0,20,North,Cancelled,Customer_72,12-05-2025
100782,1782,Hoodie,Clothing,1067.15,6.0,15,East,Cancelled,Customer_301,24-01-2025
100783,1783,Cricket Bat,Sports,92222.2,3.0,20,West,Returned,Customer_105,05-02-2026
100784,1784,Speaker,Electronics,38704.74,8.0,15,East,Completed,Customer_88,17-04-2025
100785,1785,Football,Sports,3302.71,10.0,0,West,Cancelled,Customer_106,27-08-2025
100786,1786,Hoodie,Clothing,52487.13,8.0,5,East,Returned,Customer_201,10-06-2025
100787,1787,Keyboard,Electronics,53691.66,8.0,5,South,Pending,Customer_159,19-03-2026
100788,1788,Milk,Groceries,60410.57,5.0,15,East,Pending,Customer_4,27-05-2025
100789,1789,Oil,Groceries,82475.8,10.0,20,West,Returned,Customer_237,10-02-2025
100790,1790,Phone,Electronics,64665.28,8.0,10,West,Pending,Customer_213,13-09-2025
100791,1791,Shelf,Furniture,45837.03,3.0,0,South,Pending,Customer_141,26-10-2025
100792,1792,Monitor,Electronics,90882.77,7.0,10,North,Completed,Customer_259,30-11-2025
100793,1793,Coffee,Groceries,16567.43,4.0,0,West,Returned,Customer_176,13-02-2026
100794,1794,Shelf,Furniture,3873.69,5.0,10,West,Returned,Customer_237,11-03-2025
100795,1795,Speaker,Electronics,65736.56,8.0,5,South,Completed,Customer_311,13-04-2025
100796,1796,Bed,Furniture,12502.72,7.0,0,East,Pending,Customer_226,02-01-2026
100797,1797,Sofa,Furniture,71469.79,9.0,20,North,Returned,Customer_354,12-11-2025
100798,1798,Rice,Groceries,59860.71,1.0,5,East,Pending,Customer_103,04-04-2025
100799,1799,Printer,Electronics,2891.62,1.0,0,South,Completed,Customer_409,21-06-2025
100800,1800,Chair,Furniture,41626.43,2.0,5,South,Returned,Customer_481,15-03-2026
100801,1801,Monitor,Electronics,21456.62,,10,North,Returned,Customer_109,15-04-2026
100802,1802,Table,Furniture,65830.37,5.0,0,South,Returned,Customer_155,27-05-2026
100803,1803,Speaker,Electronics,79146.85,10.0,20,East,Returned,Customer_348,17-05-2025
100804,1804,Jeans,Clothing,63571.81,6.0,0,East,Completed,Customer_312,05-04-2026
100805,1805,Bread,Groceries,50391.66,1.0,0,East,Pending,Customer_378,15-03-2026
100806,1806,Table,Furniture,6086.31,6.0,15,South,Completed,Customer_122,31-03-2026
100807,1807,Jeans,Clothing,27884.83,1.0,10,North,Pending,Customer_434,06-12-2025
100808,1808,Jeans,Clothing,20661.16,1.0,5,South,Returned,Customer_267,26-11-2025
100809,1809,Stool,Furniture,63015.27,2.0,5,North,Pending,Customer_481,29-07-2025
100810,1810,Table,Furniture,17450.21,9.0,5,North,Returned,Customer_372,24-04-2026
100811,1811,Jeans,Clothing,72195.21,4.0,10,East,Returned,Customer_496,26-07-2025
100812,1812,Shirt,Clothing,8093.6,6.0,15,West,Returned,Customer_390,09-06-2025
100813,1813,Rice,Groceries,76216.74,7.0,10,South,Pending,Customer_132,25-01-2026
100814,1814,Eggs,Groceries,45414.95,7.0,10,South,Returned,Customer_101,08-06-2025
100815,1815,Chair,Furniture,1382.14,9.0,15,West,Returned,Customer_497,18-01-2026
100816,1816,Coffee,Groceries,30850.3,10.0,0,West,Pending,Customer_100,23-03-2026
100817,1817,Hoodie,Clothing,34923.01,8.0,0,West,Returned,Customer_377,10-09-2025
100818,1818,Stool,Furniture,3547.31,6.0,5,East,Returned,Customer_484,31-05-2025
100819,1819,Jeans,Clothing,,3.0,15,West,Completed,Customer_266,13-07-2025
100820,1820,Milk,Groceries,82991.98,5.0,20,West,Cancelled,Customer_376,26-02-2026
100821,1821,Mouse,Electronics,63654.41,6.0,5,West,Cancelled,Customer_4,22-06-2025
100822,1822,Rice,Groceries,9777.38,7.0,15,South,Pending,Customer_192,10-07-2025
100823,1823,Sofa,Furniture,48698.48,9.0,5,South,Pending,Customer_31,07-07-2025
100824,1824,Bed,Furniture,98296.42,7.0,0,South,Completed,Customer_151,29-03-2025
100825,1825,Oil,Groceries,27748.54,6.0,15,North,Completed,Customer_32,30-09-2025
100826,1826,Smartwatch,Electronics,78941.8,1.0,0,West,Cancelled,Customer_478,13-05-2026
100827,1827,Sugar,Groceries,60476.72,6.0,10,South,Cancelled,Customer_341,13-02-2026
100828,1828,Rice,Groceries,97532.98,,15,South,Completed,Customer_309,06-05-2025
100829,1829,Tennis Racket,Sports,95111.09,4.0,15,West,Pending,Customer_2,26-11-2025
100830,1830,Tablet,Electronics,87356.11,6.0,15,West,Completed,Customer_179,15-03-2026
100831,1831,Oil,Groceries,73454.35,5.0,20,North,Pending,Customer_255,31-03-2025
100832,1832,Hoodie,Clothing,99630.84,8.0,0,West,Pending,Customer_125,05-08-2025
100833,1833,Table,Furniture,10636.42,1.0,15,East,Pending,Customer_369,21-09-2025
100834,1834,Oil,Groceries,66581.09,9.0,10,South,Completed,Customer_330,18-12-2025
100835,1835,Tea,Groceries,65426.57,9.0,5,South,Cancelled,Customer_60,25-10-2025
100836,1836,Mouse,Electronics,9005.03,10.0,0,East,Pending,Customer_437,17-11-2025
100837,1837,Rice,Groceries,31148.81,10.0,15,East,Cancelled,Customer_409,10-05-2025
100838,1838,Gloves,Sports,60201.6,,15,East,Pending,Customer_418,31-10-2025
100839,1839,Stool,Furniture,68030.09,3.0,0,East,Cancelled,Customer_258,07-05-2025
100840,1840,Hoodie,Clothing,57439.8,4.0,15,North,Cancelled,Customer_79,04-08-2025
100841,1841,Chair,Furniture,92323.47,3.0,10,South,Completed,Customer_281,06-02-2026
100842,1842,Shirt,Clothing,67822.08,6.0,20,East,Cancelled,Customer_357,19-07-2025
100843,1843,Badminton Racket,Sports,9822.22,6.0,0,East,Returned,Customer_336,17-06-2025
100844,1844,Football,Sports,44244.19,8.0,5,South,Completed,Customer_186,15-04-2025
100845,1845,Shelf,Furniture,95044.78,7.0,0,North,Cancelled,Customer_499,01-05-2026
100846,1846,Chair,Furniture,11822.95,9.0,5,West,Pending,Customer_18,02-05-2025
100847,1847,Shelf,Furniture,48913.73,10.0,15,North,Returned,Customer_443,27-01-2026
100848,1848,Hoodie,Clothing,,6.0,0,West,Pending,Customer_12,07-05-2026
100849,1849,Hoodie,Clothing,74561.39,10.0,15,East,Pending,Customer_51,30-11-2025
100850,1850,Speaker,Electronics,18570.5,1.0,20,West,Completed,Customer_266,08-05-2025
100851,1851,Table,Furniture,18148.35,,15,East,Completed,Customer_21,12-05-2025
100852,1852,Football,Sports,65298.79,2.0,0,North,Completed,Customer_260,02-11-2025
100853,1853,Shoes,Clothing,17243.16,1.0,20,East,Returned,Customer_72,18-05-2026
100854,1854,Shoes,Clothing,91087.24,6.0,0,North,Pending,Customer_19,12-07-2025
100855,1855,Bed,Furniture,85622.91,4.0,5,East,Cancelled,Customer_66,09-03-2026
100856,1856,Speaker,Electronics,25571.24,7.0,15,North,Cancelled,Customer_347,12-03-2026
100857,1857,Sofa,Furniture,7148.75,5.0,5,East,Pending,Customer_215,07-06-2025
100858,1858,Shirt,Clothing,37956.3,10.0,20,North,Returned,Customer_34,04-12-2025
100859,1859,Tablet,Electronics,90933.61,5.0,10,North,Completed,Customer_194,16-08-2025
100860,1860,Oil,Groceries,78295.09,2.0,10,West,Completed,Customer_271,24-12-2025
100861,1861,Tennis Racket,Sports,55199.07,10.0,10,West,Pending,Customer_177,17-02-2026
100862,1862,Milk,Groceries,25980.2,9.0,5,West,Cancelled,Customer_28,15-01-2026
100863,1863,Shelf,Furniture,70708.0,3.0,15,East,Cancelled,Customer_488,15-03-2026
100864,1864,Gloves,Sports,88150.63,4.0,10,West,Cancelled,Customer_433,03-04-2025
100865,1865,Mouse,Electronics,73022.31,2.0,10,West,Completed,Customer_493,11-03-2026
100866,1866,Gloves,Sports,13729.2,8.0,20,North,Returned,Customer_8,14-07-2025
100867,1867,Printer,Electronics,70288.91,6.0,20,North,Returned,Customer_494,22-06-2025
100868,1868,Football,Sports,17563.94,6.0,0,West,Returned,Customer_195,24-06-2025
100869,1869,T-Shirt,Clothing,33862.06,4.0,0,East,Cancelled,Customer_248,28-10-2025
100870,1870,Jeans,Clothing,323.21,10.0,20,North,Returned,Customer_457,15-05-2026
100871,1871,Tablet,Electronics,688.52,8.0,0,East,Pending,Customer_206,30-12-2025
100872,1872,Mouse,Electronics,43137.3,4.0,5,West,Completed,Customer_468,15-05-2026
100873,1873,Keyboard,Electronics,76967.82,5.0,10,East,Returned,Customer_457,06-07-2025
100874,1874,Tennis Racket,Sports,10958.63,8.0,5,East,Returned,Customer_3,03-01-2026
100875,1875,Table,Furniture,19037.75,1.0,10,North,Pending,Customer_342,23-07-2025
100876,1876,Eggs,Groceries,11967.35,8.0,5,East,Returned,Customer_257,03-02-2026
100877,1877,Table,Furniture,95772.09,1.0,0,South,Completed,Customer_348,17-12-2025
100878,1878,Rice,Groceries,43489.42,5.0,15,South,Pending,Customer_374,08-06-2026
100879,1879,Sofa,Furniture,28185.77,2.0,5,West,Pending,Customer_243,16-04-2025
100880,1880,Helmet,Sports,18200.71,10.0,0,South,Returned,Customer_20,08-10-2025
100881,1881,Desk,Furniture,42687.67,10.0,15,West,Cancelled,Customer_359,25-08-2025
100882,1882,Cabinet,Furniture,42664.98,1.0,10,North,Cancelled,Customer_187,15-10-2025
100883,1883,Hoodie,Clothing,41865.61,6.0,0,North,Cancelled,Customer_109,20-10-2025
100884,1884,Eggs,Groceries,90857.35,2.0,15,East,Cancelled,Customer_156,25-04-2025
100885,1885,Laptop,Electronics,68327.86,3.0,10,East,Pending,Customer_333,10-10-2025
100886,1886,Shelf,Furniture,8814.39,2.0,0,North,Pending,Customer_99,02-04-2026
100887,1887,Mouse,Electronics,94187.62,10.0,5,South,Completed,Customer_66,16-07-2025
100888,1888,Eggs,Groceries,89169.51,9.0,15,North,Returned,Customer_35,10-05-2026
100889,1889,Rice,Groceries,16776.82,5.0,0,North,Pending,Customer_380,12-02-2026
100890,1890,Oil,Groceries,16635.27,9.0,15,East,Pending,Customer_95,04-01-2025
100891,1891,Sofa,Furniture,59252.06,1.0,15,East,Cancelled,Customer_437,14-08-2025
100892,1892,Hoodie,Clothing,26924.61,2.0,5,East,Completed,Customer_328,01-06-2025
100893,1893,Jeans,Clothing,27116.44,1.0,5,North,Completed,Customer_333,22-12-2025
100894,1894,Tennis Racket,Sports,32523.73,9.0,20,East,Cancelled,Customer_30,11-01-2025
100895,1895,Jeans,Clothing,73074.62,5.0,20,North,Returned,Customer_485,21-09-2025
100896,1896,Helmet,Sports,20695.29,8.0,20,West,Pending,Customer_229,26-08-2025
100897,1897,Sugar,Groceries,14918.59,8.0,5,South,Pending,Customer_292,18-05-2026
100898,1898,Bed,Furniture,2202.63,3.0,20,South,Completed,Customer_74,15-03-2025
100899,1899,Bread,Groceries,45556.91,7.0,0,North,Returned,Customer_197,22-01-2025
100900,1900,Laptop,Electronics,76368.23,1.0,10,South,Completed,Customer_406,10-01-2025
100901,1901,Speaker,Electronics,73639.54,6.0,5,West,Returned,Customer_418,17-06-2025
100902,1902,Jacket,Clothing,47942.95,4.0,20,North,Completed,Customer_423,15-02-2025
100903,1903,Speaker,Electronics,29744.18,9.0,0,South,Completed,Customer_117,14-03-2026
100904,1904,Milk,Groceries,35395.66,5.0,15,North,Returned,Customer_87,23-04-2025
100905,1905,Table,Furniture,95651.0,5.0,0,East,Completed,Customer_459,14-02-2025
100906,1906,Football,Sports,17888.97,9.0,15,South,Cancelled,Customer_320,21-10-2025
100907,1907,T-Shirt,Clothing,27182.22,8.0,0,North,Pending,Customer_399,31-05-2025
100908,1908,Jeans,Clothing,39120.9,8.0,15,East,Pending,Customer_47,27-11-2025
100909,1909,Desk,Furniture,76776.79,6.0,15,East,Pending,Customer_411,09-09-2025
100910,1910,Tea,Groceries,54978.99,9.0,5,West,Completed,Customer_298,08-03-2026
100911,1911,Helmet,Sports,77681.6,4.0,0,South,Completed,Customer_186,01-05-2026
100912,1912,Table,Furniture,6051.78,6.0,5,East,Returned,Customer_74,08-03-2026
100913,1913,Sofa,Furniture,82799.4,1.0,5,West,Completed,Customer_357,11-03-2026
100914,1914,T-Shirt,Clothing,70170.04,10.0,5,North,Pending,Customer_188,25-05-2025
100915,1915,Monitor,Electronics,7798.82,10.0,5,West,Pending,Customer_384,25-06-2026
100916,1916,Shirt,Clothing,41211.1,6.0,0,East,Completed,Customer_80,03-03-2025
100917,1917,Smartwatch,Electronics,75138.18,9.0,15,West,Cancelled,Customer_471,29-05-2026
100918,1918,Hoodie,Clothing,22808.75,3.0,15,South,Pending,Customer_206,27-02-2025
100919,1919,Shelf,Furniture,18451.01,9.0,15,West,Cancelled,Customer_335,19-02-2026
100920,1920,Milk,Groceries,5561.7,6.0,0,North,Completed,Customer_186,10-12-2025
100921,1921,Monitor,Electronics,28292.47,9.0,0,East,Pending,Customer_283,26-07-2025
100922,1922,Monitor,Electronics,26989.88,10.0,15,North,Completed,Customer_162,06-04-2025
100923,1923,T-Shirt,Clothing,98056.11,5.0,10,West,Cancelled,Customer_499,13-05-2025
100924,1924,Tablet,Electronics,40787.93,9.0,5,North,Returned,Customer_245,08-02-2025
100925,1925,Jeans,Clothing,15238.63,8.0,5,South,Pending,Customer_394,14-06-2025
100926,1926,Helmet,Sports,99228.66,10.0,10,West,Pending,Customer_174,25-10-2025
100927,1927,Shoes,Clothing,85609.66,7.0,15,South,Pending,Customer_313,18-03-2025
100928,1928,Stool,Furniture,9830.86,1.0,20,North,Returned,Customer_49,11-04-2026
100929,1929,Jeans,Clothing,93412.19,3.0,10,North,Completed,Customer_92,17-04-2026
100930,1930,Shirt,Clothing,97850.53,8.0,0,West,Completed,Customer_187,21-10-2025
100931,1931,Tea,Groceries,85714.4,3.0,20,East,Cancelled,Customer_43,28-02-2026
100932,1932,Badminton Racket,Sports,26356.46,1.0,5,North,Pending,Customer_437,18-04-2025
100933,1933,Shirt,Clothing,15904.76,7.0,15,North,Cancelled,Customer_239,25-04-2026
100934,1934,Badminton Racket,Sports,11000.99,3.0,15,West,Pending,Customer_206,03-12-2025
100935,1935,Tablet,Electronics,34308.11,10.0,15,North,Cancelled,Customer_233,09-02-2025
100936,1936,Football,Sports,94858.51,3.0,0,West,Completed,Customer_480,06-01-2026
100937,1937,Coffee,Groceries,21420.74,4.0,15,East,Cancelled,Customer_326,30-06-2025
100938,1938,Keyboard,Electronics,7018.98,7.0,15,West,Pending,Customer_343,23-09-2025
100939,1939,Chair,Furniture,9334.88,7.0,5,South,Cancelled,Customer_483,06-03-2026
100940,1940,Coffee,Groceries,53597.08,3.0,20,West,Completed,Customer_288,23-07-2025
100941,1941,Smartwatch,Electronics,61689.59,6.0,10,North,Pending,Customer_460,15-04-2026
100942,1942,Stool,Furniture,86443.7,2.0,10,North,Returned,Customer_483,09-05-2025
100943,1943,Oil,Groceries,3744.95,4.0,5,West,Pending,Customer_179,03-08-2025
100944,1944,Chair,Furniture,,6.0,20,North,Returned,Customer_333,12-04-2026
100945,1945,Tea,Groceries,35237.72,9.0,10,North,Pending,Customer_235,15-03-2026
100946,1946,Jeans,Clothing,55320.08,3.0,15,East,Completed,Customer_45,17-04-2025
100947,1947,Laptop,Electronics,61664.41,7.0,20,North,Returned,Customer_258,03-02-2025
100948,1948,Shirt,Clothing,21265.93,8.0,15,North,Cancelled,Customer_496,21-04-2026
100949,1949,Tea,Groceries,859.75,6.0,10,East,Cancelled,Customer_430,01-03-2026
100950,1950,Chair,Furniture,90028.71,7.0,10,East,Cancelled,Customer_88,17-03-2026
100951,1951,Shelf,Furniture,19346.77,7.0,20,West,Pending,Customer_481,04-02-2026
100952,1952,Shelf,Furniture,90426.72,9.0,5,North,Returned,Customer_432,24-09-2025
100953,1953,Football,Sports,94875.16,4.0,0,South,Completed,Customer_317,22-03-2025
100954,1954,Badminton Racket,Sports,2626.46,3.0,10,South,Pending,Customer_335,16-08-2025
100955,1955,Jeans,Clothing,53588.18,4.0,15,East,Completed,Customer_141,26-03-2025
100956,1956,Chair,Furniture,63874.82,10.0,20,North,Completed,Customer_73,17-10-2025
100957,1957,Jeans,Clothing,9368.44,8.0,5,West,Completed,Customer_252,23-01-2025
100958,1958,Oil,Groceries,48703.08,2.0,10,West,Pending,Customer_93,02-11-2025
100959,1959,Keyboard,Electronics,66000.67,10.0,10,East,Returned,Customer_315,06-01-2025
100960,1960,Bed,Furniture,92665.66,4.0,20,South,Pending,Customer_444,09-01-2026
100961,1961,Monitor,Electronics,3046.81,3.0,5,East,Cancelled,Customer_247,24-07-2025
100962,1962,Tablet,Electronics,70837.55,5.0,15,West,Pending,Customer_129,27-06-2025
100963,1963,Bed,Furniture,96190.94,2.0,10,South,Pending,Customer_489,15-05-2026
100964,1964,Coffee,Groceries,42431.36,5.0,20,West,Returned,Customer_103,28-12-2025
100965,1965,Hoodie,Clothing,81952.23,8.0,20,East,Returned,Customer_151,27-12-2025
100966,1966,Rice,Groceries,11553.53,6.0,5,North,Pending,Customer_337,16-01-2026
100967,1967,Jeans,Clothing,,2.0,10,South,Returned,Customer_291,26-11-2025
100968,1968,Table,Furniture,38620.53,10.0,20,East,Completed,Customer_294,08-03-2026
100969,1969,Sugar,Groceries,81358.11,4.0,15,North,Cancelled,Customer_216,03-05-2025
100970,1970,Camera,Electronics,17196.86,6.0,0,East,Completed,Customer_330,05-01-2025
100971,1971,Eggs,Groceries,13192.7,7.0,20,North,Cancelled,Customer_331,17-01-2025
100972,1972,Camera,Electronics,9602.47,7.0,10,West,Completed,Customer_285,17-11-2025
100973,1973,Rice,Groceries,39393.42,8.0,0,East,Completed,Customer_15,18-08-2025
100974,1974,Laptop,Electronics,13959.57,6.0,5,South,Completed,Customer_98,13-01-2026
100975,1975,Cricket Bat,Sports,93417.62,1.0,0,North,Cancelled,Customer_39,28-09-2025
100976,1976,Hoodie,Clothing,61313.79,7.0,5,West,Completed,Customer_65,23-11-2025
100977,1977,Shelf,Furniture,63726.67,2.0,15,West,Cancelled,Customer_165,10-05-2026
100978,1978,Table,Furniture,26454.82,5.0,5,South,Completed,Customer_39,22-05-2026
100979,1979,Monitor,Electronics,1411.5,4.0,15,North,Cancelled,Customer_107,25-06-2026
100980,1980,Tennis Racket,Sports,76072.75,5.0,20,North,Pending,Customer_113,08-01-2026
100981,1981,Coffee,Groceries,86799.09,9.0,0,East,Returned,Customer_85,11-11-2025
100982,1982,Gloves,Sports,10296.23,8.0,5,North,Returned,Customer_96,01-10-2025
100983,1983,Camera,Electronics,66222.36,8.0,20,North,Cancelled,Customer_221,06-08-2025
100984,1984,Shelf,Furniture,50268.82,9.0,10,North,Completed,Customer_333,27-01-2026
100985,1985,Bread,Groceries,29471.19,7.0,20,West,Returned,Customer_56,21-02-2025
100986,1986,Table,Furniture,22036.02,1.0,5,North,Completed,Customer_142,20-08-2025
100987,1987,Gloves,Sports,71610.75,7.0,10,West,Pending,Customer_88,28-07-2025
100988,1988,Hoodie,Clothing,28870.46,,5,West,Cancelled,Customer_437,02-09-2025
100989,1989,Cabinet,Furniture,68176.1,3.0,5,North,Returned,Customer_220,09-12-2025
100990,1990,Keyboard,Electronics,97439.65,2.0,0,East,Returned,Customer_299,02-01-2025
100991,1991,Bread,Groceries,47309.57,1.0,10,South,Pending,Customer_387,31-05-2025
100992,1992,Mouse,Electronics,30529.77,6.0,20,East,Returned,Customer_130,09-01-2026
100993,1993,Rice,Groceries,82792.17,5.0,20,West,Completed,Customer_139,16-06-2026
100994,1994,Keyboard,Electronics,97865.88,4.0,15,North,Pending,Customer_296,18-03-2026
100995,1995,Jeans,Clothing,74462.08,4.0,0,East,Returned,Customer_491,24-06-2026
100996,1996,Bed,Furniture,91041.7,6.0,15,East,Cancelled,Customer_98,12-02-2025
100997,1997,Helmet,Sports,70213.38,10.0,20,East,Cancelled,Customer_57,09-01-2025
100998,1998,Milk,Groceries,46685.12,3.0,20,South,Cancelled,Customer_250,23-10-2025
100999,1999,Phone,Electronics,1657.68,1.0,0,North,Returned,Customer_157,06-01-2025
101000,2000,Sugar,Groceries,66059.31,1.0,10,South,Completed,Customer_366,05-10-2025
101001,2001,Sofa,Furniture,43261.87,2.0,10,South,Returned,Customer_217,13-02-2026
101002,2002,Phone,Electronics,92027.39,10.0,10,South,Pending,Customer_129,19-05-2025
101003,2003,Bread,Groceries,30176.12,2.0,15,South,Returned,Customer_401,24-03-2026
101004,2004,Keyboard,Electronics,52704.48,6.0,10,West,Cancelled,Customer_219,23-04-2026
101005,2005,Tea,Groceries,46182.27,9.0,0,South,Cancelled,Customer_403,06-09-2025
101006,2006,Helmet,Sports,37373.8,10.0,10,North,Returned,Customer_65,17-02-2026
101007,2007,Camera,Electronics,80767.35,9.0,0,East,Completed,Customer_171,10-04-2025
101008,2008,Shoes,Clothing,48198.64,6.0,20,North,Pending,Customer_265,28-05-2025
101009,2009,Gloves,Sports,96731.12,3.0,5,East,Cancelled,Customer_369,07-01-2025
101010,2010,Bread,Groceries,11559.42,1.0,20,North,Pending,Customer_105,17-04-2025
101011,2011,Rice,Groceries,83289.37,8.0,10,West,Returned,Customer_95,29-08-2025
101012,2012,Tennis Racket,Sports,82186.48,8.0,15,South,Completed,Customer_95,26-05-2025
101013,2013,Desk,Furniture,51200.35,9.0,10,North,Returned,Customer_189,09-10-2025
101014,2014,Tea,Groceries,69795.51,2.0,5,North,Cancelled,Customer_235,04-05-2025
101015,2015,Badminton Racket,Sports,1200.86,5.0,20,West,Completed,Customer_465,30-12-2025
101016,2016,Stool,Furniture,88254.18,8.0,10,South,Cancelled,Customer_463,22-06-2026
101017,2017,Oil,Groceries,17532.24,3.0,10,West,Pending,Customer_143,07-11-2025
101018,2018,Oil,Groceries,91624.39,8.0,5,East,Pending,Customer_358,28-11-2025
101019,2019,Helmet,Sports,34874.71,10.0,0,South,Pending,Customer_50,19-04-2025
101020,2020,Coffee,Groceries,32433.57,4.0,5,North,Pending,Customer_373,29-01-2026
101021,2021,Oil,Groceries,6286.47,5.0,0,West,Cancelled,Customer_311,31-01-2025
101022,2022,Cabinet,Furniture,10855.33,8.0,20,South,Pending,Customer_130,18-05-2026
101023,2023,Eggs,Groceries,22627.1,3.0,5,North,Completed,Customer_323,09-04-2025
101024,2024,Chair,Furniture,81019.88,1.0,20,North,Cancelled,Customer_95,25-06-2026
101025,2025,Bread,Groceries,83257.05,10.0,10,South,Completed,Customer_225,14-03-2026
101026,2026,Oil,Groceries,56958.33,3.0,0,West,Pending,Customer_27,05-12-2025
101027,2027,Monitor,Electronics,82150.65,5.0,10,North,Pending,Customer_496,22-10-2025
101028,2028,Speaker,Electronics,57578.05,9.0,15,North,Completed,Customer_299,28-04-2026
101029,2029,Hoodie,Clothing,3094.81,6.0,0,South,Pending,Customer_281,04-12-2025
101030,2030,Monitor,Electronics,49406.16,10.0,0,East,Completed,Customer_487,03-03-2026
101031,2031,Gloves,Sports,61282.02,2.0,5,East,Completed,Customer_54,06-02-2025
101032,2032,Bread,Groceries,65068.66,7.0,5,North,Completed,Customer_14,20-07-2025
101033,2033,Helmet,Sports,86043.42,1.0,15,South,Returned,Customer_360,14-03-2026
101034,2034,Football,Sports,11646.76,2.0,10,East,Pending,Customer_176,24-03-2026
101035,2035,Monitor,Electronics,,10.0,20,North,Completed,Customer_448,13-09-2025
101036,2036,Mouse,Electronics,5759.79,8.0,10,South,Cancelled,Customer_67,12-02-2026
101037,2037,Oil,Groceries,65693.37,2.0,15,East,Pending,Customer_228,06-11-2025
101038,2038,Shoes,Clothing,29339.07,4.0,20,North,Completed,Customer_178,25-02-2026
101039,2039,Badminton Racket,Sports,28050.41,4.0,20,South,Cancelled,Customer_380,04-08-2025
101040,2040,Tablet,Electronics,72518.58,3.0,15,West,Completed,Customer_11,26-05-2026
101041,2041,Phone,Electronics,27868.94,7.0,0,East,Returned,Customer_254,20-01-2025
101042,2042,Tea,Groceries,44457.57,4.0,15,North,Cancelled,Customer_17,23-12-2025
101043,2043,Smartwatch,Electronics,75472.36,6.0,20,South,Completed,Customer_175,21-03-2026
101044,2044,Rice,Groceries,80758.93,9.0,10,West,Returned,Customer_294,16-06-2026
101045,2045,Jeans,Clothing,96034.47,8.0,5,North,Cancelled,Customer_410,08-10-2025
101046,2046,Monitor,Electronics,77156.79,5.0,20,East,Cancelled,Customer_138,14-09-2025
101047,2047,Cricket Bat,Sports,12518.21,10.0,5,West,Returned,Customer_9,27-03-2026
101048,2048,Camera,Electronics,3796.68,6.0,5,West,Completed,Customer_297,23-03-2025
101049,2049,Shoes,Clothing,55189.64,2.0,10,East,Returned,Customer_66,21-08-2025
101050,2050,Desk,Furniture,87136.79,1.0,5,West,Cancelled,Customer_22,22-08-2025
101051,2051,Phone,Electronics,97530.7,1.0,10,North,Pending,Customer_180,22-04-2025
101052,2052,Speaker,Electronics,44436.89,9.0,20,East,Returned,Customer_37,13-03-2026
101053,2053,Jeans,Clothing,2566.99,10.0,15,East,Returned,Customer_483,29-10-2025
101054,2054,Cricket Bat,Sports,16115.25,1.0,20,North,Completed,Customer_312,05-08-2025
101055,2055,Shoes,Clothing,71605.22,9.0,5,West,Completed,Customer_337,03-06-2025
101056,2056,Oil,Groceries,95522.42,4.0,20,West,Completed,Customer_434,25-06-2026
101057,2057,Smartwatch,Electronics,47285.68,9.0,5,East,Pending,Customer_169,06-09-2025
101058,2058,Jeans,Clothing,45636.54,2.0,15,East,Completed,Customer_181,02-06-2026
101059,2059,Tablet,Electronics,65367.66,10.0,5,South,Pending,Customer_398,22-02-2026
101060,2060,Gloves,Sports,13900.2,5.0,0,North,Returned,Customer_216,02-06-2026
101061,2061,Stool,Furniture,63299.71,4.0,0,South,Completed,Customer_215,27-09-2025
101062,2062,Gloves,Sports,93019.5,2.0,15,North,Pending,Customer_38,16-05-2025
101063,2063,Helmet,Sports,91870.44,7.0,20,South,Cancelled,Customer_61,11-12-2025
101064,2064,Shoes,Clothing,60914.87,2.0,10,West,Returned,Customer_323,06-04-2026
101065,2065,Eggs,Groceries,75790.24,3.0,20,North,Pending,Customer_459,08-01-2025
101066,2066,Helmet,Sports,37050.4,8.0,20,East,Completed,Customer_119,01-11-2025
101067,2067,Sugar,Groceries,4923.97,9.0,15,East,Cancelled,Customer_197,23-11-2025
101068,2068,Desk,Furniture,4289.25,4.0,20,East,Completed,Customer_178,19-10-2025
101069,2069,Table,Furniture,28855.53,8.0,10,East,Completed,Customer_474,26-08-2025
101070,2070,Jeans,Clothing,9688.0,9.0,0,North,Pending,Customer_4,16-05-2026
101071,2071,Tablet,Electronics,20393.78,10.0,5,West,Cancelled,Customer_471,23-04-2025
101072,2072,Camera,Electronics,88899.09,8.0,10,North,Cancelled,Customer_412,22-03-2025
101073,2073,Table,Furniture,32778.86,9.0,20,North,Cancelled,Customer_457,09-02-2025
101074,2074,Oil,Groceries,93243.56,9.0,0,North,Pending,Customer_71,21-01-2026
101075,2075,Sofa,Furniture,26602.08,3.0,15,East,Pending,Customer_102,01-04-2025
101076,2076,Gloves,Sports,74969.65,1.0,20,South,Pending,Customer_20,05-03-2026
101077,2077,Shoes,Clothing,38090.99,10.0,20,South,Cancelled,Customer_431,26-08-2025
101078,2078,Hoodie,Clothing,48557.49,7.0,10,North,Pending,Customer_58,22-10-2025
101079,2079,Coffee,Groceries,32607.16,7.0,10,North,Cancelled,Customer_357,12-02-2026
101080,2080,Stool,Furniture,84028.07,8.0,0,East,Cancelled,Customer_260,09-08-2025
101081,2081,Rice,Groceries,56269.51,6.0,15,West,Returned,Customer_205,24-09-2025
101082,2082,Phone,Electronics,48601.99,4.0,10,West,Returned,Customer_114,20-06-2025
101083,2083,Football,Sports,77977.25,2.0,10,South,Completed,Customer_487,22-01-2025
101084,2084,Oil,Groceries,78065.31,6.0,20,North,Completed,Customer_266,04-08-2025
101085,2085,Shoes,Clothing,19924.14,3.0,5,East,Pending,Customer_467,18-01-2026
101086,2086,Shirt,Clothing,21639.95,4.0,0,North,Returned,Customer_406,12-05-2026
101087,2087,Keyboard,Electronics,28380.66,1.0,5,North,Cancelled,Customer_384,07-05-2025
101088,2088,Tea,Groceries,13206.2,5.0,20,West,Completed,Customer_8,05-06-2025
101089,2089,Smartwatch,Electronics,79282.74,4.0,10,West,Completed,Customer_155,08-10-2025
101090,2090,Bread,Groceries,10057.95,10.0,0,South,Returned,Customer_288,13-10-2025
101091,2091,Eggs,Groceries,90775.81,9.0,15,West,Cancelled,Customer_391,21-04-2025
101092,2092,Bread,Groceries,57830.16,1.0,10,West,Completed,Customer_330,15-11-2025
101093,2093,Jeans,Clothing,80987.11,2.0,15,South,Completed,Customer_73,17-02-2026
101094,2094,Badminton Racket,Sports,52388.23,10.0,15,East,Returned,Customer_160,12-12-2025
101095,2095,Chair,Furniture,32212.15,10.0,10,South,Returned,Customer_280,27-05-2026
101096,2096,Hoodie,Clothing,23650.36,8.0,0,North,Returned,Customer_359,21-03-2025
101097,2097,Milk,Groceries,75712.98,3.0,5,West,Completed,Customer_20,11-03-2026
101098,2098,Milk,Groceries,62653.87,9.0,20,West,Returned,Customer_5,31-10-2025
101099,2099,Printer,Electronics,99574.86,5.0,10,South,Pending,Customer_149,20-06-2026
101100,2100,Cabinet,Furniture,51986.04,5.0,10,South,Pending,Customer_269,01-05-2026
101101,2101,Tablet,Electronics,41688.66,3.0,0,East,Pending,Customer_103,07-04-2025
101102,2102,Badminton Racket,Sports,33170.41,1.0,0,East,Pending,Customer_177,15-01-2025
101103,2103,Bed,Furniture,28490.34,7.0,20,West,Cancelled,Customer_288,27-07-2025
101104,2104,Smartwatch,Electronics,15326.94,4.0,0,South,Returned,Customer_170,11-10-2025
101105,2105,Gloves,Sports,90932.05,4.0,5,North,Pending,Customer_74,18-06-2025
101106,2106,Rice,Groceries,32401.45,1.0,15,West,Cancelled,Customer_155,28-05-2026
101107,2107,Monitor,Electronics,56058.5,7.0,10,East,Cancelled,Customer_272,22-03-2025
101108,2108,Football,Sports,95540.48,5.0,20,West,Returned,Customer_356,14-09-2025
101109,2109,Speaker,Electronics,89986.24,6.0,15,East,Returned,Customer_110,15-07-2025
101110,2110,Sugar,Groceries,17982.66,1.0,5,North,Cancelled,Customer_169,07-04-2025
101111,2111,Jacket,Clothing,50329.06,1.0,10,West,Returned,Customer_23,17-09-2025
101112,2112,Hoodie,Clothing,5816.98,10.0,15,West,Returned,Customer_89,30-04-2026
101113,2113,Cricket Bat,Sports,3915.54,1.0,5,South,Completed,Customer_215,03-05-2025
101114,2114,Camera,Electronics,63784.07,1.0,10,South,Completed,Customer_171,21-11-2025
101115,2115,Cabinet,Furniture,51682.41,7.0,0,North,Pending,Customer_423,29-05-2026
101116,2116,Bed,Furniture,8488.47,8.0,20,West,Pending,Customer_326,04-01-2025
101117,2117,Jacket,Clothing,56099.88,2.0,0,West,Completed,Customer_60,03-04-2025
101118,2118,Table,Furniture,18647.32,10.0,5,North,Pending,Customer_327,19-01-2026
101119,2119,Oil,Groceries,87732.12,4.0,5,South,Cancelled,Customer_28,24-01-2026
101120,2120,Jeans,Clothing,27968.44,10.0,5,East,Pending,Customer_91,30-10-2025
101121,2121,Hoodie,Clothing,44015.87,2.0,10,West,Pending,Customer_19,30-01-2026
101122,2122,Sofa,Furniture,99376.19,7.0,10,South,Cancelled,Customer_359,31-05-2026
101123,2123,Gloves,Sports,79450.07,2.0,5,West,Cancelled,Customer_17,29-04-2025
101124,2124,Gloves,Sports,63148.26,8.0,10,West,Completed,Customer_166,18-04-2025
101125,2125,T-Shirt,Clothing,15959.17,8.0,0,South,Cancelled,Customer_157,16-06-2025
101126,2126,Milk,Groceries,75229.31,8.0,20,West,Returned,Customer_243,07-09-2025
101127,2127,Hoodie,Clothing,37384.16,6.0,0,South,Completed,Customer_216,13-03-2026
101128,2128,Shoes,Clothing,40134.94,1.0,10,South,Pending,Customer_67,08-12-2025
101129,2129,Mouse,Electronics,30996.43,3.0,5,West,Completed,Customer_338,01-06-2025
101130,2130,Desk,Furniture,30198.11,2.0,15,North,Pending,Customer_79,19-01-2026
101131,2131,Camera,Electronics,16017.05,2.0,5,West,Returned,Customer_426,20-04-2026
101132,2132,Table,Furniture,38818.63,6.0,10,East,Returned,Customer_306,08-02-2026
101133,2133,Cricket Bat,Sports,34752.03,10.0,5,South,Cancelled,Customer_186,15-12-2025
101134,2134,Cricket Bat,Sports,61095.6,7.0,5,West,Pending,Customer_23,05-08-2025
101135,2135,Shirt,Clothing,9375.75,7.0,10,East,Returned,Customer_346,08-05-2026
101136,2136,Phone,Electronics,95855.42,7.0,20,North,Returned,Customer_413,26-03-2025
101137,2137,Hoodie,Clothing,73293.8,,10,South,Returned,Customer_352,11-04-2026
101138,2138,Camera,Electronics,65416.34,7.0,15,East,Completed,Customer_310,07-04-2026
101139,2139,Tennis Racket,Sports,78122.25,6.0,0,South,Returned,Customer_273,28-01-2026
101140,2140,Keyboard,Electronics,794.98,10.0,20,West,Returned,Customer_25,21-04-2026
101141,2141,T-Shirt,Clothing,12242.99,8.0,20,East,Cancelled,Customer_218,12-12-2025
101142,2142,T-Shirt,Clothing,54320.57,3.0,15,East,Cancelled,Customer_326,06-02-2025
101143,2143,Cricket Bat,Sports,35788.72,1.0,5,North,Completed,Customer_65,29-05-2025
101144,2144,Tea,Groceries,89282.4,6.0,5,West,Completed,Customer_40,01-12-2025
101145,2145,T-Shirt,Clothing,14760.37,2.0,0,East,Cancelled,Customer_217,15-02-2026
101146,2146,Keyboard,Electronics,95040.85,5.0,0,West,Completed,Customer_407,16-07-2025
101147,2147,Tennis Racket,Sports,99492.35,10.0,5,North,Cancelled,Customer_294,30-04-2026
101148,2148,Shelf,Furniture,27551.2,3.0,20,West,Pending,Customer_348,19-10-2025
101149,2149,T-Shirt,Clothing,40777.56,1.0,10,East,Returned,Customer_307,22-11-2025
101150,2150,Monitor,Electronics,22559.99,6.0,20,West,Returned,Customer_326,03-12-2025
101151,2151,Badminton Racket,Sports,,9.0,10,West,Pending,Customer_237,26-05-2026
101152,2152,Desk,Furniture,67331.3,5.0,20,North,Returned,Customer_288,20-12-2025
101153,2153,Monitor,Electronics,74826.29,9.0,10,West,Returned,Customer_16,09-06-2025
101154,2154,Helmet,Sports,16756.76,6.0,0,East,Returned,Customer_121,20-01-2026
101155,2155,Football,Sports,37905.04,2.0,0,East,Pending,Customer_443,12-06-2025
101156,2156,Tea,Groceries,35267.26,4.0,10,East,Completed,Customer_341,22-11-2025
101157,2157,Helmet,Sports,53297.59,4.0,15,East,Returned,Customer_81,01-07-2025
101158,2158,Eggs,Groceries,433.4,6.0,0,West,Returned,Customer_499,05-03-2026
101159,2159,Bread,Groceries,63678.05,10.0,20,North,Returned,Customer_485,24-01-2025
101160,2160,Shoes,Clothing,25069.08,10.0,10,North,Returned,Customer_283,08-06-2026
101161,2161,Desk,Furniture,45831.11,4.0,5,East,Pending,Customer_151,08-03-2025
101162,2162,Monitor,Electronics,57802.46,8.0,5,South,Returned,Customer_257,24-04-2025
101163,2163,Tennis Racket,Sports,87221.34,3.0,0,North,Completed,Customer_350,21-02-2026
101164,2164,Badminton Racket,Sports,86230.68,2.0,20,North,Completed,Customer_225,08-05-2026
101165,2165,Phone,Electronics,81185.07,1.0,20,West,Returned,Customer_404,08-05-2025
101166,2166,Keyboard,Electronics,84722.33,10.0,5,East,Returned,Customer_337,14-12-2025
101167,2167,Sofa,Furniture,79575.75,4.0,0,West,Returned,Customer_386,08-09-2025
101168,2168,Jacket,Clothing,29599.68,8.0,10,East,Completed,Customer_390,24-05-2025
101169,2169,Bed,Furniture,2691.45,6.0,10,South,Cancelled,Customer_244,27-03-2026
101170,2170,Jeans,Clothing,74398.94,3.0,15,East,Pending,Customer_15,05-08-2025
101171,2171,Tennis Racket,Sports,14921.5,1.0,20,West,Returned,Customer_317,24-06-2025
101172,2172,Hoodie,Clothing,15672.1,9.0,15,South,Returned,Customer_90,11-05-2026
101173,2173,Rice,Groceries,66907.61,2.0,5,South,Cancelled,Customer_312,03-05-2025
101174,2174,Cabinet,Furniture,49929.15,10.0,20,South,Pending,Customer_187,03-02-2025
101175,2175,Oil,Groceries,95207.62,9.0,20,North,Completed,Customer_229,20-06-2026
101176,2176,Sofa,Furniture,25681.6,3.0,5,South,Returned,Customer_91,11-02-2025
101177,2177,Tennis Racket,Sports,55242.37,2.0,0,South,Cancelled,Customer_32,01-08-2025
101178,2178,Sofa,Furniture,58609.17,10.0,0,East,Completed,Customer_101,05-05-2026
101179,2179,Camera,Electronics,8430.28,4.0,20,West,Cancelled,Customer_292,10-01-2025
101180,2180,Badminton Racket,Sports,86127.8,2.0,5,West,Completed,Customer_129,21-02-2026
101181,2181,Tennis Racket,Sports,49311.25,3.0,10,East,Cancelled,Customer_445,12-09-2025
101182,2182,Jacket,Clothing,67816.47,9.0,5,West,Completed,Customer_164,06-06-2026
101183,2183,Coffee,Groceries,16396.77,2.0,0,West,Cancelled,Customer_327,07-07-2025
101184,2184,Table,Furniture,76308.98,4.0,20,West,Completed,Customer_351,04-11-2025
101185,2185,Football,Sports,57143.74,3.0,15,South,Pending,Customer_313,10-06-2025
101186,2186,Shoes,Clothing,98117.33,10.0,10,South,Cancelled,Customer_242,07-11-2025
101187,2187,Jeans,Clothing,30692.62,6.0,10,West,Returned,Customer_391,04-03-2026
101188,2188,Printer,Electronics,5625.21,7.0,15,East,Completed,Customer_420,27-07-2025
101189,2189,Bed,Furniture,29550.21,6.0,15,East,Pending,Customer_409,09-08-2025
101190,2190,Helmet,Sports,44066.3,5.0,10,West,Returned,Customer_488,17-02-2025
101191,2191,Coffee,Groceries,25059.63,10.0,0,East,Cancelled,Customer_276,14-01-2026
101192,2192,Eggs,Groceries,11191.98,3.0,15,South,Pending,Customer_302,03-11-2025
101193,2193,Football,Sports,56227.45,8.0,10,East,Completed,Customer_72,11-03-2025
101194,2194,Jacket,Clothing,90519.84,8.0,10,West,Pending,Customer_236,06-01-2026
101195,2195,Jeans,Clothing,67799.11,5.0,0,South,Completed,Customer_329,25-02-2026
101196,2196,Tea,Groceries,80625.87,1.0,20,East,Completed,Customer_290,24-03-2026
101197,2197,Speaker,Electronics,87320.78,6.0,20,East,Completed,Customer_377,19-03-2025
101198,2198,Cricket Bat,Sports,97425.33,2.0,0,West,Pending,Customer_385,16-03-2025
101199,2199,Eggs,Groceries,46624.95,3.0,20,East,Returned,Customer_271,19-03-2026
101200,2200,Printer,Electronics,57516.31,1.0,0,South,Cancelled,Customer_219,04-06-2025
101201,2201,Jeans,Clothing,58479.21,6.0,5,East,Pending,Customer_97,01-06-2025
101202,2202,Bed,Furniture,18240.51,1.0,0,South,Cancelled,Customer_489,12-03-2025
101203,2203,Jacket,Clothing,92853.7,4.0,10,South,Pending,Customer_396,30-12-2025
101204,2204,Keyboard,Electronics,87776.0,8.0,0,West,Pending,Customer_195,20-02-2025
101205,2205,Coffee,Groceries,39977.9,4.0,0,North,Pending,Customer_260,13-06-2026
101206,2206,Keyboard,Electronics,75684.98,2.0,10,East,Returned,Customer_98,04-08-2025
101207,2207,Speaker,Electronics,36049.86,5.0,0,North,Returned,Customer_412,07-03-2026
101208,2208,Oil,Groceries,35532.64,5.0,10,South,Completed,Customer_334,04-02-2026
101209,2209,Rice,Groceries,95135.78,5.0,0,South,Pending,Customer_91,10-01-2025
101210,2210,Desk,Furniture,14108.01,8.0,5,East,Cancelled,Customer_317,01-03-2026
101211,2211,Shelf,Furniture,17324.76,9.0,5,East,Completed,Customer_403,16-06-2025
101212,2212,Camera,Electronics,20487.28,7.0,10,East,Completed,Customer_402,27-01-2025
101213,2213,T-Shirt,Clothing,88893.16,1.0,15,North,Returned,Customer_391,22-06-2026
101214,2214,Desk,Furniture,10101.51,6.0,0,North,Returned,Customer_238,02-03-2026
101215,2215,Badminton Racket,Sports,13527.1,,15,West,Cancelled,Customer_66,27-11-2025
101216,2216,Tennis Racket,Sports,95694.84,2.0,20,South,Pending,Customer_113,12-06-2026
101217,2217,Desk,Furniture,22632.63,2.0,10,North,Pending,Customer_116,14-09-2025
101218,2218,Bed,Furniture,32929.71,8.0,20,East,Pending,Customer_168,09-03-2026
101219,2219,Hoodie,Clothing,14607.58,1.0,0,South,Pending,Customer_8,27-05-2025
101220,2220,Monitor,Electronics,,6.0,10,South,Returned,Customer_232,08-08-2025
101221,2221,Eggs,Groceries,54633.35,2.0,20,East,Cancelled,Customer_457,10-07-2025
101222,2222,Jacket,Clothing,80718.15,8.0,0,East,Cancelled,Customer_33,10-01-2026
101223,2223,Rice,Groceries,96478.88,3.0,0,North,Cancelled,Customer_65,22-12-2025
101224,2224,Shirt,Clothing,43672.79,2.0,5,West,Pending,Customer_73,16-08-2025
101225,2225,Monitor,Electronics,73367.89,6.0,20,North,Cancelled,Customer_277,24-08-2025
101226,2226,Football,Sports,37509.76,2.0,20,South,Pending,Customer_277,11-03-2026
101227,2227,Bed,Furniture,4986.33,7.0,15,West,Returned,Customer_165,20-05-2025
101228,2228,T-Shirt,Clothing,7579.56,9.0,20,North,Completed,Customer_387,25-02-2026
101229,2229,Desk,Furniture,48145.12,3.0,5,West,Pending,Customer_331,06-03-2026
101230,2230,Bread,Groceries,24932.47,6.0,10,South,Returned,Customer_64,05-06-2025
101231,2231,Stool,Furniture,14326.6,,0,East,Completed,Customer_396,28-04-2026
101232,2232,Stool,Furniture,29952.34,2.0,5,North,Cancelled,Customer_449,06-10-2025
101233,2233,Printer,Electronics,83813.95,5.0,20,South,Returned,Customer_389,26-10-2025
101234,2234,Table,Furniture,8948.44,10.0,5,West,Returned,Customer_216,28-02-2025
101235,2235,Phone,Electronics,84248.27,5.0,10,West,Cancelled,Customer_183,27-03-2025
101236,2236,Mouse,Electronics,71338.25,8.0,20,West,Cancelled,Customer_54,15-05-2026
101237,2237,Helmet,Sports,83757.46,7.0,15,North,Completed,Customer_303,11-04-2025
101238,2238,Cricket Bat,Sports,11835.59,4.0,20,West,Returned,Customer_368,10-02-2025
101239,2239,Hoodie,Clothing,78834.82,8.0,15,West,Completed,Customer_111,05-07-2025
101240,2240,Tablet,Electronics,9970.54,7.0,10,East,Cancelled,Customer_181,12-09-2025
101241,2241,Shirt,Clothing,78392.61,6.0,10,South,Pending,Customer_286,26-11-2025
101242,2242,Sugar,Groceries,78118.73,3.0,10,East,Pending,Customer_163,10-11-2025
101243,2243,Mouse,Electronics,63981.23,6.0,15,South,Cancelled,Customer_439,13-05-2026
101244,2244,Jacket,Clothing,80609.16,6.0,10,North,Completed,Customer_98,14-11-2025
101245,2245,Gloves,Sports,64266.54,5.0,15,North,Pending,Customer_48,03-04-2025
101246,2246,Gloves,Sports,40523.25,5.0,10,West,Pending,Customer_472,30-01-2026
101247,2247,Phone,Electronics,61380.66,2.0,0,South,Pending,Customer_342,08-10-2025
101248,2248,Camera,Electronics,22524.41,4.0,5,South,Completed,Customer_152,07-09-2025
101249,2249,Smartwatch,Electronics,48379.0,8.0,20,South,Returned,Customer_96,16-06-2026
101250,2250,Badminton Racket,Sports,62762.79,7.0,10,East,Returned,Customer_190,09-01-2026
101251,2251,Cabinet,Furniture,54082.87,2.0,5,South,Completed,Customer_470,04-06-2026
101252,2252,Sugar,Groceries,10570.28,10.0,20,South,Returned,Customer_138,24-02-2025
101253,2253,Coffee,Groceries,49763.58,7.0,0,West,Completed,Customer_459,22-12-2025
101254,2254,Milk,Groceries,6471.31,6.0,20,East,Completed,Customer_366,18-05-2026
101255,2255,Milk,Groceries,98622.04,4.0,10,East,Pending,Customer_292,05-06-2026
101256,2256,Milk,Groceries,76653.39,,20,North,Cancelled,Customer_301,03-05-2025
101257,2257,Smartwatch,Electronics,6456.51,7.0,5,South,Pending,Customer_16,22-05-2026
101258,2258,Tablet,Electronics,9001.66,7.0,15,West,Returned,Customer_357,01-05-2026
101259,2259,Cabinet,Furniture,18380.66,5.0,10,West,Completed,Customer_95,24-09-2025
101260,2260,Bread,Groceries,22741.36,2.0,20,East,Completed,Customer_451,04-03-2025
101261,2261,Cricket Bat,Sports,68302.74,2.0,20,North,Completed,Customer_168,29-01-2026
101262,2262,T-Shirt,Clothing,80023.81,10.0,5,South,Returned,Customer_94,12-08-2025
101263,2263,T-Shirt,Clothing,87222.5,3.0,15,South,Pending,Customer_417,01-04-2026
101264,2264,Smartwatch,Electronics,3973.55,9.0,0,East,Cancelled,Customer_56,24-12-2025
101265,2265,Desk,Furniture,90033.04,8.0,20,East,Returned,Customer_476,03-02-2026
101266,2266,Oil,Groceries,66903.64,2.0,5,West,Pending,Customer_407,18-02-2026
101267,2267,Tablet,Electronics,5956.56,8.0,20,North,Completed,Customer_340,25-11-2025
101268,2268,Helmet,Sports,57551.17,9.0,5,East,Cancelled,Customer_70,04-04-2026
101269,2269,Bed,Furniture,94430.3,7.0,15,North,Returned,Customer_54,26-11-2025
101270,2270,Badminton Racket,Sports,61005.36,5.0,10,North,Completed,Customer_97,02-04-2025
101271,2271,Shoes,Clothing,74810.35,10.0,0,North,Completed,Customer_495,07-11-2025
101272,2272,Bread,Groceries,35241.38,9.0,15,South,Cancelled,Customer_349,15-02-2025
101273,2273,Table,Furniture,45777.65,3.0,0,South,Returned,Customer_106,16-01-2025
101274,2274,Printer,Electronics,20682.38,,5,East,Pending,Customer_200,22-08-2025
101275,2275,Shirt,Clothing,4571.2,3.0,10,West,Cancelled,Customer_105,07-10-2025
101276,2276,Rice,Groceries,41647.15,7.0,5,West,Cancelled,Customer_308,11-01-2025
101277,2277,Rice,Groceries,69630.58,8.0,0,North,Completed,Customer_82,16-05-2026
101278,2278,Keyboard,Electronics,53740.28,3.0,15,East,Cancelled,Customer_146,25-09-2025
101279,2279,Mouse,Electronics,39551.13,4.0,15,South,Pending,Customer_266,06-02-2025
101280,2280,Coffee,Groceries,11023.46,4.0,0,North,Pending,Customer_224,15-01-2026
101281,2281,Milk,Groceries,44258.18,1.0,5,South,Cancelled,Customer_23,15-01-2025
101282,2282,Cabinet,Furniture,85962.81,5.0,5,North,Returned,Customer_195,06-06-2025
101283,2283,Shoes,Clothing,6458.57,3.0,15,North,Returned,Customer_36,09-09-2025
101284,2284,Helmet,Sports,28851.87,3.0,0,North,Completed,Customer_210,15-06-2026
101285,2285,Cricket Bat,Sports,61896.76,3.0,0,South,Completed,Customer_351,28-08-2025
101286,2286,Printer,Electronics,441.75,1.0,0,South,Completed,Customer_289,17-03-2025
101287,2287,Camera,Electronics,93727.37,7.0,15,South,Returned,Customer_314,14-09-2025
101288,2288,Hoodie,Clothing,45552.93,3.0,5,South,Cancelled,Customer_327,28-06-2025
101289,2289,Eggs,Groceries,88205.56,6.0,10,South,Completed,Customer_236,25-02-2026
101290,2290,Football,Sports,98750.19,3.0,15,West,Returned,Customer_236,09-04-2026
101291,2291,Tea,Groceries,46405.36,6.0,20,South,Pending,Customer_112,15-07-2025
101292,2292,Football,Sports,94805.7,10.0,15,East,Cancelled,Customer_110,07-02-2026
101293,2293,Stool,Furniture,10954.15,8.0,20,West,Completed,Customer_103,11-08-2025
101294,2294,Shoes,Clothing,89003.47,7.0,15,North,Pending,Customer_198,26-06-2025
101295,2295,Hoodie,Clothing,68094.95,3.0,5,South,Returned,Customer_163,25-04-2026
101296,2296,Desk,Furniture,76285.76,8.0,20,North,Completed,Customer_403,08-03-2025
101297,2297,Laptop,Electronics,966.0,1.0,10,South,Pending,Customer_491,07-08-2025
101298,2298,T-Shirt,Clothing,36357.71,6.0,15,East,Pending,Customer_149,07-11-2025
101299,2299,Speaker,Electronics,16065.26,3.0,20,West,Pending,Customer_288,26-04-2026
101300,2300,Hoodie,Clothing,84814.67,4.0,5,West,Completed,Customer_387,10-02-2025
101301,2301,Shelf,Furniture,47334.03,,10,West,Pending,Customer_230,21-01-2025
101302,2302,Sugar,Groceries,88571.83,2.0,5,East,Returned,Customer_470,03-06-2025
101303,2303,Monitor,Electronics,96161.35,6.0,0,East,Returned,Customer_9,04-03-2026
101304,2304,Cabinet,Furniture,85140.16,4.0,0,West,Cancelled,Customer_464,20-06-2025
101305,2305,Monitor,Electronics,70081.44,5.0,0,East,Returned,Customer_338,24-03-2025
101306,2306,Shoes,Clothing,,10.0,10,West,Pending,Customer_464,27-04-2026
101307,2307,Tea,Groceries,3694.72,5.0,20,West,Returned,Customer_363,17-12-2025
101308,2308,Cabinet,Furniture,71939.8,9.0,0,West,Completed,Customer_413,23-11-2025
101309,2309,Cricket Bat,Sports,2398.45,3.0,0,South,Cancelled,Customer_34,07-06-2025
101310,2310,Football,Sports,,,10,North,Pending,Customer_299,17-04-2026
101311,2311,Hoodie,Clothing,10672.69,2.0,0,South,Completed,Customer_368,04-04-2025
101312,2312,Printer,Electronics,79180.11,4.0,15,East,Pending,Customer_244,22-07-2025
101313,2313,Milk,Groceries,46974.12,10.0,5,North,Completed,Customer_91,22-07-2025
101314,2314,Jeans,Clothing,87829.85,10.0,0,South,Pending,Customer_435,26-11-2025
101315,2315,Desk,Furniture,39527.33,10.0,10,South,Returned,Customer_129,20-12-2025
101316,2316,Chair,Furniture,65518.73,5.0,0,North,Returned,Customer_177,03-03-2025
101317,2317,Badminton Racket,Sports,,8.0,0,East,Cancelled,Customer_358,09-03-2025
101318,2318,Tennis Racket,Sports,72742.18,6.0,15,East,Returned,Customer_154,16-05-2026
101319,2319,Shoes,Clothing,99909.83,4.0,10,West,Returned,Customer_451,18-04-2026
101320,2320,Shirt,Clothing,46416.02,8.0,15,West,Completed,Customer_448,23-05-2025
101321,2321,Shirt,Clothing,98977.24,,5,South,Pending,Customer_112,08-04-2025
101322,2322,Printer,Electronics,47281.59,5.0,15,South,Cancelled,Customer_425,12-10-2025
101323,2323,Sofa,Furniture,48704.82,8.0,5,West,Completed,Customer_181,19-04-2025
101324,2324,Tablet,Electronics,70631.81,10.0,15,South,Returned,Customer_252,14-01-2025
101325,2325,Hoodie,Clothing,15944.38,5.0,0,South,Cancelled,Customer_175,18-01-2026
101326,2326,Cabinet,Furniture,56576.24,8.0,15,South,Pending,Customer_484,01-12-2025
101327,2327,Cabinet,Furniture,63423.76,8.0,20,East,Pending,Customer_462,11-05-2025
101328,2328,Hoodie,Clothing,57270.27,4.0,5,West,Returned,Customer_456,20-01-2025
101329,2329,Shoes,Clothing,88084.74,7.0,0,West,Returned,Customer_309,30-09-2025
101330,2330,Camera,Electronics,39018.69,4.0,5,East,Completed,Customer_243,10-09-2025
101331,2331,Chair,Furniture,32788.72,10.0,10,East,Returned,Customer_161,24-07-2025
101332,2332,Table,Furniture,29632.4,1.0,20,East,Pending,Customer_405,21-01-2026
101333,2333,Rice,Groceries,29887.88,4.0,15,North,Cancelled,Customer_239,01-06-2025
101334,2334,Tea,Groceries,55570.91,10.0,10,West,Cancelled,Customer_102,10-04-2026
101335,2335,Jeans,Clothing,58689.39,6.0,10,West,Cancelled,Customer_73,19-11-2025
101336,2336,Rice,Groceries,62926.14,6.0,0,East,Cancelled,Customer_290,10-02-2025
101337,2337,Cricket Bat,Sports,72305.39,3.0,5,South,Completed,Customer_268,17-06-2025
101338,2338,Table,Furniture,75490.49,6.0,0,West,Returned,Customer_280,05-03-2025
101339,2339,Badminton Racket,Sports,64217.69,7.0,0,South,Returned,Customer_82,29-04-2025
101340,2340,Jeans,Clothing,24002.61,9.0,5,West,Completed,Customer_22,13-08-2025
101341,2341,Desk,Furniture,95446.66,3.0,15,North,Cancelled,Customer_253,25-01-2025
101342,2342,Oil,Groceries,4108.99,10.0,15,North,Cancelled,Customer_360,24-03-2025
101343,2343,Tennis Racket,Sports,50963.95,3.0,0,East,Cancelled,Customer_285,19-01-2026
101344,2344,Badminton Racket,Sports,16070.35,4.0,5,East,Cancelled,Customer_202,03-05-2025
101345,2345,Shirt,Clothing,2978.87,10.0,15,South,Pending,Customer_58,12-02-2025
101346,2346,Oil,Groceries,74307.06,4.0,10,South,Cancelled,Customer_185,20-04-2026
101347,2347,Monitor,Electronics,56727.97,5.0,0,South,Pending,Customer_441,08-12-2025
101348,2348,Stool,Furniture,94684.83,7.0,15,South,Returned,Customer_246,20-10-2025
101349,2349,Table,Furniture,61675.39,1.0,0,East,Completed,Customer_156,01-04-2026
101350,2350,Milk,Groceries,9813.54,6.0,15,East,Completed,Customer_144,04-03-2026
101351,2351,Phone,Electronics,77067.32,2.0,5,North,Completed,Customer_451,03-05-2026
101352,2352,Chair,Furniture,11347.42,4.0,20,East,Cancelled,Customer_12,07-05-2026
101353,2353,Keyboard,Electronics,21626.01,7.0,15,West,Returned,Customer_212,29-06-2025
101354,2354,Smartwatch,Electronics,89751.07,2.0,10,West,Pending,Customer_411,01-10-2025
101355,2355,Phone,Electronics,96322.64,4.0,0,North,Returned,Customer_287,16-05-2026
101356,2356,Chair,Furniture,28723.06,2.0,15,South,Cancelled,Customer_338,16-01-2026
101357,2357,Helmet,Sports,14655.0,6.0,10,West,Cancelled,Customer_393,27-10-2025
101358,2358,Stool,Furniture,67603.5,7.0,20,East,Pending,Customer_171,03-01-2026
101359,2359,Coffee,Groceries,75394.96,3.0,5,East,Pending,Customer_436,23-05-2025
101360,2360,Shelf,Furniture,8266.17,7.0,20,North,Completed,Customer_295,05-01-2025
101361,2361,Shoes,Clothing,66497.23,3.0,10,West,Completed,Customer_167,18-01-2026
101362,2362,Badminton Racket,Sports,52359.79,7.0,15,North,Pending,Customer_328,10-04-2026
101363,2363,Sofa,Furniture,71648.57,9.0,0,East,Pending,Customer_387,20-02-2026
101364,2364,Jeans,Clothing,54242.49,2.0,0,North,Cancelled,Customer_62,01-08-2025
101365,2365,Table,Furniture,6795.48,8.0,10,West,Completed,Customer_358,04-11-2025
101366,2366,Shirt,Clothing,37554.1,5.0,15,North,Returned,Customer_17,27-05-2026
101367,2367,Jacket,Clothing,3200.93,8.0,20,North,Returned,Customer_353,26-12-2025
101368,2368,Rice,Groceries,38058.73,8.0,10,North,Completed,Customer_126,07-04-2025
101369,2369,Tea,Groceries,74930.32,4.0,10,East,Returned,Customer_111,25-02-2026
101370,2370,Laptop,Electronics,68414.0,10.0,20,West,Completed,Customer_258,05-07-2025
101371,2371,Eggs,Groceries,69743.39,7.0,0,East,Completed,Customer_358,14-06-2026
101372,2372,Milk,Groceries,90235.95,5.0,20,East,Returned,Customer_57,08-06-2025
101373,2373,Monitor,Electronics,,4.0,5,West,Completed,Customer_155,07-07-2025
101374,2374,Cabinet,Furniture,86570.0,10.0,15,North,Completed,Customer_85,23-05-2025
101375,2375,Chair,Furniture,43865.92,6.0,20,East,Completed,Customer_215,01-05-2026
101376,2376,Phone,Electronics,43685.48,7.0,10,West,Returned,Customer_260,07-09-2025
101377,2377,Table,Furniture,2508.52,2.0,15,East,Cancelled,Customer_245,10-03-2025
101378,2378,Shelf,Furniture,11673.4,1.0,5,West,Completed,Customer_191,03-03-2025
101379,2379,Cricket Bat,Sports,11363.98,,5,East,Pending,Customer_441,07-05-2026
101380,2380,Sofa,Furniture,66437.23,8.0,15,North,Pending,Customer_342,11-05-2025
101381,2381,Football,Sports,86132.43,2.0,0,South,Pending,Customer_321,28-02-2026
101382,2382,Jeans,Clothing,82814.77,7.0,10,West,Completed,Customer_99,18-01-2026
101383,2383,Coffee,Groceries,60683.01,4.0,20,West,Pending,Customer_124,18-06-2026
101384,2384,Shirt,Clothing,77332.61,7.0,20,North,Pending,Customer_396,10-02-2025
101385,2385,Jacket,Clothing,39387.41,8.0,10,East,Cancelled,Customer_471,12-11-2025
101386,2386,Coffee,Groceries,38670.78,10.0,20,South,Returned,Customer_173,04-04-2025
101387,2387,Sugar,Groceries,53320.64,10.0,10,East,Cancelled,Customer_305,10-06-2026
101388,2388,Cabinet,Furniture,92689.3,6.0,10,East,Pending,Customer_423,10-12-2025
101389,2389,Gloves,Sports,41212.77,5.0,5,South,Cancelled,Customer_98,06-01-2026
101390,2390,Helmet,Sports,32182.13,8.0,10,South,Pending,Customer_307,12-12-2025
101391,2391,Stool,Furniture,37562.36,7.0,20,West,Cancelled,Customer_75,18-09-2025
101392,2392,Cricket Bat,Sports,25328.32,7.0,0,North,Pending,Customer_416,18-09-2025
101393,2393,Coffee,Groceries,93481.63,9.0,20,West,Pending,Customer_137,22-02-2025
101394,2394,Coffee,Groceries,59567.65,8.0,5,South,Completed,Customer_186,25-02-2025
101395,2395,Mouse,Electronics,27807.87,9.0,0,West,Pending,Customer_21,03-03-2025
101396,2396,Mouse,Electronics,33826.83,10.0,5,South,Pending,Customer_317,01-10-2025
101397,2397,Tennis Racket,Sports,84092.72,3.0,5,South,Returned,Customer_105,18-01-2025
101398,2398,Table,Furniture,57166.9,10.0,15,North,Completed,Customer_127,21-02-2026
101399,2399,Sofa,Furniture,46004.71,3.0,10,North,Completed,Customer_123,12-11-2025
101400,2400,Tea,Groceries,44671.9,4.0,15,West,Pending,Customer_379,29-01-2026
101401,2401,Badminton Racket,Sports,2400.36,5.0,15,East,Cancelled,Customer_11,27-05-2026
101402,2402,Helmet,Sports,38851.28,8.0,0,West,Pending,Customer_404,18-02-2026
101403,2403,Sofa,Furniture,31489.76,7.0,5,West,Returned,Customer_492,25-01-2025
101404,2404,Football,Sports,64583.18,2.0,15,East,Cancelled,Customer_196,21-01-2025
101405,2405,Tea,Groceries,72445.43,7.0,5,East,Cancelled,Customer_467,24-09-2025
101406,2406,Milk,Groceries,16937.31,10.0,5,North,Returned,Customer_187,19-02-2025
101407,2407,Table,Furniture,70739.74,3.0,0,East,Completed,Customer_269,19-09-2025
101408,2408,Milk,Groceries,29385.97,7.0,5,West,Cancelled,Customer_86,18-06-2026
101409,2409,Monitor,Electronics,87193.83,10.0,5,East,Returned,Customer_483,10-03-2026
101410,2410,Sofa,Furniture,1816.46,4.0,0,East,Pending,Customer_274,08-05-2025
101411,2411,Sugar,Groceries,72348.53,3.0,0,East,Pending,Customer_393,06-10-2025
101412,2412,Cricket Bat,Sports,50141.22,1.0,15,South,Pending,Customer_124,12-01-2026
101413,2413,Tennis Racket,Sports,46294.28,8.0,5,South,Completed,Customer_35,22-01-2026
101414,2414,Chair,Furniture,28791.53,9.0,15,West,Returned,Customer_493,17-06-2026
101415,2415,Shoes,Clothing,57789.44,7.0,15,South,Returned,Customer_65,07-02-2025
101416,2416,Table,Furniture,60019.84,6.0,15,West,Returned,Customer_154,18-01-2026
101417,2417,Tablet,Electronics,48773.44,1.0,5,West,Pending,Customer_333,06-11-2025
101418,2418,Bread,Groceries,14317.3,4.0,15,West,Returned,Customer_191,29-07-2025
101419,2419,Milk,Groceries,41638.42,1.0,0,East,Cancelled,Customer_28,25-12-2025
101420,2420,Tea,Groceries,88715.95,7.0,20,West,Completed,Customer_479,06-05-2026
101421,2421,Tablet,Electronics,33212.09,5.0,0,South,Cancelled,Customer_31,26-01-2025
101422,2422,Football,Sports,63104.38,6.0,20,West,Cancelled,Customer_319,01-12-2025
101423,2423,Jacket,Clothing,5186.54,9.0,15,West,Completed,Customer_342,03-06-2026
101424,2424,Keyboard,Electronics,93301.46,7.0,10,South,Pending,Customer_391,21-07-2025
101425,2425,Smartwatch,Electronics,38450.56,7.0,0,South,Pending,Customer_215,18-07-2025
101426,2426,Milk,Groceries,42748.46,10.0,0,North,Pending,Customer_440,08-02-2025
101427,2427,Hoodie,Clothing,48318.19,2.0,5,West,Completed,Customer_41,16-04-2026
101428,2428,Shoes,Clothing,72819.4,6.0,10,East,Cancelled,Customer_270,09-06-2025
101429,2429,Helmet,Sports,68291.88,10.0,0,West,Returned,Customer_140,03-12-2025
101430,2430,Tennis Racket,Sports,49937.55,7.0,10,North,Pending,Customer_285,17-08-2025
101431,2431,Sofa,Furniture,46488.32,3.0,20,East,Returned,Customer_381,14-02-2026
101432,2432,Sugar,Groceries,29978.54,4.0,0,East,Completed,Customer_224,20-02-2026
101433,2433,Milk,Groceries,41480.87,1.0,10,South,Returned,Customer_451,19-05-2026
101434,2434,Bread,Groceries,40591.24,4.0,5,East,Pending,Customer_307,01-12-2025
101435,2435,Badminton Racket,Sports,85334.54,2.0,0,South,Returned,Customer_253,05-04-2025
101436,2436,Chair,Furniture,308.52,3.0,10,East,Completed,Customer_21,19-06-2025
101437,2437,Jacket,Clothing,10087.13,10.0,0,South,Pending,Customer_460,05-02-2026
101438,2438,Oil,Groceries,26806.3,5.0,20,East,Pending,Customer_34,19-04-2026
101439,2439,Tennis Racket,Sports,15823.66,9.0,10,North,Returned,Customer_437,13-12-2025
101440,2440,Stool,Furniture,81046.05,6.0,15,West,Pending,Customer_407,13-11-2025
101441,2441,Jeans,Clothing,24144.06,3.0,0,North,Pending,Customer_56,05-04-2026
101442,2442,Desk,Furniture,72304.7,5.0,20,South,Returned,Customer_223,24-02-2026
101443,2443,Speaker,Electronics,72965.11,5.0,15,North,Cancelled,Customer_81,05-02-2026
101444,2444,Cabinet,Furniture,6698.93,1.0,15,South,Returned,Customer_238,12-02-2026
101445,2445,Shirt,Clothing,13377.04,6.0,10,South,Completed,Customer_446,18-06-2025
101446,2446,Shirt,Clothing,9412.31,6.0,5,West,Cancelled,Customer_465,27-07-2025
101447,2447,Shelf,Furniture,3941.06,1.0,20,East,Cancelled,Customer_2,18-04-2025
101448,2448,Bread,Groceries,21185.07,6.0,20,East,Returned,Customer_456,21-07-2025
101449,2449,Rice,Groceries,45549.75,10.0,15,North,Cancelled,Customer_171,19-01-2025
101450,2450,Oil,Groceries,47504.31,7.0,20,South,Cancelled,Customer_428,17-08-2025
101451,2451,Eggs,Groceries,30098.22,1.0,20,East,Returned,Customer_136,05-01-2025
101452,2452,Football,Sports,4150.36,,0,North,Cancelled,Customer_275,03-03-2026
101453,2453,Speaker,Electronics,86867.74,5.0,15,South,Cancelled,Customer_400,29-04-2025
101454,2454,Shelf,Furniture,56119.4,6.0,0,West,Completed,Customer_169,09-09-2025
101455,2455,Rice,Groceries,10036.05,5.0,10,West,Pending,Customer_464,13-03-2026
101456,2456,Desk,Furniture,36206.82,5.0,20,North,Completed,Customer_80,05-05-2025
101457,2457,Monitor,Electronics,6691.63,5.0,15,East,Completed,Customer_257,22-04-2026
101458,2458,Cricket Bat,Sports,48176.06,10.0,0,East,Pending,Customer_199,13-07-2025
101459,2459,Tennis Racket,Sports,72558.99,10.0,0,North,Pending,Customer_75,17-12-2025
101460,2460,Sofa,Furniture,47921.17,6.0,15,North,Returned,Customer_109,21-06-2025
101461,2461,Stool,Furniture,77368.99,2.0,15,West,Returned,Customer_165,13-01-2026
101462,2462,Chair,Furniture,,4.0,10,East,Returned,Customer_384,08-01-2025
101463,2463,Shirt,Clothing,8614.0,2.0,0,South,Returned,Customer_254,15-12-2025
101464,2464,Smartwatch,Electronics,81101.85,6.0,15,East,Completed,Customer_440,20-04-2025
101465,2465,Phone,Electronics,66515.88,3.0,5,East,Cancelled,Customer_436,26-02-2026
101466,2466,Speaker,Electronics,36442.15,8.0,0,North,Cancelled,Customer_168,09-07-2025
101467,2467,Keyboard,Electronics,93147.89,10.0,0,North,Cancelled,Customer_394,08-12-2025
101468,2468,T-Shirt,Clothing,18343.63,4.0,0,East,Cancelled,Customer_431,23-03-2025
101469,2469,Helmet,Sports,87043.01,9.0,10,North,Returned,Customer_386,11-02-2025
101470,2470,Shirt,Clothing,9387.45,6.0,0,North,Completed,Customer_55,04-05-2026
101471,2471,Camera,Electronics,80969.11,7.0,20,South,Completed,Customer_172,22-06-2025
101472,2472,Table,Furniture,63120.8,1.0,5,South,Pending,Customer_209,06-01-2025
101473,2473,Tennis Racket,Sports,57711.41,4.0,15,South,Returned,Customer_99,25-06-2026
101474,2474,Jacket,Clothing,13707.43,10.0,10,South,Completed,Customer_362,07-03-2026
101475,2475,Hoodie,Clothing,60565.07,1.0,5,East,Pending,Customer_296,08-07-2025
101476,2476,Cricket Bat,Sports,96720.72,4.0,5,North,Completed,Customer_351,09-02-2026
101477,2477,Sofa,Furniture,27727.25,2.0,0,North,Returned,Customer_55,16-12-2025
101478,2478,Stool,Furniture,14523.93,2.0,15,West,Cancelled,Customer_228,26-07-2025
101479,2479,Sofa,Furniture,38982.18,4.0,5,West,Returned,Customer_486,08-10-2025
101480,2480,Rice,Groceries,25285.92,7.0,0,West,Cancelled,Customer_105,28-02-2026
101481,2481,Phone,Electronics,14155.72,5.0,15,North,Returned,Customer_179,07-11-2025
101482,2482,Stool,Furniture,20172.31,5.0,10,South,Returned,Customer_113,25-03-2026
101483,2483,Chair,Furniture,78122.68,8.0,20,South,Completed,Customer_138,15-01-2026
101484,2484,Tennis Racket,Sports,69021.79,5.0,10,West,Completed,Customer_33,20-04-2025
101485,2485,Bed,Furniture,25284.67,4.0,20,South,Returned,Customer_271,04-01-2025
101486,2486,Chair,Furniture,32804.93,9.0,15,South,Pending,Customer_56,10-11-2025
101487,2487,Eggs,Groceries,69633.09,5.0,20,East,Completed,Customer_195,29-04-2026
101488,2488,Football,Sports,89036.68,6.0,15,South,Cancelled,Customer_253,22-08-2025
101489,2489,Rice,Groceries,69003.96,2.0,15,North,Pending,Customer_240,27-02-2026
101490,2490,Gloves,Sports,7353.14,9.0,5,South,Cancelled,Customer_50,07-02-2025
101491,2491,T-Shirt,Clothing,91828.53,7.0,20,West,Pending,Customer_48,15-12-2025
101492,2492,Table,Furniture,9441.66,5.0,5,North,Returned,Customer_353,11-10-2025
101493,2493,Football,Sports,65763.97,1.0,5,West,Cancelled,Customer_52,01-04-2025
101494,2494,Helmet,Sports,23009.99,10.0,10,East,Returned,Customer_285,18-06-2025
101495,2495,Mouse,Electronics,98072.42,10.0,5,South,Pending,Customer_378,16-02-2025
101496,2496,Sofa,Furniture,82745.02,4.0,15,South,Pending,Customer_17,01-05-2025
101497,2497,Cabinet,Furniture,62750.34,5.0,0,South,Returned,Customer_194,08-01-2025
101498,2498,Cabinet,Furniture,3609.44,3.0,0,North,Pending,Customer_109,16-03-2025
101499,2499,Shelf,Furniture,10933.13,4.0,20,East,Returned,Customer_81,09-08-2025
101500,2500,Tea,Groceries,17296.29,8.0,5,North,Pending,Customer_208,30-10-2025
101501,2501,Coffee,Groceries,92732.03,10.0,0,South,Completed,Customer_287,06-05-2026
101502,2502,Milk,Groceries,5377.89,3.0,5,South,Completed,Customer_261,17-03-2025
101503,2503,Table,Furniture,33977.28,9.0,20,South,Pending,Customer_23,14-03-2026
101504,2504,Bread,Groceries,14057.27,4.0,5,West,Completed,Customer_217,24-03-2025
101505,2505,Shirt,Clothing,16547.0,5.0,0,North,Completed,Customer_397,25-01-2025
101506,2506,Mouse,Electronics,32317.41,10.0,15,North,Returned,Customer_402,16-01-2026
101507,2507,Smartwatch,Electronics,2681.54,3.0,0,East,Cancelled,Customer_134,13-06-2025
101508,2508,Speaker,Electronics,81295.31,10.0,10,West,Completed,Customer_78,29-06-2025
101509,2509,Shoes,Clothing,62203.33,1.0,20,West,Returned,Customer_14,15-02-2025
101510,2510,Cricket Bat,Sports,379.28,5.0,10,North,Cancelled,Customer_371,13-06-2026
101511,2511,Shoes,Clothing,15080.86,7.0,5,East,Pending,Customer_165,14-01-2026
101512,2512,Tablet,Electronics,31081.62,3.0,0,North,Returned,Customer_28,21-02-2026
101513,2513,Sofa,Furniture,41077.33,10.0,0,South,Pending,Customer_34,04-03-2025
101514,2514,T-Shirt,Clothing,92821.05,7.0,20,North,Cancelled,Customer_321,22-09-2025
101515,2515,Stool,Furniture,49894.88,4.0,5,North,Returned,Customer_138,06-09-2025
101516,2516,Table,Furniture,14235.95,7.0,5,East,Returned,Customer_153,12-06-2025
101517,2517,Monitor,Electronics,87956.67,3.0,20,West,Pending,Customer_54,14-11-2025
101518,2518,T-Shirt,Clothing,46250.33,1.0,15,South,Cancelled,Customer_485,18-01-2026
101519,2519,T-Shirt,Clothing,18740.25,4.0,20,South,Cancelled,Customer_99,24-01-2025
101520,2520,Camera,Electronics,37789.39,7.0,20,North,Pending,Customer_375,22-04-2025
101521,2521,Jeans,Clothing,55653.42,9.0,10,East,Pending,Customer_239,05-03-2025
101522,2522,T-Shirt,Clothing,29040.65,1.0,5,South,Pending,Customer_497,30-12-2025
101523,2523,Bed,Furniture,58753.44,2.0,5,North,Completed,Customer_49,11-04-2026
101524,2524,Badminton Racket,Sports,72153.05,2.0,5,South,Completed,Customer_324,22-07-2025
101525,2525,Bread,Groceries,13557.23,6.0,15,North,Completed,Customer_490,27-03-2025
101526,2526,Helmet,Sports,49716.97,6.0,20,West,Completed,Customer_6,09-07-2025
101527,2527,Chair,Furniture,99726.58,1.0,15,North,Pending,Customer_429,21-06-2026
101528,2528,Monitor,Electronics,68870.83,6.0,10,East,Completed,Customer_492,02-03-2026
101529,2529,Smartwatch,Electronics,68044.06,7.0,5,North,Completed,Customer_160,14-03-2025
101530,2530,Speaker,Electronics,63964.92,10.0,5,South,Returned,Customer_272,04-05-2026
101531,2531,T-Shirt,Clothing,58697.05,7.0,5,South,Pending,Customer_38,03-09-2025
101532,2532,Eggs,Groceries,33585.61,7.0,0,East,Pending,Customer_267,22-02-2026
101533,2533,Tablet,Electronics,63084.75,6.0,15,West,Completed,Customer_266,09-04-2025
101534,2534,Keyboard,Electronics,42708.95,1.0,0,South,Cancelled,Customer_200,12-02-2026
101535,2535,Cricket Bat,Sports,81835.41,1.0,0,East,Pending,Customer_52,29-06-2025
101536,2536,Bed,Furniture,89759.61,6.0,20,South,Returned,Customer_293,22-04-2025
101537,2537,Coffee,Groceries,42504.91,9.0,5,East,Cancelled,Customer_384,11-02-2025
101538,2538,Monitor,Electronics,,9.0,15,South,Cancelled,Customer_153,01-09-2025
101539,2539,Milk,Groceries,40804.98,4.0,0,North,Completed,Customer_342,15-01-2026
101540,2540,Rice,Groceries,60607.64,1.0,20,North,Cancelled,Customer_147,06-07-2025
101541,2541,Camera,Electronics,99190.22,10.0,20,West,Returned,Customer_446,31-10-2025
101542,2542,Gloves,Sports,60505.54,10.0,15,North,Cancelled,Customer_75,10-01-2026
101543,2543,Badminton Racket,Sports,63714.02,10.0,0,East,Completed,Customer_396,28-05-2026
101544,2544,Shoes,Clothing,61916.48,4.0,0,South,Pending,Customer_151,25-05-2025
101545,2545,Tea,Groceries,56435.12,1.0,20,West,Pending,Customer_204,01-05-2025
101546,2546,Tea,Groceries,97237.02,1.0,5,East,Pending,Customer_267,14-08-2025
101547,2547,Hoodie,Clothing,66288.08,6.0,20,South,Completed,Customer_429,19-10-2025
101548,2548,Tablet,Electronics,96006.05,2.0,20,West,Cancelled,Customer_16,31-05-2025
101549,2549,Sugar,Groceries,54495.59,3.0,20,West,Returned,Customer_177,21-02-2026
101550,2550,Monitor,Electronics,1591.82,8.0,5,South,Cancelled,Customer_293,11-12-2025
101551,2551,Phone,Electronics,84346.45,5.0,20,East,Cancelled,Customer_321,11-02-2025
101552,2552,Keyboard,Electronics,,4.0,20,West,Returned,Customer_465,03-02-2026
101553,2553,Laptop,Electronics,11766.72,7.0,5,East,Completed,Customer_25,09-03-2025
101554,2554,Rice,Groceries,61245.56,5.0,0,East,Completed,Customer_233,22-02-2026
101555,2555,Sofa,Furniture,87196.88,8.0,0,East,Pending,Customer_327,14-10-2025
101556,2556,T-Shirt,Clothing,89582.28,8.0,5,North,Returned,Customer_454,24-05-2025
101557,2557,Tea,Groceries,67172.2,,0,West,Returned,Customer_473,29-01-2026
101558,2558,Keyboard,Electronics,56585.59,10.0,0,West,Cancelled,Customer_35,19-07-2025
101559,2559,Sofa,Furniture,45441.26,2.0,10,East,Pending,Customer_104,20-12-2025
101560,2560,Oil,Groceries,46772.56,2.0,5,North,Completed,Customer_309,17-06-2025
101561,2561,Printer,Electronics,11350.74,7.0,10,South,Returned,Customer_254,20-12-2025
101562,2562,Oil,Groceries,19119.68,8.0,10,East,Cancelled,Customer_304,20-02-2025
101563,2563,Cabinet,Furniture,4873.78,7.0,0,West,Cancelled,Customer_146,24-02-2025
101564,2564,Stool,Furniture,20568.54,5.0,20,North,Pending,Customer_464,20-04-2026
101565,2565,Milk,Groceries,,2.0,0,West,Pending,Customer_53,18-07-2025
101566,2566,Shoes,Clothing,93065.5,7.0,15,West,Pending,Customer_389,13-03-2026
101567,2567,Sofa,Furniture,87676.64,9.0,10,West,Completed,Customer_174,23-08-2025
101568,2568,Badminton Racket,Sports,95980.76,1.0,20,West,Returned,Customer_349,02-05-2025
101569,2569,Coffee,Groceries,70041.14,7.0,15,South,Completed,Customer_187,03-01-2025
101570,2570,Milk,Groceries,8526.82,3.0,10,South,Completed,Customer_202,10-01-2026
101571,2571,Tablet,Electronics,53953.55,8.0,15,South,Completed,Customer_268,28-06-2025
101572,2572,Smartwatch,Electronics,13960.53,10.0,20,North,Cancelled,Customer_121,17-03-2026
101573,2573,Helmet,Sports,54231.58,9.0,5,North,Cancelled,Customer_409,04-02-2025
101574,2574,Gloves,Sports,72990.72,9.0,10,East,Pending,Customer_153,12-12-2025
101575,2575,Helmet,Sports,55398.73,2.0,15,West,Completed,Customer_356,28-03-2026
101576,2576,Tablet,Electronics,92372.57,4.0,15,West,Pending,Customer_277,11-07-2025
101577,2577,Smartwatch,Electronics,45255.44,7.0,0,West,Returned,Customer_313,20-05-2026
101578,2578,Milk,Groceries,85716.67,10.0,5,South,Cancelled,Customer_265,20-07-2025
101579,2579,Rice,Groceries,79073.75,9.0,15,South,Pending,Customer_189,23-02-2025
101580,2580,T-Shirt,Clothing,66390.65,6.0,20,East,Returned,Customer_292,09-02-2025
101581,2581,Mouse,Electronics,16875.17,9.0,10,East,Cancelled,Customer_94,21-06-2026
101582,2582,Coffee,Groceries,59400.13,4.0,20,East,Pending,Customer_327,10-09-2025
101583,2583,Bed,Furniture,78974.56,4.0,20,North,Cancelled,Customer_208,18-06-2025
101584,2584,T-Shirt,Clothing,68478.48,6.0,15,South,Cancelled,Customer_200,21-06-2025
101585,2585,Football,Sports,40424.78,10.0,10,East,Completed,Customer_115,01-06-2026
101586,2586,Speaker,Electronics,71090.47,6.0,15,East,Returned,Customer_487,29-11-2025
101587,2587,Smartwatch,Electronics,32112.1,8.0,10,South,Completed,Customer_100,10-11-2025
101588,2588,Cricket Bat,Sports,87787.23,9.0,0,West,Returned,Customer_85,18-02-2025
101589,2589,Cabinet,Furniture,58239.5,5.0,10,South,Returned,Customer_158,01-04-2025
101590,2590,Jacket,Clothing,45422.31,6.0,5,South,Cancelled,Customer_318,08-08-2025
101591,2591,Coffee,Groceries,72811.38,9.0,15,East,Completed,Customer_9,30-09-2025
101592,2592,Table,Furniture,28419.53,2.0,15,West,Completed,Customer_357,21-06-2026
101593,2593,Rice,Groceries,60546.67,,10,South,Pending,Customer_433,11-06-2026
101594,2594,Helmet,Sports,85659.69,6.0,10,West,Returned,Customer_30,29-11-2025
101595,2595,Helmet,Sports,41609.72,8.0,5,South,Returned,Customer_362,12-12-2025
101596,2596,Tennis Racket,Sports,98317.08,5.0,20,West,Cancelled,Customer_408,21-11-2025
101597,2597,Tennis Racket,Sports,17859.73,3.0,0,North,Returned,Customer_171,27-01-2025
101598,2598,Chair,Furniture,88260.75,1.0,5,South,Completed,Customer_491,31-08-2025
101599,2599,Table,Furniture,79951.28,,10,West,Completed,Customer_268,28-07-2025
101600,2600,Milk,Groceries,68231.29,5.0,20,West,Returned,Customer_301,18-05-2026
101601,2601,Stool,Furniture,96313.22,4.0,15,East,Returned,Customer_77,07-01-2025
101602,2602,Cabinet,Furniture,84611.73,3.0,0,South,Pending,Customer_363,19-04-2025
101603,2603,Sofa,Furniture,83650.23,3.0,0,East,Completed,Customer_31,22-01-2026
101604,2604,Mouse,Electronics,52007.1,7.0,20,West,Cancelled,Customer_13,19-06-2025
101605,2605,Tea,Groceries,51916.26,2.0,5,East,Returned,Customer_238,25-11-2025
101606,2606,Hoodie,Clothing,97332.27,9.0,15,South,Completed,Customer_167,26-05-2025
101607,2607,Cricket Bat,Sports,51141.72,8.0,5,North,Returned,Customer_28,06-07-2025
101608,2608,Oil,Groceries,64577.49,3.0,5,West,Pending,Customer_475,10-07-2025
101609,2609,Tablet,Electronics,18260.75,3.0,20,South,Returned,Customer_452,25-06-2025
101610,2610,Printer,Electronics,79960.36,10.0,20,South,Pending,Customer_460,20-06-2025
101611,2611,Hoodie,Clothing,36432.86,4.0,20,South,Cancelled,Customer_285,12-11-2025
101612,2612,Shirt,Clothing,12303.44,8.0,5,South,Returned,Customer_149,11-09-2025
101613,2613,Smartwatch,Electronics,33329.15,5.0,15,North,Pending,Customer_458,03-04-2026
101614,2614,Helmet,Sports,43935.72,3.0,5,North,Cancelled,Customer_127,25-04-2026
101615,2615,Badminton Racket,Sports,71904.59,4.0,10,South,Pending,Customer_67,02-06-2025
101616,2616,Mouse,Electronics,13558.16,6.0,0,South,Pending,Customer_20,15-02-2025
101617,2617,Shoes,Clothing,48945.65,8.0,20,West,Cancelled,Customer_351,04-08-2025
101618,2618,Hoodie,Clothing,51482.02,3.0,0,North,Pending,Customer_9,12-10-2025
101619,2619,Jeans,Clothing,92262.21,2.0,20,East,Completed,Customer_236,10-03-2025
101620,2620,Jeans,Clothing,95414.01,10.0,0,South,Pending,Customer_399,23-12-2025
101621,2621,Mouse,Electronics,30348.79,8.0,20,South,Completed,Customer_314,21-07-2025
101622,2622,Smartwatch,Electronics,41616.88,8.0,15,North,Completed,Customer_75,12-02-2026
101623,2623,Keyboard,Electronics,73202.37,2.0,15,West,Returned,Customer_386,23-05-2025
101624,2624,Mouse,Electronics,60623.15,2.0,0,South,Pending,Customer_22,04-05-2025
101625,2625,Gloves,Sports,3288.54,3.0,20,West,Pending,Customer_102,08-08-2025
101626,2626,Phone,Electronics,57231.2,7.0,0,South,Returned,Customer_334,05-11-2025
101627,2627,Cricket Bat,Sports,15048.21,5.0,0,West,Pending,Customer_473,12-12-2025
101628,2628,Smartwatch,Electronics,66525.86,3.0,5,North,Pending,Customer_359,11-01-2026
101629,2629,Hoodie,Clothing,38111.51,2.0,0,South,Cancelled,Customer_66,24-05-2026
101630,2630,Mouse,Electronics,22963.44,8.0,15,East,Cancelled,Customer_277,11-01-2026
101631,2631,Eggs,Groceries,76280.96,3.0,0,South,Completed,Customer_73,09-05-2026
101632,2632,Printer,Electronics,12398.97,10.0,15,East,Completed,Customer_86,04-03-2025
101633,2633,Oil,Groceries,43179.07,10.0,5,East,Completed,Customer_176,24-11-2025
101634,2634,Jeans,Clothing,82793.99,1.0,10,North,Pending,Customer_31,08-05-2025
101635,2635,Smartwatch,Electronics,36382.36,7.0,15,East,Returned,Customer_458,12-11-2025
101636,2636,Cricket Bat,Sports,37151.71,10.0,10,East,Returned,Customer_432,26-06-2025
101637,2637,Bed,Furniture,48009.19,2.0,15,West,Completed,Customer_57,15-02-2025
101638,2638,Cricket Bat,Sports,76938.77,9.0,15,South,Completed,Customer_231,13-02-2026
101639,2639,T-Shirt,Clothing,48949.52,7.0,20,North,Cancelled,Customer_230,20-04-2025
101640,2640,Chair,Furniture,86856.42,2.0,15,North,Pending,Customer_261,13-02-2025
101641,2641,Coffee,Groceries,10256.48,1.0,0,North,Cancelled,Customer_185,10-10-2025
101642,2642,Eggs,Groceries,20029.5,7.0,0,North,Returned,Customer_94,24-12-2025
101643,2643,Helmet,Sports,67668.98,8.0,10,West,Completed,Customer_105,04-05-2025
101644,2644,Cricket Bat,Sports,33442.89,4.0,15,East,Returned,Customer_456,08-02-2026
101645,2645,Milk,Groceries,7985.45,10.0,5,West,Completed,Customer_17,28-02-2025
101646,2646,Shirt,Clothing,41538.92,2.0,20,North,Completed,Customer_408,30-04-2025
101647,2647,Camera,Electronics,58892.58,8.0,0,East,Pending,Customer_279,11-03-2025
101648,2648,Gloves,Sports,85806.24,5.0,0,East,Pending,Customer_22,19-09-2025
101649,2649,Helmet,Sports,50233.42,10.0,15,West,Returned,Customer_328,18-08-2025
101650,2650,Monitor,Electronics,46378.45,8.0,15,East,Completed,Customer_211,27-01-2026
101651,2651,Keyboard,Electronics,21706.73,5.0,20,East,Pending,Customer_120,28-06-2025
101652,2652,Shirt,Clothing,18383.23,9.0,20,North,Returned,Customer_414,16-01-2025
101653,2653,Phone,Electronics,16597.76,7.0,5,North,Pending,Customer_240,22-02-2025
101654,2654,Badminton Racket,Sports,81999.39,9.0,15,North,Pending,Customer_339,29-01-2025
101655,2655,T-Shirt,Clothing,84976.97,9.0,5,East,Returned,Customer_462,31-05-2025
101656,2656,Mouse,Electronics,97603.53,1.0,20,East,Completed,Customer_418,14-03-2025
101657,2657,Badminton Racket,Sports,89426.94,5.0,0,West,Cancelled,Customer_268,10-06-2026
101658,2658,Stool,Furniture,97254.66,,5,North,Completed,Customer_133,17-02-2025
101659,2659,Coffee,Groceries,32087.79,2.0,5,West,Completed,Customer_154,17-02-2026
101660,2660,Mouse,Electronics,93421.45,9.0,20,East,Pending,Customer_308,10-03-2026
101661,2661,Helmet,Sports,15128.66,7.0,15,North,Cancelled,Customer_23,30-12-2025
101662,2662,Table,Furniture,25939.28,2.0,10,West,Completed,Customer_254,12-09-2025
101663,2663,Stool,Furniture,28483.33,9.0,15,East,Completed,Customer_399,17-04-2026
101664,2664,Gloves,Sports,67035.84,7.0,20,West,Cancelled,Customer_428,21-01-2026
101665,2665,Bread,Groceries,72063.46,10.0,20,East,Pending,Customer_34,31-03-2026
101666,2666,Keyboard,Electronics,56127.23,2.0,10,South,Returned,Customer_141,09-05-2025
101667,2667,Speaker,Electronics,96769.36,4.0,20,South,Completed,Customer_451,23-03-2026
101668,2668,Bed,Furniture,39579.33,3.0,15,North,Returned,Customer_12,06-03-2025
101669,2669,Phone,Electronics,7477.92,2.0,5,East,Pending,Customer_421,29-07-2025
101670,2670,Oil,Groceries,23341.63,8.0,10,South,Pending,Customer_23,18-09-2025
101671,2671,Shoes,Clothing,51153.25,7.0,0,South,Cancelled,Customer_465,13-10-2025
101672,2672,Shirt,Clothing,14549.99,2.0,0,South,Cancelled,Customer_141,29-01-2025
101673,2673,Badminton Racket,Sports,40266.27,2.0,0,South,Cancelled,Customer_305,12-02-2025
101674,2674,Helmet,Sports,95646.97,1.0,20,South,Completed,Customer_140,23-03-2025
101675,2675,Eggs,Groceries,41428.58,2.0,20,South,Returned,Customer_321,21-01-2026
101676,2676,Shoes,Clothing,42276.29,9.0,20,West,Returned,Customer_160,03-06-2026
101677,2677,Eggs,Groceries,68900.05,2.0,10,North,Completed,Customer_64,19-05-2025
101678,2678,Gloves,Sports,18140.08,8.0,15,North,Cancelled,Customer_59,14-03-2025
101679,2679,Oil,Groceries,42305.97,1.0,20,West,Pending,Customer_216,18-11-2025
101680,2680,Shelf,Furniture,97588.84,3.0,10,East,Completed,Customer_195,13-05-2026
101681,2681,Laptop,Electronics,2574.84,10.0,20,East,Pending,Customer_25,28-10-2025
101682,2682,Tea,Groceries,68272.6,5.0,20,West,Returned,Customer_255,25-02-2026
101683,2683,Tablet,Electronics,78938.87,5.0,10,East,Returned,Customer_443,08-01-2026
101684,2684,Coffee,Groceries,34057.68,1.0,10,East,Pending,Customer_99,03-06-2026
101685,2685,Cricket Bat,Sports,42572.63,4.0,15,West,Pending,Customer_438,08-07-2025
101686,2686,Sugar,Groceries,70089.78,1.0,20,East,Pending,Customer_474,24-02-2025
101687,2687,Printer,Electronics,16110.39,3.0,5,West,Returned,Customer_494,05-05-2026
101688,2688,Eggs,Groceries,40183.49,6.0,0,North,Pending,Customer_144,13-04-2025
101689,2689,Tablet,Electronics,91080.82,9.0,20,West,Completed,Customer_4,16-01-2025
101690,2690,Camera,Electronics,58922.11,7.0,20,South,Pending,Customer_448,23-03-2025
101691,2691,Cabinet,Furniture,44464.43,1.0,5,West,Cancelled,Customer_437,18-06-2025
101692,2692,Oil,Groceries,14812.75,2.0,20,East,Pending,Customer_377,06-05-2026
101693,2693,Jeans,Clothing,43065.36,10.0,20,North,Returned,Customer_284,25-12-2025
101694,2694,Cabinet,Furniture,98341.77,9.0,20,South,Cancelled,Customer_450,17-09-2025
101695,2695,Jacket,Clothing,4810.19,7.0,10,West,Cancelled,Customer_379,30-05-2025
101696,2696,Table,Furniture,11229.23,4.0,15,East,Returned,Customer_350,28-03-2025
101697,2697,Coffee,Groceries,90126.92,7.0,10,South,Returned,Customer_87,01-02-2025
101698,2698,Shelf,Furniture,68539.79,2.0,0,North,Completed,Customer_311,01-02-2026
101699,2699,Chair,Furniture,25567.5,4.0,5,East,Pending,Customer_137,23-08-2025
101700,2700,Jeans,Clothing,88121.55,1.0,0,North,Returned,Customer_226,01-05-2026
101701,2701,Tennis Racket,Sports,51467.44,2.0,5,East,Cancelled,Customer_131,04-01-2026
101702,2702,Jacket,Clothing,42807.0,9.0,10,North,Returned,Customer_309,11-08-2025
101703,2703,Oil,Groceries,1655.4,6.0,5,West,Cancelled,Customer_448,31-01-2026
101704,2704,Helmet,Sports,57970.04,10.0,20,North,Cancelled,Customer_162,08-05-2026
101705,2705,Gloves,Sports,13371.21,8.0,5,East,Returned,Customer_120,07-02-2025
101706,2706,Smartwatch,Electronics,54090.66,7.0,5,South,Pending,Customer_304,06-04-2026
101707,2707,Sofa,Furniture,23902.89,2.0,20,West,Completed,Customer_201,10-06-2025
101708,2708,Football,Sports,98342.2,9.0,20,South,Pending,Customer_75,05-05-2025
101709,2709,Mouse,Electronics,1588.79,,0,West,Returned,Customer_223,24-01-2026
101710,2710,Laptop,Electronics,91013.07,9.0,20,West,Returned,Customer_63,12-01-2025
101711,2711,Cricket Bat,Sports,81801.2,4.0,10,North,Pending,Customer_460,24-10-2025
101712,2712,Hoodie,Clothing,24472.47,2.0,15,East,Returned,Customer_401,22-05-2025
101713,2713,Cabinet,Furniture,31002.07,10.0,0,North,Completed,Customer_102,18-01-2025
101714,2714,Tea,Groceries,91608.33,1.0,10,West,Returned,Customer_428,18-03-2025
101715,2715,T-Shirt,Clothing,90303.64,1.0,15,West,Cancelled,Customer_48,17-03-2025
101716,2716,Printer,Electronics,91622.37,5.0,5,East,Completed,Customer_414,03-04-2026
101717,2717,Tennis Racket,Sports,10147.1,10.0,10,West,Completed,Customer_268,16-01-2025
101718,2718,Shoes,Clothing,76044.86,7.0,20,South,Returned,Customer_274,19-02-2026
101719,2719,Shelf,Furniture,60732.63,1.0,20,North,Returned,Customer_271,12-05-2026
101720,2720,Cricket Bat,Sports,36472.03,6.0,10,West,Completed,Customer_292,11-04-2026
101721,2721,Rice,Groceries,69352.02,4.0,5,West,Cancelled,Customer_233,19-06-2026
101722,2722,Helmet,Sports,83120.6,3.0,0,North,Cancelled,Customer_479,23-05-2025
101723,2723,Camera,Electronics,36184.57,9.0,15,West,Returned,Customer_149,03-04-2025
101724,2724,Stool,Furniture,29750.11,10.0,20,South,Cancelled,Customer_48,17-02-2026
101725,2725,Shelf,Furniture,26700.49,3.0,10,North,Returned,Customer_28,28-09-2025
101726,2726,Jacket,Clothing,91633.16,2.0,10,East,Returned,Customer_427,16-02-2025
101727,2727,Shirt,Clothing,,3.0,5,East,Returned,Customer_426,01-01-2025
101728,2728,Cricket Bat,Sports,93815.88,1.0,10,West,Cancelled,Customer_487,24-02-2025
101729,2729,Milk,Groceries,21206.08,3.0,5,South,Cancelled,Customer_455,14-10-2025
101730,2730,Laptop,Electronics,8987.04,9.0,20,South,Pending,Customer_353,26-09-2025
101731,2731,Bread,Groceries,9099.94,7.0,20,East,Completed,Customer_247,09-03-2025
101732,2732,Tablet,Electronics,94302.82,1.0,0,South,Returned,Customer_454,22-04-2025
101733,2733,Tablet,Electronics,18674.38,2.0,10,South,Returned,Customer_28,20-05-2025
101734,2734,Chair,Furniture,3379.52,2.0,0,North,Returned,Customer_132,30-03-2025
101735,2735,Helmet,Sports,78542.24,9.0,5,South,Returned,Customer_212,07-08-2025
101736,2736,Sugar,Groceries,13237.36,5.0,0,West,Completed,Customer_492,12-06-2026
101737,2737,Stool,Furniture,20298.24,5.0,0,North,Cancelled,Customer_171,16-02-2025
101738,2738,Cabinet,Furniture,77490.85,10.0,0,West,Cancelled,Customer_110,04-01-2026
101739,2739,Eggs,Groceries,52449.39,4.0,15,North,Returned,Customer_442,07-10-2025
101740,2740,Badminton Racket,Sports,3987.89,7.0,5,East,Cancelled,Customer_477,31-05-2026
101741,2741,Bed,Furniture,96770.53,6.0,10,West,Pending,Customer_277,18-02-2025
101742,2742,Jacket,Clothing,5401.99,8.0,15,East,Returned,Customer_318,10-12-2025
101743,2743,T-Shirt,Clothing,36485.79,7.0,0,North,Cancelled,Customer_462,29-11-2025
101744,2744,Laptop,Electronics,49389.11,5.0,20,North,Pending,Customer_52,27-03-2025
101745,2745,Camera,Electronics,77913.03,7.0,0,South,Cancelled,Customer_413,30-10-2025
101746,2746,Tea,Groceries,5492.94,3.0,20,East,Pending,Customer_162,02-10-2025
101747,2747,Keyboard,Electronics,99821.27,2.0,10,East,Completed,Customer_6,11-06-2025
101748,2748,Rice,Groceries,7986.1,2.0,5,East,Cancelled,Customer_226,14-12-2025
101749,2749,Camera,Electronics,28323.7,8.0,5,South,Returned,Customer_305,20-02-2025
101750,2750,Hoodie,Clothing,74342.04,6.0,0,North,Completed,Customer_202,22-10-2025
101751,2751,Football,Sports,96986.49,1.0,0,North,Cancelled,Customer_179,10-05-2025
101752,2752,Monitor,Electronics,42897.98,9.0,10,North,Completed,Customer_278,04-11-2025
101753,2753,Cricket Bat,Sports,95545.63,6.0,5,East,Cancelled,Customer_390,07-09-2025
101754,2754,Hoodie,Clothing,56751.51,3.0,0,North,Returned,Customer_494,14-05-2026
101755,2755,Helmet,Sports,1403.52,1.0,20,North,Completed,Customer_280,01-02-2026
101756,2756,Coffee,Groceries,26350.52,4.0,5,South,Pending,Customer_292,23-10-2025
101757,2757,Shoes,Clothing,69919.04,6.0,15,West,Returned,Customer_194,10-06-2025
101758,2758,Jacket,Clothing,904.19,3.0,0,West,Pending,Customer_195,17-11-2025
101759,2759,Jeans,Clothing,89894.51,3.0,10,South,Completed,Customer_322,11-07-2025
101760,2760,Gloves,Sports,77931.93,4.0,0,North,Completed,Customer_378,02-02-2025
101761,2761,Cricket Bat,Sports,64350.79,7.0,5,North,Returned,Customer_262,17-09-2025
101762,2762,Chair,Furniture,15231.53,2.0,5,South,Completed,Customer_145,09-12-2025
101763,2763,Sugar,Groceries,75448.29,10.0,15,East,Pending,Customer_45,25-06-2025
101764,2764,Gloves,Sports,59400.31,7.0,5,South,Returned,Customer_344,03-07-2025
101765,2765,Keyboard,Electronics,45811.56,6.0,15,West,Completed,Customer_356,10-05-2025
101766,2766,Camera,Electronics,11541.99,6.0,20,North,Pending,Customer_97,18-03-2026
101767,2767,Table,Furniture,64738.79,10.0,10,North,Returned,Customer_371,05-01-2025
101768,2768,Shoes,Clothing,9536.89,2.0,5,East,Cancelled,Customer_282,25-03-2025
101769,2769,Tennis Racket,Sports,56940.61,8.0,0,West,Completed,Customer_363,21-02-2025
101770,2770,Jeans,Clothing,47927.15,10.0,15,South,Returned,Customer_461,26-06-2025
101771,2771,Tennis Racket,Sports,33236.71,5.0,20,South,Pending,Customer_370,04-05-2026
101772,2772,Chair,Furniture,5492.04,9.0,5,South,Pending,Customer_340,09-06-2025
101773,2773,Phone,Electronics,8959.18,5.0,5,South,Completed,Customer_34,08-03-2026
101774,2774,Shoes,Clothing,60284.1,4.0,0,South,Completed,Customer_325,01-08-2025
101775,2775,Phone,Electronics,93716.75,3.0,15,West,Cancelled,Customer_436,11-05-2025
101776,2776,Monitor,Electronics,37355.78,4.0,5,North,Returned,Customer_172,18-02-2025
101777,2777,Eggs,Groceries,39647.7,1.0,10,South,Returned,Customer_234,16-04-2026
101778,2778,Shirt,Clothing,90319.03,2.0,0,North,Pending,Customer_307,02-04-2025
101779,2779,Oil,Groceries,47020.68,7.0,5,South,Completed,Customer_484,30-01-2025
101780,2780,Jeans,Clothing,84230.47,9.0,15,West,Pending,Customer_78,25-03-2025
101781,2781,Table,Furniture,42037.98,1.0,20,East,Returned,Customer_431,07-02-2026
101782,2782,Rice,Groceries,38378.15,7.0,20,West,Cancelled,Customer_186,03-03-2025
101783,2783,Shoes,Clothing,28765.28,5.0,15,West,Pending,Customer_351,10-11-2025
101784,2784,Football,Sports,71756.25,,20,West,Pending,Customer_233,14-07-2025
101785,2785,Desk,Furniture,38595.5,7.0,10,South,Cancelled,Customer_111,25-02-2026
101786,2786,Cabinet,Furniture,94089.75,9.0,5,North,Completed,Customer_274,20-05-2026
101787,2787,Gloves,Sports,61808.16,10.0,5,East,Completed,Customer_337,25-01-2026
101788,2788,Jeans,Clothing,20181.22,6.0,10,West,Pending,Customer_456,10-01-2026
101789,2789,Tablet,Electronics,53209.71,4.0,0,South,Completed,Customer_41,10-01-2026
101790,2790,Badminton Racket,Sports,40626.21,6.0,15,West,Cancelled,Customer_256,05-12-2025
101791,2791,Tea,Groceries,58723.97,5.0,10,South,Cancelled,Customer_496,03-09-2025
101792,2792,Sugar,Groceries,56475.34,5.0,20,West,Completed,Customer_221,02-08-2025
101793,2793,Jeans,Clothing,7999.96,6.0,0,East,Cancelled,Customer_261,31-03-2025
101794,2794,Jeans,Clothing,76065.74,10.0,10,West,Returned,Customer_155,03-04-2026
101795,2795,Table,Furniture,,4.0,10,South,Pending,Customer_189,02-05-2025
101796,2796,Jeans,Clothing,38542.12,5.0,10,South,Pending,Customer_406,11-06-2025
101797,2797,Oil,Groceries,30169.64,6.0,0,West,Returned,Customer_113,14-04-2026
101798,2798,Table,Furniture,96108.95,1.0,0,West,Cancelled,Customer_471,21-06-2025
101799,2799,Table,Furniture,8032.14,9.0,20,East,Cancelled,Customer_81,03-08-2025
101800,2800,Hoodie,Clothing,28008.08,3.0,15,East,Cancelled,Customer_433,26-05-2026
101801,2801,Mouse,Electronics,49772.29,3.0,0,West,Cancelled,Customer_449,01-06-2025
101802,2802,Stool,Furniture,46333.63,3.0,10,West,Pending,Customer_100,25-04-2026
101803,2803,Mouse,Electronics,27937.87,1.0,10,South,Returned,Customer_478,06-03-2025
101804,2804,Tablet,Electronics,32615.82,9.0,0,South,Returned,Customer_439,02-07-2025
101805,2805,Table,Furniture,30987.96,6.0,5,North,Returned,Customer_14,05-11-2025
101806,2806,Table,Furniture,76947.01,4.0,0,West,Pending,Customer_466,05-02-2025
101807,2807,Table,Furniture,19891.75,10.0,20,West,Pending,Customer_465,28-01-2025
101808,2808,Gloves,Sports,18730.05,8.0,10,East,Pending,Customer_466,29-08-2025
101809,2809,Desk,Furniture,15162.55,8.0,20,South,Completed,Customer_148,08-01-2026
101810,2810,Bread,Groceries,78207.68,4.0,0,East,Completed,Customer_241,11-02-2026
101811,2811,Laptop,Electronics,55167.59,8.0,20,West,Completed,Customer_392,02-06-2026
101812,2812,Sofa,Furniture,,2.0,15,North,Cancelled,Customer_331,16-08-2025
101813,2813,Gloves,Sports,56066.04,3.0,15,West,Cancelled,Customer_274,22-09-2025
101814,2814,Coffee,Groceries,20110.38,8.0,5,South,Pending,Customer_73,15-06-2025
101815,2815,Cricket Bat,Sports,63510.57,10.0,10,South,Pending,Customer_92,29-12-2025
101816,2816,Rice,Groceries,37764.99,10.0,10,North,Returned,Customer_125,06-05-2026
101817,2817,Table,Furniture,85522.85,2.0,15,East,Completed,Customer_424,30-08-2025
101818,2818,Camera,Electronics,66933.34,4.0,0,East,Pending,Customer_7,15-03-2025
101819,2819,Shelf,Furniture,17534.03,1.0,15,South,Returned,Customer_337,10-01-2026
101820,2820,Oil,Groceries,31451.71,5.0,10,East,Completed,Customer_410,28-06-2025
101821,2821,Tablet,Electronics,8739.15,5.0,10,East,Returned,Customer_140,18-01-2025
101822,2822,Gloves,Sports,9223.27,7.0,10,West,Returned,Customer_184,09-07-2025
101823,2823,Camera,Electronics,,3.0,5,North,Completed,Customer_319,24-05-2026
101824,2824,Keyboard,Electronics,72923.52,2.0,5,South,Returned,Customer_464,18-02-2026
101825,2825,Coffee,Groceries,40657.75,10.0,0,South,Returned,Customer_252,11-05-2026
101826,2826,Table,Furniture,79809.2,3.0,0,West,Cancelled,Customer_357,02-05-2026
101827,2827,Badminton Racket,Sports,35306.45,4.0,10,South,Completed,Customer_309,04-04-2025
101828,2828,Sugar,Groceries,30945.79,1.0,20,East,Pending,Customer_120,08-05-2025
101829,2829,Chair,Furniture,15938.1,10.0,10,West,Returned,Customer_140,17-10-2025
101830,2830,Gloves,Sports,45663.87,5.0,0,South,Returned,Customer_496,21-04-2026
101831,2831,Eggs,Groceries,30987.76,7.0,15,West,Cancelled,Customer_454,02-04-2025
101832,2832,Bread,Groceries,38627.13,6.0,10,East,Completed,Customer_12,21-02-2026
101833,2833,Cabinet,Furniture,31542.0,4.0,15,East,Returned,Customer_316,10-07-2025
101834,2834,Coffee,Groceries,7999.91,10.0,15,South,Cancelled,Customer_106,20-02-2025
101835,2835,Shoes,Clothing,46648.57,1.0,5,South,Returned,Customer_212,31-07-2025
101836,2836,Eggs,Groceries,23553.6,2.0,20,East,Returned,Customer_179,16-10-2025
101837,2837,Tea,Groceries,24876.57,6.0,10,South,Cancelled,Customer_364,21-09-2025
101838,2838,Phone,Electronics,61237.47,7.0,5,South,Cancelled,Customer_142,07-04-2026
101839,2839,Jeans,Clothing,57534.5,5.0,20,South,Pending,Customer_115,18-02-2025
101840,2840,Tennis Racket,Sports,50100.38,3.0,5,East,Completed,Customer_128,11-06-2025
101841,2841,Laptop,Electronics,99770.87,10.0,5,North,Returned,Customer_390,14-02-2025
101842,2842,Sugar,Groceries,30205.72,9.0,15,East,Cancelled,Customer_242,16-05-2025
101843,2843,Chair,Furniture,24518.94,1.0,10,West,Completed,Customer_76,17-08-2025
101844,2844,Cricket Bat,Sports,82313.76,3.0,0,South,Completed,Customer_105,18-04-2026
101845,2845,Shirt,Clothing,86445.48,9.0,10,East,Returned,Customer_494,03-01-2025
101846,2846,Badminton Racket,Sports,97088.15,2.0,0,East,Cancelled,Customer_283,02-11-2025
101847,2847,Bed,Furniture,69606.72,7.0,5,East,Completed,Customer_454,29-07-2025
101848,2848,Jeans,Clothing,19130.32,7.0,5,North,Pending,Customer_100,14-11-2025
101849,2849,Eggs,Groceries,18392.85,7.0,10,South,Returned,Customer_366,02-03-2026
101850,2850,Gloves,Sports,69345.33,7.0,0,North,Cancelled,Customer_364,25-05-2025
101851,2851,Tennis Racket,Sports,38204.77,10.0,0,West,Returned,Customer_456,20-10-2025
101852,2852,Camera,Electronics,26423.25,1.0,0,South,Pending,Customer_275,11-01-2026
101853,2853,Keyboard,Electronics,16282.5,9.0,15,East,Pending,Customer_230,11-12-2025
101854,2854,Sofa,Furniture,20184.08,9.0,5,North,Pending,Customer_9,18-05-2025
101855,2855,Shirt,Clothing,57404.33,2.0,5,North,Pending,Customer_102,17-09-2025
101856,2856,Coffee,Groceries,44153.22,2.0,15,East,Completed,Customer_225,14-03-2026
101857,2857,Stool,Furniture,61006.28,6.0,0,South,Cancelled,Customer_329,15-01-2026
101858,2858,Chair,Furniture,7916.37,3.0,20,East,Returned,Customer_88,29-08-2025
101859,2859,Monitor,Electronics,27158.24,3.0,15,North,Completed,Customer_47,11-04-2026
101860,2860,Desk,Furniture,66225.55,3.0,0,West,Returned,Customer_470,23-09-2025
101861,2861,Badminton Racket,Sports,72991.77,2.0,15,East,Cancelled,Customer_212,19-04-2025
101862,2862,Helmet,Sports,93577.95,3.0,10,South,Returned,Customer_79,26-04-2026
101863,2863,Cabinet,Furniture,50628.35,2.0,0,East,Returned,Customer_202,16-10-2025
101864,2864,Shoes,Clothing,72498.24,3.0,5,West,Completed,Customer_407,10-07-2025
101865,2865,Keyboard,Electronics,8545.18,1.0,20,North,Pending,Customer_357,21-12-2025
101866,2866,Badminton Racket,Sports,80753.51,10.0,0,West,Completed,Customer_442,12-05-2026
101867,2867,Hoodie,Clothing,3701.76,4.0,20,East,Cancelled,Customer_92,22-11-2025
101868,2868,Camera,Electronics,10292.16,3.0,15,East,Pending,Customer_113,11-04-2026
101869,2869,Desk,Furniture,2244.26,5.0,5,West,Cancelled,Customer_351,24-09-2025
101870,2870,Gloves,Sports,38311.76,4.0,0,South,Pending,Customer_500,24-10-2025
101871,2871,Jacket,Clothing,44337.58,1.0,15,East,Completed,Customer_139,21-04-2026
101872,2872,Keyboard,Electronics,1131.41,6.0,20,East,Completed,Customer_314,17-11-2025
101873,2873,Stool,Furniture,49733.84,10.0,15,South,Pending,Customer_486,21-11-2025
101874,2874,Bread,Groceries,26873.95,8.0,5,South,Cancelled,Customer_291,07-06-2025
101875,2875,Printer,Electronics,8147.29,7.0,20,South,Completed,Customer_335,13-01-2026
101876,2876,Gloves,Sports,92751.9,3.0,10,West,Pending,Customer_22,05-06-2025
101877,2877,Tennis Racket,Sports,31648.88,10.0,15,South,Returned,Customer_89,31-10-2025
101878,2878,Chair,Furniture,43203.3,2.0,20,North,Cancelled,Customer_50,19-07-2025
101879,2879,Table,Furniture,22381.23,9.0,10,South,Pending,Customer_33,27-03-2025
101880,2880,Desk,Furniture,9526.69,3.0,10,North,Cancelled,Customer_276,07-06-2025
101881,2881,Tea,Groceries,53624.97,,20,North,Cancelled,Customer_135,01-03-2025
101882,2882,Eggs,Groceries,98883.3,3.0,0,West,Pending,Customer_292,30-05-2026
101883,2883,Coffee,Groceries,63864.27,8.0,10,West,Returned,Customer_145,13-02-2026
101884,2884,Hoodie,Clothing,11963.32,7.0,5,North,Pending,Customer_367,23-03-2026
101885,2885,Desk,Furniture,,3.0,0,East,Pending,Customer_314,17-09-2025
101886,2886,Football,Sports,79604.18,2.0,20,North,Completed,Customer_242,03-04-2026
101887,2887,Shelf,Furniture,58853.94,10.0,20,North,Pending,Customer_264,23-07-2025
101888,2888,Speaker,Electronics,2088.25,4.0,0,South,Completed,Customer_32,06-01-2025
101889,2889,Jeans,Clothing,74824.77,9.0,5,North,Completed,Customer_165,17-02-2025
101890,2890,Jeans,Clothing,27088.26,9.0,0,East,Pending,Customer_474,04-03-2026
101891,2891,Football,Sports,66032.48,10.0,15,West,Returned,Customer_84,14-04-2026
101892,2892,Bread,Groceries,85793.68,3.0,5,West,Pending,Customer_110,11-05-2026
101893,2893,Oil,Groceries,50615.25,2.0,15,South,Returned,Customer_233,18-04-2025
101894,2894,Shelf,Furniture,,2.0,5,South,Pending,Customer_461,20-08-2025
101895,2895,Football,Sports,10005.02,9.0,5,East,Pending,Customer_237,06-03-2025
101896,2896,Badminton Racket,Sports,32604.15,1.0,15,West,Completed,Customer_334,14-02-2025
101897,2897,Sugar,Groceries,,3.0,20,North,Cancelled,Customer_127,18-03-2025
101898,2898,Football,Sports,46762.18,8.0,20,North,Cancelled,Customer_497,06-03-2026
101899,2899,Helmet,Sports,64360.83,9.0,15,South,Completed,Customer_367,04-06-2025
101900,2900,Tea,Groceries,36927.08,7.0,20,East,Completed,Customer_71,28-11-2025
101901,2901,Bread,Groceries,30873.98,9.0,5,East,Cancelled,Customer_115,07-10-2025
101902,2902,Rice,Groceries,76423.23,5.0,20,North,Returned,Customer_138,02-05-2026
101903,2903,Shelf,Furniture,42362.83,5.0,20,West,Returned,Customer_12,04-01-2025
101904,2904,Helmet,Sports,45782.7,8.0,20,East,Returned,Customer_142,19-03-2025
101905,2905,Football,Sports,80292.5,9.0,15,South,Cancelled,Customer_430,15-04-2026
101906,2906,Gloves,Sports,34401.93,7.0,20,North,Returned,Customer_150,29-01-2025
101907,2907,Jacket,Clothing,31672.11,10.0,15,North,Cancelled,Customer_495,25-06-2025
101908,2908,Laptop,Electronics,16486.24,3.0,15,East,Completed,Customer_10,03-07-2025
101909,2909,Shoes,Clothing,83373.03,6.0,0,South,Completed,Customer_169,10-05-2026
101910,2910,Hoodie,Clothing,81498.87,9.0,15,East,Completed,Customer_284,22-12-2025
101911,2911,Bread,Groceries,1555.43,8.0,0,North,Pending,Customer_24,20-12-2025
101912,2912,Tea,Groceries,10272.07,10.0,10,West,Cancelled,Customer_50,25-09-2025
101913,2913,Football,Sports,82564.26,9.0,10,West,Returned,Customer_292,23-02-2025
101914,2914,Badminton Racket,Sports,91406.66,1.0,5,West,Completed,Customer_16,26-04-2025
101915,2915,Shelf,Furniture,37298.89,2.0,10,East,Cancelled,Customer_68,14-02-2025
101916,2916,Coffee,Groceries,27498.45,6.0,15,East,Pending,Customer_155,09-02-2025
101917,2917,Milk,Groceries,78761.0,3.0,20,West,Returned,Customer_71,19-11-2025
101918,2918,Milk,Groceries,18505.26,,5,South,Cancelled,Customer_226,31-01-2025
101919,2919,Shirt,Clothing,30799.59,7.0,10,East,Pending,Customer_308,24-03-2026
101920,2920,Jeans,Clothing,9729.25,4.0,15,North,Pending,Customer_148,08-12-2025
101921,2921,Jeans,Clothing,10252.58,10.0,15,South,Pending,Customer_485,04-04-2025
101922,2922,Camera,Electronics,23759.17,3.0,5,West,Cancelled,Customer_275,10-09-2025
101923,2923,Tennis Racket,Sports,55612.94,6.0,20,East,Pending,Customer_349,21-12-2025
101924,2924,Cabinet,Furniture,10230.17,2.0,10,North,Returned,Customer_35,26-02-2025
101925,2925,T-Shirt,Clothing,52956.39,1.0,10,West,Returned,Customer_158,03-10-2025
101926,2926,Bread,Groceries,76492.11,4.0,15,East,Completed,Customer_427,18-04-2026
101927,2927,Tablet,Electronics,58100.04,10.0,20,South,Completed,Customer_171,25-08-2025
101928,2928,Rice,Groceries,22302.33,2.0,0,South,Pending,Customer_423,18-06-2026
101929,2929,Football,Sports,42769.69,1.0,5,North,Cancelled,Customer_407,28-06-2025
101930,2930,Coffee,Groceries,19710.3,5.0,10,North,Cancelled,Customer_93,06-05-2025
101931,2931,Eggs,Groceries,40918.51,4.0,15,North,Completed,Customer_263,20-04-2025
101932,2932,Shirt,Clothing,68587.35,4.0,15,North,Returned,Customer_227,23-01-2026
101933,2933,Shelf,Furniture,58926.15,2.0,15,South,Cancelled,Customer_455,21-01-2026
101934,2934,Eggs,Groceries,97169.71,6.0,20,North,Completed,Customer_58,19-02-2025
101935,2935,Helmet,Sports,55454.95,,5,East,Pending,Customer_49,29-03-2025
101936,2936,Helmet,Sports,41018.92,9.0,10,West,Cancelled,Customer_377,11-06-2026
101937,2937,Tennis Racket,Sports,61963.39,10.0,15,South,Cancelled,Customer_422,18-05-2026
101938,2938,Hoodie,Clothing,71026.88,6.0,20,North,Completed,Customer_92,27-05-2025
101939,2939,Camera,Electronics,74544.72,8.0,0,South,Cancelled,Customer_271,12-07-2025
101940,2940,Badminton Racket,Sports,,8.0,20,East,Cancelled,Customer_474,03-12-2025
101941,2941,Phone,Electronics,79501.02,4.0,5,West,Completed,Customer_43,06-07-2025
101942,2942,Chair,Furniture,21071.01,9.0,20,North,Completed,Customer_296,09-09-2025
101943,2943,Badminton Racket,Sports,83445.79,2.0,20,North,Completed,Customer_378,20-06-2025
101944,2944,Camera,Electronics,46854.23,1.0,15,West,Pending,Customer_114,18-01-2026
101945,2945,Tablet,Electronics,74476.9,9.0,15,North,Cancelled,Customer_100,10-05-2025
101946,2946,Rice,Groceries,74638.27,2.0,20,North,Completed,Customer_128,09-05-2025
101947,2947,Badminton Racket,Sports,30806.64,6.0,15,North,Completed,Customer_354,02-12-2025
101948,2948,Cricket Bat,Sports,85572.97,2.0,5,East,Pending,Customer_366,18-04-2026
101949,2949,Shelf,Furniture,7060.91,6.0,20,West,Pending,Customer_195,16-02-2026
101950,2950,Stool,Furniture,7978.7,6.0,20,South,Pending,Customer_181,05-09-2025
101951,2951,Cricket Bat,Sports,70461.02,6.0,15,North,Cancelled,Customer_325,26-10-2025
101952,2952,Bread,Groceries,8686.23,6.0,5,West,Pending,Customer_183,22-12-2025
101953,2953,Mouse,Electronics,38045.1,4.0,0,South,Pending,Customer_242,13-05-2026
101954,2954,Stool,Furniture,2914.49,3.0,15,West,Completed,Customer_176,13-09-2025
101955,2955,Jeans,Clothing,52171.88,7.0,15,North,Completed,Customer_458,18-04-2025
101956,2956,Gloves,Sports,46236.54,6.0,20,East,Returned,Customer_425,29-09-2025
101957,2957,Tablet,Electronics,96337.12,1.0,0,South,Returned,Customer_110,09-01-2025
101958,2958,Jeans,Clothing,48711.98,4.0,20,North,Cancelled,Customer_325,23-09-2025
101959,2959,Shirt,Clothing,11694.32,10.0,5,North,Returned,Customer_295,15-02-2025
101960,2960,Coffee,Groceries,40272.98,10.0,0,South,Pending,Customer_259,12-10-2025
101961,2961,Helmet,Sports,45489.04,5.0,10,North,Pending,Customer_426,03-12-2025
101962,2962,Gloves,Sports,89286.39,3.0,10,South,Completed,Customer_329,12-03-2026
101963,2963,Helmet,Sports,98513.42,2.0,10,North,Pending,Customer_157,02-08-2025
101964,2964,Helmet,Sports,76024.67,2.0,15,West,Cancelled,Customer_493,09-06-2026
101965,2965,Sofa,Furniture,21523.46,5.0,10,North,Pending,Customer_368,09-01-2025
101966,2966,Cricket Bat,Sports,62306.6,2.0,20,West,Completed,Customer_96,11-05-2025
101967,2967,Milk,Groceries,34933.21,3.0,0,South,Pending,Customer_458,29-03-2025
101968,2968,Cricket Bat,Sports,72443.7,6.0,10,East,Completed,Customer_11,27-02-2025
101969,2969,Eggs,Groceries,10060.51,4.0,5,North,Completed,Customer_319,10-05-2026
101970,2970,Tennis Racket,Sports,9969.19,3.0,15,North,Returned,Customer_78,04-02-2026
101971,2971,Shoes,Clothing,40746.7,3.0,15,East,Pending,Customer_95,24-10-2025
101972,2972,Phone,Electronics,83254.94,4.0,20,North,Completed,Customer_99,09-11-2025
101973,2973,Tea,Groceries,10011.75,7.0,5,West,Returned,Customer_356,23-06-2025
101974,2974,Keyboard,Electronics,77925.7,1.0,5,West,Returned,Customer_370,19-05-2025
101975,2975,Smartwatch,Electronics,36103.06,7.0,0,East,Returned,Customer_244,17-11-2025
101976,2976,Laptop,Electronics,9668.39,4.0,20,North,Completed,Customer_409,18-04-2026
101977,2977,Stool,Furniture,9038.58,1.0,0,North,Pending,Customer_277,25-01-2026
101978,2978,Cricket Bat,Sports,74350.12,8.0,15,South,Pending,Customer_62,26-01-2025
101979,2979,Jacket,Clothing,87026.86,5.0,15,North,Pending,Customer_281,12-03-2025
101980,2980,Rice,Groceries,45533.34,5.0,5,South,Cancelled,Customer_151,15-05-2025
101981,2981,Cabinet,Furniture,,7.0,5,East,Completed,Customer_73,18-01-2025
101982,2982,Tennis Racket,Sports,30578.58,8.0,5,West,Completed,Customer_107,07-07-2025
101983,2983,Sugar,Groceries,31649.05,4.0,0,West,Cancelled,Customer_369,25-01-2025
101984,2984,Bed,Furniture,94807.06,6.0,15,North,Pending,Customer_55,19-04-2025
101985,2985,Gloves,Sports,11132.97,9.0,5,West,Returned,Customer_388,20-10-2025
101986,2986,Helmet,Sports,88501.13,5.0,20,West,Pending,Customer_110,20-04-2026
101987,2987,Rice,Groceries,90794.67,9.0,10,North,Pending,Customer_225,01-04-2025
101988,2988,Cricket Bat,Sports,57231.52,8.0,5,North,Returned,Customer_154,14-02-2025
101989,2989,Printer,Electronics,57170.93,9.0,5,West,Pending,Customer_427,22-07-2025
101990,2990,Jeans,Clothing,27932.39,5.0,0,South,Completed,Customer_115,25-06-2026
101991,2991,Sugar,Groceries,27504.67,3.0,5,North,Pending,Customer_103,19-05-2026
101992,2992,Chair,Furniture,,6.0,5,North,Completed,Customer_11,19-01-2025
101993,2993,Helmet,Sports,37752.65,5.0,15,South,Completed,Customer_314,05-01-2025
101994,2994,Speaker,Electronics,52157.12,10.0,0,West,Completed,Customer_12,05-04-2025
101995,2995,Milk,Groceries,82057.96,3.0,15,West,Completed,Customer_199,10-01-2025
101996,2996,Gloves,Sports,33750.16,9.0,20,West,Returned,Customer_133,02-02-2026
101997,2997,Chair,Furniture,5161.15,10.0,20,East,Pending,Customer_128,21-03-2026
101998,2998,Mouse,Electronics,72328.95,4.0,0,North,Cancelled,Customer_48,14-01-2026
101999,2999,Jacket,Clothing,50174.73,10.0,0,South,Cancelled,Customer_413,13-01-2025
102000,3000,Tablet,Electronics,20424.98,4.0,15,East,Returned,Customer_484,14-09-2025
102001,3001,Shoes,Clothing,89068.02,5.0,5,North,Completed,Customer_30,22-05-2025
102002,3002,Hoodie,Clothing,72129.67,3.0,0,South,Pending,Customer_335,16-08-2025
102003,3003,Badminton Racket,Sports,59686.7,5.0,15,South,Completed,Customer_272,21-12-2025
102004,3004,Cricket Bat,Sports,49738.38,6.0,10,South,Returned,Customer_160,13-06-2025
102005,3005,Cabinet,Furniture,,1.0,20,North,Pending,Customer_283,06-12-2025
102006,3006,Speaker,Electronics,11707.92,7.0,10,East,Completed,Customer_147,12-02-2026
102007,3007,Laptop,Electronics,6177.14,10.0,15,West,Completed,Customer_28,29-03-2025
102008,3008,Sofa,Furniture,52284.92,8.0,5,South,Pending,Customer_291,14-03-2026
102009,3009,Tablet,Electronics,9048.17,1.0,20,East,Completed,Customer_255,16-03-2026
102010,3010,Sugar,Groceries,22516.4,5.0,10,South,Pending,Customer_226,06-03-2026
102011,3011,Bed,Furniture,38343.65,1.0,5,North,Cancelled,Customer_256,29-07-2025
102012,3012,Shirt,Clothing,84549.89,5.0,15,North,Returned,Customer_210,23-06-2025
102013,3013,Cabinet,Furniture,75710.54,3.0,5,West,Returned,Customer_2,06-06-2026
102014,3014,Tea,Groceries,70388.88,7.0,15,South,Pending,Customer_142,20-03-2025
102015,3015,Badminton Racket,Sports,88399.03,7.0,10,East,Returned,Customer_240,24-03-2025
102016,3016,Chair,Furniture,,6.0,0,East,Returned,Customer_155,30-05-2025
102017,3017,Sofa,Furniture,31389.38,5.0,10,West,Returned,Customer_281,06-06-2025
102018,3018,Keyboard,Electronics,8779.38,7.0,10,South,Cancelled,Customer_132,26-06-2025
102019,3019,Printer,Electronics,66026.49,5.0,0,North,Completed,Customer_344,20-05-2026
102020,3020,Table,Furniture,53166.52,8.0,15,South,Cancelled,Customer_116,12-12-2025
102021,3021,Tennis Racket,Sports,50094.24,9.0,20,East,Returned,Customer_275,24-01-2025
102022,3022,Tea,Groceries,26041.07,1.0,0,North,Pending,Customer_47,14-06-2025
102023,3023,Jacket,Clothing,19687.72,5.0,5,North,Completed,Customer_363,16-02-2026
102024,3024,Phone,Electronics,61168.95,9.0,5,West,Pending,Customer_52,02-06-2026
102025,3025,Rice,Groceries,98746.68,4.0,5,North,Returned,Customer_282,20-02-2025
102026,3026,Mouse,Electronics,80778.01,1.0,15,North,Pending,Customer_55,24-05-2026
102027,3027,Smartwatch,Electronics,82281.3,9.0,0,West,Pending,Customer_390,30-12-2025
102028,3028,Cricket Bat,Sports,72203.68,5.0,15,East,Cancelled,Customer_472,10-01-2025
102029,3029,Mouse,Electronics,20682.7,8.0,5,North,Completed,Customer_242,20-06-2025
102030,3030,Helmet,Sports,67631.97,,5,West,Completed,Customer_367,21-08-2025
102031,3031,Oil,Groceries,94554.79,2.0,20,North,Returned,Customer_500,08-06-2025
102032,3032,Sofa,Furniture,67716.93,10.0,15,West,Completed,Customer_275,22-07-2025
102033,3033,Sugar,Groceries,83766.38,1.0,0,North,Pending,Customer_409,21-10-2025
102034,3034,Cricket Bat,Sports,67406.27,9.0,20,North,Completed,Customer_87,21-09-2025
102035,3035,Jeans,Clothing,79860.42,3.0,5,South,Completed,Customer_201,08-02-2025
102036,3036,Tea,Groceries,55193.45,8.0,0,West,Returned,Customer_350,01-01-2026
102037,3037,Printer,Electronics,62012.4,2.0,10,South,Completed,Customer_165,26-02-2025
102038,3038,Printer,Electronics,89475.45,,0,South,Pending,Customer_187,17-02-2025
102039,3039,Tennis Racket,Sports,89289.52,3.0,0,South,Pending,Customer_148,27-10-2025
102040,3040,Cricket Bat,Sports,22117.03,1.0,15,North,Completed,Customer_162,23-08-2025
102041,3041,Keyboard,Electronics,10183.31,2.0,20,West,Cancelled,Customer_207,08-09-2025
102042,3042,Cabinet,Furniture,23343.99,,0,North,Cancelled,Customer_467,26-05-2026
102043,3043,Eggs,Groceries,76893.87,3.0,20,West,Completed,Customer_164,29-04-2026
102044,3044,Cabinet,Furniture,32163.07,2.0,15,West,Cancelled,Customer_414,11-04-2025
102045,3045,Sofa,Furniture,59268.31,10.0,10,East,Pending,Customer_193,16-02-2025
102046,3046,Badminton Racket,Sports,,7.0,10,West,Cancelled,Customer_396,14-10-2025
102047,3047,Coffee,Groceries,46909.53,1.0,0,West,Pending,Customer_32,28-05-2026
102048,3048,Oil,Groceries,36229.21,5.0,5,West,Completed,Customer_111,11-04-2025
102049,3049,Sugar,Groceries,30758.87,4.0,15,East,Completed,Customer_431,05-11-2025
102050,3050,Tennis Racket,Sports,70597.21,3.0,5,East,Cancelled,Customer_395,08-02-2026
102051,3051,Badminton Racket,Sports,98128.39,8.0,10,North,Returned,Customer_214,15-03-2026
102052,3052,Jeans,Clothing,1127.53,7.0,0,South,Cancelled,Customer_107,15-02-2026
102053,3053,Tea,Groceries,69193.69,6.0,20,West,Returned,Customer_311,23-02-2025
102054,3054,Rice,Groceries,79753.38,9.0,15,South,Pending,Customer_30,09-12-2025
102055,3055,Jeans,Clothing,26044.85,6.0,20,South,Returned,Customer_103,05-03-2026
102056,3056,Tablet,Electronics,59658.5,8.0,0,East,Pending,Customer_350,26-11-2025
102057,3057,Coffee,Groceries,5871.52,8.0,15,East,Cancelled,Customer_131,12-06-2025
102058,3058,Oil,Groceries,58710.98,1.0,10,South,Pending,Customer_245,04-08-2025
102059,3059,Milk,Groceries,45598.62,4.0,5,South,Returned,Customer_53,19-04-2025
102060,3060,Camera,Electronics,83030.22,8.0,15,North,Returned,Customer_85,28-02-2025
102061,3061,Jeans,Clothing,61717.13,9.0,20,West,Pending,Customer_17,19-01-2026
102062,3062,Table,Furniture,,10.0,5,South,Completed,Customer_461,04-07-2025
102063,3063,Rice,Groceries,9655.97,5.0,15,North,Completed,Customer_217,26-01-2025
102064,3064,Camera,Electronics,46508.86,1.0,0,West,Pending,Customer_229,10-02-2025
102065,3065,Hoodie,Clothing,1176.95,1.0,5,West,Returned,Customer_94,17-09-2025
102066,3066,Shirt,Clothing,57799.45,2.0,20,East,Returned,Customer_222,05-09-2025
102067,3067,Cricket Bat,Sports,54039.13,10.0,10,East,Completed,Customer_81,25-12-2025
102068,3068,Gloves,Sports,61313.54,9.0,5,South,Pending,Customer_237,11-06-2025
102069,3069,Milk,Groceries,54137.72,2.0,15,South,Cancelled,Customer_334,18-02-2025
102070,3070,Shoes,Clothing,81728.71,1.0,15,West,Returned,Customer_331,06-12-2025
102071,3071,Stool,Furniture,86314.96,9.0,5,West,Cancelled,Customer_320,18-01-2026
102072,3072,Camera,Electronics,72306.32,9.0,0,West,Returned,Customer_187,27-02-2026
102073,3073,Keyboard,Electronics,4555.03,1.0,20,South,Completed,Customer_85,10-07-2025
102074,3074,Tablet,Electronics,77685.29,5.0,0,East,Cancelled,Customer_278,05-02-2025
102075,3075,Football,Sports,17417.94,3.0,5,South,Completed,Customer_491,21-06-2025
102076,3076,Cabinet,Furniture,6816.84,3.0,10,East,Completed,Customer_59,20-08-2025
102077,3077,Jacket,Clothing,32923.22,1.0,20,East,Pending,Customer_320,18-07-2025
102078,3078,Sofa,Furniture,87527.19,5.0,5,West,Pending,Customer_4,28-01-2025
102079,3079,Shoes,Clothing,74687.44,9.0,5,East,Cancelled,Customer_47,15-06-2025
102080,3080,Cricket Bat,Sports,44488.67,6.0,20,South,Completed,Customer_61,27-05-2025
102081,3081,Stool,Furniture,40208.7,2.0,10,East,Pending,Customer_34,16-01-2025
102082,3082,Milk,Groceries,59570.23,5.0,15,East,Completed,Customer_301,16-05-2025
102083,3083,Shelf,Furniture,44689.22,4.0,15,South,Returned,Customer_438,08-10-2025
102084,3084,Sugar,Groceries,15199.36,9.0,15,North,Pending,Customer_360,27-01-2025
102085,3085,Badminton Racket,Sports,12134.51,4.0,5,East,Cancelled,Customer_448,21-05-2025
102086,3086,T-Shirt,Clothing,19186.08,2.0,10,East,Completed,Customer_163,07-04-2025
102087,3087,Jeans,Clothing,72007.55,3.0,10,South,Completed,Customer_265,29-03-2026
102088,3088,Coffee,Groceries,63807.35,5.0,10,East,Pending,Customer_79,06-04-2025
102089,3089,Helmet,Sports,23703.07,5.0,20,North,Pending,Customer_377,08-01-2025
102090,3090,Shoes,Clothing,48361.94,1.0,20,South,Pending,Customer_451,29-08-2025
102091,3091,Shelf,Furniture,35493.59,6.0,5,East,Returned,Customer_367,24-10-2025
102092,3092,Eggs,Groceries,5827.27,9.0,10,South,Pending,Customer_499,25-11-2025
102093,3093,Coffee,Groceries,,3.0,15,West,Pending,Customer_338,22-06-2025
102094,3094,Jacket,Clothing,92405.38,6.0,20,West,Pending,Customer_285,12-06-2025
102095,3095,Desk,Furniture,86970.68,1.0,10,West,Pending,Customer_388,04-11-2025
102096,3096,Milk,Groceries,55291.82,4.0,5,North,Completed,Customer_436,23-06-2025
102097,3097,Sofa,Furniture,92213.61,2.0,20,North,Completed,Customer_311,04-03-2026
102098,3098,Milk,Groceries,83164.38,8.0,0,East,Cancelled,Customer_424,23-02-2025
102099,3099,Tennis Racket,Sports,43087.83,3.0,0,North,Pending,Customer_315,18-03-2025
102100,3100,Mouse,Electronics,57534.59,4.0,20,South,Pending,Customer_83,02-11-2025
102101,3101,Oil,Groceries,8775.67,10.0,0,West,Completed,Customer_478,28-05-2025
102102,3102,Coffee,Groceries,65941.68,6.0,15,North,Returned,Customer_500,23-03-2026
102103,3103,Shelf,Furniture,28209.88,9.0,0,East,Pending,Customer_238,27-06-2025
102104,3104,Bed,Furniture,42423.56,8.0,5,North,Pending,Customer_445,22-07-2025
102105,3105,Oil,Groceries,1341.84,10.0,15,East,Pending,Customer_481,24-07-2025
102106,3106,Printer,Electronics,34961.71,5.0,15,South,Returned,Customer_241,02-02-2026
102107,3107,Tennis Racket,Sports,47713.22,7.0,15,South,Cancelled,Customer_310,27-10-2025
102108,3108,Chair,Furniture,81897.07,7.0,10,North,Returned,Customer_11,30-03-2025
102109,3109,Bread,Groceries,17326.31,3.0,20,South,Returned,Customer_158,01-10-2025
102110,3110,T-Shirt,Clothing,76881.39,3.0,10,South,Returned,Customer_294,19-09-2025
102111,3111,Rice,Groceries,16634.23,5.0,5,West,Pending,Customer_215,12-02-2025
102112,3112,Hoodie,Clothing,46814.29,4.0,10,North,Completed,Customer_491,04-01-2025
102113,3113,Tennis Racket,Sports,22790.94,6.0,10,South,Completed,Customer_201,13-10-2025
102114,3114,Cabinet,Furniture,,10.0,20,South,Returned,Customer_274,21-03-2025
102115,3115,Hoodie,Clothing,42791.37,5.0,15,North,Cancelled,Customer_114,12-04-2026
102116,3116,Helmet,Sports,26266.21,4.0,15,North,Returned,Customer_432,26-12-2025
102117,3117,Eggs,Groceries,89620.13,8.0,5,West,Completed,Customer_189,01-11-2025
102118,3118,Speaker,Electronics,37339.42,9.0,0,South,Returned,Customer_244,20-06-2025
102119,3119,Cricket Bat,Sports,1208.19,9.0,15,West,Completed,Customer_149,30-08-2025
102120,3120,Shirt,Clothing,75314.59,7.0,5,South,Returned,Customer_137,12-03-2026
102121,3121,Helmet,Sports,24640.15,1.0,5,North,Returned,Customer_242,04-05-2025
102122,3122,Football,Sports,18385.34,3.0,15,East,Completed,Customer_315,17-01-2025
102123,3123,Badminton Racket,Sports,50857.72,9.0,10,North,Returned,Customer_242,30-07-2025
102124,3124,Badminton Racket,Sports,20514.6,3.0,20,West,Returned,Customer_13,19-11-2025
102125,3125,T-Shirt,Clothing,84399.87,5.0,0,West,Completed,Customer_135,09-03-2026
102126,3126,Speaker,Electronics,86445.42,8.0,5,North,Completed,Customer_206,16-06-2025
102127,3127,Gloves,Sports,89641.72,1.0,20,South,Completed,Customer_345,13-06-2025
102128,3128,Oil,Groceries,56229.04,7.0,5,South,Returned,Customer_47,14-04-2026
102129,3129,Speaker,Electronics,42346.58,5.0,20,East,Pending,Customer_16,31-07-2025
102130,3130,Helmet,Sports,68727.63,4.0,5,East,Cancelled,Customer_352,20-01-2025
102131,3131,Phone,Electronics,35943.37,10.0,0,West,Pending,Customer_33,15-12-2025
102132,3132,Badminton Racket,Sports,19066.11,6.0,5,East,Pending,Customer_288,09-06-2026
102133,3133,Hoodie,Clothing,78656.33,1.0,0,West,Completed,Customer_213,28-04-2026
102134,3134,Cricket Bat,Sports,38697.83,7.0,5,North,Cancelled,Customer_453,25-06-2026
102135,3135,Cricket Bat,Sports,10385.32,5.0,5,North,Cancelled,Customer_1,24-07-2025
102136,3136,Rice,Groceries,11532.32,1.0,15,East,Completed,Customer_229,19-02-2025
102137,3137,Chair,Furniture,51366.43,9.0,0,West,Pending,Customer_206,03-06-2025
102138,3138,Football,Sports,60103.76,7.0,10,East,Cancelled,Customer_386,31-01-2025
102139,3139,Camera,Electronics,14815.79,9.0,20,South,Returned,Customer_324,10-10-2025
102140,3140,Mouse,Electronics,41952.94,1.0,0,West,Completed,Customer_88,29-04-2026
102141,3141,Tea,Groceries,13329.93,9.0,0,South,Completed,Customer_234,28-02-2025
102142,3142,Shelf,Furniture,19542.37,5.0,20,West,Pending,Customer_329,17-09-2025
102143,3143,Shoes,Clothing,68078.63,8.0,0,East,Pending,Customer_153,16-06-2025
102144,3144,Jeans,Clothing,40841.4,1.0,5,South,Returned,Customer_187,12-09-2025
102145,3145,Keyboard,Electronics,55176.84,5.0,0,South,Returned,Customer_333,05-04-2026
102146,3146,Keyboard,Electronics,91837.25,5.0,10,North,Cancelled,Customer_182,16-08-2025
102147,3147,Eggs,Groceries,50173.09,2.0,10,East,Completed,Customer_498,06-09-2025
102148,3148,Eggs,Groceries,84055.98,9.0,20,West,Returned,Customer_128,15-06-2026
102149,3149,Jacket,Clothing,93913.11,7.0,5,South,Returned,Customer_20,26-01-2026
102150,3150,Coffee,Groceries,60471.47,10.0,20,North,Pending,Customer_191,14-11-2025
102151,3151,Badminton Racket,Sports,96782.28,3.0,10,South,Returned,Customer_95,19-06-2025
102152,3152,Milk,Groceries,1206.86,7.0,20,West,Pending,Customer_97,20-12-2025
102153,3153,Milk,Groceries,58839.97,10.0,5,South,Cancelled,Customer_385,04-05-2026
102154,3154,Coffee,Groceries,71040.54,8.0,15,North,Cancelled,Customer_63,10-09-2025
102155,3155,Shoes,Clothing,17349.39,9.0,20,South,Completed,Customer_168,24-07-2025
102156,3156,Helmet,Sports,74628.96,10.0,15,North,Completed,Customer_3,10-03-2025
102157,3157,Jacket,Clothing,5062.07,8.0,20,North,Cancelled,Customer_380,21-08-2025
102158,3158,Phone,Electronics,73135.81,10.0,0,South,Returned,Customer_165,05-06-2025
102159,3159,Badminton Racket,Sports,13326.29,10.0,10,West,Cancelled,Customer_82,19-05-2025
102160,3160,T-Shirt,Clothing,33017.7,3.0,10,South,Completed,Customer_292,12-05-2026
102161,3161,Tea,Groceries,60902.26,2.0,20,West,Pending,Customer_469,04-02-2025
102162,3162,Shirt,Clothing,53441.42,1.0,5,North,Returned,Customer_316,23-02-2026
102163,3163,Oil,Groceries,93651.08,7.0,5,East,Completed,Customer_159,11-09-2025
102164,3164,Shirt,Clothing,25836.99,3.0,5,West,Cancelled,Customer_436,19-02-2026
102165,3165,Laptop,Electronics,5277.8,8.0,0,West,Cancelled,Customer_32,20-08-2025
102166,3166,Oil,Groceries,75781.18,3.0,10,North,Pending,Customer_265,11-05-2026
102167,3167,Sofa,Furniture,46016.22,4.0,10,East,Cancelled,Customer_434,05-04-2026
102168,3168,Shoes,Clothing,60932.48,5.0,20,West,Pending,Customer_397,19-08-2025
102169,3169,T-Shirt,Clothing,92308.2,1.0,10,North,Completed,Customer_403,28-04-2026
102170,3170,Speaker,Electronics,85347.88,6.0,5,East,Completed,Customer_138,27-12-2025
102171,3171,Bread,Groceries,97162.89,1.0,10,North,Cancelled,Customer_178,22-03-2025
102172,3172,Tablet,Electronics,89530.23,8.0,20,West,Cancelled,Customer_128,30-04-2025
102173,3173,Rice,Groceries,,8.0,20,South,Completed,Customer_368,15-11-2025
102174,3174,Jacket,Clothing,11811.24,5.0,5,South,Pending,Customer_42,25-01-2025
102175,3175,Shelf,Furniture,39426.26,3.0,0,South,Cancelled,Customer_469,13-02-2026
102176,3176,Hoodie,Clothing,97212.98,1.0,0,South,Returned,Customer_165,11-06-2025
102177,3177,Gloves,Sports,33860.82,7.0,20,South,Pending,Customer_370,31-08-2025
102178,3178,Hoodie,Clothing,41810.62,4.0,15,East,Cancelled,Customer_436,22-01-2025
102179,3179,Helmet,Sports,90010.27,7.0,20,West,Completed,Customer_306,22-06-2025
102180,3180,Mouse,Electronics,59988.57,10.0,10,South,Completed,Customer_48,24-07-2025
102181,3181,Shelf,Furniture,37919.37,2.0,10,North,Cancelled,Customer_84,13-02-2026
102182,3182,Desk,Furniture,65848.15,2.0,10,West,Pending,Customer_76,19-01-2025
102183,3183,Jeans,Clothing,60101.91,8.0,10,East,Cancelled,Customer_152,07-05-2026
102184,3184,Speaker,Electronics,67921.72,3.0,0,West,Completed,Customer_149,04-02-2026
102185,3185,Smartwatch,Electronics,57272.26,4.0,15,West,Returned,Customer_68,22-02-2026
102186,3186,Sofa,Furniture,32739.01,,5,North,Pending,Customer_384,29-01-2026
102187,3187,Speaker,Electronics,30190.57,3.0,15,North,Pending,Customer_465,02-02-2026
102188,3188,Badminton Racket,Sports,4937.03,1.0,15,South,Returned,Customer_425,09-01-2025
102189,3189,T-Shirt,Clothing,13013.64,9.0,15,East,Completed,Customer_320,04-05-2025
102190,3190,Monitor,Electronics,58705.5,10.0,5,North,Pending,Customer_187,19-05-2025
102191,3191,Smartwatch,Electronics,26303.0,3.0,15,East,Returned,Customer_357,11-01-2026
102192,3192,Table,Furniture,57490.36,3.0,20,West,Completed,Customer_69,20-04-2026
102193,3193,Shirt,Clothing,93451.03,6.0,20,South,Completed,Customer_164,20-10-2025
102194,3194,Helmet,Sports,28223.44,5.0,0,North,Completed,Customer_323,04-05-2025
102195,3195,Helmet,Sports,38990.04,6.0,10,East,Returned,Customer_208,10-06-2025
102196,3196,Cabinet,Furniture,15025.87,8.0,15,West,Completed,Customer_121,23-02-2026
102197,3197,Printer,Electronics,84051.61,5.0,0,East,Returned,Customer_443,07-06-2025
102198,3198,Tea,Groceries,1701.94,4.0,10,East,Completed,Customer_37,19-01-2026
102199,3199,Chair,Furniture,6878.37,4.0,0,West,Returned,Customer_415,07-04-2025
102200,3200,Shirt,Clothing,5491.46,9.0,5,South,Cancelled,Customer_155,18-03-2025
102201,3201,Sofa,Furniture,59113.99,5.0,15,East,Cancelled,Customer_110,10-04-2025
102202,3202,Hoodie,Clothing,93903.01,8.0,15,North,Completed,Customer_389,22-06-2026
102203,3203,Helmet,Sports,39846.18,5.0,5,West,Cancelled,Customer_199,07-05-2025
102204,3204,Football,Sports,19561.35,6.0,20,West,Returned,Customer_281,08-01-2025
102205,3205,Hoodie,Clothing,46923.87,3.0,15,West,Completed,Customer_278,29-09-2025
102206,3206,Chair,Furniture,80590.5,2.0,20,East,Returned,Customer_251,05-09-2025
102207,3207,Sofa,Furniture,85045.86,3.0,15,South,Pending,Customer_108,19-02-2026
102208,3208,Jacket,Clothing,4087.82,9.0,5,West,Returned,Customer_193,11-07-2025
102209,3209,Jeans,Clothing,43985.68,4.0,5,East,Pending,Customer_24,20-05-2025
102210,3210,Desk,Furniture,2266.94,2.0,0,West,Pending,Customer_117,29-06-2025
102211,3211,Tennis Racket,Sports,29404.17,4.0,0,South,Completed,Customer_410,10-05-2026
102212,3212,Jacket,Clothing,86215.57,6.0,5,West,Completed,Customer_469,30-03-2026
102213,3213,Shirt,Clothing,56882.56,10.0,5,North,Completed,Customer_2,07-02-2026
102214,3214,Jeans,Clothing,21423.06,3.0,5,South,Returned,Customer_231,24-04-2026
102215,3215,Bread,Groceries,20454.83,2.0,0,West,Returned,Customer_476,02-11-2025
102216,3216,Rice,Groceries,,8.0,0,South,Returned,Customer_409,05-02-2025
102217,3217,Shoes,Clothing,31387.87,10.0,10,North,Completed,Customer_328,30-04-2026
102218,3218,Hoodie,Clothing,5459.21,8.0,15,West,Cancelled,Customer_260,21-06-2025
102219,3219,Coffee,Groceries,42082.77,,15,South,Completed,Customer_432,10-02-2025
102220,3220,Shelf,Furniture,19171.94,9.0,15,East,Returned,Customer_374,14-03-2025
102221,3221,Shoes,Clothing,44836.88,6.0,5,North,Pending,Customer_301,12-05-2026
102222,3222,Helmet,Sports,70835.94,10.0,20,West,Completed,Customer_302,19-11-2025
102223,3223,T-Shirt,Clothing,86690.86,10.0,5,West,Returned,Customer_152,10-08-2025
102224,3224,Desk,Furniture,74555.63,10.0,5,North,Pending,Customer_368,18-03-2025
102225,3225,Tablet,Electronics,61630.19,9.0,0,North,Completed,Customer_94,07-04-2026
102226,3226,Milk,Groceries,13833.32,4.0,10,West,Cancelled,Customer_89,15-06-2025
102227,3227,Shirt,Clothing,71541.73,9.0,20,South,Pending,Customer_105,07-04-2026
102228,3228,Gloves,Sports,54649.02,8.0,10,North,Returned,Customer_268,20-02-2025
102229,3229,Oil,Groceries,98746.22,4.0,10,West,Cancelled,Customer_240,05-10-2025
102230,3230,Rice,Groceries,75328.53,6.0,20,East,Returned,Customer_99,05-09-2025
102231,3231,Smartwatch,Electronics,85822.2,8.0,0,North,Completed,Customer_294,25-05-2025
102232,3232,Oil,Groceries,,3.0,10,East,Returned,Customer_351,03-06-2026
102233,3233,Eggs,Groceries,33121.34,9.0,10,West,Cancelled,Customer_52,26-06-2025
102234,3234,Shirt,Clothing,,1.0,15,East,Returned,Customer_414,16-05-2025
102235,3235,Hoodie,Clothing,5843.23,2.0,10,North,Pending,Customer_90,20-09-2025
102236,3236,Jacket,Clothing,6964.24,9.0,10,North,Pending,Customer_411,26-07-2025
102237,3237,Shelf,Furniture,,7.0,10,West,Completed,Customer_374,07-03-2025
102238,3238,Rice,Groceries,95837.32,7.0,10,East,Pending,Customer_470,06-08-2025
102239,3239,Gloves,Sports,41180.1,3.0,0,South,Completed,Customer_312,12-10-2025
102240,3240,Monitor,Electronics,,10.0,0,West,Returned,Customer_445,14-05-2026
102241,3241,Bed,Furniture,33729.87,3.0,10,West,Cancelled,Customer_270,14-01-2025
102242,3242,Jacket,Clothing,91445.86,8.0,15,West,Cancelled,Customer_261,15-01-2025
102243,3243,Tennis Racket,Sports,49876.71,4.0,10,North,Pending,Customer_337,19-03-2026
102244,3244,Keyboard,Electronics,71750.98,5.0,0,South,Completed,Customer_182,24-05-2025
102245,3245,Shoes,Clothing,28108.63,1.0,5,North,Pending,Customer_50,27-03-2026
102246,3246,Coffee,Groceries,28641.71,7.0,0,East,Completed,Customer_263,12-03-2026
102247,3247,Hoodie,Clothing,52315.82,3.0,5,East,Returned,Customer_357,11-06-2026
102248,3248,T-Shirt,Clothing,57098.1,3.0,5,West,Completed,Customer_378,05-01-2026
102249,3249,Badminton Racket,Sports,71671.51,5.0,15,East,Pending,Customer_51,31-03-2026
102250,3250,Chair,Furniture,38456.51,3.0,0,East,Completed,Customer_416,03-04-2025
102251,3251,Milk,Groceries,29560.61,3.0,10,East,Returned,Customer_319,24-01-2025
102252,3252,Milk,Groceries,23633.1,8.0,15,North,Returned,Customer_320,30-05-2026
102253,3253,Cricket Bat,Sports,98071.53,3.0,20,North,Completed,Customer_363,15-03-2026
102254,3254,Jacket,Clothing,87304.82,9.0,20,East,Returned,Customer_229,27-11-2025
102255,3255,T-Shirt,Clothing,62749.28,8.0,5,North,Completed,Customer_432,09-04-2026
102256,3256,Stool,Furniture,51467.41,6.0,20,North,Cancelled,Customer_190,07-06-2026
102257,3257,Gloves,Sports,62756.03,3.0,20,East,Returned,Customer_211,30-07-2025
102258,3258,Cricket Bat,Sports,86138.33,1.0,5,South,Returned,Customer_349,22-04-2025
102259,3259,Table,Furniture,93571.85,10.0,0,North,Pending,Customer_476,20-06-2026
102260,3260,Oil,Groceries,51123.28,3.0,15,North,Returned,Customer_199,07-02-2025
102261,3261,Laptop,Electronics,45522.69,3.0,20,South,Returned,Customer_284,25-08-2025
102262,3262,Bed,Furniture,90538.38,9.0,10,West,Completed,Customer_125,20-11-2025
102263,3263,Printer,Electronics,49133.9,8.0,20,South,Pending,Customer_174,29-12-2025
102264,3264,Rice,Groceries,80056.56,8.0,5,South,Completed,Customer_166,04-12-2025
102265,3265,Hoodie,Clothing,4366.54,6.0,10,South,Completed,Customer_269,05-05-2026
102266,3266,Helmet,Sports,67582.64,4.0,10,East,Completed,Customer_160,12-01-2026
102267,3267,Helmet,Sports,21002.73,2.0,15,North,Completed,Customer_386,06-06-2025
102268,3268,Cabinet,Furniture,85098.09,4.0,0,East,Returned,Customer_420,18-03-2025
102269,3269,Smartwatch,Electronics,63923.12,8.0,5,South,Cancelled,Customer_412,01-10-2025
102270,3270,Shirt,Clothing,51286.57,5.0,10,North,Pending,Customer_420,10-03-2026
102271,3271,Eggs,Groceries,81458.91,2.0,20,East,Returned,Customer_112,26-05-2026
102272,3272,Gloves,Sports,20910.43,2.0,10,West,Pending,Customer_308,31-05-2025
102273,3273,Bread,Groceries,10535.61,7.0,5,North,Pending,Customer_290,01-04-2025
102274,3274,Shoes,Clothing,36892.05,5.0,5,South,Pending,Customer_154,03-04-2025
102275,3275,Sugar,Groceries,6990.36,6.0,5,West,Returned,Customer_13,23-04-2026
102276,3276,Bed,Furniture,29234.53,7.0,15,South,Completed,Customer_177,01-01-2026
102277,3277,Tennis Racket,Sports,65065.14,8.0,20,North,Returned,Customer_33,29-03-2026
102278,3278,Tablet,Electronics,1411.48,3.0,0,West,Completed,Customer_331,21-10-2025
102279,3279,Monitor,Electronics,78794.79,5.0,15,North,Cancelled,Customer_419,28-07-2025
102280,3280,Coffee,Groceries,28851.37,3.0,5,West,Cancelled,Customer_341,05-09-2025
102281,3281,Chair,Furniture,81209.58,7.0,0,West,Pending,Customer_60,13-07-2025
102282,3282,Tea,Groceries,45296.75,2.0,15,West,Returned,Customer_488,21-03-2025
102283,3283,Keyboard,Electronics,99738.45,7.0,0,South,Pending,Customer_69,14-08-2025
102284,3284,Shoes,Clothing,58879.47,1.0,15,West,Pending,Customer_457,08-03-2026
102285,3285,Sugar,Groceries,61757.98,1.0,20,North,Cancelled,Customer_77,08-11-2025
102286,3286,Shirt,Clothing,12117.73,5.0,5,East,Completed,Customer_235,08-11-2025
102287,3287,Sugar,Groceries,43484.67,5.0,0,North,Returned,Customer_127,17-05-2026
102288,3288,Shelf,Furniture,21896.71,10.0,15,East,Cancelled,Customer_299,11-06-2025
102289,3289,Stool,Furniture,68562.38,7.0,0,East,Completed,Customer_14,10-08-2025
102290,3290,Tennis Racket,Sports,347.77,3.0,0,South,Cancelled,Customer_400,23-10-2025
102291,3291,Shoes,Clothing,39993.09,3.0,5,North,Cancelled,Customer_241,04-09-2025
102292,3292,Table,Furniture,25343.82,6.0,0,East,Returned,Customer_150,22-07-2025
102293,3293,Cabinet,Furniture,9370.22,5.0,20,West,Cancelled,Customer_110,07-03-2025
102294,3294,Chair,Furniture,29022.37,10.0,15,West,Returned,Customer_49,11-06-2026
102295,3295,Chair,Furniture,69866.67,6.0,20,West,Pending,Customer_44,16-11-2025
102296,3296,Table,Furniture,32524.79,2.0,20,West,Pending,Customer_324,17-04-2025
102297,3297,Camera,Electronics,79863.34,2.0,20,West,Cancelled,Customer_217,05-11-2025
102298,3298,Cabinet,Furniture,76122.51,1.0,0,South,Returned,Customer_421,22-07-2025
102299,3299,Table,Furniture,37291.54,5.0,0,West,Completed,Customer_28,09-07-2025
102300,3300,Chair,Furniture,18583.45,9.0,10,North,Cancelled,Customer_469,22-05-2025
102301,3301,Bed,Furniture,74115.95,2.0,15,West,Returned,Customer_19,16-04-2025
102302,3302,T-Shirt,Clothing,25683.85,,15,West,Pending,Customer_106,16-06-2026
102303,3303,Desk,Furniture,13654.78,3.0,10,South,Pending,Customer_95,30-06-2025
102304,3304,Tablet,Electronics,37840.29,1.0,20,North,Completed,Customer_59,01-08-2025
102305,3305,Shoes,Clothing,30744.05,4.0,5,East,Pending,Customer_265,23-01-2026
102306,3306,Monitor,Electronics,15916.55,10.0,15,East,Cancelled,Customer_65,10-08-2025
102307,3307,Jeans,Clothing,50109.67,5.0,15,West,Completed,Customer_89,28-09-2025
102308,3308,Helmet,Sports,43061.84,4.0,20,East,Pending,Customer_224,10-04-2026
102309,3309,Bread,Groceries,27745.12,10.0,5,West,Pending,Customer_183,19-02-2026
102310,3310,Tablet,Electronics,68866.95,7.0,10,North,Cancelled,Customer_250,04-02-2026
102311,3311,Cabinet,Furniture,78774.67,9.0,15,East,Completed,Customer_137,30-04-2026
102312,3312,Jeans,Clothing,24996.44,10.0,15,East,Returned,Customer_223,22-11-2025
102313,3313,Cabinet,Furniture,20916.99,10.0,15,South,Cancelled,Customer_383,13-09-2025
102314,3314,Bed,Furniture,20334.54,7.0,10,North,Cancelled,Customer_244,25-03-2025
102315,3315,Stool,Furniture,86354.79,7.0,20,South,Cancelled,Customer_139,06-08-2025
102316,3316,Shirt,Clothing,54898.02,9.0,20,North,Returned,Customer_402,14-04-2025
102317,3317,Milk,Groceries,29673.91,8.0,20,North,Returned,Customer_50,29-12-2025
102318,3318,Table,Furniture,10240.46,9.0,0,North,Pending,Customer_12,25-05-2026
102319,3319,Stool,Furniture,13166.79,1.0,0,North,Cancelled,Customer_275,10-03-2026
102320,3320,Rice,Groceries,55637.6,3.0,5,North,Pending,Customer_63,20-10-2025
102321,3321,Bread,Groceries,59256.11,5.0,5,East,Cancelled,Customer_430,28-05-2025
102322,3322,Gloves,Sports,16528.33,5.0,5,North,Returned,Customer_72,04-11-2025
102323,3323,Monitor,Electronics,39601.62,10.0,0,North,Pending,Customer_329,28-02-2026
102324,3324,Eggs,Groceries,56758.98,2.0,0,West,Pending,Customer_112,03-12-2025
102325,3325,Table,Furniture,3382.86,7.0,20,North,Completed,Customer_206,10-09-2025
102326,3326,Helmet,Sports,27283.65,10.0,5,South,Pending,Customer_140,06-10-2025
102327,3327,Stool,Furniture,91772.42,7.0,5,East,Completed,Customer_145,16-02-2025
102328,3328,Helmet,Sports,79734.53,5.0,0,West,Returned,Customer_308,10-08-2025
102329,3329,Mouse,Electronics,99398.15,9.0,10,North,Completed,Customer_25,16-11-2025
102330,3330,Chair,Furniture,15137.16,9.0,15,North,Returned,Customer_469,03-02-2025
102331,3331,Smartwatch,Electronics,60261.95,4.0,5,East,Cancelled,Customer_155,25-09-2025
102332,3332,Chair,Furniture,21032.03,4.0,15,North,Returned,Customer_429,13-04-2025
102333,3333,Shelf,Furniture,5970.19,6.0,0,West,Completed,Customer_105,19-05-2025
102334,3334,Smartwatch,Electronics,68216.33,1.0,15,North,Pending,Customer_497,18-06-2026
102335,3335,Gloves,Sports,8917.66,2.0,15,East,Cancelled,Customer_70,12-05-2026
102336,3336,Smartwatch,Electronics,21391.36,7.0,15,West,Cancelled,Customer_441,15-03-2026
102337,3337,Table,Furniture,23960.33,2.0,10,North,Returned,Customer_63,21-10-2025
102338,3338,Sofa,Furniture,64177.41,2.0,0,South,Completed,Customer_472,10-12-2025
102339,3339,Cabinet,Furniture,5234.78,10.0,5,West,Completed,Customer_209,17-09-2025
102340,3340,Jacket,Clothing,16805.35,6.0,10,North,Completed,Customer_72,08-01-2026
102341,3341,Shirt,Clothing,72094.33,2.0,20,East,Cancelled,Customer_219,04-02-2026
102342,3342,Tennis Racket,Sports,50717.69,10.0,10,North,Cancelled,Customer_222,08-04-2026
102343,3343,Hoodie,Clothing,91709.75,4.0,10,South,Pending,Customer_230,30-03-2025
102344,3344,Milk,Groceries,39032.66,3.0,10,North,Cancelled,Customer_196,09-01-2025
102345,3345,Rice,Groceries,66367.35,2.0,10,North,Pending,Customer_3,23-01-2026
102346,3346,Gloves,Sports,95576.51,7.0,20,West,Completed,Customer_449,06-01-2025
102347,3347,Printer,Electronics,40976.89,10.0,0,West,Pending,Customer_275,25-05-2025
102348,3348,Camera,Electronics,40823.62,4.0,10,South,Pending,Customer_118,27-05-2025
102349,3349,Football,Sports,18180.03,,10,West,Cancelled,Customer_444,09-06-2025
102350,3350,Football,Sports,35855.79,10.0,0,East,Completed,Customer_20,02-10-2025
102351,3351,Oil,Groceries,22894.49,2.0,10,North,Cancelled,Customer_100,23-11-2025
102352,3352,Milk,Groceries,16556.73,9.0,0,West,Cancelled,Customer_61,04-01-2026
102353,3353,Rice,Groceries,59919.62,8.0,20,North,Completed,Customer_13,04-11-2025
102354,3354,Smartwatch,Electronics,28841.07,6.0,10,South,Completed,Customer_477,26-09-2025
102355,3355,Shirt,Clothing,55611.45,8.0,5,North,Pending,Customer_44,07-06-2026
102356,3356,Helmet,Sports,22404.94,7.0,20,North,Pending,Customer_238,29-04-2025
102357,3357,Table,Furniture,22269.67,10.0,10,South,Returned,Customer_306,15-01-2025
102358,3358,Jacket,Clothing,55299.7,6.0,20,East,Completed,Customer_279,12-10-2025
102359,3359,Chair,Furniture,83428.15,10.0,0,East,Cancelled,Customer_458,06-06-2025
102360,3360,Helmet,Sports,,7.0,0,West,Cancelled,Customer_216,16-04-2026
102361,3361,Sofa,Furniture,45289.48,5.0,0,West,Cancelled,Customer_74,31-03-2026
102362,3362,Oil,Groceries,92651.7,7.0,20,North,Pending,Customer_184,14-08-2025
102363,3363,Speaker,Electronics,28107.25,8.0,5,West,Cancelled,Customer_138,05-11-2025
102364,3364,Coffee,Groceries,85982.16,3.0,0,East,Pending,Customer_124,25-05-2025
102365,3365,Jeans,Clothing,,9.0,0,West,Pending,Customer_158,24-04-2025
102366,3366,Jacket,Clothing,24735.39,7.0,10,East,Returned,Customer_145,30-01-2025
102367,3367,Milk,Groceries,83426.23,,10,South,Cancelled,Customer_232,04-03-2025
102368,3368,Sofa,Furniture,22240.16,3.0,20,East,Cancelled,Customer_93,16-08-2025
102369,3369,Tablet,Electronics,64039.59,3.0,10,North,Pending,Customer_310,22-03-2026
102370,3370,Milk,Groceries,90491.62,10.0,0,West,Cancelled,Customer_488,10-06-2025
102371,3371,Football,Sports,82939.11,1.0,20,South,Completed,Customer_184,04-09-2025
102372,3372,Football,Sports,89994.73,7.0,0,West,Pending,Customer_65,30-12-2025
102373,3373,Monitor,Electronics,12198.89,4.0,10,East,Completed,Customer_95,04-06-2025
102374,3374,Printer,Electronics,9612.44,10.0,5,South,Cancelled,Customer_317,20-08-2025
102375,3375,Coffee,Groceries,,1.0,5,East,Returned,Customer_51,21-01-2026
102376,3376,Desk,Furniture,84184.47,7.0,15,North,Cancelled,Customer_182,13-11-2025
102377,3377,Camera,Electronics,57978.77,10.0,0,East,Cancelled,Customer_373,11-08-2025
102378,3378,Sofa,Furniture,8376.09,7.0,20,North,Cancelled,Customer_170,21-01-2026
102379,3379,Shirt,Clothing,73418.3,4.0,0,East,Cancelled,Customer_101,17-04-2025
102380,3380,Camera,Electronics,97406.09,7.0,10,North,Cancelled,Customer_91,28-04-2026
102381,3381,Oil,Groceries,12589.66,10.0,10,West,Completed,Customer_209,17-03-2025
102382,3382,Cricket Bat,Sports,15672.38,4.0,15,West,Completed,Customer_198,05-05-2026
102383,3383,Bread,Groceries,33596.43,3.0,0,East,Pending,Customer_37,22-05-2025
102384,3384,Eggs,Groceries,64747.44,6.0,0,North,Cancelled,Customer_434,05-06-2025
102385,3385,Tennis Racket,Sports,19337.26,1.0,15,East,Pending,Customer_292,02-06-2025
102386,3386,Table,Furniture,20797.19,5.0,20,West,Returned,Customer_314,02-08-2025
102387,3387,Stool,Furniture,75521.08,9.0,20,South,Returned,Customer_212,17-12-2025
102388,3388,Cricket Bat,Sports,88250.23,6.0,5,North,Completed,Customer_51,09-10-2025
102389,3389,Printer,Electronics,80402.46,3.0,5,West,Returned,Customer_444,14-08-2025
102390,3390,T-Shirt,Clothing,80567.67,8.0,10,South,Pending,Customer_251,10-01-2026
102391,3391,Sugar,Groceries,93042.2,7.0,10,West,Cancelled,Customer_302,13-03-2026
102392,3392,Desk,Furniture,27940.34,10.0,0,North,Cancelled,Customer_209,22-05-2025
102393,3393,T-Shirt,Clothing,95861.53,10.0,10,West,Cancelled,Customer_440,23-04-2025
102394,3394,Chair,Furniture,86650.16,3.0,15,South,Pending,Customer_379,24-11-2025
102395,3395,Smartwatch,Electronics,44140.88,4.0,5,North,Pending,Customer_295,23-04-2025
102396,3396,Shirt,Clothing,86880.79,6.0,5,East,Returned,Customer_237,07-01-2025
102397,3397,Jacket,Clothing,97249.33,10.0,10,North,Cancelled,Customer_358,23-02-2025
102398,3398,Rice,Groceries,20440.82,10.0,15,South,Pending,Customer_99,01-04-2026
102399,3399,Chair,Furniture,92653.84,5.0,15,West,Returned,Customer_393,01-04-2026
102400,3400,Printer,Electronics,19793.32,4.0,20,West,Pending,Customer_3,26-04-2025
102401,3401,Keyboard,Electronics,88339.76,3.0,0,East,Cancelled,Customer_65,02-02-2026
102402,3402,Shoes,Clothing,20433.67,4.0,20,West,Completed,Customer_485,06-06-2026
102403,3403,Shelf,Furniture,49926.66,2.0,10,East,Cancelled,Customer_457,22-03-2026
102404,3404,Football,Sports,2500.28,6.0,0,North,Pending,Customer_75,25-09-2025
102405,3405,Tennis Racket,Sports,76383.42,2.0,10,North,Completed,Customer_40,21-04-2025
102406,3406,Jacket,Clothing,39211.29,8.0,0,North,Pending,Customer_488,21-06-2026
102407,3407,Helmet,Sports,63928.34,1.0,0,East,Completed,Customer_140,05-09-2025
102408,3408,Tablet,Electronics,40626.12,9.0,10,South,Completed,Customer_141,12-06-2026
102409,3409,Stool,Furniture,31098.4,6.0,0,North,Completed,Customer_473,17-02-2026
102410,3410,Tennis Racket,Sports,38205.17,8.0,15,East,Completed,Customer_47,08-02-2025
102411,3411,Stool,Furniture,79051.95,2.0,20,South,Returned,Customer_360,16-04-2025
102412,3412,Oil,Groceries,10759.64,9.0,20,West,Completed,Customer_44,27-04-2026
102413,3413,Coffee,Groceries,35689.16,9.0,15,North,Returned,Customer_446,12-02-2025
102414,3414,T-Shirt,Clothing,33350.66,9.0,10,North,Cancelled,Customer_217,02-12-2025
102415,3415,Milk,Groceries,54588.69,4.0,5,South,Cancelled,Customer_82,02-02-2026
102416,3416,Milk,Groceries,9517.01,8.0,10,East,Returned,Customer_220,12-05-2026
102417,3417,Football,Sports,,4.0,10,South,Pending,Customer_462,19-04-2026
102418,3418,Stool,Furniture,75419.58,7.0,5,East,Cancelled,Customer_36,15-01-2026
102419,3419,Keyboard,Electronics,32061.53,9.0,0,South,Completed,Customer_412,24-04-2026
102420,3420,Chair,Furniture,53563.57,10.0,0,West,Pending,Customer_285,20-06-2025
102421,3421,Coffee,Groceries,46967.36,2.0,10,South,Cancelled,Customer_66,08-05-2026
102422,3422,Badminton Racket,Sports,19922.11,10.0,0,South,Completed,Customer_25,25-05-2025
102423,3423,Jeans,Clothing,19426.87,5.0,0,East,Returned,Customer_435,03-04-2026
102424,3424,Oil,Groceries,75763.39,7.0,20,West,Completed,Customer_193,09-01-2026
102425,3425,Badminton Racket,Sports,35051.71,7.0,10,North,Returned,Customer_269,29-08-2025
102426,3426,Bed,Furniture,,1.0,5,South,Cancelled,Customer_484,22-05-2025
102427,3427,Sugar,Groceries,19708.04,8.0,5,South,Completed,Customer_297,19-03-2025
102428,3428,Jeans,Clothing,98409.03,1.0,10,West,Pending,Customer_216,21-02-2025
102429,3429,Tablet,Electronics,49334.89,10.0,10,North,Completed,Customer_23,12-03-2025
102430,3430,Milk,Groceries,41963.99,1.0,10,South,Cancelled,Customer_433,25-04-2026
102431,3431,Shoes,Clothing,45625.86,9.0,10,East,Pending,Customer_184,19-05-2026
102432,3432,Smartwatch,Electronics,18770.42,5.0,0,East,Returned,Customer_125,02-06-2026
102433,3433,Tea,Groceries,85321.07,4.0,5,North,Returned,Customer_355,23-05-2025
102434,3434,Tea,Groceries,36550.23,9.0,10,East,Pending,Customer_369,26-05-2026
102435,3435,Bed,Furniture,361.11,1.0,5,North,Returned,Customer_341,20-02-2025
102436,3436,Phone,Electronics,66687.32,7.0,20,North,Cancelled,Customer_144,02-08-2025
102437,3437,Stool,Furniture,87753.42,7.0,0,South,Pending,Customer_164,07-03-2026
102438,3438,Shelf,Furniture,59867.44,4.0,0,North,Completed,Customer_302,23-02-2025
102439,3439,Helmet,Sports,58905.56,2.0,0,East,Completed,Customer_89,24-06-2026
102440,3440,Cabinet,Furniture,69932.13,5.0,20,South,Completed,Customer_319,24-08-2025
102441,3441,Phone,Electronics,70657.08,8.0,15,West,Pending,Customer_274,26-01-2025
102442,3442,Cricket Bat,Sports,14119.02,3.0,0,East,Cancelled,Customer_400,15-04-2026
102443,3443,Shirt,Clothing,84695.74,6.0,0,North,Cancelled,Customer_349,06-08-2025
102444,3444,Chair,Furniture,86215.59,7.0,15,East,Pending,Customer_49,08-05-2025
102445,3445,Jeans,Clothing,66759.87,10.0,10,North,Completed,Customer_208,13-05-2026
102446,3446,Coffee,Groceries,69038.9,2.0,5,South,Returned,Customer_475,30-08-2025
102447,3447,Sugar,Groceries,2555.02,7.0,5,West,Returned,Customer_89,12-06-2025
102448,3448,Shelf,Furniture,43282.31,8.0,0,South,Returned,Customer_330,11-02-2026
102449,3449,Printer,Electronics,98952.1,6.0,20,North,Returned,Customer_150,05-09-2025
102450,3450,Shoes,Clothing,53592.52,3.0,15,West,Pending,Customer_223,27-11-2025
102451,3451,Badminton Racket,Sports,38080.17,1.0,20,East,Completed,Customer_163,31-01-2025
102452,3452,Phone,Electronics,12567.37,8.0,15,East,Returned,Customer_283,12-07-2025
102453,3453,Cricket Bat,Sports,95344.4,3.0,10,West,Cancelled,Customer_411,06-04-2025
102454,3454,Helmet,Sports,44195.98,2.0,15,North,Completed,Customer_447,05-01-2026
102455,3455,Laptop,Electronics,71868.09,3.0,5,West,Returned,Customer_179,20-04-2026
102456,3456,Monitor,Electronics,64291.79,,0,South,Cancelled,Customer_325,14-01-2025
102457,3457,Speaker,Electronics,39203.36,1.0,0,West,Cancelled,Customer_77,05-07-2025
102458,3458,Sofa,Furniture,85113.11,7.0,20,North,Returned,Customer_87,12-02-2025
102459,3459,Camera,Electronics,63929.97,1.0,5,West,Returned,Customer_72,23-09-2025
102460,3460,Badminton Racket,Sports,36411.66,8.0,10,North,Cancelled,Customer_254,05-04-2025
102461,3461,Jacket,Clothing,39163.72,10.0,15,East,Completed,Customer_369,25-01-2026
102462,3462,Badminton Racket,Sports,78919.68,6.0,10,South,Cancelled,Customer_170,09-03-2025
102463,3463,Shirt,Clothing,65566.11,9.0,15,East,Pending,Customer_342,02-10-2025
102464,3464,Football,Sports,78676.24,9.0,10,West,Pending,Customer_438,03-03-2026
102465,3465,Bread,Groceries,43474.24,7.0,5,South,Completed,Customer_441,17-04-2026
102466,3466,Sugar,Groceries,52500.04,1.0,10,South,Pending,Customer_396,23-02-2026
102467,3467,Helmet,Sports,21922.46,5.0,15,East,Completed,Customer_183,25-01-2025
102468,3468,Jacket,Clothing,79991.02,6.0,5,East,Returned,Customer_238,19-06-2025
102469,3469,Laptop,Electronics,45842.78,5.0,20,South,Completed,Customer_357,24-04-2026
102470,3470,Bread,Groceries,91476.36,8.0,20,East,Cancelled,Customer_326,20-12-2025
102471,3471,Monitor,Electronics,56266.59,1.0,20,East,Completed,Customer_182,09-02-2025
102472,3472,Chair,Furniture,30059.75,6.0,20,North,Cancelled,Customer_108,18-12-2025
102473,3473,Table,Furniture,14012.99,8.0,5,South,Returned,Customer_318,05-12-2025
102474,3474,Table,Furniture,79768.98,2.0,10,North,Cancelled,Customer_445,20-06-2025
102475,3475,Sugar,Groceries,18546.59,8.0,15,West,Pending,Customer_413,19-12-2025
102476,3476,Laptop,Electronics,52404.9,8.0,10,East,Cancelled,Customer_176,24-03-2025
102477,3477,Hoodie,Clothing,75684.24,1.0,0,South,Cancelled,Customer_49,22-03-2025
102478,3478,Eggs,Groceries,34467.6,6.0,15,North,Returned,Customer_70,01-05-2026
102479,3479,Table,Furniture,41631.74,4.0,0,South,Completed,Customer_342,22-11-2025
102480,3480,Sugar,Groceries,96335.94,3.0,0,South,Returned,Customer_15,11-06-2026
102481,3481,Shoes,Clothing,11940.98,,20,North,Returned,Customer_293,28-08-2025
102482,3482,Smartwatch,Electronics,83242.58,4.0,20,East,Completed,Customer_224,21-05-2026
102483,3483,Phone,Electronics,33625.13,6.0,20,South,Pending,Customer_469,05-03-2026
102484,3484,Bread,Groceries,67702.21,2.0,5,East,Pending,Customer_424,09-02-2025
102485,3485,Shoes,Clothing,34481.21,2.0,0,South,Cancelled,Customer_312,06-09-2025
102486,3486,Eggs,Groceries,36690.15,3.0,5,North,Pending,Customer_131,16-05-2025
102487,3487,Sugar,Groceries,76734.16,8.0,20,North,Completed,Customer_368,06-12-2025
102488,3488,Shoes,Clothing,2525.86,5.0,0,South,Cancelled,Customer_128,23-03-2026
102489,3489,Tennis Racket,Sports,22579.88,2.0,5,West,Returned,Customer_61,20-04-2025
102490,3490,T-Shirt,Clothing,40859.22,10.0,15,South,Returned,Customer_463,14-12-2025
102491,3491,Camera,Electronics,21441.58,3.0,5,North,Completed,Customer_375,31-05-2026
102492,3492,Bread,Groceries,82027.68,3.0,5,West,Completed,Customer_403,26-11-2025
102493,3493,Bread,Groceries,67971.8,7.0,0,East,Pending,Customer_290,11-06-2026
102494,3494,Coffee,Groceries,197.78,5.0,20,North,Cancelled,Customer_443,21-07-2025
102495,3495,Phone,Electronics,,1.0,0,South,Returned,Customer_381,18-06-2026
102496,3496,Stool,Furniture,55539.66,1.0,10,East,Completed,Customer_88,20-11-2025
102497,3497,Badminton Racket,Sports,45313.65,7.0,0,East,Completed,Customer_310,30-07-2025
102498,3498,Shirt,Clothing,68515.93,8.0,0,South,Pending,Customer_404,11-03-2026
102499,3499,Helmet,Sports,9716.2,2.0,5,West,Pending,Customer_37,19-02-2025
102500,3500,T-Shirt,Clothing,24444.07,5.0,10,South,Pending,Customer_2,11-04-2025
102501,3501,Desk,Furniture,36230.04,4.0,5,North,Returned,Customer_268,05-05-2025
102502,3502,Bread,Groceries,41592.06,1.0,0,West,Pending,Customer_378,25-01-2026
102503,3503,Cricket Bat,Sports,46639.08,9.0,15,West,Returned,Customer_95,17-02-2025
102504,3504,Laptop,Electronics,35423.46,2.0,0,West,Completed,Customer_234,27-04-2025
102505,3505,Bread,Groceries,26972.53,6.0,20,East,Completed,Customer_93,10-08-2025
102506,3506,Rice,Groceries,52955.72,2.0,20,North,Cancelled,Customer_409,08-11-2025
102507,3507,Jacket,Clothing,93480.54,7.0,15,East,Cancelled,Customer_200,28-04-2025
102508,3508,Football,Sports,45406.6,8.0,0,West,Pending,Customer_434,12-03-2026
102509,3509,Cabinet,Furniture,40139.12,3.0,15,West,Pending,Customer_482,26-01-2025
102510,3510,Jacket,Clothing,49492.45,8.0,20,West,Cancelled,Customer_422,17-02-2025
102511,3511,Desk,Furniture,21819.8,5.0,10,East,Returned,Customer_454,26-01-2026
102512,3512,Stool,Furniture,,4.0,0,North,Returned,Customer_214,10-04-2025
102513,3513,Jeans,Clothing,62658.33,2.0,5,North,Returned,Customer_273,08-03-2026
102514,3514,Shelf,Furniture,26266.99,1.0,15,West,Returned,Customer_475,23-01-2025
102515,3515,Shelf,Furniture,,4.0,5,West,Pending,Customer_206,21-08-2025
102516,3516,Tablet,Electronics,57707.65,3.0,20,North,Pending,Customer_248,01-03-2025
102517,3517,Sugar,Groceries,59871.18,5.0,0,West,Pending,Customer_297,07-04-2025
102518,3518,Speaker,Electronics,45221.1,3.0,0,South,Completed,Customer_45,27-04-2025
102519,3519,Tea,Groceries,65235.16,8.0,20,East,Returned,Customer_458,19-10-2025
102520,3520,Helmet,Sports,44934.69,10.0,5,North,Returned,Customer_64,24-04-2025
102521,3521,Shoes,Clothing,85381.36,6.0,0,North,Completed,Customer_222,20-03-2025
102522,3522,Bread,Groceries,63221.07,6.0,15,South,Completed,Customer_87,18-04-2026
102523,3523,Jacket,Clothing,44918.27,3.0,0,West,Cancelled,Customer_312,25-02-2026
102524,3524,Stool,Furniture,91394.21,9.0,5,North,Returned,Customer_272,20-06-2025
102525,3525,Mouse,Electronics,76384.62,1.0,15,East,Pending,Customer_408,25-06-2025
102526,3526,Printer,Electronics,22258.16,4.0,5,North,Returned,Customer_315,24-06-2026
102527,3527,Jacket,Clothing,57881.73,1.0,0,South,Returned,Customer_345,17-06-2025
102528,3528,Tennis Racket,Sports,74998.53,6.0,5,East,Returned,Customer_463,29-08-2025
102529,3529,Helmet,Sports,54861.06,2.0,5,South,Pending,Customer_467,26-11-2025
102530,3530,T-Shirt,Clothing,43850.74,5.0,5,East,Completed,Customer_323,18-09-2025
102531,3531,Tea,Groceries,89813.23,2.0,5,West,Completed,Customer_63,09-02-2026
102532,3532,Bed,Furniture,35864.95,2.0,20,East,Cancelled,Customer_120,07-04-2025
102533,3533,Shirt,Clothing,21841.04,,15,West,Cancelled,Customer_397,17-02-2025
102534,3534,Badminton Racket,Sports,69606.78,5.0,20,West,Pending,Customer_323,12-10-2025
102535,3535,Speaker,Electronics,98528.62,10.0,0,West,Returned,Customer_326,12-07-2025
102536,3536,Hoodie,Clothing,94576.23,2.0,0,South,Pending,Customer_494,27-04-2026
102537,3537,Shelf,Furniture,45336.84,8.0,5,East,Completed,Customer_362,04-07-2025
102538,3538,Jeans,Clothing,65080.58,3.0,0,South,Completed,Customer_211,09-09-2025
102539,3539,Sofa,Furniture,43444.56,5.0,20,North,Cancelled,Customer_149,02-10-2025
102540,3540,Bed,Furniture,76101.85,9.0,0,South,Cancelled,Customer_126,12-01-2026
102541,3541,Smartwatch,Electronics,30834.27,7.0,0,North,Returned,Customer_337,08-03-2025
102542,3542,Shirt,Clothing,98970.37,1.0,0,East,Returned,Customer_180,17-07-2025
102543,3543,Helmet,Sports,62042.12,2.0,10,East,Pending,Customer_154,29-11-2025
102544,3544,Smartwatch,Electronics,5674.67,3.0,0,North,Pending,Customer_163,28-01-2026
102545,3545,Shoes,Clothing,26790.06,10.0,5,South,Returned,Customer_196,26-01-2026
102546,3546,Tea,Groceries,60034.84,3.0,20,West,Completed,Customer_292,14-09-2025
102547,3547,Mouse,Electronics,62548.74,9.0,0,South,Cancelled,Customer_65,15-10-2025
102548,3548,Bed,Furniture,319.84,7.0,5,East,Returned,Customer_98,26-07-2025
102549,3549,Hoodie,Clothing,51787.49,10.0,5,West,Cancelled,Customer_53,24-06-2026
102550,3550,Tea,Groceries,90262.73,5.0,10,East,Pending,Customer_146,13-09-2025
102551,3551,Football,Sports,38433.53,10.0,10,North,Returned,Customer_138,29-07-2025
102552,3552,T-Shirt,Clothing,57804.01,6.0,20,East,Cancelled,Customer_451,07-05-2026
102553,3553,Monitor,Electronics,56974.89,10.0,10,South,Cancelled,Customer_308,09-04-2025
102554,3554,Tea,Groceries,32880.92,5.0,20,South,Completed,Customer_20,15-12-2025
102555,3555,Jeans,Clothing,55092.83,8.0,10,West,Returned,Customer_265,21-03-2026
102556,3556,Coffee,Groceries,58945.38,10.0,15,North,Returned,Customer_359,23-01-2025
102557,3557,Rice,Groceries,8591.85,5.0,0,North,Pending,Customer_409,21-06-2026
102558,3558,Hoodie,Clothing,93240.98,8.0,10,West,Returned,Customer_373,30-11-2025
102559,3559,Tablet,Electronics,7749.7,9.0,0,West,Returned,Customer_340,27-10-2025
102560,3560,Shoes,Clothing,88693.16,3.0,10,West,Cancelled,Customer_10,12-10-2025
102561,3561,T-Shirt,Clothing,64606.73,7.0,5,West,Cancelled,Customer_160,16-02-2025
102562,3562,Bed,Furniture,90133.98,9.0,20,South,Cancelled,Customer_411,02-04-2026
102563,3563,Phone,Electronics,95900.7,3.0,5,East,Returned,Customer_220,26-06-2025
102564,3564,Eggs,Groceries,51464.81,2.0,5,East,Pending,Customer_389,21-02-2026
102565,3565,Cricket Bat,Sports,67150.2,4.0,0,North,Completed,Customer_395,23-03-2025
102566,3566,Stool,Furniture,54972.22,7.0,20,South,Completed,Customer_389,29-10-2025
102567,3567,Tennis Racket,Sports,14828.23,8.0,15,North,Pending,Customer_199,02-12-2025
102568,3568,Milk,Groceries,5255.39,4.0,10,East,Pending,Customer_322,22-09-2025
102569,3569,Tea,Groceries,74746.12,4.0,5,South,Pending,Customer_190,27-03-2026
102570,3570,Oil,Groceries,47730.1,1.0,0,West,Cancelled,Customer_144,01-01-2026
102571,3571,Coffee,Groceries,88625.58,3.0,15,South,Returned,Customer_228,17-11-2025
102572,3572,Speaker,Electronics,61463.9,9.0,15,East,Returned,Customer_495,19-01-2026
102573,3573,Tennis Racket,Sports,68445.42,4.0,10,South,Cancelled,Customer_435,14-07-2025
102574,3574,Coffee,Groceries,78742.43,1.0,15,West,Returned,Customer_215,02-05-2026
102575,3575,T-Shirt,Clothing,26587.33,3.0,15,West,Cancelled,Customer_42,12-11-2025
102576,3576,Badminton Racket,Sports,35138.15,5.0,15,South,Pending,Customer_31,01-03-2025
102577,3577,Laptop,Electronics,57140.44,5.0,10,West,Cancelled,Customer_372,03-06-2026
102578,3578,Sofa,Furniture,74512.03,5.0,10,West,Cancelled,Customer_126,17-12-2025
102579,3579,Sofa,Furniture,86505.43,3.0,0,North,Completed,Customer_134,23-04-2026
102580,3580,Smartwatch,Electronics,73712.56,2.0,10,East,Returned,Customer_40,22-03-2025
102581,3581,Gloves,Sports,76561.79,9.0,10,North,Completed,Customer_281,15-04-2025
102582,3582,Shoes,Clothing,21582.14,8.0,15,North,Cancelled,Customer_374,10-11-2025
102583,3583,Coffee,Groceries,42562.52,2.0,15,West,Completed,Customer_144,18-04-2026
102584,3584,Badminton Racket,Sports,40049.54,7.0,20,North,Cancelled,Customer_365,17-05-2025
102585,3585,Shirt,Clothing,34375.04,,20,North,Cancelled,Customer_368,18-06-2025
102586,3586,Sofa,Furniture,460.53,3.0,15,East,Completed,Customer_162,12-10-2025
102587,3587,Bread,Groceries,62351.86,7.0,10,North,Cancelled,Customer_35,10-08-2025
102588,3588,Speaker,Electronics,38916.12,1.0,5,South,Completed,Customer_130,10-04-2026
102589,3589,Tennis Racket,Sports,16849.2,8.0,5,North,Pending,Customer_168,26-09-2025
102590,3590,T-Shirt,Clothing,1767.03,3.0,20,West,Pending,Customer_430,01-01-2026
102591,3591,Speaker,Electronics,91586.09,7.0,15,West,Cancelled,Customer_49,28-07-2025
102592,3592,Monitor,Electronics,91875.46,2.0,5,East,Cancelled,Customer_101,01-10-2025
102593,3593,Sugar,Groceries,53497.72,2.0,20,East,Pending,Customer_356,02-05-2025
102594,3594,Sugar,Groceries,34438.35,10.0,20,East,Completed,Customer_470,24-06-2025
102595,3595,Badminton Racket,Sports,33096.18,9.0,0,West,Returned,Customer_177,02-07-2025
102596,3596,Sofa,Furniture,94252.16,2.0,20,North,Completed,Customer_375,26-02-2025
102597,3597,Table,Furniture,81930.51,7.0,20,South,Cancelled,Customer_469,10-06-2025
102598,3598,Smartwatch,Electronics,87642.53,10.0,0,North,Pending,Customer_33,12-06-2026
102599,3599,Jeans,Clothing,47270.97,4.0,10,West,Completed,Customer_101,13-09-2025
102600,3600,Tablet,Electronics,88277.12,6.0,0,East,Pending,Customer_20,14-07-2025
102601,3601,Phone,Electronics,29753.57,8.0,0,North,Returned,Customer_185,07-11-2025
102602,3602,Jacket,Clothing,45716.19,7.0,10,East,Completed,Customer_401,08-07-2025
102603,3603,Helmet,Sports,9918.22,7.0,20,East,Cancelled,Customer_79,26-02-2025
102604,3604,Eggs,Groceries,68475.15,10.0,0,West,Completed,Customer_470,27-01-2026
102605,3605,Oil,Groceries,1825.21,9.0,10,South,Completed,Customer_208,25-05-2025
102606,3606,Milk,Groceries,15279.3,2.0,15,South,Returned,Customer_428,26-01-2026
102607,3607,Chair,Furniture,52954.91,5.0,0,North,Completed,Customer_177,24-08-2025
102608,3608,Cabinet,Furniture,49278.43,3.0,5,South,Pending,Customer_16,17-02-2025
102609,3609,Eggs,Groceries,55929.79,10.0,5,West,Completed,Customer_75,25-12-2025
102610,3610,Phone,Electronics,33534.24,1.0,0,South,Returned,Customer_9,25-01-2026
102611,3611,Phone,Electronics,55286.57,3.0,10,North,Returned,Customer_401,03-01-2026
102612,3612,Shirt,Clothing,26422.65,7.0,10,North,Completed,Customer_132,27-03-2025
102613,3613,Gloves,Sports,58483.92,6.0,10,South,Completed,Customer_49,03-02-2026
102614,3614,Hoodie,Clothing,84115.66,7.0,20,West,Returned,Customer_373,26-01-2026
102615,3615,Shirt,Clothing,69755.97,10.0,5,West,Completed,Customer_214,12-05-2025
102616,3616,Chair,Furniture,88483.62,2.0,20,West,Completed,Customer_473,14-10-2025
102617,3617,Eggs,Groceries,66574.37,8.0,20,North,Pending,Customer_261,18-01-2025
102618,3618,Cabinet,Furniture,12213.19,5.0,10,South,Pending,Customer_487,24-10-2025
102619,3619,T-Shirt,Clothing,58953.22,2.0,0,East,Pending,Customer_158,28-03-2026
102620,3620,Sofa,Furniture,58893.54,2.0,5,North,Cancelled,Customer_374,15-08-2025
102621,3621,Shelf,Furniture,49393.1,9.0,20,West,Returned,Customer_428,06-12-2025
102622,3622,Milk,Groceries,59340.82,3.0,20,South,Pending,Customer_270,18-06-2025
102623,3623,Cricket Bat,Sports,76037.64,2.0,10,South,Completed,Customer_224,07-06-2026
102624,3624,Tennis Racket,Sports,42766.68,5.0,15,West,Returned,Customer_258,19-01-2025
102625,3625,Badminton Racket,Sports,27926.33,9.0,10,East,Returned,Customer_172,31-05-2025
102626,3626,Monitor,Electronics,35805.68,4.0,10,East,Pending,Customer_473,31-05-2026
102627,3627,Badminton Racket,Sports,27526.34,8.0,0,East,Returned,Customer_351,10-06-2025
102628,3628,Coffee,Groceries,32390.73,2.0,20,West,Returned,Customer_132,09-12-2025
102629,3629,Bed,Furniture,61351.54,6.0,10,West,Cancelled,Customer_455,25-04-2025
102630,3630,Badminton Racket,Sports,44115.91,10.0,0,North,Pending,Customer_180,01-06-2026
102631,3631,Chair,Furniture,83523.52,7.0,0,East,Returned,Customer_334,08-06-2025
102632,3632,Bed,Furniture,14543.89,9.0,5,East,Pending,Customer_246,26-01-2026
102633,3633,Rice,Groceries,56815.79,9.0,0,North,Completed,Customer_141,09-01-2025
102634,3634,Sofa,Furniture,,9.0,10,South,Returned,Customer_383,05-09-2025
102635,3635,Shoes,Clothing,39973.28,8.0,10,East,Returned,Customer_451,17-01-2025
102636,3636,Jeans,Clothing,58618.48,7.0,15,East,Returned,Customer_325,22-05-2025
102637,3637,Milk,Groceries,4902.97,6.0,10,North,Completed,Customer_307,06-06-2025
102638,3638,Tennis Racket,Sports,40935.93,3.0,0,South,Completed,Customer_451,01-01-2026
102639,3639,Hoodie,Clothing,88618.08,4.0,15,West,Cancelled,Customer_448,24-11-2025
102640,3640,Football,Sports,9025.15,3.0,5,East,Returned,Customer_245,09-06-2026
102641,3641,Jacket,Clothing,74863.99,1.0,0,West,Cancelled,Customer_43,13-04-2025
102642,3642,Helmet,Sports,6560.94,8.0,20,East,Cancelled,Customer_50,11-11-2025
102643,3643,Football,Sports,33971.42,2.0,20,South,Pending,Customer_265,11-12-2025
102644,3644,Badminton Racket,Sports,27284.12,8.0,10,North,Returned,Customer_10,06-01-2026
102645,3645,Jacket,Clothing,72555.89,5.0,10,South,Returned,Customer_275,28-04-2026
102646,3646,Oil,Groceries,33694.93,7.0,5,North,Cancelled,Customer_394,25-02-2025
102647,3647,Tea,Groceries,94666.24,4.0,5,East,Returned,Customer_239,08-05-2025
102648,3648,Laptop,Electronics,11068.0,6.0,5,East,Cancelled,Customer_124,15-03-2025
102649,3649,Hoodie,Clothing,53702.31,3.0,15,East,Returned,Customer_131,17-04-2025
102650,3650,Cabinet,Furniture,27109.31,8.0,10,East,Returned,Customer_110,18-11-2025
102651,3651,Sofa,Furniture,86084.27,9.0,20,North,Cancelled,Customer_249,05-11-2025
102652,3652,Sugar,Groceries,92803.81,2.0,5,East,Completed,Customer_398,18-07-2025
102653,3653,Milk,Groceries,23909.78,5.0,15,North,Cancelled,Customer_206,01-04-2026
102654,3654,Phone,Electronics,72980.38,8.0,5,East,Completed,Customer_285,24-12-2025
102655,3655,Shoes,Clothing,34070.56,1.0,10,East,Returned,Customer_19,06-05-2025
102656,3656,Rice,Groceries,19177.25,7.0,10,North,Completed,Customer_389,18-04-2025
102657,3657,Rice,Groceries,94017.71,8.0,20,North,Returned,Customer_279,19-03-2026
102658,3658,Football,Sports,94421.51,6.0,5,North,Cancelled,Customer_297,31-08-2025
102659,3659,Helmet,Sports,42479.63,7.0,5,West,Returned,Customer_123,12-01-2026
102660,3660,Hoodie,Clothing,52766.1,7.0,5,South,Pending,Customer_139,29-03-2025
102661,3661,Sofa,Furniture,80104.46,2.0,0,East,Pending,Customer_25,25-04-2026
102662,3662,Jeans,Clothing,49300.64,5.0,15,South,Cancelled,Customer_246,28-02-2026
102663,3663,Oil,Groceries,95074.34,5.0,0,North,Returned,Customer_345,22-08-2025
102664,3664,Hoodie,Clothing,43751.6,6.0,0,South,Cancelled,Customer_93,02-03-2026
102665,3665,Stool,Furniture,80996.83,5.0,5,West,Returned,Customer_481,17-04-2025
102666,3666,Keyboard,Electronics,67254.69,4.0,10,South,Cancelled,Customer_444,12-06-2025
102667,3667,Oil,Groceries,92334.96,10.0,20,South,Cancelled,Customer_415,10-11-2025
102668,3668,Sugar,Groceries,45205.34,5.0,10,South,Pending,Customer_192,21-11-2025
102669,3669,Jacket,Clothing,92460.98,2.0,20,East,Completed,Customer_110,27-01-2026
102670,3670,Bread,Groceries,51169.82,1.0,5,North,Pending,Customer_228,16-03-2026
102671,3671,Tennis Racket,Sports,78054.26,9.0,15,North,Cancelled,Customer_196,18-05-2025
102672,3672,Chair,Furniture,94617.25,5.0,5,East,Cancelled,Customer_500,03-03-2025
102673,3673,Mouse,Electronics,18539.95,3.0,0,South,Completed,Customer_261,09-05-2026
102674,3674,Eggs,Groceries,46924.41,8.0,15,West,Returned,Customer_56,31-08-2025
102675,3675,Tea,Groceries,14523.68,10.0,15,North,Returned,Customer_95,07-04-2025
102676,3676,Milk,Groceries,4275.48,9.0,20,North,Cancelled,Customer_53,29-05-2026
102677,3677,Bread,Groceries,4567.14,3.0,10,West,Cancelled,Customer_315,16-03-2026
102678,3678,Eggs,Groceries,11007.91,10.0,5,North,Returned,Customer_402,14-09-2025
102679,3679,Cricket Bat,Sports,96529.09,8.0,5,East,Completed,Customer_362,07-04-2026
102680,3680,Mouse,Electronics,55275.91,6.0,15,South,Returned,Customer_238,12-01-2025
102681,3681,Eggs,Groceries,17597.64,6.0,5,West,Pending,Customer_400,16-12-2025
102682,3682,Shelf,Furniture,79609.44,3.0,0,West,Cancelled,Customer_406,10-10-2025
102683,3683,Cricket Bat,Sports,14242.3,10.0,10,South,Cancelled,Customer_99,26-03-2025
102684,3684,Printer,Electronics,36272.57,4.0,0,West,Cancelled,Customer_174,17-09-2025
102685,3685,Bread,Groceries,77171.68,6.0,0,East,Completed,Customer_465,01-04-2025
102686,3686,Sofa,Furniture,19020.89,10.0,20,West,Completed,Customer_478,14-08-2025
102687,3687,Shoes,Clothing,45434.2,8.0,15,North,Pending,Customer_17,20-12-2025
102688,3688,Coffee,Groceries,90764.71,10.0,15,North,Cancelled,Customer_48,06-02-2026
102689,3689,Shoes,Clothing,80934.22,9.0,15,West,Cancelled,Customer_60,10-04-2026
102690,3690,Coffee,Groceries,46532.34,,10,South,Cancelled,Customer_167,11-04-2026
102691,3691,Table,Furniture,63941.37,8.0,5,South,Cancelled,Customer_298,07-03-2026
102692,3692,Sugar,Groceries,91249.65,8.0,10,North,Completed,Customer_155,15-10-2025
102693,3693,Cricket Bat,Sports,58706.2,8.0,0,North,Cancelled,Customer_199,21-01-2025
102694,3694,Jacket,Clothing,16303.57,1.0,20,East,Cancelled,Customer_412,04-05-2026
102695,3695,Oil,Groceries,10608.1,1.0,15,West,Cancelled,Customer_452,06-04-2026
102696,3696,Jacket,Clothing,67393.73,6.0,20,West,Pending,Customer_86,01-02-2026
102697,3697,Football,Sports,29674.72,6.0,0,South,Completed,Customer_312,04-06-2026
102698,3698,Hoodie,Clothing,38084.54,,15,West,Pending,Customer_473,22-02-2026
102699,3699,Monitor,Electronics,51988.36,7.0,20,West,Returned,Customer_456,13-04-2026
102700,3700,Sugar,Groceries,46891.9,4.0,15,South,Returned,Customer_115,24-05-2026
102701,3701,Milk,Groceries,87946.24,8.0,0,West,Pending,Customer_184,07-05-2025
102702,3702,Shelf,Furniture,17321.89,1.0,5,East,Pending,Customer_84,26-08-2025
102703,3703,Sofa,Furniture,5283.39,3.0,5,East,Cancelled,Customer_195,24-01-2025
102704,3704,Rice,Groceries,83468.4,7.0,5,North,Returned,Customer_314,19-12-2025
102705,3705,Sofa,Furniture,34168.25,9.0,5,East,Completed,Customer_70,02-06-2026
102706,3706,Jeans,Clothing,48291.18,1.0,10,East,Cancelled,Customer_148,06-05-2026
102707,3707,Jeans,Clothing,10752.72,10.0,20,North,Cancelled,Customer_86,06-01-2026
102708,3708,Jacket,Clothing,90460.98,9.0,15,West,Cancelled,Customer_497,16-05-2025
102709,3709,Jacket,Clothing,80091.37,8.0,15,West,Returned,Customer_15,04-07-2025
102710,3710,Monitor,Electronics,72238.46,3.0,0,West,Completed,Customer_462,06-04-2025
102711,3711,Gloves,Sports,90366.34,9.0,5,South,Returned,Customer_290,22-06-2026
102712,3712,Milk,Groceries,91976.59,9.0,0,East,Pending,Customer_413,14-11-2025
102713,3713,Tennis Racket,Sports,79740.63,3.0,20,West,Cancelled,Customer_154,28-04-2025
102714,3714,Rice,Groceries,23522.03,3.0,15,North,Completed,Customer_166,22-03-2025
102715,3715,Keyboard,Electronics,52754.4,5.0,0,South,Pending,Customer_375,04-01-2025
102716,3716,Camera,Electronics,36149.15,6.0,10,West,Pending,Customer_338,11-03-2025
102717,3717,Phone,Electronics,40638.5,3.0,0,North,Cancelled,Customer_88,20-02-2026
102718,3718,Badminton Racket,Sports,25360.95,3.0,15,North,Returned,Customer_274,16-12-2025
102719,3719,Hoodie,Clothing,54331.01,4.0,10,West,Pending,Customer_462,01-09-2025
102720,3720,Football,Sports,39849.85,1.0,10,East,Returned,Customer_305,07-06-2025
102721,3721,Desk,Furniture,40193.46,2.0,10,North,Returned,Customer_4,08-04-2025
102722,3722,T-Shirt,Clothing,72264.45,10.0,15,South,Completed,Customer_317,13-05-2025
102723,3723,T-Shirt,Clothing,57188.58,1.0,20,East,Pending,Customer_122,21-08-2025
102724,3724,Stool,Furniture,84193.54,5.0,15,East,Pending,Customer_304,16-04-2025
102725,3725,Shoes,Clothing,96470.18,6.0,0,West,Pending,Customer_411,31-03-2026
102726,3726,Phone,Electronics,60194.04,1.0,15,East,Completed,Customer_406,14-11-2025
102727,3727,Bed,Furniture,56172.71,8.0,5,West,Pending,Customer_178,23-03-2025
102728,3728,Helmet,Sports,23849.69,2.0,15,West,Pending,Customer_389,21-03-2026
102729,3729,Coffee,Groceries,17267.92,5.0,5,East,Cancelled,Customer_319,19-04-2026
102730,3730,Badminton Racket,Sports,16562.61,7.0,15,East,Pending,Customer_458,15-06-2026
102731,3731,Keyboard,Electronics,61377.0,10.0,10,North,Cancelled,Customer_65,28-10-2025
102732,3732,Tea,Groceries,96104.77,1.0,0,North,Returned,Customer_358,29-12-2025
102733,3733,Bread,Groceries,47840.44,3.0,15,South,Pending,Customer_188,25-09-2025
102734,3734,Football,Sports,92291.99,4.0,0,North,Cancelled,Customer_473,02-03-2025
102735,3735,Tablet,Electronics,14916.02,4.0,15,South,Pending,Customer_203,15-11-2025
102736,3736,Phone,Electronics,49185.1,6.0,0,North,Completed,Customer_268,30-09-2025
102737,3737,Sofa,Furniture,21821.02,6.0,10,West,Cancelled,Customer_84,11-06-2025
102738,3738,Helmet,Sports,63773.41,6.0,15,West,Completed,Customer_181,13-09-2025
102739,3739,Cricket Bat,Sports,78985.43,3.0,10,West,Pending,Customer_207,29-11-2025
102740,3740,Laptop,Electronics,71998.32,,0,North,Returned,Customer_154,10-04-2026
102741,3741,Oil,Groceries,86480.06,5.0,15,South,Cancelled,Customer_163,24-09-2025
102742,3742,Phone,Electronics,17686.01,4.0,20,South,Completed,Customer_377,20-03-2026
102743,3743,Sugar,Groceries,81161.34,5.0,5,East,Pending,Customer_351,14-02-2026
102744,3744,Cricket Bat,Sports,27789.94,4.0,5,East,Pending,Customer_263,26-04-2026
102745,3745,Gloves,Sports,22320.97,8.0,20,North,Pending,Customer_127,21-01-2025
102746,3746,Bread,Groceries,27795.7,4.0,5,North,Pending,Customer_118,10-03-2026
102747,3747,T-Shirt,Clothing,84528.87,3.0,10,North,Cancelled,Customer_98,15-04-2026
102748,3748,Chair,Furniture,24248.58,6.0,15,North,Pending,Customer_128,16-05-2025
102749,3749,T-Shirt,Clothing,81903.47,8.0,10,East,Returned,Customer_28,01-10-2025
102750,3750,Phone,Electronics,15273.36,5.0,0,North,Pending,Customer_191,17-01-2026
102751,3751,Keyboard,Electronics,32142.12,9.0,15,North,Completed,Customer_433,13-09-2025
102752,3752,T-Shirt,Clothing,34994.72,4.0,10,North,Returned,Customer_57,08-12-2025
102753,3753,Sugar,Groceries,35858.44,2.0,5,South,Pending,Customer_143,24-02-2026
102754,3754,Chair,Furniture,84005.57,7.0,0,East,Returned,Customer_122,20-11-2025
102755,3755,Chair,Furniture,87412.68,1.0,10,North,Cancelled,Customer_79,26-02-2025
102756,3756,Shoes,Clothing,56281.46,7.0,15,West,Returned,Customer_450,21-03-2025
102757,3757,Jeans,Clothing,68615.28,7.0,0,North,Completed,Customer_23,22-03-2025
102758,3758,Shirt,Clothing,73300.14,1.0,15,North,Pending,Customer_20,15-10-2025
102759,3759,Oil,Groceries,38648.79,4.0,20,West,Cancelled,Customer_46,25-06-2026
102760,3760,Shirt,Clothing,93103.27,1.0,20,West,Cancelled,Customer_205,14-06-2025
102761,3761,Coffee,Groceries,,1.0,15,South,Completed,Customer_371,25-04-2025
102762,3762,Shirt,Clothing,15518.35,4.0,10,North,Returned,Customer_265,17-08-2025
102763,3763,Speaker,Electronics,22272.32,7.0,20,East,Completed,Customer_329,19-09-2025
102764,3764,Jacket,Clothing,60795.73,4.0,10,West,Returned,Customer_135,06-02-2025
102765,3765,Tea,Groceries,52732.83,7.0,20,East,Returned,Customer_458,14-04-2025
102766,3766,Printer,Electronics,30501.76,7.0,10,West,Pending,Customer_156,12-09-2025
102767,3767,Speaker,Electronics,4976.57,8.0,0,North,Pending,Customer_179,21-12-2025
102768,3768,Sugar,Groceries,75866.33,4.0,15,West,Pending,Customer_10,24-07-2025
102769,3769,Printer,Electronics,49563.39,9.0,5,West,Completed,Customer_191,17-10-2025
102770,3770,Badminton Racket,Sports,67362.44,1.0,0,South,Cancelled,Customer_490,25-10-2025
102771,3771,Jacket,Clothing,2475.13,1.0,0,North,Pending,Customer_291,23-05-2026
102772,3772,Coffee,Groceries,23766.47,9.0,0,West,Pending,Customer_7,27-07-2025
102773,3773,Jeans,Clothing,52662.58,1.0,10,South,Cancelled,Customer_81,11-11-2025
102774,3774,Football,Sports,98592.99,8.0,0,West,Returned,Customer_161,05-10-2025
102775,3775,Tea,Groceries,15345.13,10.0,0,West,Pending,Customer_75,11-12-2025
102776,3776,Stool,Furniture,77821.11,7.0,5,North,Pending,Customer_115,21-10-2025
102777,3777,Tablet,Electronics,38285.94,8.0,0,South,Cancelled,Customer_41,13-01-2026
102778,3778,Helmet,Sports,73684.23,5.0,5,North,Cancelled,Customer_36,27-02-2026
102779,3779,Tea,Groceries,4440.11,9.0,5,South,Returned,Customer_270,28-10-2025
102780,3780,Shirt,Clothing,63525.07,1.0,5,West,Completed,Customer_168,24-05-2025
102781,3781,Tea,Groceries,61188.74,9.0,10,East,Cancelled,Customer_80,16-01-2025
102782,3782,Desk,Furniture,79944.55,5.0,20,West,Pending,Customer_371,14-03-2025
102783,3783,Stool,Furniture,23547.08,2.0,0,North,Completed,Customer_357,06-06-2025
102784,3784,Tea,Groceries,63166.72,2.0,20,South,Returned,Customer_4,28-01-2026
102785,3785,Laptop,Electronics,26443.06,2.0,0,North,Pending,Customer_376,19-11-2025
102786,3786,Milk,Groceries,88850.25,8.0,5,East,Completed,Customer_497,16-02-2025
102787,3787,Bed,Furniture,7941.35,2.0,0,North,Completed,Customer_160,10-01-2025
102788,3788,T-Shirt,Clothing,69771.02,4.0,15,North,Cancelled,Customer_160,07-04-2026
102789,3789,Speaker,Electronics,36179.73,1.0,0,West,Returned,Customer_52,31-10-2025
102790,3790,Badminton Racket,Sports,52704.05,2.0,10,West,Cancelled,Customer_162,01-05-2026
102791,3791,Desk,Furniture,45826.69,8.0,15,East,Completed,Customer_114,08-08-2025
102792,3792,Eggs,Groceries,25901.3,10.0,15,North,Pending,Customer_127,20-04-2025
102793,3793,Shelf,Furniture,74804.62,10.0,15,East,Completed,Customer_3,30-01-2026
102794,3794,Monitor,Electronics,16866.19,8.0,20,North,Cancelled,Customer_251,11-02-2026
102795,3795,Table,Furniture,68575.97,1.0,20,West,Cancelled,Customer_152,21-02-2026
102796,3796,Keyboard,Electronics,32279.7,7.0,0,North,Cancelled,Customer_226,25-10-2025
102797,3797,Badminton Racket,Sports,46441.53,5.0,20,East,Cancelled,Customer_265,13-03-2025
102798,3798,Rice,Groceries,89828.49,4.0,0,West,Returned,Customer_3,15-03-2025
102799,3799,Coffee,Groceries,94973.45,4.0,10,South,Pending,Customer_418,07-02-2025
102800,3800,Oil,Groceries,11153.74,2.0,15,North,Completed,Customer_143,25-01-2025
102801,3801,Table,Furniture,26878.15,5.0,10,East,Returned,Customer_230,14-10-2025
102802,3802,Sofa,Furniture,23406.02,9.0,15,East,Cancelled,Customer_482,15-06-2025
102803,3803,Table,Furniture,48056.49,1.0,10,South,Completed,Customer_449,26-02-2025
102804,3804,Shoes,Clothing,69503.71,10.0,15,East,Pending,Customer_369,31-01-2026
102805,3805,Smartwatch,Electronics,47814.49,8.0,5,East,Returned,Customer_356,08-06-2025
102806,3806,Shoes,Clothing,49581.46,3.0,20,East,Returned,Customer_440,04-12-2025
102807,3807,Desk,Furniture,86589.1,7.0,10,North,Pending,Customer_141,25-07-2025
102808,3808,Camera,Electronics,91749.36,7.0,0,East,Cancelled,Customer_287,14-04-2025
102809,3809,Bread,Groceries,82493.18,8.0,0,West,Pending,Customer_174,26-01-2025
102810,3810,Bread,Groceries,93452.83,6.0,15,South,Returned,Customer_8,15-04-2025
102811,3811,Hoodie,Clothing,97720.31,,5,South,Cancelled,Customer_339,16-05-2025
102812,3812,Oil,Groceries,72457.43,7.0,5,East,Cancelled,Customer_65,26-02-2025
102813,3813,T-Shirt,Clothing,62151.68,3.0,0,North,Completed,Customer_342,26-02-2025
102814,3814,Tablet,Electronics,42470.83,7.0,5,East,Cancelled,Customer_496,11-06-2026
102815,3815,Keyboard,Electronics,,4.0,20,South,Pending,Customer_272,07-11-2025
102816,3816,Rice,Groceries,76439.79,9.0,5,South,Completed,Customer_32,28-09-2025
102817,3817,Shoes,Clothing,12574.41,8.0,15,East,Cancelled,Customer_372,06-03-2026
102818,3818,Smartwatch,Electronics,13936.44,2.0,5,South,Completed,Customer_211,07-08-2025
102819,3819,Speaker,Electronics,72750.78,7.0,15,North,Pending,Customer_425,30-01-2025
102820,3820,Sofa,Furniture,41404.65,2.0,5,West,Pending,Customer_163,09-03-2025
102821,3821,Coffee,Groceries,43511.09,1.0,20,North,Pending,Customer_338,03-07-2025
102822,3822,Jeans,Clothing,78860.56,9.0,15,West,Completed,Customer_90,25-01-2026
102823,3823,Football,Sports,46163.43,5.0,10,South,Pending,Customer_161,09-07-2025
102824,3824,Badminton Racket,Sports,76184.87,5.0,5,West,Returned,Customer_260,26-04-2025
102825,3825,Mouse,Electronics,30980.11,4.0,0,North,Cancelled,Customer_288,27-05-2026
102826,3826,Oil,Groceries,84107.02,6.0,0,West,Pending,Customer_400,09-05-2026
102827,3827,Badminton Racket,Sports,92914.22,1.0,0,South,Completed,Customer_366,30-09-2025
102828,3828,Bread,Groceries,46849.41,2.0,15,West,Completed,Customer_111,30-05-2025
102829,3829,Cabinet,Furniture,50921.12,,20,East,Cancelled,Customer_337,17-05-2026
102830,3830,Bread,Groceries,72176.24,10.0,15,East,Cancelled,Customer_35,30-05-2025
102831,3831,Hoodie,Clothing,45198.76,2.0,5,West,Returned,Customer_7,12-08-2025
102832,3832,Badminton Racket,Sports,14926.92,6.0,15,North,Completed,Customer_83,09-01-2026
102833,3833,Tennis Racket,Sports,73055.3,3.0,0,North,Cancelled,Customer_204,13-09-2025
102834,3834,Speaker,Electronics,69972.59,10.0,20,South,Returned,Customer_115,25-06-2025
102835,3835,Laptop,Electronics,88808.81,9.0,15,South,Returned,Customer_181,25-10-2025
102836,3836,Tennis Racket,Sports,15019.66,,20,West,Completed,Customer_282,30-10-2025
102837,3837,Stool,Furniture,25413.09,2.0,15,West,Pending,Customer_323,10-02-2026
102838,3838,T-Shirt,Clothing,15785.31,6.0,0,North,Cancelled,Customer_454,24-03-2025
102839,3839,Speaker,Electronics,11570.86,5.0,5,South,Returned,Customer_450,27-06-2025
102840,3840,Chair,Furniture,,7.0,5,South,Cancelled,Customer_20,07-06-2025
102841,3841,Football,Sports,381.77,4.0,10,South,Returned,Customer_170,29-07-2025
102842,3842,Cricket Bat,Sports,98063.03,10.0,0,North,Returned,Customer_364,10-02-2026
102843,3843,Table,Furniture,42260.48,7.0,15,East,Completed,Customer_128,31-07-2025
102844,3844,Phone,Electronics,37444.25,,0,West,Returned,Customer_136,21-04-2026
102845,3845,Laptop,Electronics,68608.85,5.0,20,North,Completed,Customer_169,08-04-2025
102846,3846,Tea,Groceries,30002.44,10.0,5,North,Pending,Customer_152,09-04-2025
102847,3847,Tablet,Electronics,706.51,1.0,15,West,Completed,Customer_375,19-07-2025
102848,3848,Tablet,Electronics,83662.08,6.0,5,South,Completed,Customer_167,31-05-2026
102849,3849,Football,Sports,98412.2,8.0,10,North,Cancelled,Customer_255,19-02-2026
102850,3850,Cabinet,Furniture,74640.59,4.0,0,North,Completed,Customer_469,04-12-2025
102851,3851,Cabinet,Furniture,32002.2,7.0,20,South,Returned,Customer_21,15-08-2025
102852,3852,Camera,Electronics,,10.0,10,East,Completed,Customer_362,28-04-2026
102853,3853,Speaker,Electronics,43233.47,5.0,20,South,Cancelled,Customer_491,03-12-2025
102854,3854,Hoodie,Clothing,73110.66,10.0,10,West,Returned,Customer_165,01-04-2026
102855,3855,Oil,Groceries,10786.78,4.0,20,South,Completed,Customer_363,09-11-2025
102856,3856,Shirt,Clothing,41226.55,3.0,0,North,Returned,Customer_1,01-01-2026
102857,3857,Helmet,Sports,46529.01,1.0,10,South,Pending,Customer_60,30-07-2025
102858,3858,Shelf,Furniture,70961.06,10.0,20,South,Cancelled,Customer_235,20-03-2026
102859,3859,Keyboard,Electronics,67194.74,10.0,5,North,Returned,Customer_144,04-02-2026
102860,3860,Mouse,Electronics,74795.34,10.0,20,South,Returned,Customer_54,03-12-2025
102861,3861,Rice,Groceries,91245.3,4.0,20,East,Pending,Customer_263,10-01-2026
102862,3862,Helmet,Sports,51258.97,9.0,10,South,Returned,Customer_203,06-09-2025
102863,3863,Smartwatch,Electronics,954.44,1.0,10,East,Cancelled,Customer_161,19-04-2026
102864,3864,Jacket,Clothing,27782.67,1.0,5,West,Pending,Customer_198,18-12-2025
102865,3865,Hoodie,Clothing,23302.73,8.0,0,West,Completed,Customer_480,23-09-2025
102866,3866,Cabinet,Furniture,58015.93,9.0,10,North,Returned,Customer_416,16-03-2026
102867,3867,Shoes,Clothing,85521.7,8.0,15,East,Returned,Customer_341,15-03-2025
102868,3868,Coffee,Groceries,52672.14,4.0,15,South,Completed,Customer_227,11-04-2025
102869,3869,Coffee,Groceries,95734.43,2.0,5,East,Completed,Customer_329,03-01-2025
102870,3870,Bread,Groceries,38851.63,3.0,20,East,Cancelled,Customer_7,30-08-2025
102871,3871,Shelf,Furniture,58206.12,10.0,10,North,Pending,Customer_115,31-03-2025
102872,3872,Shelf,Furniture,31574.6,3.0,10,North,Cancelled,Customer_320,07-04-2026
102873,3873,Bed,Furniture,59464.13,1.0,5,East,Returned,Customer_250,18-03-2025
102874,3874,Shirt,Clothing,79241.84,6.0,10,East,Cancelled,Customer_177,08-04-2026
102875,3875,Keyboard,Electronics,3771.11,7.0,5,West,Cancelled,Customer_136,05-01-2026
102876,3876,Tennis Racket,Sports,79952.14,7.0,20,South,Completed,Customer_490,01-06-2025
102877,3877,Rice,Groceries,84289.61,6.0,0,South,Pending,Customer_446,03-06-2025
102878,3878,Gloves,Sports,23761.84,1.0,15,East,Pending,Customer_344,05-01-2025
102879,3879,Jacket,Clothing,37034.71,6.0,15,South,Cancelled,Customer_220,07-01-2025
102880,3880,Coffee,Groceries,48780.13,9.0,5,South,Pending,Customer_250,24-02-2026
102881,3881,Chair,Furniture,26359.01,7.0,5,West,Returned,Customer_370,26-05-2025
102882,3882,Rice,Groceries,18455.8,3.0,10,East,Completed,Customer_206,17-04-2025
102883,3883,Rice,Groceries,43223.43,8.0,10,North,Pending,Customer_20,27-02-2025
102884,3884,Sofa,Furniture,25359.86,10.0,15,South,Completed,Customer_196,06-07-2025
102885,3885,Speaker,Electronics,64940.44,4.0,20,North,Pending,Customer_296,22-01-2026
102886,3886,Football,Sports,11336.24,6.0,5,South,Returned,Customer_22,26-02-2025
102887,3887,Football,Sports,88457.61,9.0,10,South,Returned,Customer_400,25-02-2025
102888,3888,Jacket,Clothing,62082.21,6.0,15,South,Pending,Customer_32,14-02-2026
102889,3889,Desk,Furniture,15962.06,9.0,0,North,Pending,Customer_216,24-02-2025
102890,3890,Jacket,Clothing,41654.13,7.0,5,East,Returned,Customer_210,14-01-2025
102891,3891,Badminton Racket,Sports,81865.51,1.0,10,West,Pending,Customer_356,21-09-2025
102892,3892,Jeans,Clothing,36242.54,4.0,10,West,Returned,Customer_281,25-09-2025
102893,3893,Camera,Electronics,459.99,10.0,15,West,Completed,Customer_223,30-03-2025
102894,3894,Stool,Furniture,95354.23,3.0,20,North,Pending,Customer_263,31-05-2025
102895,3895,Oil,Groceries,70773.63,7.0,0,East,Pending,Customer_444,20-05-2026
102896,3896,Speaker,Electronics,94156.46,1.0,15,North,Pending,Customer_39,16-02-2026
102897,3897,Eggs,Groceries,99945.75,10.0,5,West,Pending,Customer_460,07-05-2025
102898,3898,Bed,Furniture,13440.26,6.0,10,North,Returned,Customer_406,19-01-2025
102899,3899,Smartwatch,Electronics,60432.63,10.0,0,West,Completed,Customer_477,02-05-2025
102900,3900,Rice,Groceries,69244.7,7.0,10,South,Completed,Customer_246,24-04-2026
102901,3901,Laptop,Electronics,47182.43,5.0,15,East,Returned,Customer_306,24-01-2026
102902,3902,Milk,Groceries,64846.86,5.0,10,North,Completed,Customer_18,01-01-2025
102903,3903,Camera,Electronics,5194.53,2.0,0,South,Completed,Customer_191,19-02-2025
102904,3904,Cabinet,Furniture,66545.86,10.0,5,South,Completed,Customer_42,13-01-2025
102905,3905,Stool,Furniture,36510.99,10.0,15,East,Pending,Customer_445,09-03-2026
102906,3906,Shoes,Clothing,86720.11,8.0,5,East,Pending,Customer_197,22-09-2025
102907,3907,Chair,Furniture,28199.94,7.0,5,West,Cancelled,Customer_21,11-01-2026
102908,3908,Monitor,Electronics,23911.71,10.0,15,West,Returned,Customer_195,28-04-2025
102909,3909,Rice,Groceries,83764.52,6.0,15,East,Completed,Customer_410,07-01-2026
102910,3910,Tennis Racket,Sports,61576.16,7.0,10,North,Completed,Customer_109,12-12-2025
102911,3911,Badminton Racket,Sports,17174.45,1.0,10,East,Completed,Customer_290,24-03-2026
102912,3912,Desk,Furniture,25917.86,4.0,20,North,Completed,Customer_462,30-04-2025
102913,3913,Laptop,Electronics,91113.3,9.0,0,East,Returned,Customer_347,11-03-2026
102914,3914,Helmet,Sports,55434.91,6.0,0,South,Cancelled,Customer_424,26-02-2026
102915,3915,Speaker,Electronics,66634.24,1.0,5,East,Completed,Customer_450,10-02-2025
102916,3916,Desk,Furniture,65698.44,7.0,15,South,Completed,Customer_172,06-12-2025
102917,3917,Shoes,Clothing,82640.81,10.0,15,North,Pending,Customer_496,07-03-2025
102918,3918,Shirt,Clothing,97177.11,5.0,15,East,Returned,Customer_3,29-10-2025
102919,3919,Sofa,Furniture,93553.99,2.0,10,West,Pending,Customer_42,26-09-2025
102920,3920,Oil,Groceries,45855.32,8.0,10,East,Pending,Customer_319,05-07-2025
102921,3921,Coffee,Groceries,86440.82,7.0,20,West,Returned,Customer_482,27-04-2026
102922,3922,Jacket,Clothing,27950.19,9.0,10,North,Pending,Customer_143,05-01-2025
102923,3923,Smartwatch,Electronics,92627.82,3.0,5,West,Completed,Customer_354,03-12-2025
102924,3924,Badminton Racket,Sports,18281.31,8.0,20,South,Cancelled,Customer_193,13-09-2025
102925,3925,Helmet,Sports,2818.81,3.0,20,East,Cancelled,Customer_246,06-09-2025
102926,3926,Sugar,Groceries,40771.64,2.0,15,South,Pending,Customer_360,03-09-2025
102927,3927,Camera,Electronics,2919.46,7.0,0,East,Pending,Customer_53,23-01-2026
102928,3928,Keyboard,Electronics,70684.65,8.0,5,North,Pending,Customer_429,27-03-2026
102929,3929,Stool,Furniture,6833.84,7.0,10,West,Cancelled,Customer_215,12-07-2025
102930,3930,Mouse,Electronics,13092.84,2.0,15,South,Returned,Customer_277,18-02-2025
102931,3931,Tea,Groceries,7849.67,5.0,10,West,Returned,Customer_119,29-12-2025
102932,3932,Sugar,Groceries,70894.22,5.0,5,South,Cancelled,Customer_72,19-03-2025
102933,3933,Shelf,Furniture,43335.85,1.0,20,East,Returned,Customer_302,23-06-2026
102934,3934,Jeans,Clothing,53732.0,3.0,10,West,Completed,Customer_169,07-06-2025
102935,3935,Monitor,Electronics,8016.32,4.0,20,West,Completed,Customer_406,21-06-2025
102936,3936,Desk,Furniture,91804.62,4.0,20,West,Cancelled,Customer_65,30-03-2026
102937,3937,Tea,Groceries,13704.78,9.0,5,West,Pending,Customer_271,19-04-2026
102938,3938,Rice,Groceries,,3.0,15,West,Pending,Customer_426,03-10-2025
102939,3939,Oil,Groceries,95663.14,1.0,5,South,Cancelled,Customer_327,22-12-2025
102940,3940,Shirt,Clothing,24347.52,7.0,5,West,Returned,Customer_330,07-02-2025
102941,3941,Phone,Electronics,33126.11,6.0,15,South,Completed,Customer_483,09-05-2025
102942,3942,Bread,Groceries,74571.86,3.0,15,North,Cancelled,Customer_364,17-06-2025
102943,3943,T-Shirt,Clothing,76353.89,3.0,15,South,Returned,Customer_457,15-04-2026
102944,3944,Phone,Electronics,10515.69,7.0,0,East,Returned,Customer_327,20-10-2025
102945,3945,Coffee,Groceries,23361.38,7.0,10,West,Completed,Customer_153,13-10-2025
102946,3946,Gloves,Sports,92750.47,5.0,5,South,Pending,Customer_365,02-07-2025
102947,3947,Cricket Bat,Sports,96487.79,3.0,10,West,Returned,Customer_15,11-01-2025
102948,3948,Milk,Groceries,23991.28,10.0,20,East,Pending,Customer_216,09-10-2025
102949,3949,Camera,Electronics,41316.78,9.0,0,South,Completed,Customer_116,08-09-2025
102950,3950,Helmet,Sports,2990.69,2.0,15,North,Returned,Customer_74,18-08-2025
102951,3951,Cabinet,Furniture,42487.41,10.0,20,North,Completed,Customer_277,18-01-2025
102952,3952,Tablet,Electronics,81879.09,4.0,5,East,Returned,Customer_235,22-01-2025
102953,3953,Stool,Furniture,49151.12,9.0,10,West,Cancelled,Customer_312,18-03-2026
102954,3954,Tennis Racket,Sports,46321.73,10.0,15,East,Cancelled,Customer_314,15-01-2026
102955,3955,T-Shirt,Clothing,89114.13,6.0,15,South,Completed,Customer_227,28-04-2025
102956,3956,Shoes,Clothing,36518.53,5.0,20,East,Pending,Customer_354,17-11-2025
102957,3957,Cabinet,Furniture,14426.88,1.0,20,South,Completed,Customer_202,17-11-2025
102958,3958,Mouse,Electronics,61064.81,3.0,10,West,Cancelled,Customer_364,30-10-2025
102959,3959,Jeans,Clothing,6098.22,4.0,5,West,Returned,Customer_392,26-09-2025
102960,3960,Bread,Groceries,2669.49,9.0,5,East,Pending,Customer_89,04-04-2025
102961,3961,Bed,Furniture,,5.0,20,South,Returned,Customer_120,24-10-2025
102962,3962,Smartwatch,Electronics,25126.4,3.0,20,North,Cancelled,Customer_368,18-06-2025
102963,3963,Shirt,Clothing,57210.25,10.0,10,West,Cancelled,Customer_46,20-05-2025
102964,3964,Desk,Furniture,,7.0,20,North,Completed,Customer_105,06-11-2025
102965,3965,Bed,Furniture,80124.36,6.0,20,West,Pending,Customer_457,18-04-2026
102966,3966,Tea,Groceries,8809.7,8.0,0,North,Pending,Customer_14,19-06-2025
102967,3967,Cricket Bat,Sports,88296.83,4.0,0,North,Cancelled,Customer_304,09-11-2025
102968,3968,Cricket Bat,Sports,16359.84,9.0,20,North,Returned,Customer_347,27-02-2026
102969,3969,Jacket,Clothing,15862.55,2.0,20,North,Pending,Customer_36,11-08-2025
102970,3970,Cabinet,Furniture,39316.25,9.0,0,West,Pending,Customer_120,18-03-2026
102971,3971,Coffee,Groceries,5478.07,5.0,0,West,Completed,Customer_6,11-08-2025
102972,3972,Helmet,Sports,9314.95,2.0,15,East,Completed,Customer_165,31-01-2025
102973,3973,Monitor,Electronics,72245.48,3.0,5,East,Cancelled,Customer_304,12-01-2026
102974,3974,Rice,Groceries,95819.15,2.0,15,East,Completed,Customer_424,23-05-2026
102975,3975,Sugar,Groceries,75137.81,3.0,15,South,Pending,Customer_39,22-01-2026
102976,3976,Table,Furniture,39497.96,4.0,20,North,Completed,Customer_334,26-02-2025
102977,3977,Hoodie,Clothing,75528.81,1.0,20,West,Pending,Customer_31,11-03-2026
102978,3978,Coffee,Groceries,2368.72,6.0,20,West,Returned,Customer_352,09-09-2025
102979,3979,Sofa,Furniture,21898.18,8.0,10,North,Completed,Customer_297,23-05-2026
102980,3980,Phone,Electronics,65630.84,9.0,5,East,Pending,Customer_433,01-02-2025
102981,3981,Sugar,Groceries,88966.28,8.0,20,South,Pending,Customer_125,25-04-2026
102982,3982,Shoes,Clothing,73247.62,10.0,10,South,Cancelled,Customer_282,12-12-2025
102983,3983,Jacket,Clothing,31704.86,2.0,20,West,Completed,Customer_494,08-08-2025
102984,3984,Shoes,Clothing,86206.94,4.0,5,West,Pending,Customer_203,17-07-2025
102985,3985,Sofa,Furniture,53235.72,1.0,10,West,Cancelled,Customer_266,15-11-2025
102986,3986,Tea,Groceries,89868.74,5.0,10,North,Returned,Customer_119,18-05-2026
102987,3987,Keyboard,Electronics,3955.25,4.0,5,West,Returned,Customer_205,08-02-2025
102988,3988,Phone,Electronics,,5.0,10,East,Completed,Customer_190,26-03-2026
102989,3989,Table,Furniture,70702.69,4.0,0,West,Returned,Customer_61,15-04-2025
102990,3990,Shirt,Clothing,91751.55,4.0,20,South,Returned,Customer_384,23-01-2025
102991,3991,Jacket,Clothing,34044.54,5.0,10,South,Returned,Customer_257,10-09-2025
102992,3992,Eggs,Groceries,92497.45,4.0,10,North,Pending,Customer_149,07-10-2025
102993,3993,Jacket,Clothing,99188.81,10.0,15,North,Completed,Customer_119,08-01-2025
102994,3994,Mouse,Electronics,60137.27,7.0,15,South,Pending,Customer_496,20-06-2026
102995,3995,Coffee,Groceries,90719.0,3.0,15,South,Returned,Customer_409,26-08-2025
102996,3996,Tennis Racket,Sports,65846.21,1.0,15,North,Pending,Customer_133,31-01-2025
102997,3997,Helmet,Sports,8594.87,6.0,5,West,Cancelled,Customer_439,20-01-2025
102998,3998,Bed,Furniture,81643.02,5.0,15,West,Completed,Customer_8,07-03-2026
102999,3999,Stool,Furniture,92802.46,6.0,0,East,Pending,Customer_305,30-12-2025
103000,4000,Jacket,Clothing,61344.36,7.0,5,North,Returned,Customer_432,29-12-2025
103001,4001,Milk,Groceries,47517.6,3.0,0,West,Completed,Customer_332,03-04-2026
103002,4002,Bed,Furniture,30672.69,10.0,10,South,Pending,Customer_161,01-05-2025
103003,4003,Bread,Groceries,55125.2,3.0,20,West,Completed,Customer_352,17-02-2025
103004,4004,Mouse,Electronics,44551.11,8.0,5,East,Cancelled,Customer_230,19-02-2026
103005,4005,Monitor,Electronics,4191.32,5.0,20,East,Cancelled,Customer_47,23-10-2025
103006,4006,Sofa,Furniture,31406.59,6.0,20,South,Pending,Customer_248,23-06-2025
103007,4007,Badminton Racket,Sports,71322.89,7.0,20,North,Pending,Customer_25,22-05-2025
103008,4008,Sugar,Groceries,37897.88,8.0,0,East,Pending,Customer_453,08-03-2025
103009,4009,Badminton Racket,Sports,95982.61,9.0,0,West,Completed,Customer_60,03-03-2026
103010,4010,Mouse,Electronics,30139.61,7.0,0,North,Pending,Customer_31,14-04-2026
103011,4011,Jacket,Clothing,17328.94,5.0,20,East,Pending,Customer_124,24-05-2026
103012,4012,Eggs,Groceries,56000.83,8.0,20,North,Pending,Customer_175,06-09-2025
103013,4013,Cabinet,Furniture,93149.01,3.0,20,North,Pending,Customer_387,19-06-2025
103014,4014,Coffee,Groceries,57217.95,10.0,15,West,Completed,Customer_76,17-03-2026
103015,4015,Hoodie,Clothing,84374.4,9.0,10,West,Completed,Customer_210,11-11-2025
103016,4016,Milk,Groceries,97511.63,1.0,15,North,Completed,Customer_229,17-02-2025
103017,4017,Stool,Furniture,52066.69,1.0,15,West,Pending,Customer_85,07-02-2025
103018,4018,Rice,Groceries,57106.84,9.0,20,South,Returned,Customer_252,08-11-2025
103019,4019,Badminton Racket,Sports,86536.66,3.0,15,East,Cancelled,Customer_416,15-12-2025
103020,4020,Sugar,Groceries,44220.01,7.0,10,North,Pending,Customer_258,16-04-2025
103021,4021,Eggs,Groceries,49891.35,10.0,0,South,Cancelled,Customer_171,16-05-2025
103022,4022,Chair,Furniture,18671.67,3.0,5,North,Pending,Customer_65,03-02-2026
103023,4023,Jacket,Clothing,17265.87,6.0,0,North,Returned,Customer_386,22-09-2025
103024,4024,Printer,Electronics,22787.32,2.0,5,East,Returned,Customer_205,06-05-2026
103025,4025,T-Shirt,Clothing,12601.92,9.0,20,North,Completed,Customer_369,02-01-2026
103026,4026,Shelf,Furniture,72360.64,7.0,5,West,Returned,Customer_119,11-08-2025
103027,4027,Jeans,Clothing,15029.91,6.0,20,South,Returned,Customer_72,13-08-2025
103028,4028,Milk,Groceries,18705.23,10.0,5,West,Completed,Customer_4,16-11-2025
103029,4029,Sofa,Furniture,25173.23,1.0,10,South,Pending,Customer_120,21-07-2025
103030,4030,Speaker,Electronics,88735.02,9.0,15,North,Pending,Customer_185,14-05-2026
103031,4031,Gloves,Sports,92199.86,5.0,20,East,Completed,Customer_245,08-03-2026
103032,4032,Gloves,Sports,38625.67,1.0,15,East,Cancelled,Customer_433,01-01-2026
103033,4033,Jacket,Clothing,72817.85,3.0,20,South,Returned,Customer_318,11-06-2025
103034,4034,Eggs,Groceries,3108.73,4.0,15,South,Returned,Customer_268,07-01-2026
103035,4035,Football,Sports,26381.09,3.0,20,North,Pending,Customer_309,13-04-2026
103036,4036,Helmet,Sports,46928.04,9.0,0,East,Completed,Customer_122,18-06-2025
103037,4037,Smartwatch,Electronics,51029.94,10.0,10,East,Completed,Customer_349,31-01-2025
103038,4038,Cabinet,Furniture,1267.16,7.0,20,West,Completed,Customer_207,14-04-2026
103039,4039,Bed,Furniture,49471.81,8.0,20,West,Pending,Customer_73,02-01-2026
103040,4040,Cricket Bat,Sports,89068.69,1.0,10,South,Returned,Customer_196,22-06-2025
103041,4041,Table,Furniture,32592.91,10.0,15,East,Pending,Customer_294,01-03-2026
103042,4042,Bed,Furniture,61547.16,10.0,20,East,Cancelled,Customer_404,20-10-2025
103043,4043,Sugar,Groceries,43604.43,6.0,20,West,Pending,Customer_17,24-02-2025
103044,4044,Table,Furniture,1668.45,3.0,5,West,Returned,Customer_114,21-06-2025
103045,4045,Hoodie,Clothing,39113.1,8.0,5,South,Pending,Customer_146,02-06-2026
103046,4046,Eggs,Groceries,56471.6,10.0,15,North,Completed,Customer_298,07-05-2025
103047,4047,Smartwatch,Electronics,1136.61,9.0,0,West,Pending,Customer_500,07-06-2025
103048,4048,Eggs,Groceries,30490.26,8.0,20,South,Returned,Customer_264,01-01-2026
103049,4049,Tennis Racket,Sports,63047.08,5.0,0,North,Pending,Customer_254,10-04-2025
103050,4050,Eggs,Groceries,91537.63,6.0,0,East,Cancelled,Customer_385,18-05-2026
103051,4051,Bed,Furniture,41904.84,10.0,15,South,Pending,Customer_277,28-03-2026
103052,4052,Cricket Bat,Sports,74445.61,6.0,0,East,Returned,Customer_224,20-12-2025
103053,4053,Speaker,Electronics,19219.11,9.0,15,West,Completed,Customer_304,30-05-2026
103054,4054,Stool,Furniture,27416.55,5.0,15,East,Pending,Customer_258,11-02-2025
103055,4055,Milk,Groceries,74715.95,1.0,20,West,Cancelled,Customer_202,19-06-2025
103056,4056,Jeans,Clothing,29887.21,4.0,20,East,Pending,Customer_58,11-07-2025
103057,4057,Tablet,Electronics,38948.7,4.0,20,North,Pending,Customer_170,14-11-2025
103058,4058,Eggs,Groceries,38237.9,1.0,0,South,Returned,Customer_207,23-09-2025
103059,4059,Eggs,Groceries,46009.63,10.0,0,West,Completed,Customer_96,01-07-2025
103060,4060,Tablet,Electronics,4523.55,4.0,15,East,Cancelled,Customer_283,23-02-2026
103061,4061,Gloves,Sports,92626.8,2.0,0,North,Cancelled,Customer_63,18-11-2025
103062,4062,Helmet,Sports,22238.93,4.0,15,West,Completed,Customer_52,17-08-2025
103063,4063,Tennis Racket,Sports,31633.78,1.0,20,East,Returned,Customer_99,16-06-2026
103064,4064,Mouse,Electronics,99152.66,1.0,10,West,Completed,Customer_494,05-04-2025
103065,4065,Shoes,Clothing,5574.42,2.0,20,North,Pending,Customer_468,15-02-2026
103066,4066,T-Shirt,Clothing,87721.01,6.0,20,South,Returned,Customer_273,25-03-2026
103067,4067,Speaker,Electronics,43366.64,,0,East,Pending,Customer_306,28-07-2025
103068,4068,Cabinet,Furniture,1825.53,2.0,20,South,Pending,Customer_417,24-05-2025
103069,4069,Monitor,Electronics,28016.91,6.0,20,East,Completed,Customer_341,23-02-2025
103070,4070,Stool,Furniture,87290.93,2.0,10,East,Returned,Customer_80,05-04-2026
103071,4071,Shoes,Clothing,789.81,7.0,5,West,Pending,Customer_370,03-02-2025
103072,4072,Chair,Furniture,99468.27,10.0,0,West,Cancelled,Customer_252,06-04-2025
103073,4073,Table,Furniture,11876.18,7.0,20,North,Completed,Customer_342,15-05-2025
103074,4074,Sofa,Furniture,19647.14,3.0,20,West,Pending,Customer_31,16-03-2026
103075,4075,Sofa,Furniture,11590.71,5.0,15,North,Completed,Customer_452,01-02-2026
103076,4076,Smartwatch,Electronics,76304.72,9.0,0,East,Pending,Customer_46,08-03-2025
103077,4077,Chair,Furniture,,7.0,10,North,Completed,Customer_130,19-09-2025
103078,4078,Rice,Groceries,87656.63,2.0,0,East,Completed,Customer_412,30-08-2025
103079,4079,Shirt,Clothing,56435.91,5.0,0,West,Completed,Customer_303,07-12-2025
103080,4080,Cricket Bat,Sports,41455.69,3.0,10,West,Returned,Customer_305,14-08-2025
103081,4081,Gloves,Sports,54683.57,6.0,10,South,Cancelled,Customer_41,09-11-2025
103082,4082,Chair,Furniture,29106.55,6.0,15,West,Pending,Customer_162,15-07-2025
103083,4083,Tennis Racket,Sports,45468.52,7.0,10,South,Completed,Customer_50,05-02-2026
103084,4084,Shirt,Clothing,13984.5,7.0,15,East,Completed,Customer_69,01-02-2026
103085,4085,Stool,Furniture,95735.76,2.0,5,West,Returned,Customer_5,14-07-2025
103086,4086,Shoes,Clothing,52257.13,5.0,20,West,Returned,Customer_334,17-02-2025
103087,4087,Printer,Electronics,37020.82,3.0,10,North,Pending,Customer_33,08-01-2026
103088,4088,Milk,Groceries,20707.55,3.0,5,East,Pending,Customer_175,04-02-2026
103089,4089,Laptop,Electronics,52147.79,9.0,15,North,Returned,Customer_93,21-04-2025
103090,4090,T-Shirt,Clothing,,3.0,5,East,Pending,Customer_393,31-03-2025
103091,4091,Table,Furniture,51552.05,,20,South,Cancelled,Customer_340,02-06-2025
103092,4092,Desk,Furniture,,2.0,5,East,Cancelled,Customer_456,20-08-2025
103093,4093,Phone,Electronics,90886.46,2.0,20,West,Pending,Customer_136,21-07-2025
103094,4094,Coffee,Groceries,59214.91,9.0,0,South,Completed,Customer_476,28-04-2025
103095,4095,Milk,Groceries,22885.79,4.0,20,North,Completed,Customer_335,16-01-2025
103096,4096,Smartwatch,Electronics,38348.35,5.0,15,West,Pending,Customer_348,07-12-2025
103097,4097,Shoes,Clothing,47399.79,5.0,5,West,Pending,Customer_393,04-11-2025
103098,4098,Helmet,Sports,95039.99,3.0,15,South,Cancelled,Customer_160,30-10-2025
103099,4099,Desk,Furniture,63975.52,4.0,15,South,Completed,Customer_170,17-02-2025
103100,4100,Bed,Furniture,33707.3,4.0,20,West,Pending,Customer_4,26-09-2025
103101,4101,Tea,Groceries,47334.23,7.0,20,South,Returned,Customer_154,25-11-2025
103102,4102,Badminton Racket,Sports,7995.14,3.0,5,North,Pending,Customer_367,04-02-2026
103103,4103,Tennis Racket,Sports,60457.31,2.0,5,West,Pending,Customer_49,05-02-2025
103104,4104,Eggs,Groceries,71216.05,2.0,5,North,Completed,Customer_8,01-02-2026
103105,4105,Phone,Electronics,92205.35,6.0,20,West,Cancelled,Customer_181,18-04-2026
103106,4106,Jacket,Clothing,93164.19,4.0,15,North,Completed,Customer_350,07-01-2026
103107,4107,Sofa,Furniture,81886.91,5.0,5,West,Returned,Customer_15,05-04-2025
103108,4108,Laptop,Electronics,74656.54,5.0,20,West,Cancelled,Customer_379,31-12-2025
103109,4109,Gloves,Sports,41394.24,2.0,0,West,Returned,Customer_28,14-05-2025
103110,4110,Tablet,Electronics,57311.49,3.0,15,West,Pending,Customer_264,11-05-2025
103111,4111,Eggs,Groceries,58378.81,1.0,0,South,Pending,Customer_96,23-08-2025
103112,4112,Tennis Racket,Sports,26477.46,1.0,10,West,Pending,Customer_352,01-05-2025
103113,4113,Hoodie,Clothing,94185.91,9.0,15,East,Returned,Customer_242,24-05-2026
103114,4114,T-Shirt,Clothing,45958.36,4.0,10,West,Completed,Customer_2,06-04-2026
103115,4115,Milk,Groceries,16289.22,9.0,5,South,Completed,Customer_298,06-08-2025
103116,4116,Badminton Racket,Sports,86534.65,9.0,10,West,Pending,Customer_219,25-09-2025
103117,4117,Sofa,Furniture,19836.38,1.0,10,West,Pending,Customer_340,07-02-2025
103118,4118,Tea,Groceries,66047.28,7.0,10,South,Completed,Customer_94,27-07-2025
103119,4119,Hoodie,Clothing,91423.17,4.0,10,North,Completed,Customer_495,18-06-2026
103120,4120,Shirt,Clothing,35213.27,3.0,0,West,Pending,Customer_240,01-04-2025
103121,4121,Rice,Groceries,30762.28,4.0,20,North,Completed,Customer_353,25-02-2026
103122,4122,Shoes,Clothing,35026.32,6.0,10,East,Pending,Customer_38,10-09-2025
103123,4123,Bread,Groceries,92147.47,4.0,15,East,Returned,Customer_91,16-05-2026
103124,4124,Coffee,Groceries,42824.21,8.0,5,East,Returned,Customer_37,02-08-2025
103125,4125,T-Shirt,Clothing,48604.07,10.0,20,North,Cancelled,Customer_92,19-03-2026
103126,4126,Milk,Groceries,19279.66,10.0,15,West,Completed,Customer_187,29-01-2025
103127,4127,Mouse,Electronics,7592.09,4.0,20,North,Cancelled,Customer_145,07-07-2025
103128,4128,Shelf,Furniture,97184.83,8.0,10,North,Completed,Customer_2,22-06-2026
103129,4129,Oil,Groceries,80042.78,7.0,10,West,Completed,Customer_160,02-04-2025
103130,4130,Shirt,Clothing,22494.76,1.0,20,West,Returned,Customer_342,25-08-2025
103131,4131,Coffee,Groceries,18232.57,1.0,0,South,Pending,Customer_235,05-07-2025
103132,4132,Eggs,Groceries,22449.73,3.0,15,West,Pending,Customer_459,01-10-2025
103133,4133,Shoes,Clothing,98419.46,2.0,10,East,Returned,Customer_317,20-07-2025
103134,4134,Stool,Furniture,46743.82,2.0,20,North,Returned,Customer_347,27-05-2026
103135,4135,Desk,Furniture,,7.0,15,East,Returned,Customer_261,07-03-2026
103136,4136,Laptop,Electronics,92796.94,9.0,5,East,Returned,Customer_496,06-05-2026
103137,4137,Tennis Racket,Sports,82944.8,4.0,10,West,Completed,Customer_87,27-01-2026
103138,4138,Desk,Furniture,49051.22,8.0,10,West,Cancelled,Customer_377,09-12-2025
103139,4139,Badminton Racket,Sports,65616.68,7.0,20,East,Returned,Customer_382,22-03-2025
103140,4140,Jacket,Clothing,84211.73,4.0,10,East,Completed,Customer_368,13-05-2025
103141,4141,T-Shirt,Clothing,77487.81,4.0,0,East,Returned,Customer_162,21-08-2025
103142,4142,Tennis Racket,Sports,33343.34,1.0,10,East,Completed,Customer_396,09-05-2026
103143,4143,Cricket Bat,Sports,37522.29,9.0,10,West,Pending,Customer_96,04-05-2025
103144,4144,Shelf,Furniture,60123.48,5.0,10,North,Returned,Customer_114,15-04-2026
103145,4145,Chair,Furniture,96762.27,,15,South,Pending,Customer_416,21-09-2025
103146,4146,Tablet,Electronics,10425.64,3.0,20,West,Returned,Customer_106,26-07-2025
103147,4147,Shirt,Clothing,46781.18,7.0,15,West,Completed,Customer_127,12-08-2025
103148,4148,Stool,Furniture,19736.94,10.0,10,South,Completed,Customer_363,18-10-2025
103149,4149,Laptop,Electronics,87724.87,1.0,0,West,Completed,Customer_350,02-12-2025
103150,4150,Printer,Electronics,29973.07,9.0,15,West,Pending,Customer_266,21-07-2025
103151,4151,Chair,Furniture,42768.91,5.0,15,East,Cancelled,Customer_362,30-04-2026
103152,4152,Helmet,Sports,21116.31,6.0,10,South,Returned,Customer_17,10-07-2025
103153,4153,Rice,Groceries,72647.3,9.0,15,North,Returned,Customer_44,03-05-2025
103154,4154,Desk,Furniture,23991.62,7.0,20,North,Pending,Customer_97,19-05-2026
103155,4155,Eggs,Groceries,36455.16,10.0,0,South,Pending,Customer_256,26-02-2026
103156,4156,Badminton Racket,Sports,997.26,,20,North,Completed,Customer_322,19-02-2026
103157,4157,T-Shirt,Clothing,88656.12,7.0,15,South,Cancelled,Customer_226,03-10-2025
103158,4158,Football,Sports,80572.51,4.0,10,West,Pending,Customer_222,03-12-2025
103159,4159,Hoodie,Clothing,67871.5,5.0,15,South,Completed,Customer_315,11-01-2025
103160,4160,Table,Furniture,86700.45,9.0,15,East,Pending,Customer_379,26-03-2025
103161,4161,Coffee,Groceries,74446.16,6.0,10,East,Cancelled,Customer_456,12-02-2025
103162,4162,Helmet,Sports,65933.0,6.0,0,South,Pending,Customer_498,04-02-2025
103163,4163,Sugar,Groceries,43627.81,6.0,0,North,Cancelled,Customer_82,31-07-2025
103164,4164,Keyboard,Electronics,60744.47,10.0,5,South,Completed,Customer_492,19-06-2025
103165,4165,Cabinet,Furniture,84983.65,7.0,5,North,Returned,Customer_306,01-05-2025
103166,4166,Jacket,Clothing,80528.91,1.0,5,South,Completed,Customer_61,30-05-2025
103167,4167,Tennis Racket,Sports,21578.68,9.0,0,East,Pending,Customer_103,22-03-2025
103168,4168,Football,Sports,70008.35,7.0,0,East,Completed,Customer_401,03-02-2025
103169,4169,Football,Sports,91013.76,1.0,20,East,Returned,Customer_112,13-06-2026
103170,4170,Shirt,Clothing,75673.07,8.0,20,South,Cancelled,Customer_426,04-12-2025
103171,4171,Jeans,Clothing,52674.04,2.0,5,West,Pending,Customer_441,12-07-2025
103172,4172,Football,Sports,43715.42,5.0,0,East,Pending,Customer_446,07-01-2026
103173,4173,Hoodie,Clothing,46757.09,7.0,0,East,Cancelled,Customer_303,12-02-2025
103174,4174,Chair,Furniture,93692.34,2.0,20,East,Cancelled,Customer_135,29-05-2026
103175,4175,Tea,Groceries,,6.0,10,East,Completed,Customer_454,30-11-2025
103176,4176,Speaker,Electronics,57253.65,5.0,0,South,Cancelled,Customer_14,31-03-2026
103177,4177,Sugar,Groceries,34732.31,6.0,5,East,Cancelled,Customer_261,08-06-2026
103178,4178,Laptop,Electronics,50828.18,3.0,10,East,Returned,Customer_394,08-04-2026
103179,4179,Coffee,Groceries,27223.79,10.0,0,South,Pending,Customer_264,04-04-2026
103180,4180,Bed,Furniture,73692.41,4.0,0,North,Returned,Customer_32,19-10-2025
103181,4181,Jacket,Clothing,60024.56,5.0,15,West,Cancelled,Customer_473,19-04-2025
103182,4182,Tea,Groceries,13343.93,10.0,15,North,Pending,Customer_169,08-01-2026
103183,4183,Football,Sports,34416.26,1.0,15,West,Cancelled,Customer_320,22-01-2025
103184,4184,Eggs,Groceries,12480.1,3.0,15,South,Returned,Customer_204,05-01-2026
103185,4185,Table,Furniture,94197.19,6.0,5,East,Completed,Customer_255,20-02-2025
103186,4186,Tablet,Electronics,28363.48,6.0,10,East,Cancelled,Customer_319,11-12-2025
103187,4187,Shirt,Clothing,80161.87,2.0,5,South,Cancelled,Customer_407,11-05-2026
103188,4188,Tea,Groceries,50946.57,9.0,0,East,Completed,Customer_16,30-05-2026
103189,4189,Rice,Groceries,29440.94,2.0,10,West,Cancelled,Customer_393,12-06-2025
103190,4190,Smartwatch,Electronics,45733.48,4.0,0,South,Completed,Customer_343,07-03-2026
103191,4191,Speaker,Electronics,57617.8,9.0,0,North,Completed,Customer_189,16-01-2026
103192,4192,Football,Sports,59762.0,2.0,5,North,Pending,Customer_208,19-10-2025
103193,4193,Laptop,Electronics,61147.81,4.0,5,West,Pending,Customer_256,13-02-2025
103194,4194,Chair,Furniture,66602.37,4.0,20,South,Completed,Customer_287,05-08-2025
103195,4195,Tennis Racket,Sports,28404.32,8.0,15,West,Returned,Customer_207,12-09-2025
103196,4196,Jeans,Clothing,73940.91,9.0,0,South,Cancelled,Customer_96,19-02-2026
103197,4197,Eggs,Groceries,48125.39,3.0,10,North,Cancelled,Customer_238,18-07-2025
103198,4198,Stool,Furniture,59967.17,7.0,10,North,Returned,Customer_228,06-11-2025
103199,4199,Shoes,Clothing,56691.18,5.0,0,East,Cancelled,Customer_197,11-08-2025
103200,4200,Helmet,Sports,70343.5,4.0,15,West,Cancelled,Customer_335,28-05-2025
103201,4201,Bed,Furniture,1122.67,3.0,20,North,Returned,Customer_138,02-02-2026
103202,4202,Tea,Groceries,66800.43,9.0,20,South,Pending,Customer_296,30-05-2025
103203,4203,Desk,Furniture,26702.34,9.0,0,South,Returned,Customer_107,24-08-2025
103204,4204,Eggs,Groceries,5418.05,7.0,20,West,Returned,Customer_471,05-11-2025
103205,4205,Tennis Racket,Sports,49627.66,4.0,10,East,Returned,Customer_352,30-11-2025
103206,4206,Tea,Groceries,65207.44,6.0,15,North,Completed,Customer_454,28-12-2025
103207,4207,T-Shirt,Clothing,84987.98,3.0,15,West,Cancelled,Customer_328,19-09-2025
103208,4208,Tennis Racket,Sports,21562.07,7.0,0,East,Returned,Customer_55,19-09-2025
103209,4209,Sugar,Groceries,19369.0,5.0,0,East,Pending,Customer_45,07-06-2026
103210,4210,Coffee,Groceries,25080.99,2.0,5,East,Completed,Customer_324,05-04-2025
103211,4211,Helmet,Sports,34825.39,1.0,0,South,Pending,Customer_163,24-11-2025
103212,4212,Speaker,Electronics,8850.31,5.0,5,West,Returned,Customer_211,29-07-2025
103213,4213,Stool,Furniture,67194.66,1.0,5,North,Completed,Customer_206,11-02-2025
103214,4214,Helmet,Sports,97057.22,8.0,5,North,Cancelled,Customer_179,16-04-2026
103215,4215,Shoes,Clothing,83205.15,7.0,10,South,Returned,Customer_10,04-07-2025
103216,4216,Shoes,Clothing,62081.62,2.0,5,East,Pending,Customer_23,16-11-2025
103217,4217,Camera,Electronics,47965.57,6.0,0,North,Pending,Customer_460,24-05-2025
103218,4218,Printer,Electronics,55020.99,8.0,5,West,Completed,Customer_145,03-04-2026
103219,4219,Desk,Furniture,4468.34,4.0,10,South,Completed,Customer_92,28-02-2026
103220,4220,Tea,Groceries,35203.86,1.0,0,West,Cancelled,Customer_174,07-06-2026
103221,4221,Printer,Electronics,76307.21,5.0,5,West,Returned,Customer_482,23-05-2025
103222,4222,Monitor,Electronics,40577.73,8.0,10,North,Completed,Customer_4,31-12-2025
103223,4223,Coffee,Groceries,,10.0,0,North,Pending,Customer_43,20-06-2026
103224,4224,Printer,Electronics,45418.64,10.0,5,East,Pending,Customer_295,24-08-2025
103225,4225,Chair,Furniture,63001.42,6.0,20,East,Completed,Customer_446,05-03-2026
103226,4226,Shirt,Clothing,81788.18,8.0,0,South,Completed,Customer_76,05-10-2025
103227,4227,Shelf,Furniture,68372.07,7.0,10,North,Completed,Customer_74,05-02-2025
103228,4228,T-Shirt,Clothing,85633.78,2.0,20,North,Cancelled,Customer_51,21-02-2025
103229,4229,Football,Sports,19117.1,7.0,5,West,Pending,Customer_392,01-09-2025
103230,4230,Tablet,Electronics,48251.19,6.0,0,North,Cancelled,Customer_62,20-02-2026
103231,4231,Jeans,Clothing,45138.64,8.0,0,West,Completed,Customer_425,04-10-2025
103232,4232,Rice,Groceries,11220.78,3.0,20,South,Pending,Customer_442,06-08-2025
103233,4233,Gloves,Sports,47123.0,8.0,10,West,Completed,Customer_233,23-01-2026
103234,4234,Badminton Racket,Sports,37560.08,6.0,5,South,Completed,Customer_391,12-03-2025
103235,4235,Tablet,Electronics,72138.78,10.0,20,South,Pending,Customer_368,17-03-2025
103236,4236,Bread,Groceries,99503.05,7.0,20,East,Cancelled,Customer_23,30-01-2026
103237,4237,Hoodie,Clothing,71765.81,5.0,5,East,Pending,Customer_477,13-01-2026
103238,4238,Rice,Groceries,66428.29,,10,West,Pending,Customer_446,13-01-2025
103239,4239,Sugar,Groceries,42595.33,3.0,5,West,Completed,Customer_390,12-05-2025
103240,4240,Oil,Groceries,12215.98,7.0,0,North,Pending,Customer_224,04-01-2025
103241,4241,Gloves,Sports,6893.52,,20,North,Returned,Customer_26,20-02-2025
103242,4242,Desk,Furniture,50009.45,7.0,10,West,Returned,Customer_422,18-05-2026
103243,4243,Rice,Groceries,8554.22,10.0,20,South,Completed,Customer_54,10-12-2025
103244,4244,Tea,Groceries,30660.28,1.0,10,East,Returned,Customer_357,25-04-2025
103245,4245,Football,Sports,15014.71,6.0,0,South,Cancelled,Customer_206,03-09-2025
103246,4246,Gloves,Sports,66323.27,5.0,20,South,Cancelled,Customer_23,19-02-2025
103247,4247,Sugar,Groceries,10673.48,8.0,20,West,Returned,Customer_97,07-01-2026
103248,4248,Cricket Bat,Sports,55144.57,2.0,20,West,Cancelled,Customer_256,07-04-2026
103249,4249,Football,Sports,37444.21,10.0,10,East,Pending,Customer_275,29-08-2025
103250,4250,Shirt,Clothing,60480.61,10.0,10,South,Completed,Customer_432,24-03-2025
103251,4251,Football,Sports,6252.04,7.0,20,North,Pending,Customer_196,18-05-2026
103252,4252,Smartwatch,Electronics,8995.77,7.0,5,East,Pending,Customer_348,08-02-2025
103253,4253,Table,Furniture,24607.04,9.0,10,West,Pending,Customer_264,04-05-2026
103254,4254,Jeans,Clothing,23618.63,6.0,0,South,Cancelled,Customer_398,18-05-2026
103255,4255,Shirt,Clothing,50467.66,2.0,20,South,Cancelled,Customer_382,13-01-2026
103256,4256,Camera,Electronics,23152.75,3.0,5,North,Returned,Customer_331,17-04-2026
103257,4257,Badminton Racket,Sports,33631.15,1.0,10,West,Cancelled,Customer_429,26-02-2025
103258,4258,Jacket,Clothing,96547.07,8.0,20,North,Returned,Customer_154,28-07-2025
103259,4259,Keyboard,Electronics,66964.8,4.0,10,South,Completed,Customer_36,05-12-2025
103260,4260,Sugar,Groceries,3262.59,10.0,5,North,Cancelled,Customer_264,05-02-2025
103261,4261,Shelf,Furniture,59193.26,6.0,15,South,Cancelled,Customer_101,24-07-2025
103262,4262,Cricket Bat,Sports,40752.97,7.0,0,East,Cancelled,Customer_9,14-02-2026
103263,4263,Tennis Racket,Sports,22860.14,10.0,0,North,Completed,Customer_9,04-11-2025
103264,4264,Stool,Furniture,77974.23,10.0,10,East,Pending,Customer_59,02-01-2025
103265,4265,Speaker,Electronics,79989.66,9.0,15,North,Pending,Customer_492,09-06-2025
103266,4266,Football,Sports,37034.12,6.0,20,North,Completed,Customer_46,29-11-2025
103267,4267,Rice,Groceries,85523.6,5.0,0,West,Cancelled,Customer_431,15-06-2025
103268,4268,Milk,Groceries,30258.6,6.0,5,North,Pending,Customer_493,07-05-2025
103269,4269,Cabinet,Furniture,70933.97,7.0,5,South,Cancelled,Customer_3,17-05-2026
103270,4270,Camera,Electronics,24687.4,5.0,0,East,Cancelled,Customer_242,20-02-2025
103271,4271,Printer,Electronics,5167.3,4.0,0,North,Returned,Customer_296,02-01-2026
103272,4272,Printer,Electronics,19069.59,3.0,0,South,Completed,Customer_468,24-06-2025
103273,4273,Bed,Furniture,63347.49,8.0,20,North,Cancelled,Customer_224,17-09-2025
103274,4274,Speaker,Electronics,73220.03,6.0,5,West,Returned,Customer_185,13-01-2025
103275,4275,Cabinet,Furniture,98054.34,10.0,15,East,Completed,Customer_225,12-04-2025
103276,4276,Hoodie,Clothing,47397.05,3.0,5,East,Pending,Customer_88,29-03-2025
103277,4277,Cricket Bat,Sports,64348.19,2.0,20,East,Completed,Customer_149,23-04-2025
103278,4278,T-Shirt,Clothing,75132.86,4.0,15,South,Completed,Customer_146,22-06-2025
103279,4279,Sugar,Groceries,15468.24,2.0,0,North,Returned,Customer_155,13-02-2025
103280,4280,Chair,Furniture,61966.05,9.0,15,West,Returned,Customer_187,01-11-2025
103281,4281,Cricket Bat,Sports,69134.07,3.0,20,North,Pending,Customer_339,30-01-2026
103282,4282,Sugar,Groceries,94947.43,2.0,10,North,Cancelled,Customer_98,03-06-2025
103283,4283,Speaker,Electronics,65497.68,2.0,10,South,Pending,Customer_53,03-01-2026
103284,4284,Milk,Groceries,88732.41,4.0,0,South,Pending,Customer_452,15-09-2025
103285,4285,Milk,Groceries,94272.69,8.0,5,North,Pending,Customer_161,10-09-2025
103286,4286,Jeans,Clothing,24249.98,7.0,15,West,Returned,Customer_16,15-11-2025
103287,4287,Sofa,Furniture,65216.1,10.0,15,West,Returned,Customer_155,23-02-2025
103288,4288,Gloves,Sports,87663.63,8.0,0,West,Cancelled,Customer_92,27-10-2025
103289,4289,Laptop,Electronics,24186.09,4.0,10,North,Completed,Customer_353,20-05-2026
103290,4290,Bed,Furniture,79848.05,3.0,10,East,Completed,Customer_224,01-08-2025
103291,4291,Football,Sports,48591.07,7.0,5,East,Pending,Customer_113,16-04-2025
103292,4292,Football,Sports,79524.05,9.0,5,South,Returned,Customer_282,13-03-2026
103293,4293,Cricket Bat,Sports,47862.6,1.0,5,East,Returned,Customer_396,25-08-2025
103294,4294,Speaker,Electronics,61458.18,6.0,0,West,Pending,Customer_346,24-03-2025
103295,4295,Cabinet,Furniture,25019.69,8.0,15,North,Returned,Customer_246,19-01-2026
103296,4296,Speaker,Electronics,55202.7,5.0,20,West,Pending,Customer_401,21-12-2025
103297,4297,Tea,Groceries,50506.42,7.0,20,North,Cancelled,Customer_467,03-01-2026
103298,4298,Smartwatch,Electronics,78136.12,5.0,10,South,Pending,Customer_461,15-01-2026
103299,4299,Tennis Racket,Sports,33731.03,4.0,0,East,Completed,Customer_180,29-10-2025
103300,4300,Smartwatch,Electronics,41405.71,6.0,0,North,Returned,Customer_255,13-11-2025
103301,4301,T-Shirt,Clothing,67285.19,7.0,20,North,Cancelled,Customer_376,01-02-2025
103302,4302,T-Shirt,Clothing,49174.51,8.0,5,South,Cancelled,Customer_69,06-03-2026
103303,4303,Coffee,Groceries,86850.68,1.0,5,South,Completed,Customer_72,13-06-2026
103304,4304,Camera,Electronics,6406.51,9.0,20,South,Cancelled,Customer_484,11-11-2025
103305,4305,Sugar,Groceries,87744.86,2.0,10,West,Pending,Customer_388,25-05-2026
103306,4306,Table,Furniture,8859.19,10.0,0,North,Returned,Customer_83,04-09-2025
103307,4307,Printer,Electronics,73227.13,6.0,10,North,Completed,Customer_121,08-04-2025
103308,4308,Cricket Bat,Sports,24421.08,7.0,0,North,Completed,Customer_67,11-03-2025
103309,4309,Football,Sports,30524.7,5.0,0,South,Cancelled,Customer_498,09-03-2026
103310,4310,Printer,Electronics,63477.29,8.0,5,South,Completed,Customer_145,05-05-2026
103311,4311,Monitor,Electronics,66507.51,1.0,15,East,Pending,Customer_371,29-07-2025
103312,4312,Jacket,Clothing,13057.96,1.0,0,North,Cancelled,Customer_432,09-02-2026
103313,4313,Mouse,Electronics,1297.49,5.0,10,East,Cancelled,Customer_492,12-04-2026
103314,4314,Tennis Racket,Sports,13402.48,8.0,5,South,Cancelled,Customer_217,21-04-2026
103315,4315,Table,Furniture,48963.22,2.0,20,West,Returned,Customer_252,10-03-2026
103316,4316,Coffee,Groceries,91790.69,2.0,0,South,Pending,Customer_311,28-03-2025
103317,4317,Helmet,Sports,22398.32,8.0,0,East,Returned,Customer_116,09-02-2025
103318,4318,Jacket,Clothing,11779.22,5.0,15,North,Returned,Customer_425,17-08-2025
103319,4319,T-Shirt,Clothing,53901.24,1.0,15,East,Completed,Customer_127,20-04-2025
103320,4320,Shirt,Clothing,80505.3,9.0,20,North,Cancelled,Customer_123,05-02-2026
103321,4321,Chair,Furniture,36233.54,5.0,5,South,Returned,Customer_42,20-11-2025
103322,4322,T-Shirt,Clothing,94321.22,4.0,15,North,Pending,Customer_28,25-04-2026
103323,4323,Tablet,Electronics,19802.26,9.0,10,East,Cancelled,Customer_369,11-12-2025
103324,4324,Cabinet,Furniture,26771.31,1.0,20,West,Returned,Customer_240,31-05-2026
103325,4325,Helmet,Sports,97207.59,10.0,5,North,Completed,Customer_380,09-02-2025
103326,4326,Milk,Groceries,67945.72,1.0,20,East,Returned,Customer_390,11-03-2025
103327,4327,Keyboard,Electronics,29575.01,2.0,15,North,Cancelled,Customer_49,24-01-2025
103328,4328,Shoes,Clothing,42809.58,8.0,10,South,Returned,Customer_65,27-10-2025
103329,4329,Shirt,Clothing,6023.48,5.0,0,North,Completed,Customer_61,30-05-2026
103330,4330,Coffee,Groceries,77880.97,4.0,0,East,Cancelled,Customer_115,30-01-2025
103331,4331,Bread,Groceries,13546.92,7.0,20,West,Cancelled,Customer_308,03-03-2025
103332,4332,Chair,Furniture,26152.13,4.0,15,West,Pending,Customer_134,18-02-2026
103333,4333,Football,Sports,28434.62,1.0,0,South,Completed,Customer_48,08-06-2026
103334,4334,Eggs,Groceries,24581.6,4.0,10,West,Cancelled,Customer_50,07-06-2026
103335,4335,Keyboard,Electronics,46425.27,10.0,0,North,Pending,Customer_139,05-09-2025
103336,4336,Eggs,Groceries,19861.26,3.0,15,East,Completed,Customer_498,05-12-2025
103337,4337,Shelf,Furniture,13893.43,2.0,5,North,Completed,Customer_421,11-12-2025
103338,4338,T-Shirt,Clothing,63735.05,2.0,0,South,Completed,Customer_195,12-01-2025
103339,4339,Oil,Groceries,24859.87,7.0,0,East,Pending,Customer_91,19-03-2025
103340,4340,Jacket,Clothing,16478.62,7.0,5,East,Pending,Customer_287,29-09-2025
103341,4341,Cabinet,Furniture,77517.99,2.0,10,East,Cancelled,Customer_377,26-05-2025
103342,4342,Oil,Groceries,53440.45,6.0,10,South,Returned,Customer_272,11-05-2025
103343,4343,Tennis Racket,Sports,6096.63,2.0,10,North,Pending,Customer_410,16-07-2025
103344,4344,Sofa,Furniture,34799.01,6.0,20,North,Pending,Customer_486,08-12-2025
103345,4345,Chair,Furniture,33672.72,8.0,20,North,Returned,Customer_414,05-08-2025
103346,4346,Jacket,Clothing,78857.42,5.0,10,West,Returned,Customer_251,10-05-2026
103347,4347,Jacket,Clothing,77882.64,5.0,20,South,Completed,Customer_157,14-03-2026
103348,4348,T-Shirt,Clothing,4976.0,1.0,20,South,Returned,Customer_153,21-03-2026
103349,4349,Stool,Furniture,36479.03,6.0,20,South,Cancelled,Customer_463,25-10-2025
103350,4350,Rice,Groceries,58322.68,3.0,10,North,Returned,Customer_81,05-01-2026
103351,4351,Jacket,Clothing,73140.78,10.0,15,North,Pending,Customer_73,16-09-2025
103352,4352,Rice,Groceries,44091.99,3.0,0,West,Cancelled,Customer_104,08-05-2025
103353,4353,Rice,Groceries,21838.9,6.0,20,East,Pending,Customer_346,05-06-2026
103354,4354,Tennis Racket,Sports,94778.76,3.0,5,South,Returned,Customer_47,27-05-2026
103355,4355,Tennis Racket,Sports,57033.89,5.0,20,East,Cancelled,Customer_432,13-04-2026
103356,4356,Cricket Bat,Sports,17412.74,4.0,10,South,Returned,Customer_374,20-04-2025
103357,4357,Football,Sports,13359.0,3.0,0,South,Pending,Customer_308,02-08-2025
103358,4358,Milk,Groceries,47632.12,2.0,10,North,Cancelled,Customer_21,12-10-2025
103359,4359,Sugar,Groceries,66411.62,2.0,5,North,Completed,Customer_494,17-01-2025
103360,4360,T-Shirt,Clothing,93778.56,3.0,0,West,Cancelled,Customer_348,13-12-2025
103361,4361,Tennis Racket,Sports,17053.84,9.0,15,West,Returned,Customer_247,07-10-2025
103362,4362,Sofa,Furniture,62532.52,6.0,5,West,Pending,Customer_375,17-05-2025
103363,4363,Bread,Groceries,60830.33,10.0,10,North,Completed,Customer_7,22-05-2025
103364,4364,Rice,Groceries,49022.74,3.0,10,West,Returned,Customer_498,18-12-2025
103365,4365,Stool,Furniture,6921.49,6.0,0,East,Pending,Customer_3,19-07-2025
103366,4366,Speaker,Electronics,45372.28,1.0,10,North,Returned,Customer_319,03-08-2025
103367,4367,Stool,Furniture,44984.29,4.0,15,South,Cancelled,Customer_482,29-03-2025
103368,4368,Shoes,Clothing,34054.56,3.0,10,North,Pending,Customer_211,19-01-2025
103369,4369,Smartwatch,Electronics,5973.34,3.0,15,North,Pending,Customer_484,05-05-2025
103370,4370,Helmet,Sports,84542.45,5.0,10,West,Completed,Customer_68,29-08-2025
103371,4371,Table,Furniture,81304.69,10.0,20,West,Cancelled,Customer_59,17-04-2026
103372,4372,Shirt,Clothing,78977.03,1.0,20,North,Returned,Customer_443,04-01-2025
103373,4373,Tennis Racket,Sports,93902.0,8.0,10,North,Pending,Customer_478,25-01-2025
103374,4374,Camera,Electronics,51372.36,9.0,20,West,Cancelled,Customer_175,13-12-2025
103375,4375,Smartwatch,Electronics,33944.07,2.0,20,West,Pending,Customer_462,12-09-2025
103376,4376,Tea,Groceries,62240.25,7.0,15,East,Completed,Customer_277,08-05-2025
103377,4377,Hoodie,Clothing,13519.91,5.0,20,East,Cancelled,Customer_468,17-02-2025
103378,4378,Shirt,Clothing,14709.03,8.0,5,East,Pending,Customer_440,21-10-2025
103379,4379,Printer,Electronics,78432.75,7.0,15,West,Cancelled,Customer_273,19-11-2025
103380,4380,Eggs,Groceries,62097.36,2.0,15,West,Pending,Customer_220,24-10-2025
103381,4381,Speaker,Electronics,44815.17,4.0,20,East,Pending,Customer_233,30-04-2026
103382,4382,Mouse,Electronics,96704.83,5.0,0,West,Cancelled,Customer_183,19-06-2026
103383,4383,Bed,Furniture,98219.44,8.0,0,East,Completed,Customer_248,25-07-2025
103384,4384,Sugar,Groceries,6920.39,9.0,20,South,Returned,Customer_461,23-05-2025
103385,4385,Monitor,Electronics,66856.21,3.0,10,West,Completed,Customer_73,08-01-2026
103386,4386,Coffee,Groceries,99023.47,2.0,0,East,Returned,Customer_338,03-06-2026
103387,4387,Tennis Racket,Sports,78788.4,2.0,10,South,Cancelled,Customer_398,02-02-2026
103388,4388,Rice,Groceries,790.03,9.0,10,West,Pending,Customer_209,17-02-2025
103389,4389,Chair,Furniture,20298.24,5.0,5,West,Cancelled,Customer_335,13-07-2025
103390,4390,Cabinet,Furniture,43424.93,9.0,20,West,Returned,Customer_418,29-01-2025
103391,4391,Rice,Groceries,42676.4,1.0,0,East,Pending,Customer_127,01-04-2026
103392,4392,Laptop,Electronics,78415.01,10.0,15,East,Cancelled,Customer_101,01-02-2026
103393,4393,Badminton Racket,Sports,8336.57,7.0,15,West,Pending,Customer_448,23-03-2025
103394,4394,Shirt,Clothing,70816.5,5.0,10,East,Returned,Customer_220,05-05-2025
103395,4395,Football,Sports,29117.95,9.0,10,South,Returned,Customer_260,06-01-2026
103396,4396,Table,Furniture,25144.19,10.0,15,South,Cancelled,Customer_352,26-06-2025
103397,4397,Keyboard,Electronics,13721.66,4.0,20,South,Completed,Customer_161,25-01-2025
103398,4398,Camera,Electronics,69897.79,2.0,0,East,Cancelled,Customer_486,08-06-2026
103399,4399,Jacket,Clothing,42048.96,8.0,10,North,Returned,Customer_333,24-01-2026
103400,4400,Rice,Groceries,29740.42,7.0,20,North,Completed,Customer_206,14-11-2025
103401,4401,Shirt,Clothing,65325.5,8.0,15,West,Cancelled,Customer_419,01-05-2026
103402,4402,Tea,Groceries,40146.98,5.0,20,East,Pending,Customer_5,28-05-2026
103403,4403,Hoodie,Clothing,14053.86,7.0,5,North,Returned,Customer_187,05-03-2025
103404,4404,Shoes,Clothing,62358.19,9.0,20,West,Pending,Customer_240,05-01-2026
103405,4405,Hoodie,Clothing,,3.0,20,East,Completed,Customer_213,24-06-2025
103406,4406,Helmet,Sports,46794.58,4.0,10,North,Completed,Customer_195,06-05-2026
103407,4407,Bed,Furniture,41547.07,7.0,5,North,Cancelled,Customer_127,26-02-2025
103408,4408,Table,Furniture,54444.18,4.0,5,South,Completed,Customer_460,22-03-2025
103409,4409,Mouse,Electronics,80117.04,9.0,10,East,Cancelled,Customer_176,20-06-2026
103410,4410,Sugar,Groceries,37215.91,5.0,0,East,Completed,Customer_142,17-07-2025
103411,4411,Coffee,Groceries,93646.62,6.0,5,East,Completed,Customer_480,09-04-2026
103412,4412,Helmet,Sports,20051.91,9.0,5,East,Cancelled,Customer_497,11-02-2026
103413,4413,Tea,Groceries,97340.34,4.0,20,East,Returned,Customer_341,14-09-2025
103414,4414,Camera,Electronics,65367.3,3.0,0,North,Completed,Customer_397,19-03-2026
103415,4415,Bed,Furniture,86085.09,10.0,5,South,Returned,Customer_411,18-10-2025
103416,4416,Shelf,Furniture,52568.55,6.0,20,West,Pending,Customer_223,08-05-2026
103417,4417,Gloves,Sports,83861.88,1.0,5,West,Completed,Customer_311,01-03-2025
103418,4418,Tennis Racket,Sports,85620.56,3.0,15,South,Completed,Customer_469,12-05-2025
103419,4419,Tablet,Electronics,63730.48,10.0,10,West,Pending,Customer_424,09-11-2025
103420,4420,Shirt,Clothing,68893.93,3.0,15,West,Pending,Customer_324,30-08-2025
103421,4421,Football,Sports,98542.57,6.0,5,South,Returned,Customer_66,27-11-2025
103422,4422,Table,Furniture,95445.51,1.0,10,East,Cancelled,Customer_34,08-10-2025
103423,4423,Chair,Furniture,14200.22,5.0,10,North,Returned,Customer_144,13-01-2026
103424,4424,Smartwatch,Electronics,21314.59,4.0,20,West,Completed,Customer_72,29-09-2025
103425,4425,T-Shirt,Clothing,30297.76,4.0,0,West,Returned,Customer_50,28-06-2025
103426,4426,Cabinet,Furniture,70290.17,4.0,15,West,Pending,Customer_251,23-03-2026
103427,4427,Jacket,Clothing,25799.78,7.0,10,West,Pending,Customer_173,25-11-2025
103428,4428,Shoes,Clothing,92682.55,5.0,15,West,Returned,Customer_55,14-12-2025
103429,4429,Sofa,Furniture,79883.85,10.0,10,South,Returned,Customer_363,22-02-2025
103430,4430,Table,Furniture,34640.0,2.0,5,South,Completed,Customer_224,11-06-2025
103431,4431,Sugar,Groceries,50474.23,5.0,5,North,Pending,Customer_309,14-02-2025
103432,4432,Stool,Furniture,91903.99,10.0,10,South,Cancelled,Customer_162,19-04-2026
103433,4433,Phone,Electronics,80223.91,2.0,5,South,Completed,Customer_427,05-02-2026
103434,4434,Shoes,Clothing,8975.37,1.0,5,West,Cancelled,Customer_449,09-08-2025
103435,4435,Eggs,Groceries,29081.13,4.0,20,West,Completed,Customer_130,31-05-2025
103436,4436,Chair,Furniture,63190.91,8.0,15,West,Pending,Customer_164,10-06-2025
103437,4437,Rice,Groceries,84733.13,9.0,20,East,Returned,Customer_55,27-02-2025
103438,4438,Football,Sports,18916.67,,20,North,Completed,Customer_341,10-03-2026
103439,4439,Desk,Furniture,34276.44,7.0,15,East,Cancelled,Customer_207,14-01-2026
103440,4440,Badminton Racket,Sports,12147.49,3.0,15,North,Pending,Customer_149,08-10-2025
103441,4441,Bread,Groceries,22099.91,5.0,15,East,Completed,Customer_172,31-10-2025
103442,4442,Bread,Groceries,33356.4,8.0,0,East,Completed,Customer_404,27-05-2026
103443,4443,Tea,Groceries,35961.64,10.0,10,West,Completed,Customer_22,23-08-2025
103444,4444,Stool,Furniture,74421.15,3.0,10,East,Pending,Customer_46,09-01-2025
103445,4445,Football,Sports,18482.76,3.0,10,East,Returned,Customer_470,13-01-2026
103446,4446,Stool,Furniture,64153.29,4.0,10,North,Cancelled,Customer_74,16-03-2026
103447,4447,Jeans,Clothing,5836.02,10.0,0,South,Returned,Customer_80,03-07-2025
103448,4448,Helmet,Sports,14360.08,1.0,5,East,Pending,Customer_311,06-06-2025
103449,4449,Cabinet,Furniture,3390.44,5.0,20,East,Completed,Customer_236,19-03-2026
103450,4450,Tennis Racket,Sports,19893.84,1.0,5,East,Returned,Customer_207,14-04-2026
103451,4451,Cricket Bat,Sports,5124.71,8.0,15,West,Returned,Customer_194,13-11-2025
103452,4452,Football,Sports,43199.82,1.0,10,South,Returned,Customer_259,12-06-2025
103453,4453,Hoodie,Clothing,1738.36,6.0,15,South,Returned,Customer_406,08-07-2025
103454,4454,Tea,Groceries,56599.99,3.0,5,East,Returned,Customer_377,12-06-2025
103455,4455,Bread,Groceries,63237.53,5.0,20,South,Returned,Customer_493,26-02-2025
103456,4456,Shirt,Clothing,17765.89,4.0,15,West,Returned,Customer_54,17-02-2025
103457,4457,T-Shirt,Clothing,93740.38,5.0,0,North,Returned,Customer_446,10-06-2026
103458,4458,Milk,Groceries,50265.13,9.0,20,West,Pending,Customer_140,14-09-2025
103459,4459,Tennis Racket,Sports,88960.43,4.0,20,East,Completed,Customer_267,14-03-2026
103460,4460,Gloves,Sports,32468.54,2.0,0,South,Pending,Customer_445,14-04-2025
103461,4461,Football,Sports,54491.11,2.0,10,West,Returned,Customer_300,11-03-2025
103462,4462,Sofa,Furniture,49446.56,8.0,20,North,Completed,Customer_398,11-06-2025
103463,4463,Chair,Furniture,7770.21,4.0,5,North,Completed,Customer_322,06-06-2025
103464,4464,Table,Furniture,36444.86,4.0,15,South,Completed,Customer_150,05-01-2025
103465,4465,Helmet,Sports,17825.57,3.0,0,West,Returned,Customer_96,05-02-2025
103466,4466,Keyboard,Electronics,,10.0,5,North,Returned,Customer_249,24-11-2025
103467,4467,Rice,Groceries,879.47,1.0,0,West,Returned,Customer_445,17-12-2025
103468,4468,Desk,Furniture,93907.2,5.0,5,West,Completed,Customer_191,16-03-2025
103469,4469,Jacket,Clothing,71906.39,5.0,15,North,Returned,Customer_6,17-05-2025
103470,4470,Milk,Groceries,53350.57,3.0,0,North,Pending,Customer_337,17-06-2026
103471,4471,Speaker,Electronics,93315.89,4.0,0,South,Pending,Customer_86,26-04-2025
103472,4472,Rice,Groceries,2598.22,10.0,10,North,Pending,Customer_72,25-12-2025
103473,4473,Stool,Furniture,38499.6,6.0,5,North,Pending,Customer_58,12-04-2025
103474,4474,Coffee,Groceries,56443.55,5.0,5,South,Returned,Customer_253,28-01-2025
103475,4475,Mouse,Electronics,40149.05,9.0,15,West,Pending,Customer_488,08-01-2025
103476,4476,Cabinet,Furniture,9675.48,4.0,5,West,Returned,Customer_120,17-01-2025
103477,4477,Desk,Furniture,4175.51,10.0,10,South,Completed,Customer_145,13-01-2025
103478,4478,Jeans,Clothing,7852.61,9.0,10,North,Returned,Customer_166,24-11-2025
103479,4479,Speaker,Electronics,26019.84,6.0,15,West,Completed,Customer_120,24-05-2026
103480,4480,Tennis Racket,Sports,43672.78,10.0,20,South,Completed,Customer_334,06-04-2026
103481,4481,Eggs,Groceries,66021.95,1.0,10,East,Completed,Customer_44,25-05-2026
103482,4482,Stool,Furniture,16783.09,10.0,5,South,Completed,Customer_61,30-08-2025
103483,4483,Chair,Furniture,36164.55,2.0,5,East,Completed,Customer_219,20-07-2025
103484,4484,Rice,Groceries,7392.3,10.0,5,East,Completed,Customer_206,19-11-2025
103485,4485,Mouse,Electronics,67473.37,5.0,0,North,Returned,Customer_26,07-02-2026
103486,4486,Shoes,Clothing,35229.21,8.0,20,West,Pending,Customer_323,02-04-2025
103487,4487,Bed,Furniture,82962.94,8.0,10,East,Completed,Customer_482,10-09-2025
103488,4488,Gloves,Sports,52169.44,10.0,10,East,Returned,Customer_256,16-02-2026
103489,4489,Coffee,Groceries,41667.68,2.0,10,West,Completed,Customer_50,11-05-2026
103490,4490,Smartwatch,Electronics,15412.53,2.0,0,West,Returned,Customer_389,11-02-2025
103491,4491,Desk,Furniture,,9.0,10,South,Cancelled,Customer_232,01-06-2026
103492,4492,Stool,Furniture,46098.84,3.0,5,North,Cancelled,Customer_326,06-07-2025
103493,4493,Tennis Racket,Sports,52461.03,9.0,20,West,Pending,Customer_235,25-06-2025
103494,4494,Helmet,Sports,87653.11,4.0,15,North,Pending,Customer_359,19-09-2025
103495,4495,Smartwatch,Electronics,24343.58,9.0,20,East,Returned,Customer_147,20-10-2025
103496,4496,Jeans,Clothing,67765.18,4.0,15,East,Pending,Customer_364,03-09-2025
103497,4497,Cricket Bat,Sports,55352.06,9.0,5,South,Returned,Customer_128,08-12-2025
103498,4498,Sofa,Furniture,85703.07,1.0,0,North,Returned,Customer_218,19-07-2025
103499,4499,Bed,Furniture,77976.49,2.0,0,East,Returned,Customer_354,20-07-2025
103500,4500,Hoodie,Clothing,98496.42,3.0,15,South,Returned,Customer_94,11-08-2025
103501,4501,Cabinet,Furniture,45991.07,5.0,0,East,Pending,Customer_139,25-10-2025
103502,4502,Table,Furniture,7841.87,8.0,10,East,Cancelled,Customer_245,23-10-2025
103503,4503,Table,Furniture,63214.47,9.0,10,West,Pending,Customer_259,23-04-2025
103504,4504,T-Shirt,Clothing,16225.86,2.0,10,West,Pending,Customer_462,15-09-2025
103505,4505,Eggs,Groceries,17885.54,10.0,5,East,Returned,Customer_373,29-07-2025
103506,4506,Jeans,Clothing,65216.23,10.0,10,North,Cancelled,Customer_123,03-01-2025
103507,4507,Camera,Electronics,31676.83,2.0,0,South,Cancelled,Customer_246,01-07-2025
103508,4508,Chair,Furniture,34026.47,8.0,10,East,Pending,Customer_40,27-01-2025
103509,4509,Cricket Bat,Sports,14117.37,7.0,5,West,Returned,Customer_482,22-06-2025
103510,4510,Jeans,Clothing,74503.24,2.0,0,West,Returned,Customer_378,03-02-2026
103511,4511,Laptop,Electronics,37824.23,10.0,15,East,Completed,Customer_452,31-05-2025
103512,4512,Speaker,Electronics,91294.88,10.0,15,East,Completed,Customer_218,21-03-2025
103513,4513,Shirt,Clothing,,10.0,5,East,Completed,Customer_72,15-07-2025
103514,4514,Printer,Electronics,4505.58,5.0,15,South,Returned,Customer_405,08-06-2026
103515,4515,Desk,Furniture,11370.73,3.0,0,East,Cancelled,Customer_73,16-01-2026
103516,4516,Camera,Electronics,61885.87,7.0,15,East,Pending,Customer_17,05-03-2025
103517,4517,Phone,Electronics,8569.25,5.0,15,South,Returned,Customer_87,10-09-2025
103518,4518,Badminton Racket,Sports,6866.2,6.0,10,East,Returned,Customer_500,28-11-2025
103519,4519,Tea,Groceries,21412.67,8.0,5,South,Completed,Customer_175,18-11-2025
103520,4520,Coffee,Groceries,57520.67,10.0,5,West,Returned,Customer_223,17-01-2025
103521,4521,Eggs,Groceries,72017.09,2.0,20,East,Completed,Customer_163,05-01-2025
103522,4522,Jeans,Clothing,57023.07,4.0,0,South,Cancelled,Customer_393,24-02-2026
103523,4523,Gloves,Sports,96386.64,7.0,15,South,Cancelled,Customer_158,25-04-2026
103524,4524,Rice,Groceries,90684.76,6.0,0,North,Completed,Customer_257,25-10-2025
103525,4525,Shelf,Furniture,16602.94,3.0,10,North,Completed,Customer_449,14-05-2025
103526,4526,Jacket,Clothing,58284.54,1.0,20,South,Cancelled,Customer_208,18-01-2026
103527,4527,Cabinet,Furniture,15832.01,5.0,15,East,Completed,Customer_422,03-04-2026
103528,4528,Sugar,Groceries,77366.76,6.0,10,East,Pending,Customer_170,19-03-2025
103529,4529,Desk,Furniture,94322.43,9.0,20,North,Completed,Customer_338,19-05-2026
103530,4530,Jeans,Clothing,85224.8,8.0,5,East,Returned,Customer_168,15-06-2025
103531,4531,Shelf,Furniture,49685.47,10.0,0,South,Completed,Customer_420,18-08-2025
103532,4532,Tennis Racket,Sports,,8.0,0,East,Completed,Customer_482,12-05-2025
103533,4533,Jeans,Clothing,41543.58,6.0,20,East,Completed,Customer_363,26-07-2025
103534,4534,Badminton Racket,Sports,37574.09,4.0,15,North,Cancelled,Customer_67,21-03-2026
103535,4535,Chair,Furniture,27184.84,9.0,5,South,Cancelled,Customer_454,22-02-2026
103536,4536,Mouse,Electronics,52768.29,8.0,5,South,Returned,Customer_462,24-12-2025
103537,4537,Football,Sports,65935.27,9.0,20,North,Returned,Customer_44,29-01-2026
103538,4538,Monitor,Electronics,20313.01,4.0,10,East,Completed,Customer_271,05-11-2025
103539,4539,Shelf,Furniture,65303.88,7.0,0,South,Completed,Customer_114,28-04-2026
103540,4540,Helmet,Sports,4923.1,3.0,20,South,Returned,Customer_249,28-02-2026
103541,4541,Coffee,Groceries,78333.93,8.0,15,West,Cancelled,Customer_183,23-12-2025
103542,4542,Jacket,Clothing,61786.25,1.0,20,North,Cancelled,Customer_413,14-09-2025
103543,4543,Cabinet,Furniture,77174.64,2.0,15,South,Cancelled,Customer_191,30-07-2025
103544,4544,Chair,Furniture,53781.89,3.0,0,South,Cancelled,Customer_348,13-03-2025
103545,4545,Hoodie,Clothing,52050.15,6.0,0,South,Returned,Customer_129,18-01-2025
103546,4546,Milk,Groceries,,7.0,0,East,Completed,Customer_383,01-11-2025
103547,4547,Shoes,Clothing,47803.45,3.0,15,East,Pending,Customer_377,19-09-2025
103548,4548,Stool,Furniture,69756.6,10.0,20,East,Completed,Customer_224,02-12-2025
103549,4549,Milk,Groceries,34553.17,1.0,10,South,Returned,Customer_237,25-04-2025
103550,4550,Cabinet,Furniture,54665.18,9.0,20,North,Cancelled,Customer_426,02-01-2026
103551,4551,Printer,Electronics,67901.96,6.0,20,East,Cancelled,Customer_429,08-02-2026
103552,4552,Jacket,Clothing,43312.64,6.0,0,North,Cancelled,Customer_38,15-01-2026
103553,4553,Bed,Furniture,87314.94,9.0,10,East,Returned,Customer_456,10-01-2025
103554,4554,Speaker,Electronics,58833.45,8.0,0,North,Cancelled,Customer_193,08-04-2026
103555,4555,Smartwatch,Electronics,67939.1,4.0,10,North,Pending,Customer_465,31-05-2026
103556,4556,Laptop,Electronics,79765.94,5.0,0,West,Pending,Customer_139,10-03-2026
103557,4557,Monitor,Electronics,10674.0,2.0,15,South,Completed,Customer_198,02-10-2025
103558,4558,Shirt,Clothing,32429.0,3.0,5,South,Pending,Customer_390,14-02-2026
103559,4559,Sugar,Groceries,92050.57,6.0,15,North,Cancelled,Customer_184,25-04-2026
103560,4560,Tablet,Electronics,36544.09,7.0,15,West,Cancelled,Customer_23,03-09-2025
103561,4561,Bread,Groceries,38862.16,7.0,10,East,Completed,Customer_357,28-02-2026
103562,4562,Mouse,Electronics,21986.45,10.0,5,South,Cancelled,Customer_465,16-01-2026
103563,4563,Speaker,Electronics,14944.21,7.0,5,North,Pending,Customer_329,16-03-2026
103564,4564,Badminton Racket,Sports,84581.91,5.0,15,West,Cancelled,Customer_270,09-05-2026
103565,4565,Helmet,Sports,62784.56,7.0,15,South,Completed,Customer_178,15-06-2025
103566,4566,Rice,Groceries,26061.09,4.0,5,South,Cancelled,Customer_417,22-03-2025
103567,4567,Eggs,Groceries,13401.4,1.0,10,West,Completed,Customer_57,15-05-2026
103568,4568,Bread,Groceries,97305.36,10.0,15,South,Returned,Customer_350,18-01-2025
103569,4569,Tennis Racket,Sports,66768.96,,5,South,Pending,Customer_7,28-02-2026
103570,4570,Cabinet,Furniture,41776.16,4.0,15,East,Returned,Customer_318,24-10-2025
103571,4571,Bed,Furniture,80058.73,1.0,0,South,Pending,Customer_241,28-07-2025
103572,4572,Monitor,Electronics,75264.48,5.0,15,East,Returned,Customer_106,29-11-2025
103573,4573,Sofa,Furniture,78725.95,7.0,5,North,Pending,Customer_428,04-01-2025
103574,4574,Sugar,Groceries,50607.02,7.0,20,East,Pending,Customer_471,07-03-2025
103575,4575,Mouse,Electronics,65620.54,3.0,15,North,Pending,Customer_327,05-02-2026
103576,4576,Tea,Groceries,39385.07,7.0,10,West,Pending,Customer_260,17-03-2025
103577,4577,Desk,Furniture,41473.17,6.0,0,South,Pending,Customer_351,19-05-2026
103578,4578,Cricket Bat,Sports,71740.83,10.0,5,West,Cancelled,Customer_112,20-12-2025
103579,4579,Table,Furniture,66049.02,3.0,5,West,Cancelled,Customer_213,08-04-2026
103580,4580,Smartwatch,Electronics,63172.81,1.0,5,North,Cancelled,Customer_207,29-05-2026
103581,4581,Rice,Groceries,45662.52,2.0,15,East,Pending,Customer_146,27-10-2025
103582,4582,Helmet,Sports,7317.67,6.0,20,South,Pending,Customer_466,05-01-2025
103583,4583,Tablet,Electronics,12168.31,10.0,10,North,Pending,Customer_205,28-03-2025
103584,4584,Sugar,Groceries,44102.3,6.0,5,South,Returned,Customer_56,02-12-2025
103585,4585,Hoodie,Clothing,92903.58,1.0,20,East,Cancelled,Customer_298,31-10-2025
103586,4586,Bed,Furniture,74061.34,6.0,15,West,Completed,Customer_370,01-09-2025
103587,4587,Helmet,Sports,84439.67,,0,North,Cancelled,Customer_305,21-12-2025
103588,4588,Coffee,Groceries,51605.28,3.0,10,South,Returned,Customer_414,16-01-2025
103589,4589,Smartwatch,Electronics,78041.71,2.0,15,West,Completed,Customer_288,02-12-2025
103590,4590,Shelf,Furniture,3530.33,9.0,15,South,Completed,Customer_343,24-05-2025
103591,4591,Monitor,Electronics,92648.99,4.0,0,South,Completed,Customer_389,14-03-2026
103592,4592,Coffee,Groceries,42918.18,4.0,5,West,Pending,Customer_152,14-09-2025
103593,4593,Football,Sports,98694.01,7.0,15,North,Completed,Customer_178,20-02-2026
103594,4594,Shirt,Clothing,80572.33,4.0,0,East,Cancelled,Customer_201,07-04-2026
103595,4595,Sofa,Furniture,7681.88,,10,East,Returned,Customer_458,23-05-2026
103596,4596,Chair,Furniture,75529.82,9.0,0,North,Pending,Customer_170,06-08-2025
103597,4597,Keyboard,Electronics,96764.47,3.0,5,East,Cancelled,Customer_254,05-06-2026
103598,4598,Laptop,Electronics,56398.71,,0,East,Returned,Customer_63,20-11-2025
103599,4599,Badminton Racket,Sports,76879.79,1.0,20,North,Completed,Customer_231,03-08-2025
103600,4600,Helmet,Sports,93824.64,5.0,5,East,Returned,Customer_145,07-09-2025
103601,4601,Bread,Groceries,82046.1,1.0,5,North,Cancelled,Customer_485,23-01-2026
103602,4602,Oil,Groceries,52415.21,3.0,10,East,Pending,Customer_478,17-09-2025
103603,4603,Cabinet,Furniture,63062.85,2.0,0,South,Cancelled,Customer_308,04-11-2025
103604,4604,Smartwatch,Electronics,29451.31,10.0,10,West,Completed,Customer_374,22-08-2025
103605,4605,Sofa,Furniture,55826.43,8.0,15,West,Completed,Customer_324,01-02-2026
103606,4606,Cabinet,Furniture,89637.65,2.0,10,North,Pending,Customer_289,27-04-2026
103607,4607,Football,Sports,53421.93,5.0,5,North,Completed,Customer_262,21-07-2025
103608,4608,Bread,Groceries,16191.89,10.0,15,North,Pending,Customer_198,27-01-2026
103609,4609,Desk,Furniture,87758.01,8.0,20,North,Cancelled,Customer_61,16-08-2025
103610,4610,Table,Furniture,7860.14,8.0,15,West,Returned,Customer_432,09-04-2026
103611,4611,Oil,Groceries,59332.27,9.0,0,South,Completed,Customer_472,09-06-2025
103612,4612,Badminton Racket,Sports,32027.02,8.0,20,South,Pending,Customer_348,14-01-2025
103613,4613,Shelf,Furniture,1394.66,8.0,20,South,Cancelled,Customer_389,29-04-2026
103614,4614,Shelf,Furniture,32430.56,8.0,10,West,Returned,Customer_486,22-09-2025
103615,4615,T-Shirt,Clothing,69468.96,5.0,5,East,Returned,Customer_369,04-11-2025
103616,4616,Hoodie,Clothing,81106.43,9.0,10,South,Returned,Customer_336,19-02-2025
103617,4617,Speaker,Electronics,36593.5,2.0,0,East,Returned,Customer_244,13-09-2025
103618,4618,Cabinet,Furniture,7549.31,8.0,15,North,Cancelled,Customer_31,28-02-2026
103619,4619,Cricket Bat,Sports,97058.45,9.0,0,South,Cancelled,Customer_223,28-11-2025
103620,4620,Keyboard,Electronics,75964.28,6.0,5,East,Cancelled,Customer_193,27-07-2025
103621,4621,Sofa,Furniture,77764.83,10.0,10,South,Cancelled,Customer_394,25-11-2025
103622,4622,Rice,Groceries,33966.28,6.0,15,South,Returned,Customer_99,08-01-2025
103623,4623,Desk,Furniture,96155.28,3.0,20,West,Pending,Customer_367,08-06-2026
103624,4624,Coffee,Groceries,95862.48,5.0,5,South,Returned,Customer_13,03-08-2025
103625,4625,Tennis Racket,Sports,65180.11,5.0,5,West,Completed,Customer_293,13-07-2025
103626,4626,Smartwatch,Electronics,15586.2,10.0,5,South,Pending,Customer_262,01-01-2025
103627,4627,Milk,Groceries,34916.9,10.0,20,East,Cancelled,Customer_175,12-01-2026
103628,4628,T-Shirt,Clothing,84346.91,10.0,20,South,Completed,Customer_134,04-01-2025
103629,4629,Monitor,Electronics,34780.92,4.0,5,South,Returned,Customer_244,15-07-2025
103630,4630,Hoodie,Clothing,,10.0,20,West,Cancelled,Customer_227,13-04-2025
103631,4631,Tea,Groceries,65459.02,2.0,10,North,Returned,Customer_89,22-02-2026
103632,4632,Tennis Racket,Sports,38654.87,4.0,20,South,Pending,Customer_11,24-06-2025
103633,4633,Shoes,Clothing,43992.28,9.0,10,West,Returned,Customer_478,07-08-2025
103634,4634,Bread,Groceries,7895.61,4.0,10,West,Completed,Customer_53,26-04-2026
103635,4635,Shelf,Furniture,96747.99,,5,West,Cancelled,Customer_312,20-02-2025
103636,4636,Tennis Racket,Sports,78310.66,8.0,0,West,Pending,Customer_131,16-08-2025
103637,4637,Monitor,Electronics,94284.22,1.0,15,West,Pending,Customer_394,20-01-2026
103638,4638,Milk,Groceries,98474.78,3.0,10,East,Completed,Customer_149,03-01-2025
103639,4639,Gloves,Sports,33195.94,10.0,15,South,Pending,Customer_459,27-12-2025
103640,4640,Mouse,Electronics,63422.1,9.0,0,West,Returned,Customer_383,14-02-2025
103641,4641,Keyboard,Electronics,86643.88,1.0,0,West,Cancelled,Customer_314,10-12-2025
103642,4642,Table,Furniture,90910.52,7.0,10,East,Completed,Customer_494,25-01-2025
103643,4643,Tea,Groceries,62686.0,9.0,15,South,Pending,Customer_466,19-03-2025
103644,4644,Sugar,Groceries,5692.23,3.0,5,South,Cancelled,Customer_137,18-09-2025
103645,4645,Camera,Electronics,7718.83,,15,South,Cancelled,Customer_13,22-06-2025
103646,4646,Chair,Furniture,99047.91,1.0,0,East,Cancelled,Customer_120,16-08-2025
103647,4647,Table,Furniture,50011.64,2.0,10,East,Cancelled,Customer_377,09-03-2025
103648,4648,Desk,Furniture,29341.41,,5,North,Cancelled,Customer_403,05-07-2025
103649,4649,Speaker,Electronics,58692.34,6.0,15,North,Completed,Customer_498,11-06-2025
103650,4650,Tea,Groceries,16707.83,1.0,15,South,Pending,Customer_143,06-03-2025
103651,4651,Bed,Furniture,23937.12,4.0,5,East,Completed,Customer_380,22-06-2025
103652,4652,Eggs,Groceries,60075.37,3.0,5,East,Cancelled,Customer_25,26-08-2025
103653,4653,Tea,Groceries,35542.53,4.0,5,East,Completed,Customer_98,19-08-2025
103654,4654,Speaker,Electronics,41147.6,5.0,15,South,Pending,Customer_303,17-02-2025
103655,4655,Tennis Racket,Sports,81232.61,6.0,10,West,Completed,Customer_172,29-01-2025
103656,4656,T-Shirt,Clothing,55753.67,4.0,0,North,Returned,Customer_130,23-10-2025
103657,4657,Shirt,Clothing,57281.55,4.0,15,North,Returned,Customer_482,15-09-2025
103658,4658,Laptop,Electronics,20120.89,5.0,20,East,Returned,Customer_169,14-05-2026
103659,4659,Stool,Furniture,29447.76,5.0,0,West,Pending,Customer_113,08-02-2026
103660,4660,Rice,Groceries,76771.97,8.0,20,North,Completed,Customer_99,23-03-2026
103661,4661,Helmet,Sports,21149.52,3.0,20,East,Completed,Customer_157,10-08-2025
103662,4662,Football,Sports,77394.12,2.0,20,East,Returned,Customer_499,28-03-2026
103663,4663,Jeans,Clothing,69025.1,7.0,20,North,Pending,Customer_342,12-04-2025
103664,4664,Bread,Groceries,40098.25,9.0,10,North,Pending,Customer_174,07-09-2025
103665,4665,Tea,Groceries,88651.96,3.0,20,South,Pending,Customer_6,03-08-2025
103666,4666,Tennis Racket,Sports,24108.91,6.0,15,North,Cancelled,Customer_97,05-07-2025
103667,4667,Helmet,Sports,83684.58,4.0,0,North,Cancelled,Customer_318,16-05-2026
103668,4668,Shirt,Clothing,97829.61,5.0,15,West,Completed,Customer_142,10-02-2025
103669,4669,Badminton Racket,Sports,45936.22,2.0,15,East,Returned,Customer_485,07-04-2026
103670,4670,Shelf,Furniture,9499.82,1.0,10,North,Cancelled,Customer_241,30-07-2025
103671,4671,Oil,Groceries,92259.05,9.0,0,West,Cancelled,Customer_220,12-10-2025
103672,4672,Chair,Furniture,47432.69,3.0,20,West,Returned,Customer_411,11-03-2025
103673,4673,Oil,Groceries,38781.83,9.0,5,East,Completed,Customer_61,02-02-2025
103674,4674,Shoes,Clothing,85915.25,8.0,15,West,Completed,Customer_482,29-05-2025
103675,4675,Sugar,Groceries,80940.77,3.0,5,North,Pending,Customer_435,18-05-2026
103676,4676,Helmet,Sports,64169.68,9.0,5,East,Completed,Customer_320,19-02-2026
103677,4677,Speaker,Electronics,29291.12,6.0,10,East,Pending,Customer_239,21-08-2025
103678,4678,Phone,Electronics,21529.0,7.0,10,West,Returned,Customer_12,20-05-2026
103679,4679,Printer,Electronics,75162.47,5.0,0,East,Cancelled,Customer_2,05-01-2025
103680,4680,Phone,Electronics,3717.3,8.0,5,North,Completed,Customer_373,09-03-2026
103681,4681,T-Shirt,Clothing,44508.85,10.0,20,South,Pending,Customer_376,31-05-2026
103682,4682,Hoodie,Clothing,79223.72,3.0,10,East,Returned,Customer_295,02-06-2025
103683,4683,T-Shirt,Clothing,79716.53,10.0,15,West,Cancelled,Customer_142,02-04-2026
103684,4684,Shoes,Clothing,90143.46,8.0,5,West,Completed,Customer_467,03-03-2025
103685,4685,Jeans,Clothing,97394.49,3.0,0,West,Returned,Customer_236,04-05-2025
103686,4686,Tennis Racket,Sports,,7.0,15,East,Pending,Customer_359,21-01-2025
103687,4687,T-Shirt,Clothing,96304.97,3.0,0,North,Cancelled,Customer_62,25-07-2025
103688,4688,Printer,Electronics,68239.53,8.0,0,West,Completed,Customer_80,04-04-2026
103689,4689,Gloves,Sports,73524.69,8.0,10,North,Returned,Customer_448,30-10-2025
103690,4690,Stool,Furniture,15812.69,10.0,5,North,Returned,Customer_466,21-02-2026
103691,4691,Tea,Groceries,13635.79,3.0,5,East,Cancelled,Customer_127,15-03-2025
103692,4692,Bread,Groceries,57497.92,6.0,10,West,Pending,Customer_172,05-03-2026
103693,4693,Phone,Electronics,38456.62,8.0,0,South,Returned,Customer_318,22-01-2025
103694,4694,Oil,Groceries,32095.22,6.0,15,North,Pending,Customer_132,31-01-2025
103695,4695,Badminton Racket,Sports,22720.86,3.0,0,West,Returned,Customer_225,22-03-2026
103696,4696,Sugar,Groceries,28720.05,1.0,5,East,Pending,Customer_322,27-04-2025
103697,4697,Eggs,Groceries,22203.34,4.0,20,West,Completed,Customer_239,13-01-2025
103698,4698,Shoes,Clothing,88957.78,4.0,10,West,Pending,Customer_96,29-04-2025
103699,4699,Shelf,Furniture,77599.08,8.0,20,West,Cancelled,Customer_183,07-12-2025
103700,4700,Jeans,Clothing,40935.31,6.0,10,East,Returned,Customer_5,08-01-2026
103701,4701,Cabinet,Furniture,3708.18,7.0,10,East,Completed,Customer_65,15-07-2025
103702,4702,Hoodie,Clothing,58709.23,9.0,10,West,Pending,Customer_448,13-02-2026
103703,4703,Cabinet,Furniture,43145.47,1.0,10,North,Cancelled,Customer_45,10-05-2026
103704,4704,Badminton Racket,Sports,69509.24,6.0,15,East,Cancelled,Customer_112,10-03-2025
103705,4705,Stool,Furniture,80281.27,5.0,10,North,Completed,Customer_320,20-05-2026
103706,4706,Milk,Groceries,11288.65,5.0,10,West,Completed,Customer_164,02-06-2025
103707,4707,Sugar,Groceries,24901.28,3.0,10,West,Completed,Customer_380,07-06-2026
103708,4708,Laptop,Electronics,10810.39,9.0,15,North,Cancelled,Customer_23,15-09-2025
103709,4709,Stool,Furniture,76828.6,5.0,0,South,Returned,Customer_264,23-04-2025
103710,4710,Bread,Groceries,927.77,,20,North,Cancelled,Customer_437,05-06-2026
103711,4711,Speaker,Electronics,12161.75,1.0,0,East,Completed,Customer_284,26-04-2025
103712,4712,Tablet,Electronics,37727.83,4.0,15,North,Pending,Customer_493,19-04-2025
103713,4713,Table,Furniture,9811.61,7.0,5,North,Pending,Customer_468,25-10-2025
103714,4714,Coffee,Groceries,82963.06,5.0,10,South,Returned,Customer_398,12-06-2025
103715,4715,Camera,Electronics,81842.82,5.0,10,East,Completed,Customer_434,26-06-2025
103716,4716,Rice,Groceries,,3.0,10,West,Cancelled,Customer_214,29-12-2025
103717,4717,Oil,Groceries,75925.35,7.0,20,North,Pending,Customer_12,20-10-2025
103718,4718,Helmet,Sports,34601.82,1.0,20,West,Cancelled,Customer_333,13-04-2025
103719,4719,Eggs,Groceries,35235.79,9.0,20,East,Pending,Customer_407,14-05-2025
103720,4720,Sofa,Furniture,2394.4,3.0,20,West,Returned,Customer_131,07-04-2025
103721,4721,Shelf,Furniture,9963.86,4.0,10,West,Cancelled,Customer_165,11-02-2026
103722,4722,Speaker,Electronics,74612.46,6.0,5,East,Completed,Customer_266,13-08-2025
103723,4723,Jacket,Clothing,63385.58,5.0,15,East,Completed,Customer_302,26-06-2025
103724,4724,Printer,Electronics,61230.06,6.0,10,West,Pending,Customer_488,15-04-2026
103725,4725,Milk,Groceries,13971.75,7.0,5,West,Cancelled,Customer_119,18-09-2025
103726,4726,Speaker,Electronics,20665.45,10.0,10,West,Completed,Customer_83,18-05-2025
103727,4727,Cricket Bat,Sports,8884.26,8.0,0,West,Pending,Customer_289,31-10-2025
103728,4728,T-Shirt,Clothing,13438.6,7.0,10,West,Pending,Customer_398,09-01-2026
103729,4729,Bed,Furniture,9638.69,5.0,0,South,Pending,Customer_487,02-09-2025
103730,4730,Speaker,Electronics,43175.25,7.0,0,West,Returned,Customer_328,14-05-2026
103731,4731,Shirt,Clothing,48258.83,3.0,0,North,Completed,Customer_152,02-01-2025
103732,4732,Football,Sports,50978.76,4.0,5,West,Completed,Customer_406,28-03-2025
103733,4733,Badminton Racket,Sports,46930.67,8.0,5,South,Cancelled,Customer_73,17-05-2025
103734,4734,Jeans,Clothing,59188.14,10.0,10,West,Returned,Customer_231,05-07-2025
103735,4735,Coffee,Groceries,25300.19,8.0,0,East,Pending,Customer_48,13-04-2025
103736,4736,Shoes,Clothing,30970.28,1.0,20,South,Returned,Customer_365,16-05-2026
103737,4737,Helmet,Sports,87330.82,,10,West,Cancelled,Customer_461,10-09-2025
103738,4738,Hoodie,Clothing,50346.56,10.0,0,West,Pending,Customer_350,01-07-2025
103739,4739,Tennis Racket,Sports,24210.57,1.0,10,East,Returned,Customer_42,06-03-2026
103740,4740,Eggs,Groceries,41209.79,8.0,0,West,Pending,Customer_368,01-03-2026
103741,4741,Monitor,Electronics,86985.85,6.0,10,South,Completed,Customer_59,10-12-2025
103742,4742,Milk,Groceries,23042.67,6.0,20,East,Returned,Customer_110,22-05-2026
103743,4743,Tea,Groceries,13850.17,4.0,15,East,Cancelled,Customer_393,21-05-2026
103744,4744,Oil,Groceries,70829.21,9.0,5,North,Completed,Customer_282,07-05-2025
103745,4745,Laptop,Electronics,9831.99,5.0,15,North,Returned,Customer_94,24-11-2025
103746,4746,Tablet,Electronics,48895.42,10.0,20,North,Returned,Customer_228,11-04-2025
103747,4747,Speaker,Electronics,891.47,5.0,15,South,Cancelled,Customer_81,28-06-2025
103748,4748,Eggs,Groceries,87669.35,10.0,5,East,Pending,Customer_437,15-02-2025
103749,4749,T-Shirt,Clothing,45718.16,10.0,0,South,Pending,Customer_443,20-09-2025
103750,4750,Sofa,Furniture,32821.91,7.0,15,West,Returned,Customer_109,14-09-2025
103751,4751,Shelf,Furniture,79936.69,6.0,0,South,Completed,Customer_5,03-11-2025
103752,4752,Badminton Racket,Sports,,5.0,0,South,Completed,Customer_490,27-02-2026
103753,4753,Smartwatch,Electronics,59673.36,8.0,15,West,Returned,Customer_427,07-10-2025
103754,4754,Milk,Groceries,79386.11,2.0,5,East,Pending,Customer_189,04-02-2026
103755,4755,Bread,Groceries,78285.18,1.0,5,West,Cancelled,Customer_367,28-05-2025
103756,4756,Jacket,Clothing,53248.69,7.0,0,West,Completed,Customer_383,26-02-2025
103757,4757,Milk,Groceries,52306.93,4.0,15,West,Cancelled,Customer_486,02-03-2026
103758,4758,Keyboard,Electronics,68018.48,2.0,20,South,Returned,Customer_344,31-08-2025
103759,4759,Smartwatch,Electronics,39546.54,8.0,10,South,Completed,Customer_299,23-11-2025
103760,4760,Smartwatch,Electronics,83700.27,7.0,0,North,Returned,Customer_103,04-02-2026
103761,4761,Table,Furniture,79274.97,1.0,10,North,Returned,Customer_262,19-04-2026
103762,4762,Phone,Electronics,83943.66,9.0,10,South,Returned,Customer_384,10-09-2025
103763,4763,Badminton Racket,Sports,36552.56,3.0,5,East,Returned,Customer_226,17-04-2026
103764,4764,Rice,Groceries,33530.45,5.0,0,West,Completed,Customer_94,29-01-2026
103765,4765,Helmet,Sports,93051.76,6.0,15,North,Completed,Customer_337,11-05-2025
103766,4766,Football,Sports,21767.4,2.0,20,South,Returned,Customer_418,26-09-2025
103767,4767,Rice,Groceries,15744.74,4.0,20,East,Completed,Customer_185,27-05-2026
103768,4768,Oil,Groceries,69349.54,10.0,5,East,Completed,Customer_370,28-12-2025
103769,4769,Oil,Groceries,47344.83,6.0,5,South,Cancelled,Customer_186,13-05-2025
103770,4770,Tennis Racket,Sports,55681.57,1.0,5,North,Pending,Customer_394,01-06-2025
103771,4771,Gloves,Sports,17815.85,4.0,5,West,Returned,Customer_54,19-01-2026
103772,4772,Cabinet,Furniture,80302.75,10.0,5,West,Cancelled,Customer_436,26-05-2026
103773,4773,Shirt,Clothing,27770.35,6.0,5,South,Completed,Customer_389,11-01-2025
103774,4774,Speaker,Electronics,94924.05,1.0,20,West,Cancelled,Customer_207,14-11-2025
103775,4775,T-Shirt,Clothing,74742.68,6.0,10,North,Completed,Customer_1,07-03-2026
103776,4776,Coffee,Groceries,80391.19,5.0,20,South,Returned,Customer_273,14-03-2026
103777,4777,Bread,Groceries,83024.6,5.0,5,South,Cancelled,Customer_419,31-03-2026
103778,4778,Eggs,Groceries,74400.94,7.0,15,South,Pending,Customer_407,17-03-2026
103779,4779,Table,Furniture,61651.56,2.0,15,East,Pending,Customer_282,26-05-2026
103780,4780,Bed,Furniture,98695.62,1.0,20,East,Completed,Customer_164,04-01-2025
103781,4781,Shirt,Clothing,13143.37,7.0,20,West,Pending,Customer_305,19-03-2025
103782,4782,Jacket,Clothing,94952.58,8.0,15,West,Completed,Customer_293,21-11-2025
103783,4783,Cricket Bat,Sports,60689.18,2.0,5,West,Returned,Customer_187,29-07-2025
103784,4784,Badminton Racket,Sports,64589.86,9.0,10,East,Cancelled,Customer_232,30-04-2025
103785,4785,Table,Furniture,79998.93,10.0,10,West,Completed,Customer_471,22-03-2026
103786,4786,Cabinet,Furniture,18190.93,8.0,10,South,Returned,Customer_328,11-06-2025
103787,4787,Keyboard,Electronics,22303.78,5.0,15,North,Completed,Customer_476,16-06-2026
103788,4788,Sugar,Groceries,37393.95,10.0,5,South,Pending,Customer_417,11-02-2025
103789,4789,Laptop,Electronics,32436.37,1.0,0,West,Pending,Customer_195,26-11-2025
103790,4790,Tennis Racket,Sports,28509.81,6.0,5,East,Cancelled,Customer_474,09-07-2025
103791,4791,Shirt,Clothing,12655.94,8.0,20,South,Pending,Customer_481,26-02-2025
103792,4792,Sugar,Groceries,23750.87,6.0,10,West,Cancelled,Customer_478,21-01-2025
103793,4793,Badminton Racket,Sports,99753.47,3.0,0,West,Completed,Customer_269,17-05-2026
103794,4794,Badminton Racket,Sports,76414.32,6.0,20,South,Returned,Customer_98,22-04-2026
103795,4795,Bread,Groceries,4835.47,8.0,20,South,Returned,Customer_433,30-01-2026
103796,4796,Rice,Groceries,56964.98,10.0,10,East,Completed,Customer_405,26-02-2025
103797,4797,Jacket,Clothing,99595.75,1.0,15,South,Completed,Customer_352,25-03-2025
103798,4798,Camera,Electronics,61254.18,3.0,10,South,Returned,Customer_265,12-06-2025
103799,4799,Jacket,Clothing,38642.53,1.0,0,East,Returned,Customer_256,04-05-2025
103800,4800,Camera,Electronics,44263.46,4.0,15,South,Cancelled,Customer_411,20-11-2025
103801,4801,Cricket Bat,Sports,71696.11,10.0,15,North,Cancelled,Customer_4,22-05-2026
103802,4802,Hoodie,Clothing,31610.8,4.0,10,South,Returned,Customer_174,04-05-2026
103803,4803,Shelf,Furniture,52205.22,10.0,15,North,Cancelled,Customer_43,14-07-2025
103804,4804,Printer,Electronics,60640.38,8.0,20,North,Cancelled,Customer_199,06-09-2025
103805,4805,Badminton Racket,Sports,78160.61,3.0,10,South,Returned,Customer_292,09-06-2025
103806,4806,Phone,Electronics,97854.53,10.0,15,North,Returned,Customer_124,03-01-2025
103807,4807,Bread,Groceries,56679.22,9.0,15,East,Pending,Customer_441,12-03-2026
103808,4808,Cricket Bat,Sports,42396.14,3.0,10,West,Completed,Customer_479,13-02-2026
103809,4809,Coffee,Groceries,37202.2,6.0,5,East,Cancelled,Customer_52,04-01-2025
103810,4810,Hoodie,Clothing,75745.75,8.0,10,North,Cancelled,Customer_21,03-07-2025
103811,4811,Hoodie,Clothing,82525.53,9.0,20,North,Completed,Customer_322,24-11-2025
103812,4812,Shoes,Clothing,44810.65,4.0,10,West,Pending,Customer_24,24-06-2026
103813,4813,Keyboard,Electronics,,2.0,10,North,Returned,Customer_377,07-11-2025
103814,4814,Football,Sports,,7.0,15,North,Completed,Customer_176,11-01-2026
103815,4815,Tea,Groceries,,5.0,10,North,Completed,Customer_22,16-11-2025
103816,4816,Shoes,Clothing,30156.82,9.0,15,North,Returned,Customer_448,08-02-2025
103817,4817,Eggs,Groceries,60737.51,5.0,10,North,Pending,Customer_404,08-02-2026
103818,4818,Sofa,Furniture,40404.65,8.0,10,East,Completed,Customer_249,09-02-2025
103819,4819,Gloves,Sports,22171.02,6.0,10,South,Cancelled,Customer_140,21-02-2026
103820,4820,Bread,Groceries,67152.23,1.0,10,East,Pending,Customer_303,19-01-2025
103821,4821,Hoodie,Clothing,97292.18,9.0,15,West,Pending,Customer_432,20-11-2025
103822,4822,Phone,Electronics,1123.53,10.0,0,West,Pending,Customer_38,25-05-2026
103823,4823,Smartwatch,Electronics,50158.41,2.0,20,North,Pending,Customer_458,19-01-2025
103824,4824,Bed,Furniture,38034.81,2.0,10,North,Completed,Customer_196,16-09-2025
103825,4825,Jacket,Clothing,92755.27,7.0,5,North,Pending,Customer_444,24-12-2025
103826,4826,Shelf,Furniture,10889.7,8.0,15,South,Pending,Customer_403,30-12-2025
103827,4827,Eggs,Groceries,48879.42,6.0,20,West,Completed,Customer_239,26-08-2025
103828,4828,Table,Furniture,75868.62,8.0,10,South,Returned,Customer_481,26-03-2025
103829,4829,Jacket,Clothing,44834.95,7.0,10,North,Cancelled,Customer_95,17-03-2026
103830,4830,Jacket,Clothing,96857.73,9.0,15,East,Cancelled,Customer_132,30-03-2025
103831,4831,Cricket Bat,Sports,83538.89,8.0,20,West,Returned,Customer_70,22-01-2025
103832,4832,Football,Sports,81077.39,4.0,10,South,Cancelled,Customer_461,27-06-2025
103833,4833,Tea,Groceries,342.82,8.0,10,West,Cancelled,Customer_433,04-10-2025
103834,4834,Keyboard,Electronics,43589.52,2.0,5,East,Cancelled,Customer_175,30-01-2026
103835,4835,Speaker,Electronics,19825.96,7.0,5,East,Completed,Customer_442,04-01-2026
103836,4836,T-Shirt,Clothing,84262.34,10.0,5,East,Pending,Customer_444,08-05-2026
103837,4837,T-Shirt,Clothing,36842.32,9.0,10,South,Completed,Customer_225,10-06-2025
103838,4838,Oil,Groceries,15214.57,4.0,5,South,Returned,Customer_272,18-04-2025
103839,4839,Desk,Furniture,40730.29,3.0,15,South,Returned,Customer_229,16-03-2026
103840,4840,Eggs,Groceries,43498.29,10.0,20,North,Cancelled,Customer_391,30-01-2026
103841,4841,Badminton Racket,Sports,64052.51,8.0,5,East,Cancelled,Customer_311,18-07-2025
103842,4842,Monitor,Electronics,41766.45,6.0,15,West,Cancelled,Customer_364,05-01-2025
103843,4843,Jeans,Clothing,40493.34,7.0,5,South,Completed,Customer_98,19-03-2025
103844,4844,Oil,Groceries,90203.95,4.0,20,North,Cancelled,Customer_125,06-11-2025
103845,4845,Monitor,Electronics,55502.36,9.0,10,North,Completed,Customer_54,12-02-2026
103846,4846,Eggs,Groceries,54101.03,1.0,20,North,Completed,Customer_447,16-08-2025
103847,4847,Helmet,Sports,83671.25,10.0,5,North,Completed,Customer_182,10-10-2025
103848,4848,Stool,Furniture,54463.33,2.0,0,East,Completed,Customer_12,22-01-2026
103849,4849,Rice,Groceries,50060.8,3.0,0,East,Returned,Customer_20,25-05-2025
103850,4850,Milk,Groceries,80992.94,5.0,20,South,Pending,Customer_478,11-12-2025
103851,4851,Speaker,Electronics,99313.68,3.0,0,South,Cancelled,Customer_23,02-03-2026
103852,4852,Table,Furniture,6128.52,5.0,15,West,Completed,Customer_203,20-05-2025
103853,4853,Helmet,Sports,6523.12,10.0,10,South,Returned,Customer_272,10-02-2026
103854,4854,Sugar,Groceries,5056.8,9.0,15,South,Completed,Customer_149,12-02-2025
103855,4855,Bread,Groceries,47157.33,4.0,15,North,Cancelled,Customer_387,22-07-2025
103856,4856,Cricket Bat,Sports,19581.59,1.0,0,North,Cancelled,Customer_433,05-02-2026
103857,4857,Shelf,Furniture,,8.0,10,West,Cancelled,Customer_263,01-12-2025
103858,4858,Milk,Groceries,6404.79,3.0,10,South,Pending,Customer_306,01-08-2025
103859,4859,Desk,Furniture,57532.2,3.0,0,North,Cancelled,Customer_304,12-09-2025
103860,4860,Gloves,Sports,95077.43,5.0,10,South,Completed,Customer_260,16-02-2026
103861,4861,Jacket,Clothing,60055.38,8.0,20,South,Cancelled,Customer_386,15-03-2026
103862,4862,Shelf,Furniture,41167.99,10.0,10,East,Cancelled,Customer_332,18-01-2025
103863,4863,Jacket,Clothing,54461.04,9.0,15,West,Completed,Customer_316,25-02-2025
103864,4864,Table,Furniture,44435.69,3.0,5,East,Completed,Customer_145,17-07-2025
103865,4865,Sofa,Furniture,11088.13,6.0,10,North,Completed,Customer_25,27-03-2025
103866,4866,Shirt,Clothing,3196.33,10.0,5,East,Pending,Customer_4,22-03-2026
103867,4867,Desk,Furniture,80964.29,7.0,0,West,Cancelled,Customer_67,31-01-2026
103868,4868,Bread,Groceries,23187.17,7.0,20,South,Pending,Customer_54,08-01-2025
103869,4869,Camera,Electronics,8662.94,8.0,10,East,Returned,Customer_472,14-09-2025
103870,4870,Tablet,Electronics,76264.74,10.0,0,North,Completed,Customer_3,07-12-2025
103871,4871,Coffee,Groceries,79812.69,4.0,15,South,Cancelled,Customer_307,13-01-2026
103872,4872,Camera,Electronics,79997.49,4.0,5,North,Pending,Customer_361,10-07-2025
103873,4873,Badminton Racket,Sports,47945.82,2.0,15,North,Pending,Customer_151,21-06-2025
103874,4874,Cabinet,Furniture,88373.72,8.0,10,North,Cancelled,Customer_242,29-03-2025
103875,4875,Sugar,Groceries,19245.13,3.0,20,West,Cancelled,Customer_84,08-02-2026
103876,4876,Tablet,Electronics,52739.65,9.0,20,North,Returned,Customer_418,13-09-2025
103877,4877,Camera,Electronics,97083.37,6.0,0,East,Pending,Customer_371,27-09-2025
103878,4878,Keyboard,Electronics,29346.99,9.0,10,West,Returned,Customer_112,18-03-2025
103879,4879,Stool,Furniture,7528.07,8.0,10,North,Completed,Customer_350,24-02-2026
103880,4880,Sugar,Groceries,31095.51,6.0,15,North,Pending,Customer_131,08-01-2025
103881,4881,Mouse,Electronics,93320.64,7.0,0,West,Completed,Customer_106,07-02-2025
103882,4882,Mouse,Electronics,67243.11,8.0,0,North,Returned,Customer_84,31-01-2025
103883,4883,Cabinet,Furniture,47065.85,7.0,10,North,Completed,Customer_33,07-03-2025
103884,4884,Jacket,Clothing,85593.2,7.0,15,South,Cancelled,Customer_39,06-05-2025
103885,4885,Eggs,Groceries,20656.96,3.0,0,North,Cancelled,Customer_450,30-04-2026
103886,4886,Jacket,Clothing,65921.94,7.0,20,South,Pending,Customer_118,05-03-2025
103887,4887,Eggs,Groceries,12716.97,2.0,20,East,Returned,Customer_29,18-08-2025
103888,4888,Helmet,Sports,80913.99,2.0,5,South,Cancelled,Customer_471,09-03-2026
103889,4889,Sugar,Groceries,14771.55,8.0,5,South,Completed,Customer_485,20-03-2026
103890,4890,Shoes,Clothing,79271.8,1.0,10,North,Completed,Customer_354,07-08-2025
103891,4891,Oil,Groceries,93141.7,5.0,5,North,Completed,Customer_485,24-05-2026
103892,4892,Helmet,Sports,84798.19,1.0,20,East,Returned,Customer_383,20-01-2026
103893,4893,Mouse,Electronics,55787.07,,0,East,Cancelled,Customer_328,18-10-2025
103894,4894,Eggs,Groceries,83797.59,4.0,10,West,Pending,Customer_222,05-05-2026
103895,4895,Mouse,Electronics,66518.88,9.0,10,South,Completed,Customer_341,11-05-2026
103896,4896,T-Shirt,Clothing,25485.9,1.0,0,North,Completed,Customer_266,02-12-2025
103897,4897,Badminton Racket,Sports,55745.18,,20,East,Pending,Customer_290,22-01-2025
103898,4898,Hoodie,Clothing,78805.45,6.0,20,South,Completed,Customer_272,01-10-2025
103899,4899,Milk,Groceries,39118.07,9.0,20,South,Cancelled,Customer_40,13-03-2026
103900,4900,Mouse,Electronics,59723.02,5.0,15,South,Returned,Customer_263,27-01-2025
103901,4901,Helmet,Sports,99689.7,1.0,0,North,Pending,Customer_492,01-05-2025
103902,4902,Sugar,Groceries,60307.31,9.0,5,South,Pending,Customer_490,25-03-2025
103903,4903,Cabinet,Furniture,39078.43,,5,East,Returned,Customer_64,11-03-2026
103904,4904,Stool,Furniture,69960.46,5.0,5,West,Returned,Customer_97,28-05-2025
103905,4905,Cabinet,Furniture,65090.76,4.0,5,North,Cancelled,Customer_370,04-06-2025
103906,4906,Smartwatch,Electronics,25337.81,1.0,15,East,Completed,Customer_190,05-06-2026
103907,4907,Oil,Groceries,61799.59,10.0,10,South,Cancelled,Customer_116,03-01-2025
103908,4908,Tennis Racket,Sports,35953.51,9.0,20,South,Returned,Customer_152,06-07-2025
103909,4909,Bread,Groceries,46087.19,6.0,0,West,Completed,Customer_66,02-06-2025
103910,4910,Monitor,Electronics,32129.89,2.0,5,South,Completed,Customer_55,31-01-2025
103911,4911,Sugar,Groceries,18853.61,1.0,20,East,Cancelled,Customer_365,17-04-2025
103912,4912,Sofa,Furniture,14029.45,3.0,0,West,Pending,Customer_269,26-11-2025
103913,4913,Rice,Groceries,94118.83,10.0,0,South,Returned,Customer_7,24-06-2026
103914,4914,Shoes,Clothing,87809.84,9.0,0,South,Completed,Customer_218,10-07-2025
103915,4915,Shelf,Furniture,,9.0,20,South,Returned,Customer_35,17-01-2026
103916,4916,Smartwatch,Electronics,23265.32,8.0,20,South,Completed,Customer_102,31-03-2026
103917,4917,Hoodie,Clothing,43823.33,4.0,5,West,Completed,Customer_344,14-09-2025
103918,4918,Tennis Racket,Sports,39629.28,5.0,0,West,Returned,Customer_452,16-01-2025
103919,4919,Tablet,Electronics,91385.81,6.0,20,South,Pending,Customer_470,28-09-2025
103920,4920,Gloves,Sports,10201.66,2.0,20,South,Pending,Customer_265,26-11-2025
103921,4921,Keyboard,Electronics,72943.08,9.0,20,South,Cancelled,Customer_264,13-05-2026
103922,4922,Jeans,Clothing,46503.21,6.0,10,South,Pending,Customer_381,04-02-2025
103923,4923,Rice,Groceries,38194.43,7.0,15,South,Pending,Customer_47,13-04-2025
103924,4924,Cricket Bat,Sports,71891.5,2.0,20,East,Cancelled,Customer_381,14-08-2025
103925,4925,Smartwatch,Electronics,24565.8,4.0,10,North,Pending,Customer_250,20-05-2026
103926,4926,Cricket Bat,Sports,97255.74,1.0,20,South,Completed,Customer_213,10-04-2025
103927,4927,Helmet,Sports,13798.93,1.0,10,South,Completed,Customer_245,28-05-2025
103928,4928,Printer,Electronics,18332.93,5.0,5,East,Returned,Customer_287,04-10-2025
103929,4929,Bread,Groceries,14828.38,6.0,10,South,Completed,Customer_172,13-08-2025
103930,4930,Coffee,Groceries,62464.74,2.0,5,North,Cancelled,Customer_245,24-01-2025
103931,4931,Cabinet,Furniture,,6.0,0,West,Cancelled,Customer_143,26-11-2025
103932,4932,Sugar,Groceries,95151.05,8.0,20,North,Returned,Customer_135,29-10-2025
103933,4933,Chair,Furniture,96976.32,5.0,10,North,Cancelled,Customer_473,30-11-2025
103934,4934,Coffee,Groceries,,5.0,0,North,Returned,Customer_331,26-05-2026
103935,4935,Shoes,Clothing,73658.58,4.0,0,South,Cancelled,Customer_443,22-03-2025
103936,4936,T-Shirt,Clothing,34976.55,9.0,0,North,Cancelled,Customer_402,06-10-2025
103937,4937,Sugar,Groceries,,5.0,0,East,Completed,Customer_12,27-10-2025
103938,4938,Eggs,Groceries,84940.55,5.0,5,East,Returned,Customer_180,24-06-2025
103939,4939,Shirt,Clothing,1990.77,9.0,10,West,Returned,Customer_69,20-11-2025
103940,4940,Tea,Groceries,6145.83,4.0,20,East,Completed,Customer_46,04-06-2026
103941,4941,Keyboard,Electronics,66792.0,2.0,5,East,Completed,Customer_286,01-05-2025
103942,4942,Shoes,Clothing,33057.12,1.0,0,West,Completed,Customer_398,25-05-2026
103943,4943,T-Shirt,Clothing,63232.16,5.0,15,South,Completed,Customer_321,10-02-2025
103944,4944,Desk,Furniture,70088.8,2.0,0,South,Cancelled,Customer_158,20-01-2026
103945,4945,Printer,Electronics,51038.59,5.0,10,East,Pending,Customer_129,12-11-2025
103946,4946,Speaker,Electronics,22870.24,9.0,0,South,Returned,Customer_324,11-05-2025
103947,4947,Hoodie,Clothing,68316.6,5.0,20,South,Returned,Customer_384,29-11-2025
103948,4948,Cricket Bat,Sports,71786.76,5.0,20,East,Completed,Customer_456,06-01-2025
103949,4949,Gloves,Sports,31022.66,6.0,10,West,Pending,Customer_452,08-06-2025
103950,4950,Shoes,Clothing,74170.93,,15,South,Returned,Customer_204,04-05-2026
103951,4951,Eggs,Groceries,85384.69,8.0,0,East,Pending,Customer_141,01-06-2025
103952,4952,T-Shirt,Clothing,56333.99,9.0,20,West,Cancelled,Customer_227,22-03-2026
103953,4953,Tea,Groceries,42567.78,7.0,0,North,Pending,Customer_458,09-01-2026
103954,4954,Shelf,Furniture,83876.51,3.0,20,South,Completed,Customer_230,22-03-2026
103955,4955,Badminton Racket,Sports,84561.62,1.0,15,East,Completed,Customer_14,19-01-2026
103956,4956,Bread,Groceries,79670.71,10.0,15,West,Completed,Customer_339,07-11-2025
103957,4957,Shirt,Clothing,47799.09,8.0,10,North,Cancelled,Customer_413,07-04-2026
103958,4958,Rice,Groceries,13563.44,6.0,0,East,Cancelled,Customer_493,16-10-2025
103959,4959,Shoes,Clothing,28289.21,10.0,10,West,Cancelled,Customer_68,15-01-2026
103960,4960,Bread,Groceries,49112.09,5.0,10,East,Cancelled,Customer_364,30-04-2026
103961,4961,Tea,Groceries,21131.12,6.0,0,East,Completed,Customer_290,16-12-2025
103962,4962,Chair,Furniture,68614.0,3.0,5,South,Returned,Customer_200,01-12-2025
103963,4963,Helmet,Sports,49848.16,9.0,5,West,Returned,Customer_12,29-08-2025
103964,4964,Tea,Groceries,81114.55,9.0,15,West,Cancelled,Customer_136,26-06-2025
103965,4965,Tennis Racket,Sports,19734.94,6.0,20,West,Completed,Customer_222,30-12-2025
103966,4966,Stool,Furniture,49623.47,8.0,10,West,Completed,Customer_216,22-10-2025
103967,4967,Cricket Bat,Sports,58683.26,7.0,20,East,Completed,Customer_438,28-04-2026
103968,4968,Cabinet,Furniture,60777.73,6.0,0,East,Returned,Customer_314,03-05-2026
103969,4969,Cricket Bat,Sports,48087.79,9.0,0,North,Completed,Customer_101,09-08-2025
103970,4970,Hoodie,Clothing,57993.77,3.0,10,South,Pending,Customer_426,19-03-2026
103971,4971,Gloves,Sports,17641.48,5.0,0,North,Returned,Customer_345,27-12-2025
103972,4972,Helmet,Sports,11870.51,3.0,10,North,Pending,Customer_35,20-04-2025
103973,4973,Football,Sports,55374.46,10.0,10,East,Completed,Customer_43,29-05-2025
103974,4974,Monitor,Electronics,82657.33,10.0,0,East,Returned,Customer_222,20-03-2026
103975,4975,Tennis Racket,Sports,15502.88,10.0,5,South,Returned,Customer_183,21-10-2025
103976,4976,Bed,Furniture,38552.24,8.0,20,East,Completed,Customer_377,07-09-2025
103977,4977,Keyboard,Electronics,87432.59,8.0,0,West,Pending,Customer_417,18-03-2025
103978,4978,Milk,Groceries,35839.22,6.0,15,South,Cancelled,Customer_442,09-11-2025
103979,4979,Football,Sports,69128.28,3.0,15,West,Pending,Customer_376,07-06-2026
103980,4980,Helmet,Sports,83228.22,10.0,20,West,Returned,Customer_85,03-06-2026
103981,4981,Coffee,Groceries,25785.38,9.0,0,East,Completed,Customer_227,24-01-2026
103982,4982,Shelf,Furniture,86633.39,7.0,10,North,Cancelled,Customer_249,14-08-2025
103983,4983,Speaker,Electronics,5114.54,1.0,0,West,Completed,Customer_291,12-03-2025
103984,4984,Bed,Furniture,25010.28,4.0,5,West,Cancelled,Customer_225,13-04-2025
103985,4985,Shoes,Clothing,39626.21,6.0,5,East,Pending,Customer_463,06-03-2025
103986,4986,Laptop,Electronics,88237.71,6.0,15,South,Completed,Customer_417,13-08-2025
103987,4987,Rice,Groceries,69471.14,2.0,10,South,Completed,Customer_464,07-04-2026
103988,4988,Shirt,Clothing,95162.32,,0,West,Pending,Customer_233,07-08-2025
103989,4989,Stool,Furniture,81147.36,1.0,0,North,Cancelled,Customer_290,25-06-2025
103990,4990,Milk,Groceries,7767.24,9.0,5,East,Completed,Customer_1,02-03-2026
103991,4991,Monitor,Electronics,52469.39,6.0,15,West,Completed,Customer_88,17-11-2025
103992,4992,Phone,Electronics,25030.17,9.0,15,North,Completed,Customer_425,01-02-2025
103993,4993,Phone,Electronics,33962.28,2.0,0,North,Cancelled,Customer_313,21-02-2026
103994,4994,Keyboard,Electronics,48243.71,10.0,10,West,Returned,Customer_311,24-03-2026
103995,4995,Rice,Groceries,84749.9,5.0,10,West,Pending,Customer_163,29-04-2026
103996,4996,T-Shirt,Clothing,83755.53,3.0,10,North,Returned,Customer_303,27-09-2025
103997,4997,Badminton Racket,Sports,75711.44,8.0,0,South,Returned,Customer_398,26-05-2026
103998,4998,Mouse,Electronics,30080.92,9.0,0,East,Completed,Customer_485,19-03-2025
103999,4999,Badminton Racket,Sports,67149.31,6.0,20,South,Returned,Customer_252,26-01-2026
104000,5000,T-Shirt,Clothing,26339.05,5.0,10,South,Cancelled,Customer_393,29-05-2025
104001,5001,Coffee,Groceries,79118.29,1.0,10,North,Completed,Customer_169,07-05-2025
104002,5002,Stool,Furniture,66941.26,7.0,15,East,Returned,Customer_23,28-10-2025
104003,5003,Bed,Furniture,6370.57,10.0,5,North,Returned,Customer_500,27-01-2026
104004,5004,Cricket Bat,Sports,43969.93,1.0,10,South,Returned,Customer_185,29-04-2026
104005,5005,Sofa,Furniture,59637.24,8.0,0,East,Cancelled,Customer_63,16-04-2026
104006,5006,Tablet,Electronics,3872.09,8.0,15,East,Completed,Customer_364,07-01-2025
104007,5007,Camera,Electronics,91267.69,9.0,10,East,Returned,Customer_224,16-04-2025
104008,5008,Gloves,Sports,42846.63,8.0,15,West,Pending,Customer_353,05-04-2025
104009,5009,Gloves,Sports,16016.27,3.0,20,North,Cancelled,Customer_106,11-01-2025
104010,5010,Football,Sports,11163.42,3.0,10,West,Pending,Customer_101,09-03-2026
104011,5011,Eggs,Groceries,78536.05,1.0,0,South,Completed,Customer_177,02-10-2025
104012,5012,Hoodie,Clothing,46585.88,7.0,20,North,Completed,Customer_91,19-06-2025
104013,5013,Shirt,Clothing,79779.97,1.0,0,North,Pending,Customer_184,18-05-2026
104014,5014,Mouse,Electronics,85005.27,3.0,15,South,Returned,Customer_32,20-08-2025
104015,5015,Jacket,Clothing,61943.59,10.0,15,West,Completed,Customer_224,28-02-2026
104016,5016,Shelf,Furniture,87608.41,6.0,5,West,Completed,Customer_68,04-01-2026
104017,5017,Shelf,Furniture,51391.89,4.0,20,South,Pending,Customer_168,10-10-2025
104018,5018,T-Shirt,Clothing,80526.72,1.0,20,West,Returned,Customer_420,29-07-2025
104019,5019,Badminton Racket,Sports,91145.19,9.0,10,North,Completed,Customer_27,05-01-2025
104020,5020,Tea,Groceries,32329.06,5.0,5,South,Completed,Customer_388,06-01-2025
104021,5021,Shirt,Clothing,6291.57,6.0,0,West,Completed,Customer_197,10-10-2025
104022,5022,Gloves,Sports,24573.12,,10,West,Completed,Customer_326,19-11-2025
104023,5023,Football,Sports,,8.0,20,North,Pending,Customer_435,12-04-2026
104024,5024,Eggs,Groceries,,4.0,0,East,Completed,Customer_460,02-05-2025
104025,5025,Helmet,Sports,92768.25,6.0,15,South,Completed,Customer_278,17-10-2025
104026,5026,Stool,Furniture,30814.94,7.0,10,North,Returned,Customer_84,19-12-2025
104027,5027,Jeans,Clothing,18460.06,6.0,10,North,Cancelled,Customer_432,14-01-2026
104028,5028,Mouse,Electronics,18934.19,3.0,15,West,Cancelled,Customer_7,06-01-2026
104029,5029,Monitor,Electronics,98340.26,10.0,20,East,Completed,Customer_263,26-01-2025
104030,5030,Hoodie,Clothing,9349.55,5.0,0,West,Cancelled,Customer_324,12-02-2025
104031,5031,Hoodie,Clothing,97743.81,2.0,5,South,Pending,Customer_243,21-02-2026
104032,5032,Football,Sports,78480.93,7.0,20,East,Returned,Customer_116,08-06-2026
104033,5033,Bread,Groceries,4300.02,3.0,5,North,Returned,Customer_27,11-01-2026
104034,5034,Bread,Groceries,41205.62,1.0,0,South,Returned,Customer_106,01-11-2025
104035,5035,Cricket Bat,Sports,13776.66,6.0,20,South,Returned,Customer_200,22-10-2025
104036,5036,Shelf,Furniture,29818.29,7.0,0,East,Cancelled,Customer_355,14-10-2025
104037,5037,Shirt,Clothing,55237.14,2.0,20,East,Completed,Customer_470,28-10-2025
104038,5038,Bread,Groceries,78998.39,2.0,20,West,Returned,Customer_400,22-08-2025
104039,5039,Chair,Furniture,12959.9,1.0,5,South,Pending,Customer_355,15-06-2026
104040,5040,Gloves,Sports,75914.18,2.0,5,East,Completed,Customer_313,07-06-2025
104041,5041,Rice,Groceries,25924.72,1.0,20,West,Returned,Customer_220,12-06-2026
104042,5042,Shirt,Clothing,4106.44,8.0,5,West,Cancelled,Customer_245,03-06-2026
104043,5043,Badminton Racket,Sports,95241.13,4.0,5,West,Pending,Customer_272,01-03-2025
104044,5044,Helmet,Sports,97612.52,3.0,0,West,Completed,Customer_48,23-06-2025
104045,5045,Shirt,Clothing,50048.52,8.0,15,South,Completed,Customer_2,04-06-2026
104046,5046,Bread,Groceries,40436.12,9.0,20,North,Returned,Customer_279,01-02-2026
104047,5047,Laptop,Electronics,37902.31,7.0,20,North,Pending,Customer_250,18-02-2025
104048,5048,Hoodie,Clothing,86572.18,6.0,15,East,Completed,Customer_217,18-03-2025
104049,5049,Milk,Groceries,15762.6,5.0,15,West,Completed,Customer_112,07-05-2025
104050,5050,Speaker,Electronics,6322.6,4.0,20,East,Cancelled,Customer_132,12-04-2026
104051,5051,Helmet,Sports,4548.15,5.0,5,East,Returned,Customer_461,22-11-2025
104052,5052,Badminton Racket,Sports,91801.98,8.0,15,North,Pending,Customer_52,10-08-2025
104053,5053,Speaker,Electronics,68805.52,7.0,15,East,Completed,Customer_164,03-05-2026
104054,5054,Jeans,Clothing,64070.49,9.0,5,West,Pending,Customer_473,09-12-2025
104055,5055,Stool,Furniture,10780.85,7.0,20,West,Completed,Customer_148,24-03-2025
104056,5056,Jacket,Clothing,48712.46,2.0,5,North,Cancelled,Customer_420,21-06-2025
104057,5057,Camera,Electronics,66898.65,7.0,20,East,Cancelled,Customer_127,21-07-2025
104058,5058,Camera,Electronics,97605.63,3.0,0,East,Returned,Customer_210,22-03-2026
104059,5059,Chair,Furniture,52834.91,1.0,10,West,Cancelled,Customer_460,14-01-2025
104060,5060,Tablet,Electronics,44277.57,5.0,0,West,Cancelled,Customer_432,14-03-2026
104061,5061,Hoodie,Clothing,12608.98,6.0,10,East,Returned,Customer_206,11-04-2026
104062,5062,Desk,Furniture,57298.12,1.0,15,West,Cancelled,Customer_23,20-03-2026
104063,5063,Mouse,Electronics,31511.93,5.0,15,South,Returned,Customer_344,23-06-2026
104064,5064,Sofa,Furniture,61653.2,4.0,20,West,Pending,Customer_80,02-01-2026
104065,5065,Shirt,Clothing,64953.42,7.0,15,North,Completed,Customer_117,05-01-2026
104066,5066,Sugar,Groceries,49774.04,9.0,5,West,Completed,Customer_362,09-11-2025
104067,5067,Football,Sports,41100.82,8.0,15,North,Completed,Customer_374,21-03-2025
104068,5068,Shelf,Furniture,41317.81,5.0,0,West,Completed,Customer_146,07-02-2025
104069,5069,Cricket Bat,Sports,734.85,10.0,20,East,Cancelled,Customer_174,15-11-2025
104070,5070,Chair,Furniture,5562.41,8.0,15,South,Returned,Customer_373,02-11-2025
104071,5071,Chair,Furniture,91142.24,6.0,10,West,Pending,Customer_29,27-05-2026
104072,5072,Desk,Furniture,10989.81,7.0,15,North,Completed,Customer_384,04-04-2026
104073,5073,Speaker,Electronics,67907.68,7.0,0,West,Completed,Customer_110,16-09-2025
104074,5074,Keyboard,Electronics,35824.21,1.0,15,West,Cancelled,Customer_126,14-11-2025
104075,5075,Gloves,Sports,30729.9,7.0,10,North,Cancelled,Customer_499,17-07-2025
104076,5076,Shirt,Clothing,88887.57,5.0,0,South,Cancelled,Customer_359,27-12-2025
104077,5077,Stool,Furniture,34401.84,10.0,10,South,Completed,Customer_134,13-03-2025
104078,5078,Jacket,Clothing,16448.71,9.0,5,South,Completed,Customer_413,12-04-2025
104079,5079,Eggs,Groceries,72880.58,1.0,5,West,Returned,Customer_361,13-10-2025
104080,5080,Hoodie,Clothing,77476.34,4.0,5,East,Cancelled,Customer_348,13-04-2026
104081,5081,Badminton Racket,Sports,94875.12,8.0,0,East,Returned,Customer_483,11-04-2026
104082,5082,Bed,Furniture,63665.41,7.0,15,South,Pending,Customer_339,30-10-2025
104083,5083,Smartwatch,Electronics,79529.25,7.0,0,North,Completed,Customer_306,29-03-2026
104084,5084,Tennis Racket,Sports,29227.56,3.0,20,South,Completed,Customer_195,23-09-2025
104085,5085,Table,Furniture,12954.8,3.0,20,West,Completed,Customer_496,04-07-2025
104086,5086,Shoes,Clothing,59254.74,1.0,20,North,Cancelled,Customer_393,25-09-2025
104087,5087,Bed,Furniture,67886.82,6.0,0,South,Pending,Customer_147,29-07-2025
104088,5088,Jacket,Clothing,5681.8,8.0,0,West,Pending,Customer_37,03-09-2025
104089,5089,Tennis Racket,Sports,61074.08,5.0,20,East,Cancelled,Customer_318,22-01-2025
104090,5090,Bread,Groceries,99681.83,2.0,0,North,Pending,Customer_202,12-11-2025
104091,5091,Table,Furniture,97215.18,9.0,15,South,Returned,Customer_326,12-04-2026
104092,5092,Camera,Electronics,5918.14,1.0,0,West,Pending,Customer_198,11-08-2025
104093,5093,Stool,Furniture,40525.95,5.0,5,South,Returned,Customer_172,09-04-2026
104094,5094,Chair,Furniture,95782.39,8.0,15,North,Returned,Customer_263,05-09-2025
104095,5095,Coffee,Groceries,49513.73,6.0,5,West,Pending,Customer_200,22-04-2025
104096,5096,Tennis Racket,Sports,36258.67,5.0,20,South,Cancelled,Customer_232,07-06-2025
104097,5097,Football,Sports,40037.07,,15,East,Completed,Customer_162,18-11-2025
104098,5098,Stool,Furniture,92858.99,8.0,15,North,Cancelled,Customer_330,06-12-2025
104099,5099,Sofa,Furniture,96122.36,2.0,5,North,Pending,Customer_329,02-11-2025
104100,5100,Sugar,Groceries,89684.69,2.0,0,West,Returned,Customer_185,21-02-2025
104101,5101,Table,Furniture,80282.54,1.0,20,West,Cancelled,Customer_340,01-01-2026
104102,5102,Gloves,Sports,91533.09,,0,South,Cancelled,Customer_117,10-06-2026
104103,5103,Printer,Electronics,19408.78,10.0,5,West,Returned,Customer_307,02-08-2025
104104,5104,Stool,Furniture,63406.33,3.0,15,East,Returned,Customer_397,11-07-2025
104105,5105,Shelf,Furniture,91091.71,10.0,0,East,Pending,Customer_343,24-09-2025
104106,5106,Stool,Furniture,13486.37,1.0,5,North,Cancelled,Customer_441,03-11-2025
104107,5107,Hoodie,Clothing,60909.88,2.0,10,East,Returned,Customer_91,27-09-2025
104108,5108,Bed,Furniture,733.6,10.0,5,West,Returned,Customer_482,18-03-2025
104109,5109,Shirt,Clothing,85386.91,4.0,10,North,Returned,Customer_31,25-11-2025
104110,5110,Speaker,Electronics,15689.88,2.0,0,South,Completed,Customer_335,21-03-2026
104111,5111,Milk,Groceries,99722.02,8.0,10,East,Returned,Customer_220,21-03-2025
104112,5112,Badminton Racket,Sports,80621.4,8.0,0,East,Completed,Customer_367,04-10-2025
104113,5113,Bed,Furniture,,2.0,10,East,Returned,Customer_194,08-11-2025
104114,5114,Sugar,Groceries,41983.4,7.0,5,South,Returned,Customer_246,05-11-2025
104115,5115,Laptop,Electronics,33822.48,7.0,5,South,Pending,Customer_28,01-11-2025
104116,5116,Milk,Groceries,11816.18,8.0,0,West,Cancelled,Customer_113,19-04-2026
104117,5117,Chair,Furniture,32265.57,5.0,15,North,Returned,Customer_77,27-07-2025
104118,5118,Smartwatch,Electronics,80328.29,7.0,15,North,Completed,Customer_222,12-02-2026
104119,5119,Printer,Electronics,60429.68,4.0,0,East,Completed,Customer_138,02-05-2025
104120,5120,Camera,Electronics,65726.26,10.0,15,West,Pending,Customer_54,19-10-2025
104121,5121,Coffee,Groceries,3324.72,10.0,15,East,Returned,Customer_424,12-03-2025
104122,5122,Desk,Furniture,60548.12,9.0,15,East,Returned,Customer_232,05-06-2026
104123,5123,Football,Sports,25670.92,4.0,20,West,Returned,Customer_91,03-04-2026
104124,5124,Shoes,Clothing,,4.0,0,West,Completed,Customer_461,29-11-2025
104125,5125,Shirt,Clothing,81455.91,,5,South,Returned,Customer_232,05-06-2025
104126,5126,Mouse,Electronics,83545.46,7.0,0,East,Completed,Customer_275,13-06-2025
104127,5127,Football,Sports,94750.13,7.0,0,South,Returned,Customer_41,07-03-2026
104128,5128,T-Shirt,Clothing,56833.09,3.0,0,East,Returned,Customer_328,30-08-2025
104129,5129,Oil,Groceries,79651.04,2.0,0,East,Completed,Customer_263,18-03-2025
104130,5130,Shelf,Furniture,80734.19,1.0,20,North,Cancelled,Customer_222,09-11-2025
104131,5131,Shoes,Clothing,26245.77,6.0,10,North,Pending,Customer_316,19-09-2025
104132,5132,Stool,Furniture,56016.49,2.0,0,South,Returned,Customer_405,25-02-2025
104133,5133,Smartwatch,Electronics,50103.23,7.0,15,North,Cancelled,Customer_158,24-03-2025
104134,5134,Tea,Groceries,87121.58,7.0,15,South,Cancelled,Customer_84,03-01-2025
104135,5135,Coffee,Groceries,5110.28,1.0,10,South,Cancelled,Customer_348,12-01-2025
104136,5136,Shoes,Clothing,64788.57,8.0,10,West,Pending,Customer_146,07-01-2025
104137,5137,Monitor,Electronics,5966.11,2.0,20,West,Completed,Customer_230,22-12-2025
104138,5138,Helmet,Sports,60925.25,3.0,20,East,Returned,Customer_215,28-09-2025
104139,5139,Smartwatch,Electronics,27121.03,6.0,5,East,Completed,Customer_307,08-02-2025
104140,5140,Laptop,Electronics,13714.93,7.0,20,South,Pending,Customer_227,13-05-2026
104141,5141,Rice,Groceries,53197.23,10.0,15,South,Pending,Customer_316,05-01-2026
104142,5142,Jacket,Clothing,19930.83,5.0,0,South,Completed,Customer_61,04-05-2025
104143,5143,Hoodie,Clothing,85783.66,8.0,0,East,Completed,Customer_108,07-01-2026
104144,5144,Jeans,Clothing,15793.71,,5,West,Pending,Customer_61,19-04-2026
104145,5145,Jeans,Clothing,81599.51,3.0,5,East,Pending,Customer_129,29-05-2025
104146,5146,Monitor,Electronics,56936.93,8.0,10,West,Pending,Customer_283,07-01-2025
104147,5147,Bread,Groceries,,6.0,10,East,Cancelled,Customer_369,20-06-2026
104148,5148,Phone,Electronics,78214.37,3.0,15,South,Returned,Customer_96,10-01-2026
104149,5149,Shoes,Clothing,44124.48,3.0,15,North,Returned,Customer_449,11-06-2025
104150,5150,Shoes,Clothing,95179.43,4.0,10,East,Pending,Customer_424,20-05-2025
104151,5151,Milk,Groceries,75597.68,2.0,10,North,Completed,Customer_44,14-01-2026
104152,5152,Desk,Furniture,63627.47,8.0,5,East,Completed,Customer_425,20-10-2025
104153,5153,Coffee,Groceries,92494.84,7.0,15,South,Returned,Customer_46,31-08-2025
104154,5154,Coffee,Groceries,889.36,1.0,10,South,Pending,Customer_277,19-03-2025
104155,5155,Desk,Furniture,65506.21,4.0,15,East,Returned,Customer_353,08-01-2026
104156,5156,Stool,Furniture,79230.82,7.0,0,South,Cancelled,Customer_475,28-01-2026
104157,5157,Desk,Furniture,15403.86,9.0,10,West,Cancelled,Customer_347,03-10-2025
104158,5158,Shelf,Furniture,12290.19,9.0,15,North,Returned,Customer_292,27-07-2025
104159,5159,Helmet,Sports,26373.01,2.0,20,South,Pending,Customer_316,25-05-2025
104160,5160,Printer,Electronics,14655.74,10.0,0,East,Pending,Customer_249,04-06-2026
104161,5161,Hoodie,Clothing,49586.96,2.0,5,North,Cancelled,Customer_193,08-12-2025
104162,5162,Milk,Groceries,31666.25,1.0,10,North,Pending,Customer_110,23-11-2025
104163,5163,Chair,Furniture,67768.36,9.0,20,West,Completed,Customer_269,12-03-2025
104164,5164,Laptop,Electronics,46092.94,5.0,5,West,Completed,Customer_126,28-02-2026
104165,5165,Cricket Bat,Sports,50808.58,6.0,10,East,Cancelled,Customer_108,15-05-2026
104166,5166,Table,Furniture,84057.27,3.0,15,West,Returned,Customer_109,18-08-2025
104167,5167,Smartwatch,Electronics,7684.71,9.0,20,East,Pending,Customer_24,26-04-2026
104168,5168,Badminton Racket,Sports,33012.07,7.0,5,North,Completed,Customer_285,03-02-2025
104169,5169,Speaker,Electronics,84838.03,8.0,0,South,Completed,Customer_63,13-06-2025
104170,5170,Sugar,Groceries,61949.83,,0,South,Pending,Customer_55,17-05-2025
104171,5171,Camera,Electronics,52829.66,,5,South,Pending,Customer_253,19-11-2025
104172,5172,Helmet,Sports,55185.5,2.0,5,North,Returned,Customer_112,25-01-2025
104173,5173,T-Shirt,Clothing,38167.38,3.0,15,North,Completed,Customer_5,19-12-2025
104174,5174,Table,Furniture,93425.19,1.0,15,South,Cancelled,Customer_33,19-08-2025
104175,5175,Milk,Groceries,15694.5,9.0,15,North,Pending,Customer_16,04-04-2025
104176,5176,Tennis Racket,Sports,588.03,5.0,5,West,Completed,Customer_480,22-04-2026
104177,5177,Milk,Groceries,89458.87,3.0,10,North,Completed,Customer_223,29-07-2025
104178,5178,Jeans,Clothing,24173.65,4.0,15,South,Returned,Customer_68,30-11-2025
104179,5179,Laptop,Electronics,31299.69,10.0,15,South,Completed,Customer_450,07-01-2026
104180,5180,Tablet,Electronics,10139.43,4.0,15,West,Pending,Customer_29,03-06-2025
104181,5181,T-Shirt,Clothing,47828.11,2.0,20,West,Returned,Customer_173,02-09-2025
104182,5182,Chair,Furniture,22307.41,7.0,10,West,Cancelled,Customer_103,15-08-2025
104183,5183,Cricket Bat,Sports,,,20,East,Completed,Customer_201,26-05-2025
104184,5184,Coffee,Groceries,36121.92,2.0,5,North,Cancelled,Customer_201,07-01-2026
104185,5185,Laptop,Electronics,22592.38,5.0,10,East,Cancelled,Customer_199,22-10-2025
104186,5186,Chair,Furniture,9858.28,2.0,0,South,Pending,Customer_87,03-01-2025
104187,5187,Printer,Electronics,97756.02,2.0,20,North,Returned,Customer_381,17-01-2025
104188,5188,Cricket Bat,Sports,85179.2,6.0,0,South,Returned,Customer_418,18-04-2026
104189,5189,Sugar,Groceries,80261.11,5.0,5,South,Cancelled,Customer_101,18-03-2026
104190,5190,Shirt,Clothing,53839.33,9.0,5,North,Pending,Customer_455,04-01-2025
104191,5191,Shoes,Clothing,97910.05,2.0,15,East,Pending,Customer_146,15-05-2026
104192,5192,Eggs,Groceries,8929.9,5.0,15,North,Returned,Customer_481,30-10-2025
104193,5193,Jeans,Clothing,6536.21,5.0,0,North,Completed,Customer_75,19-01-2025
104194,5194,Sugar,Groceries,30570.51,4.0,10,South,Returned,Customer_353,23-05-2025
104195,5195,Tennis Racket,Sports,20392.54,2.0,0,South,Cancelled,Customer_166,28-02-2025
104196,5196,Cricket Bat,Sports,26485.23,7.0,5,South,Returned,Customer_4,27-03-2026
104197,5197,T-Shirt,Clothing,,7.0,5,East,Cancelled,Customer_465,27-07-2025
104198,5198,Monitor,Electronics,25535.12,2.0,5,North,Cancelled,Customer_154,12-03-2025
104199,5199,Sugar,Groceries,26663.76,1.0,15,North,Cancelled,Customer_395,02-10-2025
104200,5200,Football,Sports,55415.58,8.0,20,West,Completed,Customer_14,17-06-2025
104201,5201,Badminton Racket,Sports,65207.19,6.0,0,West,Cancelled,Customer_198,12-10-2025
104202,5202,Coffee,Groceries,37664.77,8.0,5,East,Completed,Customer_285,25-09-2025
104203,5203,T-Shirt,Clothing,74493.42,2.0,10,South,Pending,Customer_183,25-04-2026
104204,5204,Smartwatch,Electronics,57937.25,3.0,5,East,Cancelled,Customer_392,20-04-2025
104205,5205,Jeans,Clothing,52918.4,3.0,0,South,Pending,Customer_481,24-02-2026
104206,5206,Shoes,Clothing,11870.3,2.0,20,North,Cancelled,Customer_96,30-07-2025
104207,5207,Cricket Bat,Sports,85035.08,6.0,15,South,Completed,Customer_376,19-08-2025
104208,5208,Monitor,Electronics,56245.04,9.0,15,West,Returned,Customer_406,16-02-2026
104209,5209,Football,Sports,69635.67,2.0,0,East,Completed,Customer_433,17-05-2026
104210,5210,Smartwatch,Electronics,45874.02,10.0,10,East,Cancelled,Customer_13,23-03-2026
104211,5211,Cricket Bat,Sports,88973.78,4.0,15,South,Cancelled,Customer_126,30-04-2025
104212,5212,Hoodie,Clothing,80118.42,7.0,20,West,Pending,Customer_289,22-01-2026
104213,5213,Shelf,Furniture,22735.41,8.0,5,West,Completed,Customer_98,22-03-2025
104214,5214,Gloves,Sports,98830.44,6.0,0,East,Completed,Customer_351,28-08-2025
104215,5215,Jeans,Clothing,2203.62,8.0,5,South,Returned,Customer_197,29-03-2025
104216,5216,Rice,Groceries,93267.47,2.0,0,South,Cancelled,Customer_96,01-09-2025
104217,5217,Bread,Groceries,44199.51,4.0,0,South,Completed,Customer_270,27-09-2025
104218,5218,Bed,Furniture,7599.58,6.0,0,West,Pending,Customer_212,08-05-2025
104219,5219,Mouse,Electronics,74070.61,5.0,5,North,Returned,Customer_105,19-09-2025
104220,5220,Coffee,Groceries,88594.02,4.0,10,East,Cancelled,Customer_407,04-03-2026
104221,5221,Shirt,Clothing,90281.05,4.0,15,East,Pending,Customer_208,17-02-2026
104222,5222,Stool,Furniture,,1.0,20,East,Pending,Customer_281,19-07-2025
104223,5223,Mouse,Electronics,29891.5,6.0,0,West,Cancelled,Customer_462,20-03-2026
104224,5224,Speaker,Electronics,52998.55,1.0,10,North,Completed,Customer_385,13-05-2025
104225,5225,Jacket,Clothing,94805.59,3.0,15,North,Returned,Customer_106,26-09-2025
104226,5226,Rice,Groceries,92757.77,9.0,15,South,Completed,Customer_135,19-07-2025
104227,5227,Speaker,Electronics,8629.89,8.0,20,South,Completed,Customer_157,14-12-2025
104228,5228,Monitor,Electronics,428.19,9.0,20,North,Completed,Customer_206,21-10-2025
104229,5229,Tea,Groceries,25581.67,3.0,15,North,Pending,Customer_450,28-08-2025
104230,5230,Milk,Groceries,88816.37,3.0,20,North,Completed,Customer_187,20-12-2025
104231,5231,Desk,Furniture,36567.86,9.0,5,North,Pending,Customer_204,14-05-2026
104232,5232,Printer,Electronics,5230.17,4.0,15,West,Returned,Customer_7,08-06-2025
104233,5233,Badminton Racket,Sports,31046.13,1.0,10,North,Completed,Customer_174,01-02-2025
104234,5234,Table,Furniture,41803.14,9.0,5,West,Pending,Customer_309,03-12-2025
104235,5235,Football,Sports,94182.6,1.0,5,West,Completed,Customer_141,12-03-2026
104236,5236,Tennis Racket,Sports,25067.76,6.0,20,South,Pending,Customer_485,28-06-2025
104237,5237,Camera,Electronics,16822.59,5.0,0,East,Returned,Customer_410,13-06-2025
104238,5238,Chair,Furniture,81778.07,7.0,20,East,Returned,Customer_252,08-02-2025
104239,5239,Phone,Electronics,70405.04,2.0,0,East,Cancelled,Customer_225,18-04-2025
104240,5240,Chair,Furniture,98722.99,4.0,20,West,Cancelled,Customer_258,04-12-2025
104241,5241,Milk,Groceries,21485.28,8.0,15,North,Returned,Customer_475,15-08-2025
104242,5242,Stool,Furniture,45973.28,7.0,5,East,Completed,Customer_362,03-09-2025
104243,5243,Rice,Groceries,42721.69,8.0,20,East,Pending,Customer_491,02-03-2026
104244,5244,Bread,Groceries,67578.07,8.0,15,North,Cancelled,Customer_182,15-08-2025
104245,5245,Shirt,Clothing,45343.38,8.0,5,East,Cancelled,Customer_259,28-08-2025
104246,5246,Oil,Groceries,53618.73,9.0,10,East,Pending,Customer_98,22-01-2026
104247,5247,Phone,Electronics,13139.65,5.0,15,West,Completed,Customer_80,04-05-2025
104248,5248,Milk,Groceries,61823.1,10.0,15,North,Completed,Customer_493,28-08-2025
104249,5249,Tea,Groceries,20911.47,,20,North,Cancelled,Customer_110,18-05-2026
104250,5250,T-Shirt,Clothing,62551.11,7.0,0,West,Cancelled,Customer_164,04-05-2025
104251,5251,Speaker,Electronics,41379.05,2.0,0,West,Pending,Customer_320,31-07-2025
104252,5252,Monitor,Electronics,12877.72,5.0,10,East,Pending,Customer_184,13-02-2025
104253,5253,Printer,Electronics,37410.67,6.0,20,West,Pending,Customer_325,02-06-2025
104254,5254,Cricket Bat,Sports,97257.09,8.0,10,West,Completed,Customer_447,12-12-2025
104255,5255,Shirt,Clothing,21097.05,5.0,0,North,Returned,Customer_476,24-01-2026
104256,5256,Printer,Electronics,87872.51,2.0,0,West,Returned,Customer_208,22-01-2025
104257,5257,Bed,Furniture,29257.93,6.0,20,North,Completed,Customer_151,07-08-2025
104258,5258,Shelf,Furniture,86694.21,8.0,10,East,Returned,Customer_403,18-01-2025
104259,5259,Bread,Groceries,26905.35,3.0,5,South,Cancelled,Customer_312,22-03-2026
104260,5260,Badminton Racket,Sports,37778.95,1.0,0,West,Cancelled,Customer_265,07-02-2025
104261,5261,T-Shirt,Clothing,28983.7,1.0,10,West,Cancelled,Customer_171,18-04-2025
104262,5262,Shelf,Furniture,12181.88,10.0,20,North,Pending,Customer_81,02-08-2025
104263,5263,Smartwatch,Electronics,64691.79,5.0,0,South,Completed,Customer_406,22-07-2025
104264,5264,Hoodie,Clothing,32421.85,8.0,0,West,Pending,Customer_176,15-02-2026
104265,5265,Coffee,Groceries,13198.89,4.0,15,East,Returned,Customer_443,24-06-2026
104266,5266,Stool,Furniture,69809.35,6.0,10,North,Pending,Customer_205,13-05-2026
104267,5267,Coffee,Groceries,95444.01,8.0,5,South,Pending,Customer_139,28-01-2026
104268,5268,Bread,Groceries,46844.66,10.0,15,North,Pending,Customer_16,10-11-2025
104269,5269,Jacket,Clothing,67034.6,3.0,10,East,Pending,Customer_287,22-05-2025
104270,5270,Coffee,Groceries,40427.86,5.0,15,West,Returned,Customer_139,18-06-2026
104271,5271,Tea,Groceries,60292.12,1.0,15,South,Completed,Customer_489,01-11-2025
104272,5272,Speaker,Electronics,69300.88,6.0,20,East,Completed,Customer_352,16-10-2025
104273,5273,Jacket,Clothing,46699.83,3.0,10,East,Cancelled,Customer_176,04-06-2025
104274,5274,Tea,Groceries,6468.0,10.0,5,West,Cancelled,Customer_464,26-02-2025
104275,5275,Sugar,Groceries,98016.26,10.0,10,West,Completed,Customer_123,05-04-2026
104276,5276,Football,Sports,98160.03,1.0,20,North,Completed,Customer_287,17-01-2026
104277,5277,Badminton Racket,Sports,48082.85,1.0,0,North,Pending,Customer_295,09-08-2025
104278,5278,Gloves,Sports,17416.93,6.0,20,West,Cancelled,Customer_396,08-02-2026
104279,5279,Table,Furniture,76331.1,8.0,15,South,Returned,Customer_209,27-03-2026
104280,5280,Badminton Racket,Sports,7093.17,4.0,15,South,Completed,Customer_124,11-01-2025
104281,5281,Desk,Furniture,74447.84,7.0,20,West,Cancelled,Customer_14,16-09-2025
104282,5282,Tea,Groceries,36690.11,5.0,10,South,Returned,Customer_153,03-10-2025
104283,5283,Bed,Furniture,96584.24,6.0,15,West,Pending,Customer_25,02-02-2025
104284,5284,Keyboard,Electronics,86417.28,10.0,20,South,Completed,Customer_470,25-01-2025
104285,5285,Football,Sports,82299.59,6.0,0,East,Cancelled,Customer_205,22-06-2026
104286,5286,Tea,Groceries,59906.97,1.0,5,South,Completed,Customer_403,20-11-2025
104287,5287,Bed,Furniture,1556.63,5.0,10,West,Cancelled,Customer_264,01-10-2025
104288,5288,Stool,Furniture,42373.17,7.0,5,West,Returned,Customer_417,22-07-2025
104289,5289,Sofa,Furniture,23978.4,6.0,10,South,Completed,Customer_48,02-10-2025
104290,5290,Jacket,Clothing,44829.97,7.0,5,East,Completed,Customer_375,01-03-2026
104291,5291,T-Shirt,Clothing,1487.59,2.0,15,South,Pending,Customer_327,22-02-2026
104292,5292,Jeans,Clothing,21273.84,7.0,10,East,Returned,Customer_383,07-03-2025
104293,5293,Chair,Furniture,22116.11,9.0,15,South,Returned,Customer_134,06-11-2025
104294,5294,Mouse,Electronics,87281.68,9.0,20,North,Cancelled,Customer_348,04-08-2025
104295,5295,Jeans,Clothing,34031.08,5.0,15,South,Returned,Customer_413,03-01-2025
104296,5296,Oil,Groceries,83585.28,4.0,10,West,Cancelled,Customer_434,16-03-2025
104297,5297,Bed,Furniture,77484.4,8.0,20,East,Completed,Customer_192,22-05-2025
104298,5298,T-Shirt,Clothing,75845.4,6.0,10,North,Pending,Customer_31,16-02-2026
104299,5299,Cricket Bat,Sports,66221.04,7.0,10,West,Pending,Customer_328,27-03-2026
104300,5300,Cabinet,Furniture,23916.28,1.0,10,West,Cancelled,Customer_117,14-09-2025
104301,5301,Jeans,Clothing,54750.28,,20,South,Pending,Customer_56,30-12-2025
104302,5302,Camera,Electronics,,4.0,5,North,Completed,Customer_123,06-10-2025
104303,5303,Desk,Furniture,74626.32,3.0,10,East,Cancelled,Customer_362,21-12-2025
104304,5304,Milk,Groceries,88822.48,5.0,10,West,Pending,Customer_428,23-08-2025
104305,5305,Football,Sports,60276.0,5.0,10,North,Cancelled,Customer_391,01-04-2026
104306,5306,Badminton Racket,Sports,53122.41,3.0,0,East,Returned,Customer_93,06-06-2026
104307,5307,Stool,Furniture,51891.38,1.0,20,West,Cancelled,Customer_324,20-06-2026
104308,5308,Shirt,Clothing,75611.63,1.0,10,West,Pending,Customer_343,24-11-2025
104309,5309,Coffee,Groceries,454.07,4.0,20,West,Cancelled,Customer_267,08-04-2026
104310,5310,T-Shirt,Clothing,79487.45,9.0,0,West,Cancelled,Customer_454,10-05-2025
104311,5311,Phone,Electronics,40098.86,10.0,10,South,Completed,Customer_324,13-02-2026
104312,5312,Shoes,Clothing,25214.43,8.0,5,East,Cancelled,Customer_423,03-10-2025
104313,5313,Camera,Electronics,23629.15,2.0,20,North,Completed,Customer_35,05-07-2025
104314,5314,Monitor,Electronics,75755.74,8.0,0,West,Cancelled,Customer_476,09-05-2025
104315,5315,Oil,Groceries,97881.96,7.0,15,North,Completed,Customer_251,14-08-2025
104316,5316,Jeans,Clothing,44352.46,7.0,0,South,Completed,Customer_489,17-07-2025
104317,5317,Laptop,Electronics,7616.01,7.0,5,South,Completed,Customer_170,12-06-2025
104318,5318,Cricket Bat,Sports,6035.55,8.0,15,West,Cancelled,Customer_108,08-02-2025
104319,5319,Badminton Racket,Sports,2517.67,5.0,5,North,Returned,Customer_252,24-05-2025
104320,5320,Desk,Furniture,85145.14,5.0,10,West,Completed,Customer_20,25-01-2026
104321,5321,Printer,Electronics,6224.56,8.0,15,South,Completed,Customer_131,06-05-2025
104322,5322,Cricket Bat,Sports,4031.56,8.0,20,East,Returned,Customer_318,17-02-2025
104323,5323,Mouse,Electronics,45664.41,6.0,15,East,Cancelled,Customer_233,09-01-2026
104324,5324,Rice,Groceries,88651.34,4.0,10,East,Returned,Customer_478,27-03-2025
104325,5325,Smartwatch,Electronics,76119.04,10.0,15,East,Returned,Customer_162,16-06-2025
104326,5326,Chair,Furniture,53850.88,5.0,10,South,Completed,Customer_136,28-06-2025
104327,5327,Camera,Electronics,84880.93,1.0,15,East,Cancelled,Customer_135,03-04-2026
104328,5328,Jeans,Clothing,81262.66,10.0,0,West,Pending,Customer_271,23-05-2025
104329,5329,T-Shirt,Clothing,10499.29,3.0,0,South,Cancelled,Customer_260,17-06-2025
104330,5330,Camera,Electronics,80170.61,3.0,5,North,Completed,Customer_401,22-09-2025
104331,5331,Gloves,Sports,98905.1,1.0,15,North,Completed,Customer_86,12-01-2026
104332,5332,Cricket Bat,Sports,30328.25,4.0,15,West,Pending,Customer_48,13-04-2025
104333,5333,Stool,Furniture,10791.06,,20,North,Returned,Customer_213,16-03-2026
104334,5334,Cabinet,Furniture,12956.68,6.0,5,West,Completed,Customer_38,13-01-2025
104335,5335,Rice,Groceries,93605.9,9.0,10,West,Cancelled,Customer_52,25-10-2025
104336,5336,Bread,Groceries,35056.8,10.0,20,East,Pending,Customer_326,23-04-2026
104337,5337,Jeans,Clothing,34344.94,6.0,20,West,Returned,Customer_416,15-08-2025
104338,5338,Tennis Racket,Sports,8934.88,7.0,5,West,Completed,Customer_52,29-09-2025
104339,5339,Smartwatch,Electronics,35358.5,1.0,0,East,Completed,Customer_318,25-01-2026
104340,5340,Desk,Furniture,22437.31,5.0,10,West,Completed,Customer_360,04-04-2025
104341,5341,Hoodie,Clothing,96453.66,10.0,5,South,Cancelled,Customer_47,07-02-2026
104342,5342,Chair,Furniture,43497.43,9.0,10,West,Returned,Customer_28,17-07-2025
104343,5343,Smartwatch,Electronics,53561.14,6.0,5,East,Pending,Customer_141,29-07-2025
104344,5344,Bread,Groceries,32240.99,9.0,20,West,Returned,Customer_316,12-09-2025
104345,5345,Shirt,Clothing,14582.83,5.0,15,South,Completed,Customer_410,18-05-2026
104346,5346,Jeans,Clothing,2157.0,7.0,20,South,Pending,Customer_201,25-06-2026
104347,5347,Bed,Furniture,52296.93,1.0,5,East,Completed,Customer_216,22-06-2025
104348,5348,Gloves,Sports,58964.3,9.0,5,West,Pending,Customer_225,04-05-2026
104349,5349,Sofa,Furniture,10297.61,3.0,20,West,Returned,Customer_207,17-08-2025
104350,5350,T-Shirt,Clothing,25684.93,2.0,10,East,Returned,Customer_218,16-12-2025
104351,5351,Desk,Furniture,30404.77,10.0,0,West,Pending,Customer_35,04-05-2026
104352,5352,T-Shirt,Clothing,46191.36,4.0,20,East,Cancelled,Customer_134,11-04-2026
104353,5353,Tablet,Electronics,809.8,1.0,10,East,Completed,Customer_249,02-03-2026
104354,5354,Eggs,Groceries,53514.68,9.0,5,North,Pending,Customer_234,23-03-2026
104355,5355,Camera,Electronics,53623.91,4.0,20,South,Pending,Customer_472,20-09-2025
104356,5356,Jeans,Clothing,28765.07,9.0,0,South,Cancelled,Customer_414,12-09-2025
104357,5357,T-Shirt,Clothing,48771.56,6.0,10,North,Completed,Customer_331,22-04-2025
104358,5358,Mouse,Electronics,29360.83,8.0,0,South,Pending,Customer_482,17-11-2025
104359,5359,Tennis Racket,Sports,28244.91,1.0,15,North,Pending,Customer_454,30-03-2026
104360,5360,Oil,Groceries,91461.33,7.0,5,North,Completed,Customer_349,07-04-2026
104361,5361,Jacket,Clothing,,5.0,5,North,Pending,Customer_86,15-02-2025
104362,5362,Eggs,Groceries,82828.91,10.0,20,East,Completed,Customer_80,08-09-2025
104363,5363,Tea,Groceries,25257.83,3.0,20,West,Pending,Customer_269,15-01-2025
104364,5364,Sofa,Furniture,55058.62,7.0,15,North,Completed,Customer_284,09-01-2025
104365,5365,Shoes,Clothing,54420.61,2.0,20,North,Completed,Customer_358,11-09-2025
104366,5366,Laptop,Electronics,33284.76,4.0,15,West,Pending,Customer_403,08-06-2025
104367,5367,Monitor,Electronics,1107.08,2.0,0,West,Pending,Customer_482,20-06-2025
104368,5368,Stool,Furniture,37908.33,7.0,0,East,Completed,Customer_500,02-03-2025
104369,5369,Rice,Groceries,83855.24,3.0,5,East,Pending,Customer_340,23-02-2026
104370,5370,Cabinet,Furniture,53839.97,4.0,15,South,Returned,Customer_331,03-10-2025
104371,5371,Tennis Racket,Sports,35179.63,2.0,5,South,Cancelled,Customer_186,22-06-2026
104372,5372,Tennis Racket,Sports,45608.37,3.0,10,West,Pending,Customer_332,13-06-2026
104373,5373,Cricket Bat,Sports,88759.82,2.0,10,West,Cancelled,Customer_107,19-01-2025
104374,5374,Shelf,Furniture,8720.64,10.0,20,East,Completed,Customer_220,25-04-2026
104375,5375,Tennis Racket,Sports,62759.01,3.0,20,North,Cancelled,Customer_169,27-09-2025
104376,5376,Cricket Bat,Sports,80978.45,9.0,15,South,Cancelled,Customer_173,13-06-2026
104377,5377,Shoes,Clothing,73893.79,5.0,0,South,Returned,Customer_95,14-06-2026
104378,5378,Sugar,Groceries,73528.42,1.0,5,North,Completed,Customer_286,24-01-2025
104379,5379,Shirt,Clothing,80236.37,2.0,5,East,Returned,Customer_165,31-05-2025
104380,5380,Football,Sports,33084.57,6.0,0,East,Returned,Customer_419,14-01-2025
104381,5381,Mouse,Electronics,34012.1,9.0,15,South,Cancelled,Customer_361,11-07-2025
104382,5382,Shoes,Clothing,64587.61,5.0,0,South,Cancelled,Customer_60,10-02-2025
104383,5383,Coffee,Groceries,90424.33,5.0,0,East,Returned,Customer_353,12-05-2026
104384,5384,Bed,Furniture,53312.55,8.0,0,South,Cancelled,Customer_226,16-05-2025
104385,5385,Helmet,Sports,3058.57,10.0,0,North,Returned,Customer_128,01-10-2025
104386,5386,Eggs,Groceries,62792.63,2.0,5,North,Pending,Customer_81,19-07-2025
104387,5387,Tablet,Electronics,78120.45,10.0,5,South,Returned,Customer_285,11-07-2025
104388,5388,Badminton Racket,Sports,37876.82,8.0,5,East,Returned,Customer_286,28-11-2025
104389,5389,Sugar,Groceries,2544.56,7.0,20,West,Pending,Customer_337,15-02-2026
104390,5390,Shoes,Clothing,47350.19,4.0,10,East,Cancelled,Customer_208,29-09-2025
104391,5391,Jeans,Clothing,23943.01,8.0,20,East,Cancelled,Customer_148,12-04-2026
104392,5392,Phone,Electronics,81844.14,5.0,15,South,Pending,Customer_247,11-02-2025
104393,5393,Sugar,Groceries,64911.12,2.0,0,South,Returned,Customer_439,08-01-2026
104394,5394,Tennis Racket,Sports,32636.66,5.0,0,South,Pending,Customer_453,05-06-2025
104395,5395,T-Shirt,Clothing,61638.27,10.0,15,North,Completed,Customer_267,06-01-2025
104396,5396,Printer,Electronics,44204.51,8.0,15,North,Cancelled,Customer_280,03-01-2025
104397,5397,Helmet,Sports,33250.89,3.0,5,West,Cancelled,Customer_241,16-09-2025
104398,5398,Football,Sports,96931.76,5.0,20,South,Returned,Customer_42,05-02-2026
104399,5399,Speaker,Electronics,66563.71,8.0,10,North,Cancelled,Customer_97,25-03-2025
104400,5400,Badminton Racket,Sports,63484.5,3.0,15,North,Completed,Customer_441,25-11-2025
104401,5401,Table,Furniture,,7.0,15,East,Completed,Customer_72,06-11-2025
104402,5402,Shoes,Clothing,36798.49,8.0,20,North,Pending,Customer_213,13-06-2026
104403,5403,Monitor,Electronics,3570.83,9.0,0,South,Cancelled,Customer_298,11-11-2025
104404,5404,Keyboard,Electronics,73684.05,5.0,5,South,Cancelled,Customer_355,13-06-2026
104405,5405,Keyboard,Electronics,28968.62,6.0,0,West,Pending,Customer_416,22-04-2026
104406,5406,Jeans,Clothing,33360.97,5.0,15,South,Pending,Customer_254,26-02-2025
104407,5407,Sofa,Furniture,10053.45,5.0,5,North,Completed,Customer_493,25-01-2026
104408,5408,Camera,Electronics,38848.23,5.0,15,North,Pending,Customer_333,20-01-2026
104409,5409,Sofa,Furniture,72483.65,7.0,5,West,Completed,Customer_416,25-06-2025
104410,5410,Jeans,Clothing,9554.32,2.0,5,East,Completed,Customer_244,14-05-2025
104411,5411,Shelf,Furniture,92306.56,6.0,10,East,Pending,Customer_199,22-02-2025
104412,5412,Sofa,Furniture,33446.77,8.0,0,East,Cancelled,Customer_412,31-08-2025
104413,5413,Printer,Electronics,89497.49,2.0,0,East,Cancelled,Customer_336,19-05-2025
104414,5414,Sugar,Groceries,84579.65,3.0,15,North,Cancelled,Customer_215,19-08-2025
104415,5415,Cabinet,Furniture,36661.71,6.0,20,North,Pending,Customer_285,24-09-2025
104416,5416,Stool,Furniture,29779.1,7.0,10,East,Returned,Customer_365,02-08-2025
104417,5417,Chair,Furniture,46138.86,3.0,20,East,Completed,Customer_156,15-09-2025
104418,5418,Sugar,Groceries,2720.0,,15,West,Cancelled,Customer_401,27-11-2025
104419,5419,Helmet,Sports,76556.37,1.0,15,West,Pending,Customer_84,26-07-2025
104420,5420,Bed,Furniture,18249.99,5.0,5,North,Completed,Customer_445,08-02-2025
104421,5421,Coffee,Groceries,83828.98,2.0,5,East,Completed,Customer_391,04-04-2025
104422,5422,Hoodie,Clothing,14783.79,1.0,15,North,Pending,Customer_418,28-05-2025
104423,5423,Desk,Furniture,55421.89,2.0,5,East,Cancelled,Customer_153,20-05-2025
104424,5424,Bed,Furniture,73850.52,3.0,5,South,Pending,Customer_397,27-02-2025
104425,5425,Laptop,Electronics,9741.29,3.0,5,South,Cancelled,Customer_340,30-08-2025
104426,5426,T-Shirt,Clothing,64105.3,8.0,5,East,Pending,Customer_389,15-06-2025
104427,5427,Tennis Racket,Sports,97320.42,2.0,15,South,Cancelled,Customer_458,16-06-2026
104428,5428,Shirt,Clothing,73551.75,7.0,20,West,Returned,Customer_297,07-01-2026
104429,5429,Shelf,Furniture,,5.0,15,North,Completed,Customer_201,09-09-2025
104430,5430,Shelf,Furniture,5569.52,8.0,10,West,Returned,Customer_430,17-06-2025
104431,5431,Oil,Groceries,49039.32,4.0,10,East,Returned,Customer_363,07-04-2026
104432,5432,Bread,Groceries,54434.75,3.0,20,South,Completed,Customer_144,19-03-2026
104433,5433,Desk,Furniture,16658.81,3.0,5,North,Pending,Customer_257,30-11-2025
104434,5434,Desk,Furniture,21825.31,10.0,15,North,Cancelled,Customer_471,13-02-2025
104435,5435,Phone,Electronics,29999.51,3.0,5,South,Cancelled,Customer_416,14-01-2026
104436,5436,Coffee,Groceries,67567.56,9.0,5,South,Cancelled,Customer_18,14-10-2025
104437,5437,Milk,Groceries,69444.37,10.0,15,East,Completed,Customer_181,21-07-2025
104438,5438,Shoes,Clothing,81918.03,4.0,20,East,Completed,Customer_375,23-01-2025
104439,5439,Jeans,Clothing,76268.21,10.0,20,West,Cancelled,Customer_293,20-12-2025
104440,5440,Speaker,Electronics,69961.46,3.0,5,South,Pending,Customer_380,15-07-2025
104441,5441,Laptop,Electronics,48257.18,9.0,20,West,Cancelled,Customer_258,02-11-2025
104442,5442,Coffee,Groceries,28584.35,6.0,10,South,Cancelled,Customer_489,25-01-2026
104443,5443,T-Shirt,Clothing,55644.28,7.0,5,West,Completed,Customer_383,26-06-2025
104444,5444,Jeans,Clothing,67781.0,6.0,10,North,Completed,Customer_382,05-03-2025
104445,5445,Jacket,Clothing,73912.55,3.0,5,West,Returned,Customer_229,07-03-2026
104446,5446,Cricket Bat,Sports,78616.58,10.0,10,West,Cancelled,Customer_248,06-02-2025
104447,5447,Sofa,Furniture,42487.15,5.0,10,South,Pending,Customer_13,17-03-2026
104448,5448,Jacket,Clothing,85049.56,4.0,0,East,Pending,Customer_153,02-03-2025
104449,5449,Stool,Furniture,7212.46,3.0,5,North,Completed,Customer_312,08-03-2025
104450,5450,Hoodie,Clothing,84346.87,7.0,0,East,Pending,Customer_373,21-03-2025
104451,5451,Desk,Furniture,99140.54,3.0,10,West,Cancelled,Customer_225,20-04-2026
104452,5452,Printer,Electronics,43887.88,7.0,15,South,Completed,Customer_239,31-01-2025
104453,5453,Oil,Groceries,73480.65,2.0,10,East,Completed,Customer_191,06-02-2026
104454,5454,Gloves,Sports,29801.38,3.0,15,East,Completed,Customer_14,14-10-2025
104455,5455,Shoes,Clothing,7050.72,1.0,0,West,Pending,Customer_358,16-07-2025
104456,5456,Phone,Electronics,91759.79,3.0,20,South,Completed,Customer_366,01-03-2026
104457,5457,T-Shirt,Clothing,88828.81,2.0,0,East,Pending,Customer_39,30-01-2025
104458,5458,Jacket,Clothing,78606.03,4.0,20,West,Cancelled,Customer_20,01-02-2026
104459,5459,Rice,Groceries,77099.57,8.0,0,East,Completed,Customer_136,19-06-2026
104460,5460,Cabinet,Furniture,93729.62,6.0,0,East,Pending,Customer_477,14-04-2026
104461,5461,Rice,Groceries,68561.41,2.0,15,North,Completed,Customer_494,09-12-2025
104462,5462,Mouse,Electronics,8019.34,7.0,0,East,Pending,Customer_385,14-01-2026
104463,5463,Football,Sports,26398.14,1.0,15,East,Completed,Customer_324,18-09-2025
104464,5464,Milk,Groceries,94710.08,6.0,0,West,Pending,Customer_256,18-03-2025
104465,5465,Desk,Furniture,788.94,3.0,10,East,Pending,Customer_154,21-01-2025
104466,5466,Helmet,Sports,43751.88,1.0,20,South,Cancelled,Customer_393,24-08-2025
104467,5467,Shelf,Furniture,3993.72,1.0,20,South,Completed,Customer_427,11-04-2025
104468,5468,T-Shirt,Clothing,2671.45,10.0,5,West,Completed,Customer_406,19-05-2025
104469,5469,Stool,Furniture,85776.27,5.0,20,East,Pending,Customer_410,31-12-2025
104470,5470,Hoodie,Clothing,19252.64,6.0,15,East,Pending,Customer_246,06-09-2025
104471,5471,Gloves,Sports,43405.98,10.0,10,North,Completed,Customer_20,09-12-2025
104472,5472,Keyboard,Electronics,56596.08,3.0,10,South,Completed,Customer_377,13-03-2026
104473,5473,Coffee,Groceries,49818.89,9.0,15,North,Completed,Customer_253,04-01-2025
104474,5474,Gloves,Sports,89087.67,5.0,5,East,Completed,Customer_367,13-08-2025
104475,5475,Table,Furniture,99337.19,8.0,5,South,Returned,Customer_198,27-03-2025
104476,5476,Milk,Groceries,1713.54,8.0,20,East,Completed,Customer_348,24-05-2025
104477,5477,Tea,Groceries,5888.78,9.0,20,West,Completed,Customer_45,21-01-2025
104478,5478,Tennis Racket,Sports,264.39,4.0,5,West,Returned,Customer_460,11-05-2026
104479,5479,Shelf,Furniture,2161.78,9.0,5,South,Cancelled,Customer_23,05-02-2026
104480,5480,Tea,Groceries,64312.48,8.0,10,East,Completed,Customer_270,28-01-2025
104481,5481,Tablet,Electronics,83164.68,1.0,5,North,Returned,Customer_321,11-07-2025
104482,5482,T-Shirt,Clothing,69214.93,10.0,10,East,Returned,Customer_476,30-10-2025
104483,5483,T-Shirt,Clothing,58545.36,5.0,10,South,Returned,Customer_34,06-02-2026
104484,5484,Tablet,Electronics,1383.87,3.0,20,North,Returned,Customer_205,05-04-2025
104485,5485,Cricket Bat,Sports,76255.98,9.0,10,South,Returned,Customer_253,19-06-2026
104486,5486,Shoes,Clothing,1533.31,3.0,15,East,Completed,Customer_499,02-05-2025
104487,5487,Tea,Groceries,43944.73,6.0,0,East,Pending,Customer_423,21-05-2026
104488,5488,Hoodie,Clothing,87092.77,2.0,5,South,Cancelled,Customer_27,11-09-2025
104489,5489,Badminton Racket,Sports,3674.27,4.0,15,West,Cancelled,Customer_285,16-03-2026
104490,5490,Sugar,Groceries,88260.69,8.0,10,North,Cancelled,Customer_128,22-09-2025
104491,5491,Eggs,Groceries,20273.76,3.0,5,North,Returned,Customer_280,15-02-2025
104492,5492,Monitor,Electronics,49308.69,2.0,5,South,Completed,Customer_258,05-06-2025
104493,5493,Bed,Furniture,,7.0,0,West,Cancelled,Customer_251,17-06-2026
104494,5494,Tennis Racket,Sports,11465.7,7.0,15,West,Cancelled,Customer_160,30-09-2025
104495,5495,Cricket Bat,Sports,28141.58,10.0,15,North,Returned,Customer_491,25-05-2025
104496,5496,Desk,Furniture,98520.55,8.0,10,East,Completed,Customer_87,26-01-2026
104497,5497,Keyboard,Electronics,52369.96,5.0,10,South,Completed,Customer_363,21-11-2025
104498,5498,Tea,Groceries,90332.27,10.0,5,West,Cancelled,Customer_181,14-07-2025
104499,5499,Cricket Bat,Sports,53270.94,3.0,15,West,Completed,Customer_402,08-11-2025
104500,5500,Jacket,Clothing,22463.37,4.0,5,West,Completed,Customer_318,05-03-2025
104501,5501,Tennis Racket,Sports,43891.83,4.0,10,West,Returned,Customer_386,10-08-2025
104502,5502,Speaker,Electronics,71561.12,5.0,0,South,Cancelled,Customer_478,19-06-2025
104503,5503,Sugar,Groceries,15791.28,4.0,0,East,Completed,Customer_405,13-06-2025
104504,5504,Printer,Electronics,49244.73,1.0,15,North,Completed,Customer_11,23-01-2026
104505,5505,Sugar,Groceries,50616.88,10.0,10,South,Cancelled,Customer_434,08-03-2026
104506,5506,Shoes,Clothing,13166.5,10.0,10,North,Cancelled,Customer_370,29-10-2025
104507,5507,T-Shirt,Clothing,68972.91,10.0,5,East,Returned,Customer_486,04-02-2026
104508,5508,Cricket Bat,Sports,52365.19,5.0,0,South,Returned,Customer_407,05-12-2025
104509,5509,Desk,Furniture,68764.43,4.0,5,North,Returned,Customer_9,23-04-2026
104510,5510,Cricket Bat,Sports,61835.07,5.0,20,West,Completed,Customer_39,03-01-2026
104511,5511,Speaker,Electronics,71107.61,4.0,10,East,Completed,Customer_92,25-06-2026
104512,5512,Bed,Furniture,34771.54,2.0,15,North,Cancelled,Customer_334,19-05-2026
104513,5513,Jeans,Clothing,88366.34,1.0,5,South,Completed,Customer_421,24-07-2025
104514,5514,Tennis Racket,Sports,82624.48,1.0,15,West,Returned,Customer_229,07-12-2025
104515,5515,T-Shirt,Clothing,3553.19,6.0,15,West,Completed,Customer_334,14-08-2025
104516,5516,Coffee,Groceries,20976.94,7.0,10,West,Cancelled,Customer_44,31-12-2025
104517,5517,Printer,Electronics,73484.97,3.0,0,East,Pending,Customer_492,28-09-2025
104518,5518,Shelf,Furniture,30243.22,6.0,15,East,Returned,Customer_243,27-07-2025
104519,5519,Printer,Electronics,6924.69,7.0,10,North,Returned,Customer_157,27-01-2025
104520,5520,Laptop,Electronics,82538.17,10.0,20,South,Cancelled,Customer_475,13-03-2026
104521,5521,Stool,Furniture,52076.58,9.0,10,East,Completed,Customer_69,18-08-2025
104522,5522,Shirt,Clothing,76214.48,5.0,15,East,Completed,Customer_400,11-05-2025
104523,5523,Gloves,Sports,78205.38,7.0,15,East,Pending,Customer_292,17-08-2025
104524,5524,Coffee,Groceries,36258.31,3.0,10,East,Completed,Customer_120,09-11-2025
104525,5525,Gloves,Sports,96867.87,10.0,20,East,Cancelled,Customer_122,13-02-2026
104526,5526,Hoodie,Clothing,93916.29,3.0,10,West,Completed,Customer_170,21-09-2025
104527,5527,Shirt,Clothing,86573.91,6.0,5,North,Completed,Customer_484,25-04-2026
104528,5528,Milk,Groceries,83498.63,1.0,20,East,Pending,Customer_444,16-06-2026
104529,5529,Oil,Groceries,85143.76,6.0,10,East,Pending,Customer_13,15-05-2025
104530,5530,Helmet,Sports,68947.83,8.0,10,East,Cancelled,Customer_447,30-06-2025
104531,5531,T-Shirt,Clothing,15668.16,5.0,0,East,Returned,Customer_264,22-06-2026
104532,5532,Rice,Groceries,53972.35,8.0,10,South,Returned,Customer_85,11-11-2025
104533,5533,Coffee,Groceries,10449.6,6.0,15,North,Cancelled,Customer_456,21-02-2026
104534,5534,Printer,Electronics,15770.29,8.0,0,South,Returned,Customer_102,06-03-2025
104535,5535,T-Shirt,Clothing,69899.97,4.0,0,West,Returned,Customer_213,04-05-2025
104536,5536,Milk,Groceries,31140.41,7.0,20,West,Returned,Customer_451,07-02-2026
104537,5537,Table,Furniture,50270.62,3.0,5,South,Cancelled,Customer_253,19-02-2026
104538,5538,Badminton Racket,Sports,44052.03,8.0,0,East,Cancelled,Customer_236,25-05-2025
104539,5539,Shirt,Clothing,53724.0,3.0,5,North,Completed,Customer_402,13-07-2025
104540,5540,T-Shirt,Clothing,22348.22,8.0,5,East,Returned,Customer_427,09-04-2025
104541,5541,Tablet,Electronics,87593.15,9.0,0,North,Cancelled,Customer_44,01-04-2026
104542,5542,Smartwatch,Electronics,96798.09,8.0,15,West,Pending,Customer_424,30-04-2025
104543,5543,Table,Furniture,79355.76,7.0,5,South,Pending,Customer_205,31-10-2025
104544,5544,Cabinet,Furniture,32307.14,1.0,5,South,Pending,Customer_418,01-04-2025
104545,5545,Mouse,Electronics,16133.58,5.0,20,North,Cancelled,Customer_297,02-01-2026
104546,5546,Badminton Racket,Sports,47175.48,4.0,0,East,Returned,Customer_273,09-05-2025
104547,5547,Shoes,Clothing,19698.05,1.0,5,East,Cancelled,Customer_190,02-02-2026
104548,5548,Shelf,Furniture,87491.59,10.0,5,West,Returned,Customer_121,06-03-2026
104549,5549,Hoodie,Clothing,31258.96,5.0,0,North,Returned,Customer_477,18-07-2025
104550,5550,Shelf,Furniture,85957.58,4.0,15,North,Cancelled,Customer_72,29-10-2025
104551,5551,Desk,Furniture,75659.11,2.0,15,East,Pending,Customer_329,16-12-2025
104552,5552,Printer,Electronics,60244.91,8.0,20,South,Returned,Customer_69,02-05-2025
104553,5553,Keyboard,Electronics,93112.07,4.0,20,South,Completed,Customer_54,13-01-2026
104554,5554,Tablet,Electronics,62205.7,5.0,15,North,Returned,Customer_263,05-02-2025
104555,5555,Chair,Furniture,,1.0,10,West,Completed,Customer_41,25-07-2025
104556,5556,Phone,Electronics,21201.23,4.0,15,East,Pending,Customer_96,15-04-2025
104557,5557,Mouse,Electronics,91011.04,6.0,20,South,Completed,Customer_389,01-05-2026
104558,5558,Gloves,Sports,96877.05,10.0,20,North,Completed,Customer_121,24-01-2026
104559,5559,T-Shirt,Clothing,49061.49,7.0,5,North,Cancelled,Customer_294,06-11-2025
104560,5560,Gloves,Sports,20478.09,7.0,0,North,Returned,Customer_423,17-06-2026
104561,5561,Mouse,Electronics,75656.6,6.0,5,West,Completed,Customer_320,30-01-2026
104562,5562,Jeans,Clothing,60885.75,6.0,10,West,Pending,Customer_65,02-03-2025
104563,5563,Smartwatch,Electronics,41463.91,2.0,0,East,Pending,Customer_92,19-12-2025
104564,5564,Milk,Groceries,92713.94,9.0,20,North,Cancelled,Customer_306,23-05-2026
104565,5565,Phone,Electronics,41238.94,9.0,10,North,Returned,Customer_292,04-08-2025
104566,5566,Bed,Furniture,3255.8,6.0,15,East,Completed,Customer_42,29-07-2025
104567,5567,Jeans,Clothing,56723.96,1.0,20,North,Returned,Customer_417,14-02-2026
104568,5568,Coffee,Groceries,68753.44,10.0,5,North,Cancelled,Customer_347,01-06-2026
104569,5569,Rice,Groceries,26189.99,4.0,0,North,Pending,Customer_168,29-11-2025
104570,5570,Bread,Groceries,60913.0,9.0,5,West,Returned,Customer_106,26-03-2025
104571,5571,Chair,Furniture,36885.35,9.0,10,East,Pending,Customer_355,05-03-2025
104572,5572,Eggs,Groceries,52098.14,9.0,0,East,Completed,Customer_474,08-10-2025
104573,5573,Tablet,Electronics,5823.66,2.0,15,North,Returned,Customer_450,04-02-2025
104574,5574,Laptop,Electronics,96837.3,9.0,0,South,Pending,Customer_341,14-09-2025
104575,5575,Cricket Bat,Sports,938.47,10.0,10,East,Pending,Customer_359,30-01-2026
104576,5576,Cabinet,Furniture,84202.63,7.0,5,West,Completed,Customer_33,01-03-2025
104577,5577,Football,Sports,66167.84,2.0,0,West,Returned,Customer_57,24-04-2025
104578,5578,Phone,Electronics,51559.15,4.0,0,West,Cancelled,Customer_476,19-05-2025
104579,5579,Oil,Groceries,13258.3,7.0,20,East,Completed,Customer_470,03-03-2025
104580,5580,Mouse,Electronics,6521.64,4.0,0,West,Returned,Customer_297,26-01-2026
104581,5581,Jacket,Clothing,62601.98,7.0,5,South,Pending,Customer_199,02-06-2026
104582,5582,T-Shirt,Clothing,29413.78,5.0,5,North,Returned,Customer_136,27-02-2025
104583,5583,Jeans,Clothing,51292.63,,20,East,Completed,Customer_315,04-10-2025
104584,5584,Table,Furniture,43655.72,4.0,15,West,Pending,Customer_44,27-01-2025
104585,5585,Badminton Racket,Sports,18584.0,5.0,0,East,Completed,Customer_470,25-12-2025
104586,5586,Oil,Groceries,37375.29,6.0,10,East,Pending,Customer_319,11-03-2026
104587,5587,Jeans,Clothing,62729.23,3.0,5,East,Pending,Customer_136,22-06-2026
104588,5588,Milk,Groceries,56695.81,1.0,5,North,Returned,Customer_89,29-01-2026
104589,5589,T-Shirt,Clothing,65411.76,4.0,10,East,Returned,Customer_265,24-04-2025
104590,5590,Table,Furniture,29171.88,7.0,0,South,Completed,Customer_453,22-05-2025
104591,5591,T-Shirt,Clothing,22038.59,1.0,10,West,Cancelled,Customer_427,11-11-2025
104592,5592,Table,Furniture,28271.44,8.0,0,East,Cancelled,Customer_340,22-05-2025
104593,5593,Stool,Furniture,96581.3,1.0,0,East,Returned,Customer_205,30-04-2026
104594,5594,Helmet,Sports,73629.49,9.0,10,West,Returned,Customer_332,10-11-2025
104595,5595,Mouse,Electronics,21247.93,1.0,10,West,Returned,Customer_86,03-04-2026
104596,5596,Bread,Groceries,21854.85,7.0,15,North,Completed,Customer_316,17-10-2025
104597,5597,Sugar,Groceries,4867.58,6.0,0,North,Pending,Customer_453,11-05-2026
104598,5598,Phone,Electronics,14324.67,6.0,5,South,Pending,Customer_392,29-03-2025
104599,5599,Jeans,Clothing,21298.34,7.0,15,West,Returned,Customer_158,11-11-2025
104600,5600,Coffee,Groceries,4062.87,2.0,20,East,Completed,Customer_406,23-04-2025
104601,5601,Tablet,Electronics,49459.38,8.0,5,West,Completed,Customer_165,13-01-2026
104602,5602,Badminton Racket,Sports,1145.26,7.0,5,East,Cancelled,Customer_409,06-06-2026
104603,5603,Gloves,Sports,98016.55,7.0,15,North,Cancelled,Customer_237,24-05-2026
104604,5604,T-Shirt,Clothing,51964.05,1.0,0,North,Returned,Customer_271,22-09-2025
104605,5605,Jacket,Clothing,5003.3,3.0,20,East,Pending,Customer_142,11-11-2025
104606,5606,Stool,Furniture,60782.46,4.0,0,East,Cancelled,Customer_276,11-02-2026
104607,5607,Oil,Groceries,12040.94,9.0,5,West,Returned,Customer_331,14-08-2025
104608,5608,Shirt,Clothing,46418.7,10.0,10,East,Pending,Customer_237,29-08-2025
104609,5609,Table,Furniture,64094.72,9.0,10,East,Completed,Customer_420,07-08-2025
104610,5610,Jacket,Clothing,62824.19,6.0,15,North,Returned,Customer_308,04-03-2025
104611,5611,Coffee,Groceries,64229.36,5.0,5,North,Completed,Customer_37,12-05-2026
104612,5612,Table,Furniture,77644.69,5.0,10,South,Completed,Customer_327,07-07-2025
104613,5613,Gloves,Sports,55466.74,7.0,0,East,Cancelled,Customer_176,16-06-2025
104614,5614,T-Shirt,Clothing,49856.94,5.0,10,South,Returned,Customer_158,09-06-2025
104615,5615,Jeans,Clothing,43832.83,3.0,5,North,Pending,Customer_66,22-02-2025
104616,5616,T-Shirt,Clothing,452.46,5.0,15,South,Returned,Customer_175,10-06-2025
104617,5617,Mouse,Electronics,72445.6,9.0,15,West,Pending,Customer_225,24-06-2025
104618,5618,T-Shirt,Clothing,5589.07,4.0,20,East,Returned,Customer_369,19-07-2025
104619,5619,Chair,Furniture,37510.88,1.0,15,West,Completed,Customer_345,10-12-2025
104620,5620,Helmet,Sports,25416.5,6.0,20,East,Completed,Customer_53,28-01-2025
104621,5621,Keyboard,Electronics,3415.42,10.0,0,East,Completed,Customer_486,26-02-2026
104622,5622,Sofa,Furniture,94563.72,2.0,15,East,Completed,Customer_309,21-01-2026
104623,5623,Milk,Groceries,89068.33,7.0,10,South,Completed,Customer_487,05-10-2025
104624,5624,Bed,Furniture,89892.48,3.0,10,South,Completed,Customer_405,16-02-2025
104625,5625,Coffee,Groceries,16920.4,3.0,20,East,Pending,Customer_376,14-02-2026
104626,5626,Eggs,Groceries,16522.85,7.0,15,West,Returned,Customer_490,07-08-2025
104627,5627,Helmet,Sports,5829.64,2.0,10,South,Pending,Customer_484,01-08-2025
104628,5628,Football,Sports,36474.57,3.0,10,North,Cancelled,Customer_147,21-06-2026
104629,5629,Printer,Electronics,65333.32,3.0,20,West,Cancelled,Customer_210,05-02-2025
104630,5630,T-Shirt,Clothing,92634.11,3.0,10,East,Cancelled,Customer_67,24-04-2026
104631,5631,Football,Sports,19719.13,10.0,0,East,Returned,Customer_40,30-01-2026
104632,5632,Gloves,Sports,75811.73,5.0,0,South,Returned,Customer_339,11-01-2026
104633,5633,Jacket,Clothing,8346.08,1.0,15,West,Completed,Customer_86,01-03-2026
104634,5634,Rice,Groceries,33081.9,4.0,5,South,Returned,Customer_419,11-07-2025
104635,5635,Shirt,Clothing,66788.05,6.0,0,East,Cancelled,Customer_447,30-03-2025
104636,5636,Smartwatch,Electronics,59356.99,7.0,5,South,Pending,Customer_345,18-02-2026
104637,5637,Oil,Groceries,76075.16,2.0,0,South,Cancelled,Customer_309,25-06-2025
104638,5638,Milk,Groceries,79671.95,10.0,5,South,Pending,Customer_451,26-05-2025
104639,5639,Jeans,Clothing,54673.48,2.0,15,West,Completed,Customer_251,19-02-2026
104640,5640,Hoodie,Clothing,48507.85,3.0,10,South,Returned,Customer_222,15-01-2025
104641,5641,Bread,Groceries,23566.5,5.0,5,West,Pending,Customer_201,26-04-2025
104642,5642,Hoodie,Clothing,57672.67,7.0,20,North,Completed,Customer_247,14-01-2026
104643,5643,Sugar,Groceries,23934.3,1.0,15,East,Completed,Customer_316,26-07-2025
104644,5644,Rice,Groceries,28163.25,1.0,5,South,Returned,Customer_411,31-03-2025
104645,5645,Jeans,Clothing,68253.27,4.0,5,West,Pending,Customer_297,29-06-2025
104646,5646,Shelf,Furniture,98937.15,9.0,10,East,Pending,Customer_256,03-03-2026
104647,5647,Sofa,Furniture,72920.55,4.0,20,South,Pending,Customer_386,13-11-2025
104648,5648,Camera,Electronics,17468.75,9.0,10,North,Returned,Customer_472,19-03-2025
104649,5649,Cricket Bat,Sports,58993.52,9.0,20,North,Cancelled,Customer_10,01-08-2025
104650,5650,Shelf,Furniture,72345.33,8.0,10,East,Pending,Customer_96,11-05-2026
104651,5651,Shoes,Clothing,25973.27,7.0,15,South,Pending,Customer_459,01-06-2025
104652,5652,Tablet,Electronics,99667.27,4.0,0,West,Pending,Customer_398,10-07-2025
104653,5653,Badminton Racket,Sports,25434.88,2.0,10,North,Returned,Customer_3,13-02-2026
104654,5654,Bed,Furniture,83341.04,6.0,20,West,Returned,Customer_417,05-01-2025
104655,5655,Shirt,Clothing,32438.35,3.0,10,West,Completed,Customer_500,06-04-2025
104656,5656,Cricket Bat,Sports,21298.46,3.0,5,North,Completed,Customer_276,27-09-2025
104657,5657,Sugar,Groceries,92649.97,1.0,15,East,Completed,Customer_497,23-01-2026
104658,5658,Tea,Groceries,64915.6,6.0,20,North,Returned,Customer_423,27-02-2026
104659,5659,Badminton Racket,Sports,40656.71,3.0,10,East,Completed,Customer_434,24-10-2025
104660,5660,Stool,Furniture,66696.26,5.0,5,East,Completed,Customer_437,05-03-2026
104661,5661,Shelf,Furniture,19833.44,8.0,10,South,Pending,Customer_75,12-04-2025
104662,5662,Bed,Furniture,13205.85,2.0,15,South,Completed,Customer_343,29-01-2025
104663,5663,Bed,Furniture,44431.31,2.0,5,East,Pending,Customer_374,01-12-2025
104664,5664,Speaker,Electronics,73580.62,4.0,10,East,Pending,Customer_377,27-11-2025
104665,5665,Monitor,Electronics,31850.93,7.0,10,South,Completed,Customer_357,27-03-2026
104666,5666,Smartwatch,Electronics,67403.47,2.0,5,East,Cancelled,Customer_229,29-03-2025
104667,5667,Jacket,Clothing,86548.58,4.0,20,South,Cancelled,Customer_155,21-04-2025
104668,5668,Tea,Groceries,54496.6,3.0,15,South,Cancelled,Customer_175,12-02-2025
104669,5669,Bed,Furniture,34722.51,2.0,0,North,Returned,Customer_381,30-06-2025
104670,5670,Jacket,Clothing,59732.51,4.0,5,West,Cancelled,Customer_52,25-07-2025
104671,5671,Shelf,Furniture,11186.81,4.0,15,North,Returned,Customer_52,16-03-2026
104672,5672,Tablet,Electronics,27343.19,,5,West,Returned,Customer_41,11-05-2025
104673,5673,Eggs,Groceries,48439.9,7.0,10,South,Completed,Customer_90,21-04-2025
104674,5674,Eggs,Groceries,85640.84,7.0,20,West,Returned,Customer_73,23-02-2025
104675,5675,T-Shirt,Clothing,55505.67,3.0,0,West,Returned,Customer_283,09-04-2026
104676,5676,Hoodie,Clothing,68983.07,9.0,10,North,Completed,Customer_312,28-05-2025
104677,5677,Jacket,Clothing,24751.64,2.0,0,East,Returned,Customer_430,16-04-2025
104678,5678,Oil,Groceries,29566.52,4.0,10,North,Pending,Customer_309,23-04-2026
104679,5679,Shelf,Furniture,47728.98,5.0,20,North,Cancelled,Customer_46,22-09-2025
104680,5680,Cabinet,Furniture,93381.58,1.0,15,North,Pending,Customer_261,05-12-2025
104681,5681,Jeans,Clothing,50758.43,9.0,5,South,Returned,Customer_249,09-06-2026
104682,5682,Bed,Furniture,20347.02,6.0,10,North,Returned,Customer_452,23-04-2026
104683,5683,Bread,Groceries,51273.41,9.0,20,South,Pending,Customer_172,04-10-2025
104684,5684,Stool,Furniture,69262.27,4.0,15,North,Completed,Customer_237,29-04-2025
104685,5685,Sugar,Groceries,86135.31,6.0,5,East,Cancelled,Customer_414,18-02-2025
104686,5686,Sugar,Groceries,50305.02,3.0,5,North,Returned,Customer_361,04-06-2025
104687,5687,Tennis Racket,Sports,32594.57,5.0,20,East,Pending,Customer_44,16-11-2025
104688,5688,Gloves,Sports,11959.44,3.0,10,North,Returned,Customer_237,03-02-2026
104689,5689,Bed,Furniture,90987.02,9.0,10,North,Cancelled,Customer_12,14-01-2026
104690,5690,Stool,Furniture,63698.22,8.0,5,East,Cancelled,Customer_472,18-04-2026
104691,5691,Tea,Groceries,93398.63,4.0,15,West,Cancelled,Customer_40,01-01-2025
104692,5692,Cricket Bat,Sports,39583.55,6.0,0,East,Completed,Customer_250,23-06-2025
104693,5693,Bed,Furniture,95066.07,7.0,10,North,Completed,Customer_256,21-02-2025
104694,5694,Football,Sports,56402.6,3.0,10,North,Pending,Customer_317,30-01-2025
104695,5695,Keyboard,Electronics,58555.77,6.0,0,East,Returned,Customer_132,02-04-2026
104696,5696,Chair,Furniture,70858.53,6.0,20,South,Completed,Customer_130,22-05-2026
104697,5697,Shirt,Clothing,70254.48,5.0,10,East,Pending,Customer_423,27-01-2026
104698,5698,Sofa,Furniture,21152.62,4.0,20,East,Returned,Customer_176,09-03-2025
104699,5699,Cricket Bat,Sports,20796.94,5.0,20,South,Cancelled,Customer_46,02-08-2025
104700,5700,Mouse,Electronics,42281.68,1.0,10,East,Completed,Customer_104,10-01-2026
104701,5701,Football,Sports,87455.12,5.0,15,West,Pending,Customer_105,19-10-2025
104702,5702,Chair,Furniture,95716.01,8.0,5,North,Pending,Customer_48,28-01-2026
104703,5703,Printer,Electronics,66548.63,10.0,20,West,Returned,Customer_326,18-06-2026
104704,5704,Mouse,Electronics,66175.56,1.0,0,South,Pending,Customer_471,04-09-2025
104705,5705,Coffee,Groceries,90992.45,3.0,10,West,Cancelled,Customer_123,02-01-2026
104706,5706,Eggs,Groceries,27116.14,2.0,5,East,Cancelled,Customer_466,08-04-2026
104707,5707,Shelf,Furniture,24976.44,10.0,0,South,Pending,Customer_258,26-09-2025
104708,5708,Football,Sports,5852.29,2.0,0,East,Cancelled,Customer_6,15-02-2025
104709,5709,Gloves,Sports,2454.58,4.0,15,South,Returned,Customer_316,05-09-2025
104710,5710,Tennis Racket,Sports,23632.04,2.0,15,South,Pending,Customer_110,17-06-2026
104711,5711,Stool,Furniture,38461.49,6.0,10,North,Pending,Customer_355,04-11-2025
104712,5712,Badminton Racket,Sports,39181.9,10.0,20,East,Cancelled,Customer_371,06-12-2025
104713,5713,Chair,Furniture,7435.3,2.0,10,East,Cancelled,Customer_397,12-11-2025
104714,5714,Tennis Racket,Sports,,3.0,10,North,Returned,Customer_8,13-07-2025
104715,5715,Desk,Furniture,10357.59,8.0,0,South,Cancelled,Customer_399,15-09-2025
104716,5716,Helmet,Sports,24186.13,2.0,5,North,Cancelled,Customer_55,23-02-2025
104717,5717,Stool,Furniture,13210.94,2.0,20,West,Pending,Customer_305,16-12-2025
104718,5718,Sugar,Groceries,99356.01,2.0,0,North,Returned,Customer_391,13-03-2026
104719,5719,Sofa,Furniture,70224.51,3.0,15,West,Returned,Customer_428,28-06-2025
104720,5720,Keyboard,Electronics,48961.27,7.0,5,East,Cancelled,Customer_296,22-12-2025
104721,5721,Football,Sports,63934.73,6.0,15,South,Completed,Customer_297,25-06-2025
104722,5722,Gloves,Sports,32684.24,10.0,20,East,Cancelled,Customer_39,02-11-2025
104723,5723,Sugar,Groceries,91863.85,8.0,15,South,Cancelled,Customer_493,04-03-2026
104724,5724,Shoes,Clothing,35453.99,7.0,15,West,Cancelled,Customer_461,28-11-2025
104725,5725,Coffee,Groceries,72319.05,6.0,10,North,Returned,Customer_238,28-02-2026
104726,5726,Jacket,Clothing,6755.38,,20,South,Cancelled,Customer_212,31-05-2026
104727,5727,Rice,Groceries,31109.62,3.0,20,West,Cancelled,Customer_24,18-02-2025
104728,5728,Hoodie,Clothing,39803.12,1.0,5,South,Cancelled,Customer_17,30-10-2025
104729,5729,Printer,Electronics,14307.73,8.0,5,North,Pending,Customer_93,09-12-2025
104730,5730,Table,Furniture,18525.82,4.0,10,East,Returned,Customer_450,18-05-2025
104731,5731,Tea,Groceries,24423.74,2.0,15,East,Returned,Customer_323,04-04-2025
104732,5732,Hoodie,Clothing,9844.76,10.0,20,South,Cancelled,Customer_115,21-08-2025
104733,5733,Shoes,Clothing,86383.36,5.0,20,North,Returned,Customer_303,22-12-2025
104734,5734,Cabinet,Furniture,92232.61,10.0,20,West,Cancelled,Customer_41,13-05-2025
104735,5735,Smartwatch,Electronics,69331.07,2.0,10,West,Pending,Customer_393,06-03-2025
104736,5736,Mouse,Electronics,28784.37,10.0,0,North,Completed,Customer_162,03-01-2025
104737,5737,Hoodie,Clothing,99529.93,6.0,0,West,Cancelled,Customer_32,29-01-2025
104738,5738,Shoes,Clothing,49126.11,9.0,10,East,Cancelled,Customer_87,02-04-2025
104739,5739,Phone,Electronics,16374.67,9.0,20,South,Returned,Customer_165,05-10-2025
104740,5740,Cricket Bat,Sports,83332.62,9.0,0,East,Cancelled,Customer_62,09-12-2025
104741,5741,Smartwatch,Electronics,4910.85,4.0,15,North,Returned,Customer_425,24-01-2026
104742,5742,Printer,Electronics,9358.34,7.0,10,North,Pending,Customer_419,26-09-2025
104743,5743,Football,Sports,38049.74,10.0,10,East,Pending,Customer_249,20-04-2026
104744,5744,Printer,Electronics,58344.32,3.0,0,East,Returned,Customer_289,15-09-2025
104745,5745,Cricket Bat,Sports,43552.69,1.0,15,West,Completed,Customer_10,12-01-2025
104746,5746,Sofa,Furniture,35476.41,2.0,20,East,Cancelled,Customer_301,28-01-2026
104747,5747,Cricket Bat,Sports,33499.34,8.0,10,South,Cancelled,Customer_475,10-03-2026
104748,5748,Sofa,Furniture,47717.9,10.0,10,North,Pending,Customer_375,30-04-2026
104749,5749,Badminton Racket,Sports,87083.66,2.0,0,North,Pending,Customer_120,30-04-2026
104750,5750,Tennis Racket,Sports,87753.52,3.0,5,South,Cancelled,Customer_42,29-03-2026
104751,5751,Camera,Electronics,87841.52,2.0,20,West,Pending,Customer_126,07-06-2026
104752,5752,Rice,Groceries,84183.79,2.0,5,North,Pending,Customer_93,25-02-2025
104753,5753,Jacket,Clothing,51954.02,4.0,15,North,Returned,Customer_451,19-09-2025
104754,5754,Tennis Racket,Sports,47633.51,1.0,10,North,Completed,Customer_361,10-07-2025
104755,5755,Tennis Racket,Sports,16489.84,5.0,0,South,Completed,Customer_123,22-05-2026
104756,5756,Eggs,Groceries,21040.3,1.0,0,East,Returned,Customer_294,24-06-2025
104757,5757,Hoodie,Clothing,80703.98,2.0,10,North,Pending,Customer_210,28-05-2026
104758,5758,Desk,Furniture,4783.01,6.0,15,West,Cancelled,Customer_148,18-02-2026
104759,5759,Table,Furniture,,8.0,5,North,Pending,Customer_484,19-04-2025
104760,5760,Bed,Furniture,1084.78,7.0,10,South,Returned,Customer_79,11-05-2025
104761,5761,Monitor,Electronics,88874.7,6.0,0,South,Cancelled,Customer_132,22-01-2026
104762,5762,Gloves,Sports,97883.9,10.0,20,North,Cancelled,Customer_261,20-09-2025
104763,5763,Jacket,Clothing,66893.29,10.0,5,East,Cancelled,Customer_239,31-05-2025
104764,5764,Phone,Electronics,49000.63,5.0,15,East,Returned,Customer_119,21-09-2025
104765,5765,Cricket Bat,Sports,94137.86,7.0,10,East,Cancelled,Customer_216,07-01-2026
104766,5766,Eggs,Groceries,51729.46,5.0,5,West,Cancelled,Customer_195,22-11-2025
104767,5767,Speaker,Electronics,61076.62,1.0,15,East,Pending,Customer_40,01-09-2025
104768,5768,Cricket Bat,Sports,22458.6,7.0,15,East,Cancelled,Customer_270,13-08-2025
104769,5769,Football,Sports,48818.85,8.0,15,North,Cancelled,Customer_129,05-06-2025
104770,5770,Bed,Furniture,11647.0,6.0,0,South,Pending,Customer_141,11-04-2025
104771,5771,Bed,Furniture,47533.2,3.0,15,South,Completed,Customer_228,01-11-2025
104772,5772,Smartwatch,Electronics,48353.36,4.0,0,West,Pending,Customer_83,29-08-2025
104773,5773,Helmet,Sports,55748.9,9.0,5,South,Cancelled,Customer_82,10-04-2025
104774,5774,Speaker,Electronics,34212.97,9.0,10,East,Pending,Customer_497,02-03-2026
104775,5775,Desk,Furniture,94754.96,9.0,10,North,Completed,Customer_286,20-06-2026
104776,5776,Shoes,Clothing,56435.76,10.0,0,North,Completed,Customer_410,04-10-2025
104777,5777,Table,Furniture,49741.93,9.0,0,West,Cancelled,Customer_98,25-07-2025
104778,5778,Gloves,Sports,65625.1,6.0,5,South,Cancelled,Customer_289,10-04-2026
104779,5779,Smartwatch,Electronics,44536.68,1.0,20,South,Pending,Customer_150,01-06-2025
104780,5780,Jeans,Clothing,82812.71,1.0,0,West,Pending,Customer_58,21-01-2026
104781,5781,Sofa,Furniture,,4.0,15,South,Cancelled,Customer_131,07-05-2026
104782,5782,Football,Sports,83917.03,1.0,5,North,Pending,Customer_188,23-05-2026
104783,5783,Helmet,Sports,94249.17,7.0,0,South,Cancelled,Customer_436,25-04-2025
104784,5784,Helmet,Sports,83621.94,3.0,10,East,Cancelled,Customer_91,08-02-2025
104785,5785,Tea,Groceries,57096.95,2.0,20,South,Completed,Customer_47,20-04-2026
104786,5786,Sugar,Groceries,10763.44,7.0,0,North,Completed,Customer_191,10-10-2025
104787,5787,T-Shirt,Clothing,75167.66,8.0,5,South,Completed,Customer_200,21-05-2025
104788,5788,Shirt,Clothing,36852.43,,15,West,Cancelled,Customer_242,16-11-2025
104789,5789,Stool,Furniture,99373.36,4.0,15,North,Cancelled,Customer_411,10-01-2026
104790,5790,Cricket Bat,Sports,86591.43,4.0,0,South,Completed,Customer_275,12-06-2025
104791,5791,Shelf,Furniture,19450.09,8.0,0,North,Pending,Customer_306,18-06-2026
104792,5792,Monitor,Electronics,95507.53,2.0,5,West,Completed,Customer_186,07-02-2025
104793,5793,Coffee,Groceries,67372.35,9.0,10,South,Pending,Customer_295,13-06-2025
104794,5794,Jacket,Clothing,84901.08,7.0,10,West,Returned,Customer_114,20-03-2025
104795,5795,Oil,Groceries,29759.78,6.0,0,South,Returned,Customer_174,19-08-2025
104796,5796,Hoodie,Clothing,92549.53,5.0,15,South,Cancelled,Customer_224,11-03-2026
104797,5797,Tea,Groceries,74561.07,3.0,15,West,Completed,Customer_253,08-11-2025
104798,5798,Rice,Groceries,27821.71,6.0,5,South,Cancelled,Customer_371,24-06-2025
104799,5799,Tablet,Electronics,59777.44,7.0,10,East,Returned,Customer_273,23-02-2025
104800,5800,Eggs,Groceries,23018.21,2.0,15,North,Pending,Customer_149,08-06-2026
104801,5801,Badminton Racket,Sports,91261.92,4.0,0,East,Returned,Customer_434,18-12-2025
104802,5802,Cabinet,Furniture,18594.38,2.0,10,East,Pending,Customer_131,05-01-2025
104803,5803,Tablet,Electronics,2389.13,5.0,20,North,Returned,Customer_429,28-01-2025
104804,5804,Helmet,Sports,24172.04,9.0,10,South,Returned,Customer_134,25-11-2025
104805,5805,Hoodie,Clothing,56227.44,6.0,20,West,Cancelled,Customer_69,24-12-2025
104806,5806,Jeans,Clothing,63241.49,1.0,5,West,Pending,Customer_409,04-05-2026
104807,5807,Shirt,Clothing,51561.63,10.0,20,East,Completed,Customer_414,09-04-2026
104808,5808,Gloves,Sports,87412.87,8.0,5,North,Completed,Customer_171,06-01-2025
104809,5809,Badminton Racket,Sports,96345.19,9.0,20,East,Cancelled,Customer_56,21-04-2025
104810,5810,Football,Sports,67964.68,3.0,0,South,Returned,Customer_173,25-06-2025
104811,5811,Stool,Furniture,89984.53,1.0,20,East,Returned,Customer_98,22-11-2025
104812,5812,Speaker,Electronics,84741.13,6.0,5,North,Pending,Customer_193,20-03-2025
104813,5813,Chair,Furniture,6603.63,5.0,0,West,Pending,Customer_364,23-10-2025
104814,5814,Laptop,Electronics,21211.61,8.0,15,South,Pending,Customer_364,21-06-2026
104815,5815,Tennis Racket,Sports,4076.27,2.0,0,South,Returned,Customer_15,16-04-2026
104816,5816,Speaker,Electronics,26521.42,8.0,15,South,Returned,Customer_111,19-04-2025
104817,5817,Milk,Groceries,44798.39,10.0,0,North,Completed,Customer_9,14-02-2026
104818,5818,Gloves,Sports,81507.88,,15,North,Completed,Customer_263,09-08-2025
104819,5819,Cabinet,Furniture,63008.99,7.0,20,North,Returned,Customer_49,04-01-2025
104820,5820,Tennis Racket,Sports,78665.68,8.0,0,North,Completed,Customer_471,03-06-2025
104821,5821,Desk,Furniture,72517.67,3.0,5,North,Cancelled,Customer_50,06-02-2025
104822,5822,Mouse,Electronics,76160.82,9.0,20,South,Cancelled,Customer_372,25-04-2025
104823,5823,Printer,Electronics,91597.78,7.0,0,North,Completed,Customer_145,09-11-2025
104824,5824,Mouse,Electronics,79169.05,7.0,5,South,Cancelled,Customer_58,26-01-2026
104825,5825,Jeans,Clothing,91219.17,10.0,15,North,Returned,Customer_229,30-05-2025
104826,5826,Mouse,Electronics,,8.0,10,East,Cancelled,Customer_403,04-02-2026
104827,5827,Jacket,Clothing,3699.76,3.0,5,North,Pending,Customer_469,30-11-2025
104828,5828,Hoodie,Clothing,52534.97,6.0,20,East,Completed,Customer_451,24-06-2025
104829,5829,Jeans,Clothing,96842.25,3.0,10,South,Pending,Customer_60,20-04-2026
104830,5830,Jacket,Clothing,50368.31,8.0,5,South,Completed,Customer_80,18-01-2025
104831,5831,Oil,Groceries,69051.51,10.0,5,North,Returned,Customer_231,12-03-2026
104832,5832,Eggs,Groceries,30791.54,3.0,20,North,Returned,Customer_467,19-07-2025
104833,5833,Cricket Bat,Sports,4485.32,5.0,20,West,Returned,Customer_201,05-04-2026
104834,5834,Milk,Groceries,56809.1,1.0,20,West,Cancelled,Customer_433,13-03-2025
104835,5835,Phone,Electronics,79221.7,8.0,20,East,Cancelled,Customer_426,25-11-2025
104836,5836,Tennis Racket,Sports,73317.57,7.0,0,South,Returned,Customer_57,19-12-2025
104837,5837,Bed,Furniture,16814.49,9.0,5,West,Pending,Customer_75,27-06-2025
104838,5838,Tea,Groceries,42682.37,6.0,10,South,Returned,Customer_441,09-11-2025
104839,5839,Tennis Racket,Sports,98079.86,5.0,0,South,Completed,Customer_369,29-01-2025
104840,5840,Table,Furniture,84994.01,4.0,20,East,Cancelled,Customer_461,26-07-2025
104841,5841,Helmet,Sports,17302.89,4.0,10,South,Pending,Customer_179,01-02-2026
104842,5842,Milk,Groceries,98586.1,9.0,15,East,Returned,Customer_344,13-01-2026
104843,5843,Shoes,Clothing,90172.86,3.0,5,North,Completed,Customer_104,27-08-2025
104844,5844,Tea,Groceries,7415.18,10.0,15,West,Completed,Customer_51,15-11-2025
104845,5845,Mouse,Electronics,92543.51,6.0,15,South,Pending,Customer_36,29-12-2025
104846,5846,Bed,Furniture,16129.76,2.0,15,East,Completed,Customer_296,07-03-2025
104847,5847,Bread,Groceries,89846.25,8.0,10,West,Pending,Customer_62,15-01-2026
104848,5848,Laptop,Electronics,65588.12,10.0,0,East,Cancelled,Customer_114,16-01-2025
104849,5849,Keyboard,Electronics,45997.07,,15,East,Returned,Customer_290,24-10-2025
104850,5850,Stool,Furniture,64359.9,4.0,20,South,Returned,Customer_443,22-07-2025
104851,5851,Shelf,Furniture,81004.25,7.0,0,North,Cancelled,Customer_127,23-03-2025
104852,5852,Camera,Electronics,34036.57,10.0,15,North,Cancelled,Customer_56,30-09-2025
104853,5853,Shelf,Furniture,72148.57,5.0,15,East,Returned,Customer_455,25-04-2025
104854,5854,Jeans,Clothing,50670.58,4.0,0,West,Returned,Customer_154,18-05-2025
104855,5855,Gloves,Sports,59547.22,6.0,10,East,Returned,Customer_133,10-09-2025
104856,5856,Helmet,Sports,29352.46,6.0,20,West,Pending,Customer_334,09-11-2025
104857,5857,Shoes,Clothing,45879.03,10.0,5,South,Cancelled,Customer_175,20-12-2025
104858,5858,T-Shirt,Clothing,72835.63,5.0,0,East,Returned,Customer_61,23-04-2025
104859,5859,Coffee,Groceries,52721.92,5.0,0,East,Returned,Customer_361,25-01-2026
104860,5860,Milk,Groceries,97649.34,7.0,5,South,Cancelled,Customer_411,05-09-2025
104861,5861,Laptop,Electronics,74631.05,3.0,5,East,Pending,Customer_444,14-01-2026
104862,5862,Bread,Groceries,45497.6,8.0,5,East,Pending,Customer_160,06-01-2026
104863,5863,Gloves,Sports,84043.12,1.0,0,North,Returned,Customer_180,05-05-2025
104864,5864,Bread,Groceries,66736.83,6.0,10,South,Completed,Customer_173,30-03-2025
104865,5865,Shirt,Clothing,57956.41,5.0,20,West,Completed,Customer_235,12-03-2025
104866,5866,Cabinet,Furniture,95097.08,10.0,20,North,Completed,Customer_468,25-12-2025
104867,5867,Shoes,Clothing,89670.67,3.0,15,South,Returned,Customer_403,15-10-2025
104868,5868,Sofa,Furniture,85577.69,7.0,20,South,Returned,Customer_339,03-05-2026
104869,5869,Tennis Racket,Sports,15401.68,8.0,5,West,Returned,Customer_405,21-05-2025
104870,5870,Smartwatch,Electronics,44014.49,6.0,20,North,Pending,Customer_376,18-11-2025
104871,5871,Sugar,Groceries,56580.81,5.0,20,South,Pending,Customer_51,27-03-2025
104872,5872,Tablet,Electronics,38213.92,9.0,5,West,Pending,Customer_51,15-06-2026
104873,5873,Printer,Electronics,71685.35,1.0,15,South,Pending,Customer_119,14-01-2026
104874,5874,Speaker,Electronics,32601.23,3.0,15,East,Returned,Customer_48,24-07-2025
104875,5875,Camera,Electronics,73494.2,4.0,15,North,Cancelled,Customer_262,24-10-2025
104876,5876,Jacket,Clothing,30861.29,4.0,10,East,Returned,Customer_378,16-05-2026
104877,5877,Eggs,Groceries,12198.48,5.0,10,North,Pending,Customer_50,16-02-2026
104878,5878,Sofa,Furniture,75801.05,6.0,5,West,Pending,Customer_21,07-12-2025
104879,5879,Sugar,Groceries,46386.97,9.0,0,West,Completed,Customer_96,11-12-2025
104880,5880,Camera,Electronics,71934.98,7.0,15,East,Completed,Customer_264,05-01-2026
104881,5881,Shelf,Furniture,8279.63,1.0,10,East,Pending,Customer_70,30-01-2026
104882,5882,Shirt,Clothing,27187.21,2.0,5,East,Completed,Customer_346,24-09-2025
104883,5883,Shelf,Furniture,52086.58,9.0,15,North,Completed,Customer_3,10-03-2025
104884,5884,Gloves,Sports,68671.2,1.0,15,South,Completed,Customer_304,09-08-2025
104885,5885,Gloves,Sports,64129.38,8.0,20,South,Completed,Customer_489,05-05-2026
104886,5886,Football,Sports,,6.0,0,West,Cancelled,Customer_234,08-03-2026
104887,5887,Mouse,Electronics,51190.5,9.0,10,South,Pending,Customer_211,15-05-2025
104888,5888,Shoes,Clothing,78289.4,6.0,5,South,Completed,Customer_465,18-02-2026
104889,5889,Sugar,Groceries,79383.52,2.0,0,South,Completed,Customer_434,17-04-2026
104890,5890,Shoes,Clothing,24673.11,4.0,15,West,Pending,Customer_402,19-12-2025
104891,5891,Shoes,Clothing,24779.1,8.0,0,South,Cancelled,Customer_224,11-03-2026
104892,5892,T-Shirt,Clothing,38398.94,10.0,0,East,Cancelled,Customer_274,18-07-2025
104893,5893,Milk,Groceries,53546.94,4.0,10,North,Pending,Customer_104,18-10-2025
104894,5894,Rice,Groceries,71389.37,5.0,20,West,Cancelled,Customer_229,05-11-2025
104895,5895,Shirt,Clothing,70014.68,5.0,0,West,Pending,Customer_315,01-07-2025
104896,5896,Keyboard,Electronics,89439.33,6.0,15,East,Completed,Customer_461,26-12-2025
104897,5897,Monitor,Electronics,76975.8,6.0,15,East,Completed,Customer_280,02-03-2026
104898,5898,Hoodie,Clothing,41870.48,10.0,5,West,Cancelled,Customer_151,06-05-2026
104899,5899,Oil,Groceries,22924.41,2.0,20,South,Cancelled,Customer_443,31-03-2025
104900,5900,Printer,Electronics,36927.56,8.0,20,West,Returned,Customer_430,27-01-2026
104901,5901,Shirt,Clothing,76466.91,1.0,0,South,Pending,Customer_110,20-01-2026
104902,5902,Coffee,Groceries,45469.23,5.0,20,East,Pending,Customer_300,26-04-2026
104903,5903,Mouse,Electronics,52025.22,1.0,10,North,Pending,Customer_172,08-06-2026
104904,5904,Stool,Furniture,73627.0,2.0,5,North,Pending,Customer_41,12-01-2025
104905,5905,Tea,Groceries,39517.29,7.0,20,East,Returned,Customer_261,05-06-2026
104906,5906,Coffee,Groceries,52642.7,9.0,20,West,Cancelled,Customer_239,04-05-2026
104907,5907,Mouse,Electronics,29298.06,10.0,20,East,Returned,Customer_35,25-02-2025
104908,5908,Milk,Groceries,80011.84,10.0,20,South,Pending,Customer_391,21-05-2026
104909,5909,Badminton Racket,Sports,39308.97,7.0,20,East,Pending,Customer_10,22-01-2025
104910,5910,Desk,Furniture,94212.4,6.0,0,East,Pending,Customer_134,07-04-2025
104911,5911,Phone,Electronics,75515.11,1.0,10,North,Pending,Customer_111,12-12-2025
104912,5912,Bed,Furniture,60058.88,8.0,20,West,Completed,Customer_16,04-10-2025
104913,5913,Football,Sports,75541.2,10.0,10,South,Returned,Customer_278,31-03-2026
104914,5914,Oil,Groceries,14433.4,10.0,5,North,Pending,Customer_172,04-11-2025
104915,5915,Shirt,Clothing,75086.75,5.0,0,East,Pending,Customer_479,09-06-2026
104916,5916,Bed,Furniture,55891.39,10.0,10,South,Completed,Customer_92,21-02-2025
104917,5917,Speaker,Electronics,76619.66,10.0,0,South,Cancelled,Customer_54,07-04-2026
104918,5918,Monitor,Electronics,40504.87,5.0,15,South,Pending,Customer_40,29-07-2025
104919,5919,Hoodie,Clothing,14995.45,2.0,0,West,Returned,Customer_84,18-03-2025
104920,5920,Coffee,Groceries,60593.74,5.0,20,South,Completed,Customer_18,17-04-2025
104921,5921,Milk,Groceries,49623.39,5.0,10,North,Returned,Customer_393,12-12-2025
104922,5922,Camera,Electronics,68417.26,7.0,10,North,Cancelled,Customer_301,03-02-2026
104923,5923,Smartwatch,Electronics,90043.44,6.0,5,West,Completed,Customer_142,26-12-2025
104924,5924,Rice,Groceries,98908.76,6.0,15,West,Pending,Customer_428,08-08-2025
104925,5925,Sugar,Groceries,69660.08,8.0,15,North,Pending,Customer_34,19-07-2025
104926,5926,Cricket Bat,Sports,,8.0,15,North,Completed,Customer_66,25-06-2025
104927,5927,Tea,Groceries,77509.43,5.0,20,East,Pending,Customer_1,11-01-2025
104928,5928,Stool,Furniture,50121.1,1.0,10,West,Cancelled,Customer_427,11-11-2025
104929,5929,Cricket Bat,Sports,65902.9,9.0,10,West,Cancelled,Customer_309,18-07-2025
104930,5930,Chair,Furniture,21031.08,10.0,15,West,Completed,Customer_332,31-07-2025
104931,5931,Sugar,Groceries,37278.49,8.0,10,East,Returned,Customer_362,31-01-2026
104932,5932,Jeans,Clothing,525.24,3.0,10,South,Completed,Customer_467,02-06-2026
104933,5933,Monitor,Electronics,12983.69,3.0,0,East,Completed,Customer_71,17-06-2025
104934,5934,Tea,Groceries,30660.3,4.0,0,East,Cancelled,Customer_190,31-03-2026
104935,5935,Table,Furniture,28718.37,10.0,15,South,Pending,Customer_414,17-09-2025
104936,5936,Coffee,Groceries,42904.21,4.0,20,North,Returned,Customer_493,13-03-2025
104937,5937,Laptop,Electronics,14534.35,6.0,20,West,Cancelled,Customer_58,16-04-2026
104938,5938,Football,Sports,59821.9,7.0,5,South,Pending,Customer_259,20-07-2025
104939,5939,Stool,Furniture,81911.79,9.0,15,South,Cancelled,Customer_263,06-05-2025
104940,5940,Bread,Groceries,55773.04,7.0,15,East,Pending,Customer_381,26-05-2025
104941,5941,Cabinet,Furniture,3810.79,10.0,5,West,Returned,Customer_120,04-01-2026
104942,5942,Table,Furniture,58018.45,9.0,10,West,Completed,Customer_342,21-07-2025
104943,5943,Bed,Furniture,17733.32,10.0,15,West,Pending,Customer_369,07-06-2025
104944,5944,Tea,Groceries,18591.48,2.0,15,West,Returned,Customer_413,28-02-2026
104945,5945,Bread,Groceries,70152.56,8.0,20,North,Cancelled,Customer_334,25-03-2026
104946,5946,Shirt,Clothing,50187.61,10.0,0,East,Pending,Customer_355,13-05-2026
104947,5947,T-Shirt,Clothing,66896.46,3.0,0,North,Pending,Customer_124,05-06-2025
104948,5948,Shoes,Clothing,69322.91,8.0,20,East,Completed,Customer_315,23-02-2026
104949,5949,Oil,Groceries,21226.33,10.0,10,West,Pending,Customer_136,24-04-2026
104950,5950,Bread,Groceries,59981.89,6.0,15,East,Completed,Customer_6,22-04-2026
104951,5951,Bed,Furniture,84364.72,9.0,20,North,Completed,Customer_297,08-06-2026
104952,5952,Tea,Groceries,89947.9,10.0,10,East,Completed,Customer_477,01-12-2025
104953,5953,Phone,Electronics,61672.63,5.0,5,East,Returned,Customer_192,07-10-2025
104954,5954,Bed,Furniture,95135.92,6.0,10,West,Completed,Customer_367,04-03-2025
104955,5955,Coffee,Groceries,72187.63,10.0,5,South,Pending,Customer_73,16-03-2026
104956,5956,Shirt,Clothing,73073.13,2.0,5,South,Completed,Customer_6,01-06-2025
104957,5957,Rice,Groceries,13667.54,6.0,15,West,Returned,Customer_392,24-03-2026
104958,5958,Football,Sports,85652.91,1.0,10,South,Returned,Customer_333,11-01-2025
104959,5959,Printer,Electronics,51620.6,2.0,0,West,Cancelled,Customer_447,07-01-2025
104960,5960,Laptop,Electronics,40314.05,10.0,10,East,Pending,Customer_444,10-06-2025
104961,5961,Bed,Furniture,25688.14,6.0,5,South,Pending,Customer_50,07-11-2025
104962,5962,Helmet,Sports,30983.17,2.0,20,East,Completed,Customer_466,03-04-2026
104963,5963,Bread,Groceries,20940.09,1.0,15,East,Completed,Customer_247,14-01-2025
104964,5964,Hoodie,Clothing,65963.83,7.0,0,West,Pending,Customer_211,25-04-2025
104965,5965,Keyboard,Electronics,51937.69,8.0,20,North,Completed,Customer_233,15-07-2025
104966,5966,Printer,Electronics,57832.87,10.0,0,East,Cancelled,Customer_68,28-03-2026
104967,5967,Helmet,Sports,60289.45,10.0,20,South,Completed,Customer_400,11-07-2025
104968,5968,Tennis Racket,Sports,5735.14,3.0,10,West,Completed,Customer_287,14-07-2025
104969,5969,Smartwatch,Electronics,9685.13,7.0,20,East,Returned,Customer_167,27-09-2025
104970,5970,Helmet,Sports,6889.4,,5,West,Cancelled,Customer_158,16-04-2026
104971,5971,Smartwatch,Electronics,77099.86,8.0,10,East,Returned,Customer_157,29-04-2026
104972,5972,Tablet,Electronics,39971.15,3.0,0,East,Returned,Customer_4,13-11-2025
104973,5973,Hoodie,Clothing,39194.58,2.0,5,South,Cancelled,Customer_27,04-03-2026
104974,5974,Sugar,Groceries,85989.52,7.0,10,North,Cancelled,Customer_317,22-01-2025
104975,5975,Tennis Racket,Sports,64427.59,8.0,20,South,Returned,Customer_294,12-09-2025
104976,5976,Cricket Bat,Sports,92681.98,5.0,5,North,Pending,Customer_167,06-06-2025
104977,5977,Smartwatch,Electronics,73219.51,,0,North,Pending,Customer_234,09-03-2026
104978,5978,Shirt,Clothing,7217.51,5.0,5,South,Completed,Customer_52,18-03-2025
104979,5979,Cricket Bat,Sports,13163.87,7.0,15,West,Pending,Customer_324,22-04-2025
104980,5980,Sofa,Furniture,842.86,9.0,10,South,Pending,Customer_252,14-01-2025
104981,5981,Bed,Furniture,38649.1,4.0,15,East,Pending,Customer_412,09-01-2026
104982,5982,Sugar,Groceries,40400.8,9.0,0,East,Completed,Customer_17,20-02-2025
104983,5983,Shoes,Clothing,57619.23,6.0,5,North,Cancelled,Customer_241,17-01-2026
104984,5984,Mouse,Electronics,85338.7,5.0,10,West,Completed,Customer_287,20-02-2025
104985,5985,Coffee,Groceries,62137.39,5.0,0,East,Completed,Customer_178,27-04-2025
104986,5986,Jacket,Clothing,42825.82,2.0,10,East,Completed,Customer_233,06-04-2025
104987,5987,Laptop,Electronics,86780.96,7.0,5,West,Returned,Customer_220,06-01-2026
104988,5988,Jacket,Clothing,66737.99,4.0,15,South,Returned,Customer_477,24-05-2026
104989,5989,Tea,Groceries,36121.66,10.0,0,South,Pending,Customer_142,16-10-2025
104990,5990,Sofa,Furniture,89417.04,9.0,5,West,Returned,Customer_498,03-10-2025
104991,5991,Tennis Racket,Sports,61428.94,2.0,10,West,Pending,Customer_281,14-06-2026
104992,5992,Shelf,Furniture,21870.54,6.0,10,South,Pending,Customer_45,05-01-2026
104993,5993,Monitor,Electronics,7815.53,4.0,0,West,Completed,Customer_84,12-05-2026
104994,5994,Tennis Racket,Sports,47534.65,5.0,20,South,Returned,Customer_88,29-06-2025
104995,5995,Table,Furniture,48310.35,7.0,15,South,Pending,Customer_178,19-06-2026
104996,5996,Tennis Racket,Sports,66661.41,9.0,10,South,Completed,Customer_111,18-11-2025
104997,5997,Eggs,Groceries,1609.14,8.0,15,South,Returned,Customer_78,06-03-2026
104998,5998,Camera,Electronics,34786.57,6.0,0,West,Completed,Customer_260,06-09-2025
104999,5999,Jacket,Clothing,15018.3,2.0,10,East,Cancelled,Customer_161,21-03-2025
105000,6000,Gloves,Sports,12691.32,2.0,15,South,Cancelled,Customer_281,15-09-2025
