region_code,order_date,daily_revenue,running_total
CENTRAL,2024-01-04,225977.76,225977.76
CENTRAL,2024-01-13,76990.75,302968.51
CENTRAL,2024-01-19,269.46,303237.97
CENTRAL,2024-01-20,379321.44,682559.41
CENTRAL,2024-01-22,524458.93,1207018.34
CENTRAL,2024-01-24,124777.06,1331795.4
CENTRAL,2024-01-25,33687.97,1365483.37
CENTRAL,2024-01-26,862416.58,2227899.95
CENTRAL,2024-01-27,50574.49,2278474.44
CENTRAL,2024-01-28,145265.04,2423739.48
CENTRAL,2024-02-07,23535.74,2447275.22
CENTRAL,2024-02-12,998919.44,3446194.66
CENTRAL,2024-02-18,342640.73,3788835.39
CENTRAL,2024-02-20,32081.2,3820916.59
CENTRAL,2024-02-21,487827.84,4308744.43
CENTRAL,2024-02-29,295564.73,4604309.16
CENTRAL,2024-03-08,86195.89,4690505.05
CENTRAL,2024-03-12,1231762.41,5922267.46
CENTRAL,2024-03-15,63812.46,5986079.92
CENTRAL,2024-03-18,667351.84,6653431.76
CENTRAL,2024-03-21,6539.68,6659971.44
CENTRAL,2024-03-22,376426.9,7036398.34
CENTRAL,2024-03-23,2563.8,7038962.14
CENTRAL,2024-03-27,1976.17,7040938.31
CENTRAL,2024-03-29,3905.35,7044843.66
CENTRAL,2024-03-30,74026.89,7118870.55
CENTRAL,2024-04-01,471936.41,7590806.96
CENTRAL,2024-04-05,639918.3,8230725.26
CENTRAL,2024-04-10,347204.62,8577929.88
CENTRAL,2024-04-11,213314.02,8791243.9
CENTRAL,2024-04-12,4505.76,8795749.66
CENTRAL,2024-04-16,51315.37,8847065.03
CENTRAL,2024-04-30,15024.07,8862089.1
CENTRAL,2024-05-05,76386.83,8938475.93
CENTRAL,2024-05-07,130754.92,9069230.85
CENTRAL,2024-05-10,566361.98,9635592.83
CENTRAL,2024-05-13,299259.27,9934852.1
CENTRAL,2024-05-16,716251.34,10651103.44
CENTRAL,2024-05-28,16864.14,10667967.58
CENTRAL,2024-06-01,1372578.22,12040545.8
CENTRAL,2024-06-02,1311410.91,13351956.71
CENTRAL,2024-06-03,268872.56,13620829.27
CENTRAL,2024-06-09,175702.56,13796531.83
CENTRAL,2024-06-22,642510.16,14439041.99
CENTRAL,2024-06-26,246942.16,14685984.15
CENTRAL,2024-07-04,191220.67,14877204.82
CENTRAL,2024-07-10,361658.42,15238863.24
CENTRAL,2024-07-20,724335.74,15963198.98
CENTRAL,2024-07-22,115082.91,16078281.89
CENTRAL,2024-07-25,260947.72,16339229.61
CENTRAL,2024-07-31,424219.34,16763448.95
CENTRAL,2024-08-10,229166.28,16992615.23
CENTRAL,2024-08-12,35569.0,17028184.23
CENTRAL,2024-08-14,1045189.35,18073373.58
CENTRAL,2024-08-15,11877.56,18085251.14
CENTRAL,2024-08-18,82659.83,18167910.97
CENTRAL,2024-08-23,268780.05,18436691.02
CENTRAL,2024-08-26,34406.13,18471097.15
CENTRAL,2024-08-27,169625.68,18640722.83
CENTRAL,2024-09-15,1247535.47,19888258.3
CENTRAL,2024-09-26,511892.43,20400150.73
CENTRAL,2024-09-27,283669.68,20683820.41
CENTRAL,2024-10-01,52844.82,20736665.23
CENTRAL,2024-10-02,2796.43,20739461.66
CENTRAL,2024-10-03,397171.39,21136633.05
CENTRAL,2024-10-04,6371.24,21143004.29
CENTRAL,2024-10-05,188646.92,21331651.21
CENTRAL,2024-10-06,859225.94,22190877.15
CENTRAL,2024-10-07,3451.93,22194329.08
CENTRAL,2024-10-08,299610.34,22493939.42
CENTRAL,2024-10-09,63561.75,22557501.17
CENTRAL,2024-10-10,2830789.61,25388290.78
CENTRAL,2024-10-12,554856.48,25943147.26
CENTRAL,2024-10-13,3587.28,25946734.54
CENTRAL,2024-10-14,965244.96,26911979.5
CENTRAL,2024-10-15,4684.7,26916664.2
CENTRAL,2024-10-17,935592.02,27852256.22
CENTRAL,2024-10-19,392759.75,28245015.97
CENTRAL,2024-10-20,233653.57,28478669.54
CENTRAL,2024-10-22,995720.91,29474390.45
CENTRAL,2024-10-23,217703.75,29692094.2
CENTRAL,2024-10-25,866330.34,30558424.54
CENTRAL,2024-10-27,891848.82,31450273.36
CENTRAL,2024-10-29,342825.73,31793099.09
CENTRAL,2024-11-01,255180.38,32048279.47
CENTRAL,2024-11-02,5661.51,32053940.98
CENTRAL,2024-11-03,659091.53,32713032.51
CENTRAL,2024-11-04,669978.13,33383010.64
CENTRAL,2024-11-05,233267.57,33616278.21
CENTRAL,2024-11-06,321.52,33616599.73
CENTRAL,2024-11-07,495855.97,34112455.7
CENTRAL,2024-11-09,225358.29,34337813.99
CENTRAL,2024-11-10,306751.69,34644565.68
CENTRAL,2024-11-11,24257.21,34668822.89
CENTRAL,2024-11-12,895863.21,35564686.1
CENTRAL,2024-11-13,109332.94,35674019.04
CENTRAL,2024-11-14,480319.11,36154338.15
CENTRAL,2024-11-15,488546.12,36642884.27
CENTRAL,2024-11-16,469529.23,37112413.5
CENTRAL,2024-11-17,1285604.69,38398018.19
CENTRAL,2024-11-20,72803.31,38470821.5
CENTRAL,2024-11-21,106125.12,38576946.62
CENTRAL,2024-11-22,297857.93,38874804.55
CENTRAL,2024-11-23,256403.13,39131207.68
CENTRAL,2024-11-24,33422.99,39164630.67
CENTRAL,2024-11-25,553452.36,39718083.03
CENTRAL,2024-11-28,454153.32,40172236.35
CENTRAL,2024-12-02,711896.3,40884132.65
CENTRAL,2024-12-03,751683.33,41635815.98
CENTRAL,2024-12-04,592334.9,42228150.88
CENTRAL,2024-12-05,638976.25,42867127.13
CENTRAL,2024-12-06,449425.93,43316553.06
CENTRAL,2024-12-07,11967.65,43328520.71
CENTRAL,2024-12-10,337476.17,43665996.88
CENTRAL,2024-12-11,457836.54,44123833.42
CENTRAL,2024-12-13,399218.45,44523051.87
CENTRAL,2024-12-14,8558.15,44531610.02
CENTRAL,2024-12-15,215562.92,44747172.94
CENTRAL,2024-12-16,598623.97,45345796.91
CENTRAL,2024-12-17,66412.73,45412209.64
CENTRAL,2024-12-21,583522.0,45995731.64
CENTRAL,2024-12-22,68975.82,46064707.46
CENTRAL,2024-12-24,371019.75,46435727.21
CENTRAL,2024-12-26,807385.12,47243112.33
CENTRAL,2024-12-27,933.32,47244045.65
CENTRAL,2024-12-28,1544441.73,48788487.38
CENTRAL,2024-12-29,104299.71,48892787.09
CENTRAL,2025-01-04,4010.38,48896797.47
CENTRAL,2025-01-07,1484765.2,50381562.67
CENTRAL,2025-01-10,333023.73,50714586.4
CENTRAL,2025-01-18,839757.15,51554343.55
CENTRAL,2025-01-20,19201.47,51573545.02
CENTRAL,2025-01-24,907649.6,52481194.62
CENTRAL,2025-01-26,42109.28,52523303.9
CENTRAL,2025-02-02,408090.58,52931394.48
CENTRAL,2025-02-19,65399.08,52996793.56
CENTRAL,2025-02-21,157376.22,53154169.78
CENTRAL,2025-02-22,67597.17,53221766.95
CENTRAL,2025-03-06,203090.77,53424857.72
CENTRAL,2025-03-12,109541.48,53534399.2
CENTRAL,2025-03-17,176500.89,53710900.09
CENTRAL,2025-03-22,967790.25,54678690.34
CENTRAL,2025-03-29,251360.19,54930050.53
CENTRAL,2025-04-06,3629.4,54933679.93
CENTRAL,2025-04-14,467119.95,55400799.88
CENTRAL,2025-04-15,1264.01,55402063.89
CENTRAL,2025-04-25,2157990.65,57560054.54
CENTRAL,2025-04-30,29601.76,57589656.3
CENTRAL,2025-05-02,467280.77,58056937.07
CENTRAL,2025-05-17,61634.03,58118571.1
CENTRAL,2025-05-18,907484.06,59026055.16
CENTRAL,2025-05-19,16570.9,59042626.06
CENTRAL,2025-05-20,226164.99,59268791.05
CENTRAL,2025-05-24,256010.83,59524801.88
CENTRAL,2025-06-03,881409.15,60406211.03
CENTRAL,2025-06-07,17089.28,60423300.31
CENTRAL,2025-06-08,134136.77,60557437.08
CENTRAL,2025-06-10,351290.87,60908727.95
CENTRAL,2025-06-11,3290.94,60912018.89
CENTRAL,2025-06-13,101058.5,61013077.39
CENTRAL,2025-06-24,7592.12,61020669.51
CENTRAL,2025-06-28,568661.58,61589331.09
CENTRAL,2025-07-05,25419.08,61614750.17
CENTRAL,2025-07-10,1438.31,61616188.48
CENTRAL,2025-07-14,25016.99,61641205.47
CENTRAL,2025-07-24,12351.3,61653556.77
CENTRAL,2025-07-31,586353.02,62239909.79
CENTRAL,2025-08-03,64721.18,62304630.97
CENTRAL,2025-08-05,170176.54,62474807.51
CENTRAL,2025-08-07,142308.96,62617116.47
CENTRAL,2025-08-15,1488300.59,64105417.06
CENTRAL,2025-08-20,634662.99,64740080.05
CENTRAL,2025-08-21,783775.12,65523855.17
CENTRAL,2025-08-25,456.22,65524311.39
CENTRAL,2025-08-27,9891.62,65534203.01
CENTRAL,2025-09-07,47891.61,65582094.62
CENTRAL,2025-09-17,523173.13,66105267.75
CENTRAL,2025-09-22,2461.11,66107728.86
CENTRAL,2025-09-25,17890.29,66125619.15
CENTRAL,2025-10-02,1069019.24,67194638.39
CENTRAL,2025-10-03,154433.02,67349071.41
CENTRAL,2025-10-05,591780.18,67940851.59
CENTRAL,2025-10-06,1034197.71,68975049.3
CENTRAL,2025-10-08,27428.06,69002477.36
CENTRAL,2025-10-10,32300.97,69034778.33
CENTRAL,2025-10-13,17931.52,69052709.85
CENTRAL,2025-10-14,621093.15,69673803.0
CENTRAL,2025-10-16,12809.33,69686612.33
CENTRAL,2025-10-17,95378.84,69781991.17
CENTRAL,2025-10-19,63837.43,69845828.6
CENTRAL,2025-10-20,316626.02,70162454.62
CENTRAL,2025-10-21,171490.07,70333944.69
CENTRAL,2025-10-23,129583.41,70463528.1
CENTRAL,2025-10-24,280620.9,70744149.0
CENTRAL,2025-10-26,1734656.71,72478805.71
CENTRAL,2025-10-27,247244.88,72726050.59
CENTRAL,2025-10-28,372028.42,73098079.01
CENTRAL,2025-10-29,1619731.16,74717810.17
CENTRAL,2025-10-30,615601.26,75333411.43
CENTRAL,2025-10-31,889696.19,76223107.62
CENTRAL,2025-11-01,912144.6,77135252.22
CENTRAL,2025-11-03,761.83,77136014.05
CENTRAL,2025-11-05,2378008.09,79514022.14
CENTRAL,2025-11-06,233382.96,79747405.1
CENTRAL,2025-11-07,230663.06,79978068.16
CENTRAL,2025-11-08,1228719.05,81206787.21
CENTRAL,2025-11-09,16051.35,81222838.56
CENTRAL,2025-11-10,20929.84,81243768.4
CENTRAL,2025-11-11,29063.68,81272832.08
CENTRAL,2025-11-12,717831.6,81990663.68
CENTRAL,2025-11-15,745751.83,82736415.51
CENTRAL,2025-11-16,14898.01,82751313.52
CENTRAL,2025-11-17,2011355.92,84762669.44
CENTRAL,2025-11-21,1358845.41,86121514.85
CENTRAL,2025-11-22,605308.55,86726823.4
CENTRAL,2025-11-25,527502.69,87254326.09
CENTRAL,2025-11-26,279790.73,87534116.82
CENTRAL,2025-11-27,89607.0,87623723.82
CENTRAL,2025-11-28,99071.81,87722795.63
CENTRAL,2025-12-01,1012325.86,88735121.49
CENTRAL,2025-12-02,737803.89,89472925.38
CENTRAL,2025-12-05,5325.5,89478250.88
CENTRAL,2025-12-06,19662.89,89497913.77
CENTRAL,2025-12-07,488696.45,89986610.22
CENTRAL,2025-12-10,276328.11,90262938.33
CENTRAL,2025-12-13,78526.98,90341465.31
CENTRAL,2025-12-16,24682.77,90366148.08
CENTRAL,2025-12-19,200544.75,90566692.83
CENTRAL,2025-12-20,406769.38,90973462.21
CENTRAL,2025-12-23,93811.85,91067274.06
CENTRAL,2025-12-24,823257.43,91890531.49
CENTRAL,2025-12-26,60026.72,91950558.21
CENTRAL,2025-12-28,30030.51,91980588.72
CENTRAL,2026-01-01,365008.6,92345597.32
CENTRAL,2026-01-03,41657.14,92387254.46
CENTRAL,2026-01-04,168105.22,92555359.68
CENTRAL,2026-01-07,33277.43,92588637.11
CENTRAL,2026-01-11,36520.95,92625158.06
CENTRAL,2026-01-14,291607.86,92916765.92
CENTRAL,2026-01-22,333646.03,93250411.95
CENTRAL,2026-01-23,108541.41,93358953.36
CENTRAL,2026-01-28,620942.33,93979895.69
CENTRAL,2026-01-31,2188.9,93982084.59
CENTRAL,2026-02-01,14457.68,93996542.27
CENTRAL,2026-02-09,969839.64,94966381.91
CENTRAL,2026-02-13,645954.73,95612336.64
CENTRAL,2026-02-14,575.53,95612912.17
CENTRAL,2026-02-15,154242.83,95767155.0
CENTRAL,2026-02-19,277652.23,96044807.23
CENTRAL,2026-02-20,955679.87,97000487.1
CENTRAL,2026-02-21,970072.61,97970559.71
CENTRAL,2026-02-25,372532.24,98343091.95
CENTRAL,2026-03-03,198441.7,98541533.65
CENTRAL,2026-03-08,43467.07,98585000.72
CENTRAL,2026-03-16,26591.96,98611592.68
CENTRAL,2026-03-18,3034.51,98614627.19
CENTRAL,2026-03-22,605783.77,99220410.96
CENTRAL,2026-03-24,2464.54,99222875.5
CENTRAL,2026-03-25,1071505.27,100294380.77
CENTRAL,2026-03-27,21261.23,100315642.0
CENTRAL,2026-03-29,294570.85,100610212.85
CENTRAL,2026-03-30,11949.72,100622162.57
CENTRAL,2026-04-01,55782.5,100677945.07
CENTRAL,2026-04-02,693370.53,101371315.6
CENTRAL,2026-04-14,5036.74,101376352.34
CENTRAL,2026-04-16,67873.99,101444226.33
CENTRAL,2026-04-24,619471.05,102063697.38
CENTRAL,2026-04-26,40356.82,102104054.2
CENTRAL,2026-04-29,694504.49,102798558.69
CENTRAL,2026-05-01,531119.79,103329678.48
CENTRAL,2026-05-03,403240.38,103732918.86
CENTRAL,2026-05-07,70126.26,103803045.12
CENTRAL,2026-05-12,436182.1,104239227.22
CENTRAL,2026-05-13,570399.77,104809626.99
CENTRAL,2026-05-29,579435.93,105389062.92
CENTRAL,2026-05-30,283487.81,105672550.73
CENTRAL,2026-05-31,28163.66,105700714.39
CENTRAL,2026-06-01,77264.12,105777978.51
CENTRAL,2026-06-05,318977.47,106096955.98
CENTRAL,2026-06-06,350403.7,106447359.68
CENTRAL,2026-06-10,216448.64,106663808.32
CENTRAL,2026-06-11,63596.77,106727405.09
CENTRAL,2026-06-17,96980.97,106824386.06
CENTRAL,2026-06-19,643176.99,107467563.05
CENTRAL,2026-06-25,57544.13,107525107.18
CENTRAL,2026-07-13,180519.06,107705626.24
CENTRAL,2026-07-18,1026778.53,108732404.77
CENTRAL,2026-07-25,136542.3,108868947.07
CENTRAL,2026-07-28,981825.99,109850773.06
CENTRAL,2026-07-29,1031982.21,110882755.27
CENTRAL,2026-09-26,252651.43,111135406.7
CENTRAL,2026-10-29,3317.29,111138723.99
CENTRAL,2026-11-02,441277.61,111580001.6
CENTRAL,2027-01-12,10114.0,111590115.6
EAST,2024-01-01,104279.45,104279.45
EAST,2024-01-02,18439.23,122718.68
EAST,2024-01-05,45601.35,168320.03
EAST,2024-01-07,75889.05,244209.08
EAST,2024-01-08,459022.35,703231.43
EAST,2024-01-11,595349.53,1298580.96
EAST,2024-01-12,109268.01,1407848.97
EAST,2024-01-15,205657.94,1613506.91
EAST,2024-01-16,1138955.27,2752462.18
EAST,2024-01-17,495892.53,3248354.71
EAST,2024-01-22,1058028.44,4306383.15
EAST,2024-01-25,29635.42,4336018.57
EAST,2024-01-27,1083655.58,5419674.15
EAST,2024-02-01,25789.54,5445463.69
EAST,2024-02-02,427184.73,5872648.42
EAST,2024-02-04,13096.06,5885744.48
EAST,2024-02-11,62270.99,5948015.47
EAST,2024-02-13,209914.66,6157930.13
EAST,2024-02-16,10505.89,6168436.02
EAST,2024-02-18,553003.99,6721440.01
EAST,2024-02-19,62116.38,6783556.39
EAST,2024-02-21,304376.36,7087932.75
EAST,2024-02-26,9114.52,7097047.27
EAST,2024-02-28,65721.62,7162768.89
EAST,2024-02-29,676318.59,7839087.48
EAST,2024-03-01,20245.16,7859332.64
EAST,2024-03-03,356089.28,8215421.92
EAST,2024-03-04,325180.71,8540602.63
EAST,2024-03-08,931990.34,9472592.97
EAST,2024-03-11,297515.8,9770108.77
EAST,2024-03-14,162693.27,9932802.04
EAST,2024-03-15,2383.77,9935185.81
EAST,2024-03-16,883469.85,10818655.66
EAST,2024-03-17,501774.71,11320430.37
EAST,2024-03-18,503056.65,11823487.02
EAST,2024-03-23,14084.78,11837571.8
EAST,2024-03-24,1696885.67,13534457.47
EAST,2024-03-27,305103.96,13839561.43
EAST,2024-03-28,2601.07,13842162.5
EAST,2024-04-05,8396.87,13850559.37
EAST,2024-04-07,125830.01,13976389.38
EAST,2024-04-08,175453.86,14151843.24
EAST,2024-04-12,1379.12,14153222.36
EAST,2024-04-13,11452.62,14164674.98
EAST,2024-04-14,16370.31,14181045.29
EAST,2024-04-15,1068420.3,15249465.59
EAST,2024-04-18,116210.52,15365676.11
EAST,2024-04-20,285593.52,15651269.63
EAST,2024-04-21,175632.64,15826902.27
EAST,2024-04-24,335129.73,16162032.0
EAST,2024-04-25,6997.77,16169029.77
EAST,2024-04-26,138863.39,16307893.16
EAST,2024-04-28,186010.7,16493903.86
EAST,2024-05-02,1708.06,16495611.92
EAST,2024-05-03,87613.84,16583225.76
EAST,2024-05-07,495122.21,17078347.97
EAST,2024-05-08,729550.46,17807898.43
EAST,2024-05-09,300065.79,18107964.22
EAST,2024-05-10,473658.5,18581622.72
EAST,2024-05-11,20473.09,18602095.81
EAST,2024-05-21,663407.49,19265503.3
EAST,2024-05-22,619834.33,19885337.63
EAST,2024-05-24,49236.54,19934574.17
EAST,2024-05-25,82895.79,20017469.96
EAST,2024-05-26,2707.99,20020177.95
EAST,2024-05-27,108487.62,20128665.57
EAST,2024-05-28,228504.55,20357170.12
EAST,2024-05-30,1703.47,20358873.59
EAST,2024-06-01,101675.84,20460549.43
EAST,2024-06-03,509370.13,20969919.56
EAST,2024-06-05,2956.6,20972876.16
EAST,2024-06-08,7153.66,20980029.82
EAST,2024-06-09,44794.07,21024823.89
EAST,2024-06-21,633512.0,21658335.89
EAST,2024-06-28,524684.61,22183020.5
EAST,2024-07-01,547032.89,22730053.39
EAST,2024-07-04,460372.57,23190425.96
EAST,2024-07-05,478822.75,23669248.71
EAST,2024-07-06,191192.74,23860441.45
EAST,2024-07-11,14791.33,23875232.78
EAST,2024-07-12,361087.69,24236320.47
EAST,2024-07-13,97665.26,24333985.73
EAST,2024-07-15,478467.02,24812452.75
EAST,2024-07-18,923614.75,25736067.5
EAST,2024-07-27,272797.06,26008864.56
EAST,2024-07-28,946475.29,26955339.85
EAST,2024-07-30,37170.25,26992510.1
EAST,2024-08-01,137007.32,27129517.42
EAST,2024-08-07,995708.31,28125225.73
EAST,2024-08-08,33951.46,28159177.19
EAST,2024-08-09,21314.66,28180491.85
EAST,2024-08-11,51508.01,28231999.86
EAST,2024-08-12,208135.49,28440135.35
EAST,2024-08-13,48678.91,28488814.26
EAST,2024-08-15,61300.69,28550114.95
EAST,2024-08-16,881793.35,29431908.3
EAST,2024-08-18,371958.36,29803866.66
EAST,2024-08-22,351824.65,30155691.31
EAST,2024-08-24,214121.82,30369813.13
EAST,2024-08-25,438112.13,30807925.26
EAST,2024-08-27,151560.85,30959486.11
EAST,2024-08-28,775534.23,31735020.34
EAST,2024-09-05,131210.56,31866230.9
EAST,2024-09-12,668385.78,32534616.68
EAST,2024-09-13,9735.26,32544351.94
EAST,2024-09-19,22741.51,32567093.45
EAST,2024-09-22,33178.91,32600272.36
EAST,2024-09-23,151687.85,32751960.21
EAST,2024-09-24,436310.24,33188270.45
EAST,2024-09-25,30897.0,33219167.45
EAST,2024-09-27,98376.74,33317544.19
EAST,2024-09-28,432420.03,33749964.22
EAST,2024-09-29,1205584.68,34955548.9
EAST,2024-10-01,831856.03,35787404.93
EAST,2024-10-04,295164.16,36082569.09
EAST,2024-10-05,1323644.1,37406213.19
EAST,2024-10-06,103716.99,37509930.18
EAST,2024-10-07,33362.96,37543293.14
EAST,2024-10-08,1522245.84,39065538.98
EAST,2024-10-09,23408.34,39088947.32
EAST,2024-10-10,1395286.63,40484233.95
EAST,2024-10-11,438705.84,40922939.79
EAST,2024-10-12,389651.59,41312591.38
EAST,2024-10-13,530563.99,41843155.37
EAST,2024-10-14,132877.73,41976033.1
EAST,2024-10-15,34894.74,42010927.84
EAST,2024-10-16,542882.97,42553810.81
EAST,2024-10-17,388069.16,42941879.97
EAST,2024-10-18,1013610.35,43955490.32
EAST,2024-10-19,570666.06,44526156.38
EAST,2024-10-20,470876.85,44997033.23
EAST,2024-10-21,45437.95,45042471.18
EAST,2024-10-22,352938.42,45395409.6
EAST,2024-10-23,720939.9,46116349.5
EAST,2024-10-24,1136347.06,47252696.56
EAST,2024-10-25,856980.53,48109677.09
EAST,2024-10-26,407787.03,48517464.12
EAST,2024-10-27,193671.65,48711135.77
EAST,2024-10-28,72158.43,48783294.2
EAST,2024-11-01,2538691.99,51321986.19
EAST,2024-11-02,528755.2,51850741.39
EAST,2024-11-04,305472.33,52156213.72
EAST,2024-11-05,816297.4,52972511.12
EAST,2024-11-07,370106.53,53342617.65
EAST,2024-11-08,310156.82,53652774.47
EAST,2024-11-09,2290930.26,55943704.73
EAST,2024-11-10,42436.46,55986141.19
EAST,2024-11-11,80341.45,56066482.64
EAST,2024-11-12,168833.89,56235316.53
EAST,2024-11-13,308107.92,56543424.45
EAST,2024-11-15,1573137.32,58116561.77
EAST,2024-11-16,601251.16,58717812.93
EAST,2024-11-17,455232.77,59173045.7
EAST,2024-11-20,2206131.33,61379177.03
EAST,2024-11-21,490275.8,61869452.83
EAST,2024-11-22,2143038.35,64012491.18
EAST,2024-11-23,1170228.23,65182719.41
EAST,2024-11-24,855628.1,66038347.51
EAST,2024-11-26,136052.15,66174399.66
EAST,2024-11-27,689091.97,66863491.63
EAST,2024-11-30,344839.18,67208330.81
EAST,2024-12-01,581762.12,67790092.93
EAST,2024-12-02,1532900.63,69322993.56
EAST,2024-12-03,648126.61,69971120.17
EAST,2024-12-04,108184.33,70079304.5
EAST,2024-12-05,263424.85,70342729.35
EAST,2024-12-06,437342.03,70780071.38
EAST,2024-12-08,1310653.77,72090725.15
EAST,2024-12-09,1525951.97,73616677.12
EAST,2024-12-10,426536.94,74043214.06
EAST,2024-12-11,50768.2,74093982.26
EAST,2024-12-12,107892.88,74201875.14
EAST,2024-12-13,982326.66,75184201.8
EAST,2024-12-14,96627.5,75280829.3
EAST,2024-12-15,682146.89,75962976.19
EAST,2024-12-16,3715.59,75966691.78
EAST,2024-12-18,920028.3,76886720.08
EAST,2024-12-19,806424.48,77693144.56
EAST,2024-12-20,16068.27,77709212.83
EAST,2024-12-21,1092798.65,78802011.48
EAST,2024-12-22,412284.72,79214296.2
EAST,2024-12-23,641396.36,79855692.56
EAST,2024-12-24,196800.47,80052493.03
EAST,2024-12-25,306361.74,80358854.77
EAST,2024-12-26,1242839.67,81601694.44
EAST,2024-12-27,668384.8,82270079.24
EAST,2024-12-28,5365.37,82275444.61
EAST,2024-12-29,520476.97,82795921.58
EAST,2025-01-01,161969.46,82957891.04
EAST,2025-01-04,4712.13,82962603.17
EAST,2025-01-11,125138.99,83087742.16
EAST,2025-01-13,4709.09,83092451.25
EAST,2025-01-15,33180.01,83125631.26
EAST,2025-01-19,6778.14,83132409.4
EAST,2025-01-20,379560.68,83511970.08
EAST,2025-01-21,186091.37,83698061.45
EAST,2025-01-22,161356.33,83859417.78
EAST,2025-01-23,30000.84,83889418.62
EAST,2025-01-27,39810.0,83929228.62
EAST,2025-01-29,21589.24,83950817.86
EAST,2025-01-31,718.27,83951536.13
EAST,2025-02-01,345329.59,84296865.72
EAST,2025-02-03,643726.17,84940591.89
EAST,2025-02-05,17484.33,84958076.22
EAST,2025-02-06,14501.32,84972577.54
EAST,2025-02-07,74619.82,85047197.36
EAST,2025-02-09,137403.48,85184600.84
EAST,2025-02-13,289413.34,85474014.18
EAST,2025-02-14,195291.01,85669305.19
EAST,2025-02-16,92005.06,85761310.25
EAST,2025-02-21,348084.68,86109394.93
EAST,2025-02-22,266194.29,86375589.22
EAST,2025-02-23,516750.42,86892339.64
EAST,2025-02-25,227568.37,87119908.01
EAST,2025-03-01,241863.14,87361771.15
EAST,2025-03-03,10532.97,87372304.12
EAST,2025-03-04,510927.04,87883231.16
EAST,2025-03-10,144790.26,88028021.42
EAST,2025-03-11,67122.98,88095144.4
EAST,2025-03-13,895372.23,88990516.63
EAST,2025-03-18,262751.65,89253268.28
EAST,2025-03-19,1840.95,89255109.23
EAST,2025-03-21,81316.92,89336426.15
EAST,2025-03-23,46189.87,89382616.02
EAST,2025-03-24,538336.4,89920952.42
EAST,2025-03-25,35068.04,89956020.46
EAST,2025-03-29,133694.82,90089715.28
EAST,2025-03-30,568859.95,90658575.23
EAST,2025-04-01,14106.43,90672681.66
EAST,2025-04-07,1031021.61,91703703.27
EAST,2025-04-08,444412.42,92148115.69
EAST,2025-04-11,1646.42,92149762.11
EAST,2025-04-13,508414.23,92658176.34
EAST,2025-04-15,762638.73,93420815.07
EAST,2025-04-16,2258.21,93423073.28
EAST,2025-04-20,576202.48,93999275.76
EAST,2025-05-01,76439.06,94075714.82
EAST,2025-05-10,67905.52,94143620.34
EAST,2025-05-12,12585.12,94156205.46
EAST,2025-05-14,25070.3,94181275.76
EAST,2025-05-19,292174.68,94473450.44
EAST,2025-05-20,27232.64,94500683.08
EAST,2025-05-22,78160.53,94578843.61
EAST,2025-05-25,4548.44,94583392.05
EAST,2025-05-27,1815.87,94585207.92
EAST,2025-05-28,909275.29,95494483.21
EAST,2025-05-31,14747.59,95509230.8
EAST,2025-06-02,527407.16,96036637.96
EAST,2025-06-03,71301.81,96107939.77
EAST,2025-06-04,60677.52,96168617.29
EAST,2025-06-11,117653.58,96286270.87
EAST,2025-06-12,53479.67,96339750.54
EAST,2025-06-18,59242.08,96398992.62
EAST,2025-06-19,521237.37,96920229.99
EAST,2025-06-20,792907.22,97713137.21
EAST,2025-06-23,740865.38,98454002.59
EAST,2025-06-24,24082.11,98478084.7
EAST,2025-06-26,136802.32,98614887.02
EAST,2025-06-27,561488.25,99176375.27
EAST,2025-06-28,568948.6,99745323.87
EAST,2025-07-02,294760.54,100040084.41
EAST,2025-07-03,165054.45,100205138.86
EAST,2025-07-05,755788.93,100960927.79
EAST,2025-07-07,23498.19,100984425.98
EAST,2025-07-08,395672.83,101380098.81
EAST,2025-07-09,61964.97,101442063.78
EAST,2025-07-13,4876.08,101446939.86
EAST,2025-07-14,411195.21,101858135.07
EAST,2025-07-16,104991.71,101963126.78
EAST,2025-07-17,167411.36,102130538.14
EAST,2025-07-18,307782.85,102438320.99
EAST,2025-07-24,828605.55,103266926.54
EAST,2025-07-25,398268.93,103665195.47
EAST,2025-07-26,1281095.88,104946291.35
EAST,2025-07-27,1261.27,104947552.62
EAST,2025-07-30,9025.32,104956577.94
EAST,2025-08-03,9636.55,104966214.49
EAST,2025-08-04,5206.95,104971421.44
EAST,2025-08-11,978252.21,105949673.65
EAST,2025-08-13,90589.36,106040263.01
EAST,2025-08-16,22169.07,106062432.08
EAST,2025-08-17,490681.7,106553113.78
EAST,2025-08-18,543430.01,107096543.79
EAST,2025-08-25,927.12,107097470.91
EAST,2025-08-26,354451.52,107451922.43
EAST,2025-08-27,10525.88,107462448.31
EAST,2025-09-01,105526.17,107567974.48
EAST,2025-09-04,862461.51,108430435.99
EAST,2025-09-06,94190.33,108524626.32
EAST,2025-09-10,2715.57,108527341.89
EAST,2025-09-13,1096963.15,109624305.04
EAST,2025-09-17,21366.47,109645671.51
EAST,2025-09-18,13815.24,109659486.75
EAST,2025-09-20,1158550.92,110818037.67
EAST,2025-09-21,47020.39,110865058.06
EAST,2025-09-22,235577.95,111100636.01
EAST,2025-09-23,630126.11,111730762.12
EAST,2025-09-28,168340.82,111899102.94
EAST,2025-10-01,1836794.59,113735897.53
EAST,2025-10-02,543030.38,114278927.91
EAST,2025-10-03,970268.28,115249196.19
EAST,2025-10-04,365280.85,115614477.04
EAST,2025-10-05,7231.26,115621708.3
EAST,2025-10-06,688996.69,116310704.99
EAST,2025-10-07,599847.08,116910552.07
EAST,2025-10-08,146.59,116910698.66
EAST,2025-10-09,471003.86,117381702.52
EAST,2025-10-10,227141.01,117608843.53
EAST,2025-10-13,2295.34,117611138.87
EAST,2025-10-14,186414.99,117797553.86
EAST,2025-10-15,1929734.08,119727287.94
EAST,2025-10-16,721080.55,120448368.49
EAST,2025-10-17,2196860.7,122645229.19
EAST,2025-10-18,1017927.42,123663156.61
EAST,2025-10-19,128309.97,123791466.58
EAST,2025-10-20,92106.18,123883572.76
EAST,2025-10-21,898161.39,124781734.15
EAST,2025-10-22,287466.89,125069201.04
EAST,2025-10-24,273866.37,125343067.41
EAST,2025-10-25,165463.44,125508530.85
EAST,2025-10-26,762294.22,126270825.07
EAST,2025-10-27,411382.45,126682207.52
EAST,2025-10-28,1307711.57,127989919.09
EAST,2025-10-31,284417.76,128274336.85
EAST,2025-11-02,561805.27,128836142.12
EAST,2025-11-03,459325.73,129295467.85
EAST,2025-11-04,726738.75,130022206.6
EAST,2025-11-05,818766.84,130840973.44
EAST,2025-11-06,534527.95,131375501.39
EAST,2025-11-07,505709.69,131881211.08
EAST,2025-11-08,715098.37,132596309.45
EAST,2025-11-10,93264.54,132689573.99
EAST,2025-11-11,356548.8,133046122.79
EAST,2025-11-12,350332.91,133396455.7
EAST,2025-11-13,738741.94,134135197.64
EAST,2025-11-14,3168983.43,137304181.07
EAST,2025-11-16,495555.4,137799736.47
EAST,2025-11-17,287267.23,138087003.7
EAST,2025-11-18,391172.72,138478176.42
EAST,2025-11-19,98652.85,138576829.27
EAST,2025-11-20,816386.68,139393215.95
EAST,2025-11-21,1308555.41,140701771.36
EAST,2025-11-22,902268.72,141604040.08
EAST,2025-11-23,452024.98,142056065.06
EAST,2025-11-24,749558.57,142805623.63
EAST,2025-11-26,1206952.14,144012575.77
EAST,2025-11-27,769124.47,144781700.24
EAST,2025-11-28,175818.26,144957518.5
EAST,2025-12-01,393188.0,145350706.5
EAST,2025-12-02,74449.26,145425155.76
EAST,2025-12-03,344240.1,145769395.86
EAST,2025-12-04,350428.3,146119824.16
EAST,2025-12-05,669346.95,146789171.11
EAST,2025-12-06,735766.33,147524937.44
EAST,2025-12-07,639126.53,148164063.97
EAST,2025-12-08,282087.85,148446151.82
EAST,2025-12-09,256070.98,148702222.8
EAST,2025-12-10,1421239.82,150123462.62
EAST,2025-12-11,1419471.72,151542934.34
EAST,2025-12-12,44355.6,151587289.94
EAST,2025-12-13,367642.47,151954932.41
EAST,2025-12-15,148261.97,152103194.38
EAST,2025-12-16,128480.66,152231675.04
EAST,2025-12-17,36407.59,152268082.63
EAST,2025-12-18,759158.13,153027240.76
EAST,2025-12-19,13615.29,153040856.05
EAST,2025-12-20,171282.47,153212138.52
EAST,2025-12-21,665797.37,153877935.89
EAST,2025-12-22,1732683.65,155610619.54
EAST,2025-12-23,87222.43,155697841.97
EAST,2025-12-25,180397.72,155878239.69
EAST,2025-12-26,688742.78,156566982.47
EAST,2025-12-27,819434.93,157386417.4
EAST,2026-01-01,135330.64,157521748.04
EAST,2026-01-06,138154.31,157659902.35
EAST,2026-01-07,421286.54,158081188.89
EAST,2026-01-09,2806.7,158083995.59
EAST,2026-01-10,21806.47,158105802.06
EAST,2026-01-15,1669.7,158107471.76
EAST,2026-01-16,264767.51,158372239.27
EAST,2026-01-17,1129621.71,159501860.98
EAST,2026-01-18,17892.69,159519753.67
EAST,2026-01-20,16457.77,159536211.44
EAST,2026-01-21,191170.02,159727381.46
EAST,2026-01-22,159316.93,159886698.39
EAST,2026-01-23,34203.18,159920901.57
EAST,2026-01-24,394668.0,160315569.57
EAST,2026-01-27,240760.58,160556330.15
EAST,2026-01-28,487761.32,161044091.47
EAST,2026-01-30,84154.16,161128245.63
EAST,2026-01-31,64520.5,161192766.13
EAST,2026-02-01,861426.4,162054192.53
EAST,2026-02-04,273872.66,162328065.19
EAST,2026-02-05,1087632.65,163415697.84
EAST,2026-02-08,776986.91,164192684.75
EAST,2026-02-10,1591.71,164194276.46
EAST,2026-02-11,315192.88,164509469.34
EAST,2026-02-14,275160.23,164784629.57
EAST,2026-02-15,23560.34,164808189.91
EAST,2026-02-18,293163.57,165101353.48
EAST,2026-02-19,352756.2,165454109.68
EAST,2026-02-20,5582.7,165459692.38
EAST,2026-02-21,31610.73,165491303.11
EAST,2026-02-23,410401.85,165901704.96
EAST,2026-02-25,531454.34,166433159.3
EAST,2026-03-01,30469.78,166463629.08
EAST,2026-03-03,19621.29,166483250.37
EAST,2026-03-05,28755.88,166512006.25
EAST,2026-03-09,166905.49,166678911.74
EAST,2026-03-15,3561.28,166682473.02
EAST,2026-03-16,14511.9,166696984.92
EAST,2026-03-18,2047.92,166699032.84
EAST,2026-03-23,318343.19,167017376.03
EAST,2026-03-24,30536.31,167047912.34
EAST,2026-03-28,87426.42,167135338.76
EAST,2026-03-30,13213.89,167148552.65
EAST,2026-03-31,214106.6,167362659.25
EAST,2026-04-01,388168.99,167750828.24
EAST,2026-04-03,3648.73,167754476.97
EAST,2026-04-09,157693.76,167912170.73
EAST,2026-04-10,0.0,167912170.73
EAST,2026-04-11,562795.67,168474966.4
EAST,2026-04-13,224050.65,168699017.05
EAST,2026-04-15,7445.68,168706462.73
EAST,2026-04-16,1115914.94,169822377.67
EAST,2026-04-22,1283830.13,171106207.8
EAST,2026-04-24,590231.94,171696439.74
EAST,2026-04-27,128514.49,171824954.23
EAST,2026-04-28,2401.92,171827356.15
EAST,2026-04-29,275562.51,172102918.66
EAST,2026-05-01,201245.73,172304164.39
EAST,2026-05-04,682890.13,172987054.52
EAST,2026-05-07,735166.37,173722220.89
EAST,2026-05-10,12952.22,173735173.11
EAST,2026-05-11,2080663.36,175815836.47
EAST,2026-05-12,43347.86,175859184.33
EAST,2026-05-16,15204.27,175874388.6
EAST,2026-05-17,10330.63,175884719.23
EAST,2026-05-18,138482.01,176023201.24
EAST,2026-05-22,654250.25,176677451.49
EAST,2026-05-24,112796.61,176790248.1
EAST,2026-05-26,70323.47,176860571.57
EAST,2026-05-28,502361.03,177362932.6
EAST,2026-05-30,56507.11,177419439.71
EAST,2026-06-01,98704.05,177518143.76
EAST,2026-06-02,43033.33,177561177.09
EAST,2026-06-08,140118.27,177701295.36
EAST,2026-06-09,24014.98,177725310.34
EAST,2026-06-10,203759.1,177929069.44
EAST,2026-06-11,813010.1,178742079.54
EAST,2026-06-12,137529.58,178879609.12
EAST,2026-06-13,247141.07,179126750.19
EAST,2026-06-21,194198.4,179320948.59
EAST,2026-06-22,29003.14,179349951.73
EAST,2026-06-23,38233.79,179388185.52
EAST,2026-06-25,495329.13,179883514.65
EAST,2026-06-28,197453.36,180080968.01
EAST,2026-06-29,184986.99,180265955.0
EAST,2026-07-03,168111.58,180434066.58
EAST,2026-07-04,8608.56,180442675.14
EAST,2026-07-06,438181.49,180880856.63
EAST,2026-07-13,5341.64,180886198.27
EAST,2026-07-14,278006.76,181164205.03
EAST,2026-07-16,191045.94,181355250.97
EAST,2026-07-18,1063512.12,182418763.09
EAST,2026-07-21,28742.82,182447505.91
EAST,2026-07-26,454776.38,182902282.29
EAST,2026-07-29,422364.2,183324646.49
EAST,2026-09-11,232530.93,183557177.42
EAST,2026-09-30,522015.97,184079193.39
EAST,2026-10-19,520745.16,184599938.55
EAST,2026-10-27,314574.41,184914512.96
EAST,2026-11-13,556213.27,185470726.23
EAST,2026-11-25,1168402.97,186639129.2
EAST,2026-11-26,16134.82,186655264.02
EAST,2026-12-23,147051.65,186802315.67
EAST,2027-01-01,459586.94,187261902.61
EAST,2027-01-06,627207.61,187889110.22
NORTH,2024-01-02,393168.4,393168.4
NORTH,2024-01-03,17508.29,410676.69
NORTH,2024-01-04,1171709.06,1582385.75
NORTH,2024-01-05,427986.79,2010372.54
NORTH,2024-01-06,113418.51,2123791.05
NORTH,2024-01-09,775368.48,2899159.53
NORTH,2024-01-10,243852.0,3143011.53
NORTH,2024-01-11,403615.08,3546626.61
NORTH,2024-01-12,107304.98,3653931.59
NORTH,2024-01-13,850996.11,4504927.7
NORTH,2024-01-14,401503.77,4906431.47
NORTH,2024-01-15,171458.28,5077889.75
NORTH,2024-01-17,687232.81,5765122.56
NORTH,2024-01-18,663668.08,6428790.64
NORTH,2024-01-19,627238.07,7056028.71
NORTH,2024-01-20,1357302.75,8413331.46
NORTH,2024-01-21,1170951.48,9584282.94
NORTH,2024-01-22,860239.1,10444522.04
NORTH,2024-01-23,577649.58,11022171.62
NORTH,2024-01-24,1139866.57,12162038.19
NORTH,2024-01-25,568185.5,12730223.69
NORTH,2024-01-27,340615.23,13070838.92
NORTH,2024-01-28,195226.59,13266065.51
NORTH,2024-01-29,643630.58,13909696.09
NORTH,2024-01-30,1095843.38,15005539.47
NORTH,2024-01-31,1027896.59,16033436.06
NORTH,2024-02-01,150041.64,16183477.7
NORTH,2024-02-02,1010093.25,17193570.95
NORTH,2024-02-03,473392.04,17666962.99
NORTH,2024-02-04,1044864.99,18711827.98
NORTH,2024-02-05,423637.05,19135465.03
NORTH,2024-02-07,12678.62,19148143.65
NORTH,2024-02-08,25339.69,19173483.34
NORTH,2024-02-09,542532.73,19716016.07
NORTH,2024-02-11,22833.17,19738849.24
NORTH,2024-02-12,2376153.57,22115002.81
NORTH,2024-02-13,1015058.36,23130061.17
NORTH,2024-02-14,47226.3,23177287.47
NORTH,2024-02-15,181669.61,23358957.08
NORTH,2024-02-16,1229895.65,24588852.73
NORTH,2024-02-18,812681.8,25401534.53
NORTH,2024-02-19,175224.29,25576758.82
NORTH,2024-02-21,1469358.34,27046117.16
NORTH,2024-02-22,377710.34,27423827.5
NORTH,2024-02-24,829176.33,28253003.83
NORTH,2024-02-25,869567.98,29122571.81
NORTH,2024-02-26,84925.88,29207497.69
NORTH,2024-02-27,291864.75,29499362.44
NORTH,2024-02-29,17252.01,29516614.45
NORTH,2024-03-01,303519.23,29820133.68
NORTH,2024-03-02,288433.95,30108567.63
NORTH,2024-03-03,23301.22,30131868.85
NORTH,2024-03-04,966769.31,31098638.16
NORTH,2024-03-06,832814.24,31931452.4
NORTH,2024-03-07,285696.79,32217149.19
NORTH,2024-03-08,219455.52,32436604.71
NORTH,2024-03-09,501072.33,32937677.04
NORTH,2024-03-10,138642.92,33076319.96
NORTH,2024-03-11,477545.13,33553865.09
NORTH,2024-03-12,215110.66,33768975.75
NORTH,2024-03-13,1342986.93,35111962.68
NORTH,2024-03-14,459487.1,35571449.78
NORTH,2024-03-15,5937.11,35577386.89
NORTH,2024-03-16,733994.04,36311380.93
NORTH,2024-03-17,263672.43,36575053.36
NORTH,2024-03-18,20928.83,36595982.19
NORTH,2024-03-21,81214.24,36677196.43
NORTH,2024-03-22,103874.82,36781071.25
NORTH,2024-03-23,962204.8,37743276.05
NORTH,2024-03-25,1121359.66,38864635.71
NORTH,2024-03-26,57562.46,38922198.17
NORTH,2024-03-27,1720264.97,40642463.14
NORTH,2024-03-28,692165.38,41334628.52
NORTH,2024-03-29,564104.23,41898732.75
NORTH,2024-03-30,18372.25,41917105.0
NORTH,2024-04-03,520870.01,42437975.01
NORTH,2024-04-04,42174.13,42480149.14
NORTH,2024-04-05,30040.57,42510189.71
NORTH,2024-04-06,634411.62,43144601.33
NORTH,2024-04-07,1240928.42,44385529.75
NORTH,2024-04-09,58361.83,44443891.58
NORTH,2024-04-12,8793.43,44452685.01
NORTH,2024-04-13,1036392.84,45489077.85
NORTH,2024-04-14,40431.5,45529509.35
NORTH,2024-04-15,308383.54,45837892.89
NORTH,2024-04-16,43791.95,45881684.84
NORTH,2024-04-17,117049.98,45998734.82
NORTH,2024-04-19,565524.8,46564259.62
NORTH,2024-04-20,69075.21,46633334.83
NORTH,2024-04-21,733167.06,47366501.89
NORTH,2024-04-22,544532.98,47911034.87
NORTH,2024-04-24,33733.92,47944768.79
NORTH,2024-04-25,581465.66,48526234.45
NORTH,2024-04-27,371482.21,48897716.66
NORTH,2024-04-28,688491.76,49586208.42
NORTH,2024-04-29,869114.12,50455322.54
NORTH,2024-04-30,17814.24,50473136.78
NORTH,2024-05-02,133212.42,50606349.2
NORTH,2024-05-03,25386.05,50631735.25
NORTH,2024-05-04,1411725.63,52043460.88
NORTH,2024-05-05,91239.61,52134700.49
NORTH,2024-05-07,119637.05,52254337.54
NORTH,2024-05-08,539753.95,52794091.49
NORTH,2024-05-10,149702.39,52943793.88
NORTH,2024-05-11,791620.47,53735414.35
NORTH,2024-05-12,2580281.06,56315695.41
NORTH,2024-05-13,15902.78,56331598.19
NORTH,2024-05-14,628610.94,56960209.13
NORTH,2024-05-15,132405.3,57092614.43
NORTH,2024-05-16,1466623.15,58559237.58
NORTH,2024-05-17,178063.64,58737301.22
NORTH,2024-05-18,234911.34,58972212.56
NORTH,2024-05-19,423239.91,59395452.47
NORTH,2024-05-20,482836.07,59878288.54
NORTH,2024-05-24,247365.01,60125653.55
NORTH,2024-05-25,14859.9,60140513.45
NORTH,2024-05-26,8156.15,60148669.6
NORTH,2024-05-27,1018401.21,61167070.81
NORTH,2024-05-28,122365.63,61289436.44
NORTH,2024-05-29,6466.16,61295902.6
NORTH,2024-05-31,1018929.15,62314831.75
NORTH,2024-06-01,487672.6,62802504.35
NORTH,2024-06-02,1259756.14,64062260.49
NORTH,2024-06-03,181178.87,64243439.36
NORTH,2024-06-04,801890.02,65045329.38
NORTH,2024-06-07,3076.27,65048405.65
NORTH,2024-06-08,128791.08,65177196.73
NORTH,2024-06-09,162103.71,65339300.44
NORTH,2024-06-10,1950539.51,67289839.95
NORTH,2024-06-11,471157.63,67760997.58
NORTH,2024-06-14,68565.45,67829563.03
NORTH,2024-06-17,515918.87,68345481.9
NORTH,2024-06-18,1202109.93,69547591.83
NORTH,2024-06-19,726899.92,70274491.75
NORTH,2024-06-20,1078104.47,71352596.22
NORTH,2024-06-23,3442.64,71356038.86
NORTH,2024-06-25,510539.36,71866578.22
NORTH,2024-06-26,225743.51,72092321.73
NORTH,2024-06-27,1009703.21,73102024.94
NORTH,2024-06-29,168148.43,73270173.37
NORTH,2024-07-01,853279.33,74123452.7
NORTH,2024-07-02,120138.01,74243590.71
NORTH,2024-07-03,1268786.39,75512377.1
NORTH,2024-07-05,768754.45,76281131.55
NORTH,2024-07-08,322461.46,76603593.01
NORTH,2024-07-09,756910.01,77360503.02
NORTH,2024-07-10,1575651.22,78936154.24
NORTH,2024-07-11,852716.46,79788870.7
NORTH,2024-07-13,156445.69,79945316.39
NORTH,2024-07-15,836640.03,80781956.42
NORTH,2024-07-17,684920.51,81466876.93
NORTH,2024-07-18,394585.9,81861462.83
NORTH,2024-07-19,49505.14,81910967.97
NORTH,2024-07-21,336118.43,82247086.4
NORTH,2024-07-22,626913.45,82873999.85
NORTH,2024-07-23,261048.92,83135048.77
NORTH,2024-07-24,67633.58,83202682.35
NORTH,2024-07-25,260736.99,83463419.34
NORTH,2024-07-26,512613.87,83976033.21
NORTH,2024-07-27,392870.09,84368903.3
NORTH,2024-07-28,866.73,84369770.03
NORTH,2024-07-29,552642.3,84922412.33
NORTH,2024-07-30,35388.44,84957800.77
NORTH,2024-07-31,139452.63,85097253.4
NORTH,2024-08-01,88921.38,85186174.78
NORTH,2024-08-02,440923.44,85627098.22
NORTH,2024-08-04,252117.58,85879215.8
NORTH,2024-08-05,39767.76,85918983.56
NORTH,2024-08-07,378616.84,86297600.4
NORTH,2024-08-08,709161.21,87006761.61
NORTH,2024-08-09,2050.46,87008812.07
NORTH,2024-08-10,413777.46,87422589.53
NORTH,2024-08-12,322257.66,87744847.19
NORTH,2024-08-14,18962.26,87763809.45
NORTH,2024-08-16,225655.43,87989464.88
NORTH,2024-08-17,278140.63,88267605.51
NORTH,2024-08-18,862000.67,89129606.18
NORTH,2024-08-19,196887.48,89326493.66
NORTH,2024-08-20,1206.98,89327700.64
NORTH,2024-08-21,771431.71,90099132.35
NORTH,2024-08-22,1140539.07,91239671.42
NORTH,2024-08-23,7774.24,91247445.66
NORTH,2024-08-25,1482682.14,92730127.8
NORTH,2024-08-26,7411.1,92737538.9
NORTH,2024-08-29,15087.74,92752626.64
NORTH,2024-08-31,184570.69,92937197.33
NORTH,2024-09-01,55873.79,92993071.12
NORTH,2024-09-02,619154.97,93612226.09
NORTH,2024-09-03,361443.43,93973669.52
NORTH,2024-09-04,351882.67,94325552.19
NORTH,2024-09-05,316866.02,94642418.21
NORTH,2024-09-09,440637.88,95083056.09
NORTH,2024-09-10,1294176.08,96377232.17
NORTH,2024-09-11,806397.63,97183629.8
NORTH,2024-09-12,168847.47,97352477.27
NORTH,2024-09-13,4040.96,97356518.23
NORTH,2024-09-14,123446.37,97479964.6
NORTH,2024-09-16,1718353.01,99198317.61
NORTH,2024-09-17,58903.32,99257220.93
NORTH,2024-09-18,55162.74,99312383.67
NORTH,2024-09-19,2235397.27,101547780.94
NORTH,2024-09-20,87588.6,101635369.54
NORTH,2024-09-21,271252.27,101906621.81
NORTH,2024-09-22,215697.62,102122319.43
NORTH,2024-09-23,16560.06,102138879.49
NORTH,2024-09-24,352833.24,102491712.73
NORTH,2024-09-25,322231.93,102813944.66
NORTH,2024-09-26,577863.66,103391808.32
NORTH,2024-09-27,2186661.44,105578469.76
NORTH,2024-09-28,154923.89,105733393.65
NORTH,2024-09-30,332730.8,106066124.45
NORTH,2024-10-01,1197354.76,107263479.21
NORTH,2024-10-02,928458.92,108191938.13
NORTH,2024-10-03,73399.71,108265337.84
NORTH,2024-10-04,2127039.21,110392377.05
NORTH,2024-10-05,2414257.8,112806634.85
NORTH,2024-10-06,3102784.56,115909419.41
NORTH,2024-10-07,274294.82,116183714.23
NORTH,2024-10-08,1085567.17,117269281.4
NORTH,2024-10-09,2097060.36,119366341.76
NORTH,2024-10-10,96156.94,119462498.7
NORTH,2024-10-11,548559.62,120011058.32
NORTH,2024-10-12,1661686.98,121672745.3
NORTH,2024-10-13,1077520.51,122750265.81
NORTH,2024-10-14,933643.65,123683909.46
NORTH,2024-10-15,1229988.18,124913897.64
NORTH,2024-10-16,535676.73,125449574.37
NORTH,2024-10-17,2589999.56,128039573.93
NORTH,2024-10-18,358023.68,128397597.61
NORTH,2024-10-19,1231655.02,129629252.63
NORTH,2024-10-20,573505.9,130202758.53
NORTH,2024-10-21,1465270.96,131668029.49
NORTH,2024-10-22,2058578.41,133726607.9
NORTH,2024-10-23,1479200.25,135205808.15
NORTH,2024-10-24,1415810.53,136621618.68
NORTH,2024-10-25,1382377.23,138003995.91
NORTH,2024-10-26,1383529.99,139387525.9
NORTH,2024-10-27,2388705.5,141776231.4
NORTH,2024-10-28,127708.3,141903939.7
NORTH,2024-10-30,1006832.2,142910771.9
NORTH,2024-10-31,664545.5,143575317.4
NORTH,2024-11-01,4345587.1,147920904.5
NORTH,2024-11-02,683694.76,148604599.26
NORTH,2024-11-03,3021705.37,151626304.63
NORTH,2024-11-04,1316753.52,152943058.15
NORTH,2024-11-05,1661831.71,154604889.86
NORTH,2024-11-06,1738234.35,156343124.21
NORTH,2024-11-07,1683467.75,158026591.96
NORTH,2024-11-08,609168.02,158635759.98
NORTH,2024-11-09,52619.79,158688379.77
NORTH,2024-11-10,547738.35,159236118.12
NORTH,2024-11-11,840861.07,160076979.19
NORTH,2024-11-12,1066036.52,161143015.71
NORTH,2024-11-13,2729229.47,163872245.18
NORTH,2024-11-14,670307.47,164542552.65
NORTH,2024-11-15,2907090.1,167449642.75
NORTH,2024-11-16,3298323.12,170747965.87
NORTH,2024-11-17,374355.59,171122321.46
NORTH,2024-11-18,2545325.44,173667646.9
NORTH,2024-11-19,1352984.78,175020631.68
NORTH,2024-11-20,263352.3,175283983.98
NORTH,2024-11-21,2364568.8,177648552.78
NORTH,2024-11-22,1967260.0,179615812.78
NORTH,2024-11-23,2100589.72,181716402.5
NORTH,2024-11-24,1185375.25,182901777.75
NORTH,2024-11-25,2597910.11,185499687.86
NORTH,2024-11-26,2875330.04,188375017.9
NORTH,2024-11-27,1688282.22,190063300.12
NORTH,2024-11-28,301638.95,190364939.07
NORTH,2024-11-29,1386434.76,191751373.83
NORTH,2024-11-30,161240.13,191912613.96
NORTH,2024-12-01,331794.44,192244408.4
NORTH,2024-12-02,1522271.16,193766679.56
NORTH,2024-12-03,2964721.5,196731401.06
NORTH,2024-12-04,695788.16,197427189.22
NORTH,2024-12-05,1174651.92,198601841.14
NORTH,2024-12-06,1413406.47,200015247.61
NORTH,2024-12-07,1017473.98,201032721.59
NORTH,2024-12-08,969340.39,202002061.98
NORTH,2024-12-09,927660.9,202929722.88
NORTH,2024-12-10,1437606.37,204367329.25
NORTH,2024-12-11,454466.32,204821795.57
NORTH,2024-12-12,2632293.6,207454089.17
NORTH,2024-12-13,173195.5,207627284.67
NORTH,2024-12-14,1200336.15,208827620.82
NORTH,2024-12-15,1076246.09,209903866.91
NORTH,2024-12-16,1119626.21,211023493.12
NORTH,2024-12-17,2078674.64,213102167.76
NORTH,2024-12-18,1942816.47,215044984.23
NORTH,2024-12-19,2136315.2,217181299.43
NORTH,2024-12-20,2403706.15,219585005.58
NORTH,2024-12-21,1636637.61,221221643.19
NORTH,2024-12-22,515724.22,221737367.41
NORTH,2024-12-23,737649.39,222475016.8
NORTH,2024-12-24,1460653.47,223935670.27
NORTH,2024-12-25,2406580.28,226342250.55
NORTH,2024-12-26,2144639.87,228486890.42
NORTH,2024-12-27,1397039.6,229883930.02
NORTH,2024-12-28,958274.72,230842204.74
NORTH,2024-12-29,946632.57,231788837.31
NORTH,2024-12-30,204140.77,231992978.08
NORTH,2024-12-31,97169.31,232090147.39
NORTH,2025-01-01,94101.77,232184249.16
NORTH,2025-01-04,7259.02,232191508.18
NORTH,2025-01-05,291962.81,232483470.99
NORTH,2025-01-08,233868.49,232717339.48
NORTH,2025-01-09,8829.57,232726169.05
NORTH,2025-01-10,2314809.85,235040978.9
NORTH,2025-01-11,694535.31,235735514.21
NORTH,2025-01-12,9577.64,235745091.85
NORTH,2025-01-13,325074.98,236070166.83
NORTH,2025-01-15,70151.66,236140318.49
NORTH,2025-01-17,7674.48,236147992.97
NORTH,2025-01-18,1291761.63,237439754.6
NORTH,2025-01-20,1231198.84,238670953.44
NORTH,2025-01-21,72092.0,238743045.44
NORTH,2025-01-23,1680112.96,240423158.4
NORTH,2025-01-24,142495.95,240565654.35
NORTH,2025-01-25,234183.92,240799838.27
NORTH,2025-01-26,640302.56,241440140.83
NORTH,2025-01-28,214951.92,241655092.75
NORTH,2025-01-29,906771.34,242561864.09
NORTH,2025-01-30,215987.08,242777851.17
NORTH,2025-01-31,834151.59,243612002.76
NORTH,2025-02-01,40808.66,243652811.42
NORTH,2025-02-02,60585.71,243713397.13
NORTH,2025-02-03,352097.56,244065494.69
NORTH,2025-02-04,5165.5,244070660.19
NORTH,2025-02-06,2006068.94,246076729.13
NORTH,2025-02-08,126181.86,246202910.99
NORTH,2025-02-09,596030.1,246798941.09
NORTH,2025-02-10,867853.11,247666794.2
NORTH,2025-02-11,403715.76,248070509.96
NORTH,2025-02-12,114047.7,248184557.66
NORTH,2025-02-13,85931.4,248270489.06
NORTH,2025-02-14,332370.81,248602859.87
NORTH,2025-02-15,12007.78,248614867.65
NORTH,2025-02-16,192173.64,248807041.29
NORTH,2025-02-19,975360.92,249782402.21
NORTH,2025-02-20,3063744.82,252846147.03
NORTH,2025-02-22,100061.46,252946208.49
NORTH,2025-02-23,1630427.46,254576635.95
NORTH,2025-02-24,947.59,254577583.54
NORTH,2025-02-25,95140.69,254672724.23
NORTH,2025-02-26,75436.38,254748160.61
NORTH,2025-02-27,33670.75,254781831.36
NORTH,2025-03-01,323996.06,255105827.42
NORTH,2025-03-02,1250200.03,256356027.45
NORTH,2025-03-03,196864.96,256552892.41
NORTH,2025-03-07,396249.96,256949142.37
NORTH,2025-03-08,237668.49,257186810.86
NORTH,2025-03-09,1274818.15,258461629.01
NORTH,2025-03-10,792545.38,259254174.39
NORTH,2025-03-11,5753.73,259259928.12
NORTH,2025-03-13,39173.92,259299102.04
NORTH,2025-03-14,1508176.17,260807278.21
NORTH,2025-03-15,633344.55,261440622.76
NORTH,2025-03-16,26211.84,261466834.6
NORTH,2025-03-17,65492.11,261532326.71
NORTH,2025-03-18,69915.26,261602241.97
NORTH,2025-03-19,25252.76,261627494.73
NORTH,2025-03-22,1628916.8,263256411.53
NORTH,2025-03-23,596485.05,263852896.58
NORTH,2025-03-24,184480.72,264037377.3
NORTH,2025-03-25,902075.03,264939452.33
NORTH,2025-03-26,516045.61,265455497.94
NORTH,2025-03-27,15232.94,265470730.88
NORTH,2025-03-28,1001365.38,266472096.26
NORTH,2025-03-30,1917.71,266474013.97
NORTH,2025-03-31,724354.99,267198368.96
NORTH,2025-04-01,579170.01,267777538.97
NORTH,2025-04-02,375158.99,268152697.96
NORTH,2025-04-03,20014.37,268172712.33
NORTH,2025-04-04,357640.6,268530352.93
NORTH,2025-04-06,577977.2,269108330.13
NORTH,2025-04-07,541272.25,269649602.38
NORTH,2025-04-10,2670.27,269652272.65
NORTH,2025-04-11,5664.08,269657936.73
NORTH,2025-04-12,93209.0,269751145.73
NORTH,2025-04-13,456735.79,270207881.52
NORTH,2025-04-14,4318.94,270212200.46
NORTH,2025-04-16,471907.66,270684108.12
NORTH,2025-04-17,627451.84,271311559.96
NORTH,2025-04-18,335198.74,271646758.7
NORTH,2025-04-19,855147.24,272501905.94
NORTH,2025-04-20,1084246.25,273586152.19
NORTH,2025-04-21,410155.29,273996307.48
NORTH,2025-04-24,1024092.59,275020400.07
NORTH,2025-04-25,874651.98,275895052.05
NORTH,2025-04-26,351217.99,276246270.04
NORTH,2025-04-27,654824.5,276901094.54
NORTH,2025-04-28,64512.65,276965607.19
NORTH,2025-04-29,3441640.31,280407247.5
NORTH,2025-05-01,1091310.49,281498557.99
NORTH,2025-05-02,653044.85,282151602.84
NORTH,2025-05-04,476584.18,282628187.02
NORTH,2025-05-06,713237.35,283341424.37
NORTH,2025-05-08,353626.13,283695050.5
NORTH,2025-05-10,96705.46,283791755.96
NORTH,2025-05-11,1451346.94,285243102.9
NORTH,2025-05-12,646029.28,285889132.18
NORTH,2025-05-13,1572135.26,287461267.44
NORTH,2025-05-16,516025.64,287977293.08
NORTH,2025-05-17,675343.47,288652636.55
NORTH,2025-05-18,112094.55,288764731.1
NORTH,2025-05-19,80247.2,288844978.3
NORTH,2025-05-20,546832.76,289391811.06
NORTH,2025-05-22,1366892.43,290758703.49
NORTH,2025-05-23,750694.62,291509398.11
NORTH,2025-05-25,438491.94,291947890.05
NORTH,2025-05-26,208723.35,292156613.4
NORTH,2025-05-27,763532.72,292920146.12
NORTH,2025-05-28,1232609.82,294152755.94
NORTH,2025-05-29,2003252.43,296156008.37
NORTH,2025-05-31,133338.67,296289347.04
NORTH,2025-06-03,1060871.39,297350218.43
NORTH,2025-06-04,34582.48,297384800.91
NORTH,2025-06-05,233775.48,297618576.39
NORTH,2025-06-06,351643.08,297970219.47
NORTH,2025-06-08,180029.02,298150248.49
NORTH,2025-06-09,294865.68,298445114.17
NORTH,2025-06-11,495499.56,298940613.73
NORTH,2025-06-12,63658.69,299004272.42
NORTH,2025-06-13,135856.86,299140129.28
NORTH,2025-06-15,1641.86,299141771.14
NORTH,2025-06-16,6146.15,299147917.29
NORTH,2025-06-18,2445.54,299150362.83
NORTH,2025-06-21,38474.89,299188837.72
NORTH,2025-06-22,11691.84,299200529.56
NORTH,2025-06-23,83393.16,299283922.72
NORTH,2025-06-24,108921.68,299392844.4
NORTH,2025-06-25,234432.01,299627276.41
NORTH,2025-06-27,741117.11,300368393.52
NORTH,2025-06-30,471758.33,300840151.85
NORTH,2025-07-01,1346530.69,302186682.54
NORTH,2025-07-03,405256.45,302591938.99
NORTH,2025-07-04,1273900.69,303865839.68
NORTH,2025-07-05,899977.61,304765817.29
NORTH,2025-07-07,49511.26,304815328.55
NORTH,2025-07-09,1329248.57,306144577.12
NORTH,2025-07-10,114401.72,306258978.84
NORTH,2025-07-11,27363.84,306286342.68
NORTH,2025-07-12,434679.56,306721022.24
NORTH,2025-07-13,1184919.64,307905941.88
NORTH,2025-07-14,30840.0,307936781.88
NORTH,2025-07-15,14437.52,307951219.4
NORTH,2025-07-16,599106.0,308550325.4
NORTH,2025-07-18,1080479.94,309630805.34
NORTH,2025-07-19,1560676.18,311191481.52
NORTH,2025-07-20,223799.02,311415280.54
NORTH,2025-07-21,831503.32,312246783.86
NORTH,2025-07-22,567295.2,312814079.06
NORTH,2025-07-24,22724.58,312836803.64
NORTH,2025-07-25,46192.03,312882995.67
NORTH,2025-07-26,284237.1,313167232.77
NORTH,2025-07-27,455204.27,313622437.04
NORTH,2025-07-28,43913.47,313666350.51
NORTH,2025-07-29,432738.01,314099088.52
NORTH,2025-07-31,457955.35,314557043.87
NORTH,2025-08-01,79383.94,314636427.81
NORTH,2025-08-02,1163292.07,315799719.88
NORTH,2025-08-03,1179776.97,316979496.85
NORTH,2025-08-04,8572.38,316988069.23
NORTH,2025-08-05,961952.26,317950021.49
NORTH,2025-08-06,18338.18,317968359.67
NORTH,2025-08-07,664661.9,318633021.57
NORTH,2025-08-08,83953.05,318716974.62
NORTH,2025-08-09,26093.86,318743068.48
NORTH,2025-08-10,359940.72,319103009.2
NORTH,2025-08-11,176113.19,319279122.39
NORTH,2025-08-13,715901.18,319995023.57
NORTH,2025-08-15,1246394.54,321241418.11
NORTH,2025-08-16,390984.64,321632402.75
NORTH,2025-08-17,166794.96,321799197.71
NORTH,2025-08-18,67553.08,321866750.79
NORTH,2025-08-19,33932.01,321900682.8
NORTH,2025-08-20,478127.38,322378810.18
NORTH,2025-08-24,296985.7,322675795.88
NORTH,2025-08-25,999223.83,323675019.71
NORTH,2025-08-26,857660.46,324532680.17
NORTH,2025-08-27,257249.62,324789929.79
NORTH,2025-08-28,1344699.35,326134629.14
NORTH,2025-08-30,579275.0,326713904.14
NORTH,2025-08-31,167689.75,326881593.89
NORTH,2025-09-01,417289.1,327298882.99
NORTH,2025-09-02,34959.92,327333842.91
NORTH,2025-09-05,543628.7,327877471.61
NORTH,2025-09-07,1008585.01,328886056.62
NORTH,2025-09-08,434328.94,329320385.56
NORTH,2025-09-09,11337.35,329331722.91
NORTH,2025-09-10,105815.91,329437538.82
NORTH,2025-09-11,306484.4,329744023.22
NORTH,2025-09-12,277858.67,330021881.89
NORTH,2025-09-14,519768.15,330541650.04
NORTH,2025-09-15,940961.09,331482611.13
NORTH,2025-09-16,842243.9,332324855.03
NORTH,2025-09-17,428394.97,332753250.0
NORTH,2025-09-18,11624.36,332764874.36
NORTH,2025-09-19,1070656.71,333835531.07
NORTH,2025-09-21,47270.63,333882801.7
NORTH,2025-09-22,1288969.51,335171771.21
NORTH,2025-09-24,705408.24,335877179.45
NORTH,2025-09-25,99012.63,335976192.08
NORTH,2025-09-26,762944.77,336739136.85
NORTH,2025-09-27,281677.61,337020814.46
NORTH,2025-09-28,235403.03,337256217.49
NORTH,2025-09-29,917086.44,338173303.93
NORTH,2025-09-30,1363575.17,339536879.1
NORTH,2025-10-01,208576.48,339745455.58
NORTH,2025-10-02,863744.88,340609200.46
NORTH,2025-10-03,1871549.16,342480749.62
NORTH,2025-10-04,1520249.99,344000999.61
NORTH,2025-10-05,2814660.68,346815660.29
NORTH,2025-10-06,1930674.46,348746334.75
NORTH,2025-10-07,3508224.91,352254559.66
NORTH,2025-10-08,2469475.99,354724035.65
NORTH,2025-10-09,1411826.44,356135862.09
NORTH,2025-10-10,2257139.56,358393001.65
NORTH,2025-10-11,2797842.67,361190844.32
NORTH,2025-10-12,798453.84,361989298.16
NORTH,2025-10-13,317457.64,362306755.8
NORTH,2025-10-14,1184649.6,363491405.4
NORTH,2025-10-15,362178.77,363853584.17
NORTH,2025-10-16,2110960.53,365964544.7
NORTH,2025-10-17,3089697.85,369054242.55
NORTH,2025-10-18,1747547.87,370801790.42
NORTH,2025-10-19,1029344.95,371831135.37
NORTH,2025-10-20,3179229.93,375010365.3
NORTH,2025-10-21,3429236.88,378439602.18
NORTH,2025-10-22,274728.03,378714330.21
NORTH,2025-10-23,149842.98,378864173.19
NORTH,2025-10-24,1718514.34,380582687.53
NORTH,2025-10-25,1689766.63,382272454.16
NORTH,2025-10-26,2197079.03,384469533.19
NORTH,2025-10-27,973592.79,385443125.98
NORTH,2025-10-28,2044711.04,387487837.02
NORTH,2025-10-30,17268.82,387505105.84
NORTH,2025-10-31,833137.04,388338242.88
NORTH,2025-11-01,288638.26,388626881.14
NORTH,2025-11-02,176075.32,388802956.46
NORTH,2025-11-03,1394806.03,390197762.49
NORTH,2025-11-04,646104.29,390843866.78
NORTH,2025-11-05,1392775.82,392236642.6
NORTH,2025-11-06,959677.61,393196320.21
NORTH,2025-11-07,189822.95,393386143.16
NORTH,2025-11-08,457470.18,393843613.34
NORTH,2025-11-09,1373868.82,395217482.16
NORTH,2025-11-10,1301509.14,396518991.3
NORTH,2025-11-11,1273584.75,397792576.05
NORTH,2025-11-12,3500301.53,401292877.58
NORTH,2025-11-13,2590403.59,403883281.17
NORTH,2025-11-14,679237.74,404562518.91
NORTH,2025-11-15,3882147.82,408444666.73
NORTH,2025-11-16,859891.47,409304558.2
NORTH,2025-11-17,672796.92,409977355.12
NORTH,2025-11-18,935921.39,410913276.51
NORTH,2025-11-19,2425818.0,413339094.51
NORTH,2025-11-20,1167717.87,414506812.38
NORTH,2025-11-21,1490444.82,415997257.2
NORTH,2025-11-22,705074.24,416702331.44
NORTH,2025-11-23,759165.07,417461496.51
NORTH,2025-11-24,1279698.92,418741195.43
NORTH,2025-11-25,798098.49,419539293.92
NORTH,2025-11-26,650024.92,420189318.84
NORTH,2025-11-27,867422.85,421056741.69
NORTH,2025-11-28,1995202.75,423051944.44
NORTH,2025-11-30,79894.54,423131838.98
NORTH,2025-12-01,1418513.56,424550352.54
NORTH,2025-12-02,2837150.41,427387502.95
NORTH,2025-12-03,127399.7,427514902.65
NORTH,2025-12-04,823363.36,428338266.01
NORTH,2025-12-05,1268330.82,429606596.83
NORTH,2025-12-06,1136959.09,430743555.92
NORTH,2025-12-07,85170.08,430828726.0
NORTH,2025-12-08,2782150.59,433610876.59
NORTH,2025-12-09,514572.57,434125449.16
NORTH,2025-12-10,2668412.1,436793861.26
NORTH,2025-12-11,1431148.54,438225009.8
NORTH,2025-12-12,1845935.9,440070945.7
NORTH,2025-12-13,1415892.35,441486838.05
NORTH,2025-12-14,152778.2,441639616.25
NORTH,2025-12-15,511103.8,442150720.05
NORTH,2025-12-16,529691.67,442680411.72
NORTH,2025-12-17,645563.55,443325975.27
NORTH,2025-12-18,1687861.78,445013837.05
NORTH,2025-12-19,1633843.73,446647680.78
NORTH,2025-12-20,1349334.72,447997015.5
NORTH,2025-12-21,2255668.88,450252684.38
NORTH,2025-12-22,1031628.27,451284312.65
NORTH,2025-12-23,2542805.03,453827117.68
NORTH,2025-12-24,569488.54,454396606.22
NORTH,2025-12-25,3797541.92,458194148.14
NORTH,2025-12-26,1433078.88,459627227.02
NORTH,2025-12-27,723235.31,460350462.33
NORTH,2025-12-28,1587505.68,461937968.01
NORTH,2025-12-30,1054542.62,462992510.63
NORTH,2026-01-01,746044.4,463738555.03
NORTH,2026-01-02,131473.13,463870028.16
NORTH,2026-01-03,806713.4,464676741.56
NORTH,2026-01-04,176132.77,464852874.33
NORTH,2026-01-06,966722.79,465819597.12
NORTH,2026-01-07,553977.49,466373574.61
NORTH,2026-01-08,9605.92,466383180.53
NORTH,2026-01-09,202697.67,466585878.2
NORTH,2026-01-10,1747144.75,468333022.95
NORTH,2026-01-11,449489.23,468782512.18
NORTH,2026-01-13,55107.14,468837619.32
NORTH,2026-01-14,493441.14,469331060.46
NORTH,2026-01-15,1271057.46,470602117.92
NORTH,2026-01-18,35283.28,470637401.2
NORTH,2026-01-19,181171.02,470818572.22
NORTH,2026-01-20,705656.3,471524228.52
NORTH,2026-01-21,139508.42,471663736.94
NORTH,2026-01-22,400213.31,472063950.25
NORTH,2026-01-23,2395.23,472066345.48
NORTH,2026-01-24,1491586.33,473557931.81
NORTH,2026-01-25,12615.15,473570546.96
NORTH,2026-01-28,1042651.31,474613198.27
NORTH,2026-01-31,96596.62,474709794.89
NORTH,2026-02-01,346355.63,475056150.52
NORTH,2026-02-02,1779265.37,476835415.89
NORTH,2026-02-04,742736.6,477578152.49
NORTH,2026-02-05,965093.08,478543245.57
NORTH,2026-02-06,2006980.67,480550226.24
NORTH,2026-02-07,1735102.55,482285328.79
NORTH,2026-02-08,428702.47,482714031.26
NORTH,2026-02-09,466778.52,483180809.78
NORTH,2026-02-10,630874.56,483811684.34
NORTH,2026-02-11,282271.94,484093956.28
NORTH,2026-02-12,720653.51,484814609.79
NORTH,2026-02-13,16151.35,484830761.14
NORTH,2026-02-14,27834.56,484858595.7
NORTH,2026-02-16,966967.4,485825563.1
NORTH,2026-02-17,437064.81,486262627.91
NORTH,2026-02-18,129482.8,486392110.71
NORTH,2026-02-19,73128.86,486465239.57
NORTH,2026-02-20,386308.31,486851547.88
NORTH,2026-02-22,355510.98,487207058.86
NORTH,2026-02-23,2297862.98,489504921.84
NORTH,2026-02-24,789944.85,490294866.69
NORTH,2026-02-25,540523.1,490835389.79
NORTH,2026-02-26,58024.93,490893414.72
NORTH,2026-02-27,208557.81,491101972.53
NORTH,2026-02-28,333422.92,491435395.45
NORTH,2026-03-02,104406.96,491539802.41
NORTH,2026-03-03,1135585.11,492675387.52
NORTH,2026-03-04,169173.92,492844561.44
NORTH,2026-03-05,41884.87,492886446.31
NORTH,2026-03-06,1418.06,492887864.37
NORTH,2026-03-07,376513.76,493264378.13
NORTH,2026-03-09,45872.84,493310250.97
NORTH,2026-03-10,54581.02,493364831.99
NORTH,2026-03-11,52645.81,493417477.8
NORTH,2026-03-12,32320.57,493449798.37
NORTH,2026-03-13,372151.43,493821949.8
NORTH,2026-03-14,259987.29,494081937.09
NORTH,2026-03-15,1249077.42,495331014.51
NORTH,2026-03-16,744707.18,496075721.69
NORTH,2026-03-17,169344.63,496245066.32
NORTH,2026-03-18,11438.21,496256504.53
NORTH,2026-03-19,827967.22,497084471.75
NORTH,2026-03-20,42236.02,497126707.77
NORTH,2026-03-21,631381.39,497758089.16
NORTH,2026-03-23,12632.52,497770721.68
NORTH,2026-03-24,344120.42,498114842.1
NORTH,2026-03-25,300050.46,498414892.56
NORTH,2026-03-26,90494.16,498505386.72
NORTH,2026-03-27,350217.59,498855604.31
NORTH,2026-03-28,161880.67,499017484.98
NORTH,2026-03-30,1527.27,499019012.25
NORTH,2026-04-01,19742.72,499038754.97
NORTH,2026-04-04,660350.17,499699105.14
NORTH,2026-04-06,15891.82,499714996.96
NORTH,2026-04-08,726876.24,500441873.2
NORTH,2026-04-09,207926.53,500649799.73
NORTH,2026-04-10,517532.11,501167331.84
NORTH,2026-04-11,172572.55,501339904.39
NORTH,2026-04-13,105080.25,501444984.64
NORTH,2026-04-14,16720.57,501461705.21
NORTH,2026-04-15,434634.77,501896339.98
NORTH,2026-04-17,598179.57,502494519.55
NORTH,2026-04-19,215910.68,502710430.23
NORTH,2026-04-20,469977.36,503180407.59
NORTH,2026-04-21,941067.23,504121474.82
NORTH,2026-04-24,674416.88,504795891.7
NORTH,2026-04-25,159452.29,504955343.99
NORTH,2026-04-26,2727555.1,507682899.09
NORTH,2026-04-27,914205.19,508597104.28
NORTH,2026-04-28,544150.24,509141254.52
NORTH,2026-04-29,663411.11,509804665.63
NORTH,2026-04-30,1375814.24,511180479.87
NORTH,2026-05-01,38835.43,511219315.3
NORTH,2026-05-02,47699.36,511267014.66
NORTH,2026-05-04,8321.07,511275335.73
NORTH,2026-05-05,737326.51,512012662.24
NORTH,2026-05-06,15424.98,512028087.22
NORTH,2026-05-07,168214.32,512196301.54
NORTH,2026-05-08,860873.06,513057174.6
NORTH,2026-05-09,663518.78,513720693.38
NORTH,2026-05-11,169484.49,513890177.87
NORTH,2026-05-12,20661.16,513910839.03
NORTH,2026-05-13,861540.39,514772379.42
NORTH,2026-05-14,287164.61,515059544.03
NORTH,2026-05-15,944004.73,516003548.76
NORTH,2026-05-16,1336854.34,517340403.1
NORTH,2026-05-18,221998.24,517562401.34
NORTH,2026-05-19,1472825.32,519035226.66
NORTH,2026-05-20,2863359.45,521898586.11
NORTH,2026-05-21,364386.76,522262972.87
NORTH,2026-05-22,35861.67,522298834.54
NORTH,2026-05-23,86264.42,522385098.96
NORTH,2026-05-24,1741368.54,524126467.5
NORTH,2026-05-27,166893.44,524293360.94
NORTH,2026-05-28,519443.78,524812804.72
NORTH,2026-05-29,50745.27,524863549.99
NORTH,2026-05-30,1167272.84,526030822.83
NORTH,2026-05-31,767631.71,526798454.54
NORTH,2026-06-01,1470127.99,528268582.53
NORTH,2026-06-02,417086.23,528685668.76
NORTH,2026-06-03,1531121.42,530216790.18
NORTH,2026-06-04,27877.79,530244667.97
NORTH,2026-06-05,239643.95,530484311.92
NORTH,2026-06-08,819292.92,531303604.84
NORTH,2026-06-10,126724.72,531430329.56
NORTH,2026-06-11,136629.18,531566958.74
NORTH,2026-06-12,562844.24,532129802.98
NORTH,2026-06-13,1021425.14,533151228.12
NORTH,2026-06-14,560219.77,533711447.89
NORTH,2026-06-15,1085185.88,534796633.77
NORTH,2026-06-19,47171.2,534843804.97
NORTH,2026-06-20,171267.52,535015072.49
NORTH,2026-06-21,43852.99,535058925.48
NORTH,2026-06-22,1007504.19,536066429.67
NORTH,2026-06-23,622972.87,536689402.54
NORTH,2026-06-24,146037.03,536835439.57
NORTH,2026-06-26,691110.14,537526549.71
NORTH,2026-06-27,1217984.44,538744534.15
NORTH,2026-06-28,236891.15,538981425.3
NORTH,2026-06-29,108313.41,539089738.71
NORTH,2026-06-30,100550.14,539190288.85
NORTH,2026-07-01,1246698.82,540436987.67
NORTH,2026-07-03,59742.22,540496729.89
NORTH,2026-07-04,1666552.79,542163282.68
NORTH,2026-07-05,642222.56,542805505.24
NORTH,2026-07-07,1595521.17,544401026.41
NORTH,2026-07-08,921490.4,545322516.81
NORTH,2026-07-10,201610.32,545524127.13
NORTH,2026-07-11,689646.04,546213773.17
NORTH,2026-07-12,1923231.06,548137004.23
NORTH,2026-07-13,6592.66,548143596.89
NORTH,2026-07-15,1167953.35,549311550.24
NORTH,2026-07-16,202680.37,549514230.61
NORTH,2026-07-17,249148.86,549763379.47
NORTH,2026-07-18,1000230.95,550763610.42
NORTH,2026-07-20,489690.38,551253300.8
NORTH,2026-07-21,63417.95,551316718.75
NORTH,2026-07-22,80035.18,551396753.93
NORTH,2026-07-24,82371.11,551479125.04
NORTH,2026-07-25,15729.99,551494855.03
NORTH,2026-07-26,70442.45,551565297.48
NORTH,2026-07-27,783941.41,552349238.89
NORTH,2026-07-28,321809.04,552671047.93
NORTH,2026-07-29,1061506.26,553732554.19
NORTH,2026-09-04,583503.15,554316057.34
NORTH,2026-09-05,439.62,554316496.96
NORTH,2026-09-11,200621.82,554517118.78
NORTH,2026-09-21,14931.18,554532049.96
NORTH,2026-09-22,815959.87,555348009.83
NORTH,2026-09-25,319260.63,555667270.46
NORTH,2026-10-08,14842.38,555682112.84
NORTH,2026-10-09,340003.65,556022116.49
NORTH,2026-10-17,9330.76,556031447.25
NORTH,2026-10-19,873015.21,556904462.46
NORTH,2026-10-26,473133.0,557377595.46
NORTH,2026-11-05,545133.24,557922728.7
NORTH,2026-11-09,468544.18,558391272.88
NORTH,2026-11-11,2294.59,558393567.47
NORTH,2026-11-27,1098942.89,559492510.36
NORTH,2026-12-02,70827.81,559563338.17
NORTH,2026-12-03,1199042.93,560762381.1
NORTH,2026-12-04,199290.37,560961671.47
NORTH,2026-12-12,12162.95,560973834.42
NORTH,2026-12-14,54478.94,561028313.36
NORTH,2026-12-21,609714.58,561638027.94
NORTH,2027-01-03,100709.96,561738737.9
NORTH,2027-01-11,178137.2,561916875.1
NORTH,2027-01-20,248171.06,562165046.16
NORTH,2027-01-26,212638.8,562377684.96
SOUTH,2024-01-01,68349.22,68349.22
SOUTH,2024-01-04,896923.41,965272.63
SOUTH,2024-01-05,782055.19,1747327.82
SOUTH,2024-01-07,605562.84,2352890.66
SOUTH,2024-01-08,1844719.19,4197609.85
SOUTH,2024-01-11,1975.22,4199585.07
SOUTH,2024-01-12,284567.87,4484152.94
SOUTH,2024-01-15,739640.47,5223793.41
SOUTH,2024-01-16,243364.62,5467158.03
SOUTH,2024-01-17,232480.41,5699638.44
SOUTH,2024-01-20,38737.95,5738376.39
SOUTH,2024-01-21,9369.53,5747745.92
SOUTH,2024-01-27,102701.32,5850447.24
SOUTH,2024-02-01,2008.98,5852456.22
SOUTH,2024-02-03,13713.52,5866169.74
SOUTH,2024-02-04,57614.32,5923784.06
SOUTH,2024-02-05,2374.29,5926158.35
SOUTH,2024-02-07,1073307.74,6999466.09
SOUTH,2024-02-09,519931.01,7519397.1
SOUTH,2024-02-12,247367.34,7766764.44
SOUTH,2024-02-15,365730.41,8132494.85
SOUTH,2024-02-17,200821.34,8333316.19
SOUTH,2024-02-18,1771136.52,10104452.71
SOUTH,2024-02-19,457547.0,10561999.71
SOUTH,2024-02-20,372477.57,10934477.28
SOUTH,2024-02-21,354716.02,11289193.3
SOUTH,2024-02-22,834989.04,12124182.34
SOUTH,2024-02-23,5044.7,12129227.04
SOUTH,2024-02-26,740007.78,12869234.82
SOUTH,2024-02-28,80050.87,12949285.69
SOUTH,2024-02-29,761428.23,13710713.92
SOUTH,2024-03-02,126905.11,13837619.03
SOUTH,2024-03-05,248820.28,14086439.31
SOUTH,2024-03-06,347709.4,14434148.71
SOUTH,2024-03-07,701.23,14434849.94
SOUTH,2024-03-09,13416.99,14448266.93
SOUTH,2024-03-15,129447.7,14577714.63
SOUTH,2024-03-18,644520.59,15222235.22
SOUTH,2024-03-25,316944.58,15539179.8
SOUTH,2024-03-29,56950.76,15596130.56
SOUTH,2024-03-30,183410.96,15779541.52
SOUTH,2024-03-31,75147.27,15854688.79
SOUTH,2024-04-06,174394.11,16029082.9
SOUTH,2024-04-07,172320.31,16201403.21
SOUTH,2024-04-08,685542.0,16886945.21
SOUTH,2024-04-09,1044557.04,17931502.25
SOUTH,2024-04-10,222136.36,18153638.61
SOUTH,2024-04-11,998543.91,19152182.52
SOUTH,2024-04-12,105444.02,19257626.54
SOUTH,2024-04-14,1878422.55,21136049.09
SOUTH,2024-04-15,558707.89,21694756.98
SOUTH,2024-04-16,572940.7,22267697.68
SOUTH,2024-04-19,888992.09,23156689.77
SOUTH,2024-04-20,865345.74,24022035.51
SOUTH,2024-04-25,450785.05,24472820.56
SOUTH,2024-04-28,568986.61,25041807.17
SOUTH,2024-04-30,1919.45,25043726.62
SOUTH,2024-05-01,97848.03,25141574.65
SOUTH,2024-05-02,214649.27,25356223.92
SOUTH,2024-05-03,184373.01,25540596.93
SOUTH,2024-05-04,994014.79,26534611.72
SOUTH,2024-05-06,13520.97,26548132.69
SOUTH,2024-05-07,213023.2,26761155.89
SOUTH,2024-05-08,154296.03,26915451.92
SOUTH,2024-05-09,213815.22,27129267.14
SOUTH,2024-05-10,464767.86,27594035.0
SOUTH,2024-05-11,1006320.97,28600355.97
SOUTH,2024-05-12,8805.06,28609161.03
SOUTH,2024-05-13,674330.43,29283491.46
SOUTH,2024-05-14,1616765.48,30900256.94
SOUTH,2024-05-15,46894.51,30947151.45
SOUTH,2024-05-16,167263.86,31114415.31
SOUTH,2024-05-17,110668.55,31225083.86
SOUTH,2024-05-19,517545.68,31742629.54
SOUTH,2024-05-21,30021.24,31772650.78
SOUTH,2024-05-23,99219.67,31871870.45
SOUTH,2024-05-25,148001.99,32019872.44
SOUTH,2024-05-27,494773.21,32514645.65
SOUTH,2024-05-30,219646.93,32734292.58
SOUTH,2024-06-01,361134.68,33095427.26
SOUTH,2024-06-04,453525.18,33548952.44
SOUTH,2024-06-05,136262.44,33685214.88
SOUTH,2024-06-06,442147.69,34127362.57
SOUTH,2024-06-07,38917.59,34166280.16
SOUTH,2024-06-10,762892.56,34929172.72
SOUTH,2024-06-11,252253.91,35181426.63
SOUTH,2024-06-13,263475.31,35444901.94
SOUTH,2024-06-15,71110.02,35516011.96
SOUTH,2024-06-16,194436.71,35710448.67
SOUTH,2024-06-18,37097.09,35747545.76
SOUTH,2024-06-21,1387070.64,37134616.4
SOUTH,2024-06-24,458227.42,37592843.82
SOUTH,2024-06-25,735736.8,38328580.62
SOUTH,2024-06-27,431310.0,38759890.62
SOUTH,2024-06-28,8623.83,38768514.45
SOUTH,2024-06-29,103343.95,38871858.4
SOUTH,2024-06-30,803582.48,39675440.88
SOUTH,2024-07-01,7270.8,39682711.68
SOUTH,2024-07-02,260942.27,39943653.95
SOUTH,2024-07-05,78478.39,40022132.34
SOUTH,2024-07-06,719649.17,40741781.51
SOUTH,2024-07-09,247983.43,40989764.94
SOUTH,2024-07-12,1002471.63,41992236.57
SOUTH,2024-07-13,801070.05,42793306.62
SOUTH,2024-07-17,72673.45,42865980.07
SOUTH,2024-07-18,100448.13,42966428.2
SOUTH,2024-07-23,2693.23,42969121.43
SOUTH,2024-07-24,18969.56,42988090.99
SOUTH,2024-07-27,144211.24,43132302.23
SOUTH,2024-07-29,366107.07,43498409.3
SOUTH,2024-08-02,470501.07,43968910.37
SOUTH,2024-08-03,282611.03,44251521.4
SOUTH,2024-08-04,50088.13,44301609.53
SOUTH,2024-08-06,308505.24,44610114.77
SOUTH,2024-08-10,619893.35,45230008.12
SOUTH,2024-08-12,60625.76,45290633.88
SOUTH,2024-08-15,12632.56,45303266.44
SOUTH,2024-08-16,3389.98,45306656.42
SOUTH,2024-08-19,500096.37,45806752.79
SOUTH,2024-08-21,268170.78,46074923.57
SOUTH,2024-08-28,1043012.33,47117935.9
SOUTH,2024-08-29,326981.26,47444917.16
SOUTH,2024-09-01,160927.63,47605844.79
SOUTH,2024-09-03,216208.72,47822053.51
SOUTH,2024-09-05,240035.44,48062088.95
SOUTH,2024-09-06,475582.46,48537671.41
SOUTH,2024-09-11,296910.83,48834582.24
SOUTH,2024-09-12,1910.5,48836492.74
SOUTH,2024-09-13,11495.89,48847988.63
SOUTH,2024-09-15,42717.9,48890706.53
SOUTH,2024-09-17,565605.73,49456312.26
SOUTH,2024-09-18,586922.92,50043235.18
SOUTH,2024-09-20,687521.15,50730756.33
SOUTH,2024-09-21,297587.72,51028344.05
SOUTH,2024-09-22,47257.3,51075601.35
SOUTH,2024-09-23,844815.25,51920416.6
SOUTH,2024-09-24,1041429.3,52961845.9
SOUTH,2024-09-26,919810.22,53881656.12
SOUTH,2024-09-27,7700.81,53889356.93
SOUTH,2024-09-29,495624.45,54384981.38
SOUTH,2024-10-01,1024190.11,55409171.49
SOUTH,2024-10-02,668925.52,56078097.01
SOUTH,2024-10-03,615771.37,56693868.38
SOUTH,2024-10-04,3958445.19,60652313.57
SOUTH,2024-10-05,647663.16,61299976.73
SOUTH,2024-10-06,953161.82,62253138.55
SOUTH,2024-10-07,1005499.1,63258637.65
SOUTH,2024-10-08,458357.81,63716995.46
SOUTH,2024-10-10,1326750.34,65043745.8
SOUTH,2024-10-11,783611.35,65827357.15
SOUTH,2024-10-12,320540.13,66147897.28
SOUTH,2024-10-13,706181.74,66854079.02
SOUTH,2024-10-15,622056.04,67476135.06
SOUTH,2024-10-16,288373.45,67764508.51
SOUTH,2024-10-17,381447.08,68145955.59
SOUTH,2024-10-18,37791.29,68183746.88
SOUTH,2024-10-19,896107.28,69079854.16
SOUTH,2024-10-20,176420.67,69256274.83
SOUTH,2024-10-21,964611.98,70220886.81
SOUTH,2024-10-22,1345128.99,71566015.8
SOUTH,2024-10-23,40694.68,71606710.48
SOUTH,2024-10-24,894734.13,72501444.61
SOUTH,2024-10-25,11233.27,72512677.88
SOUTH,2024-10-26,1054543.49,73567221.37
SOUTH,2024-10-27,1312622.49,74879843.86
SOUTH,2024-10-28,728762.78,75608606.64
SOUTH,2024-10-31,11313.15,75619919.79
SOUTH,2024-11-01,1395192.57,77015112.36
SOUTH,2024-11-02,101249.68,77116362.04
SOUTH,2024-11-03,331327.44,77447689.48
SOUTH,2024-11-04,5144.79,77452834.27
SOUTH,2024-11-05,1037414.22,78490248.49
SOUTH,2024-11-07,655134.44,79145382.93
SOUTH,2024-11-08,294385.81,79439768.74
SOUTH,2024-11-09,77216.05,79516984.79
SOUTH,2024-11-10,916857.0,80433841.79
SOUTH,2024-11-12,369606.14,80803447.93
SOUTH,2024-11-13,575451.29,81378899.22
SOUTH,2024-11-14,1606600.64,82985499.86
SOUTH,2024-11-15,9664.84,82995164.7
SOUTH,2024-11-16,432353.58,83427518.28
SOUTH,2024-11-17,51207.93,83478726.21
SOUTH,2024-11-18,199251.28,83677977.49
SOUTH,2024-11-19,864691.74,84542669.23
SOUTH,2024-11-20,232420.69,84775089.92
SOUTH,2024-11-22,1275860.3,86050950.22
SOUTH,2024-11-23,1139836.78,87190787.0
SOUTH,2024-11-24,1187021.85,88377808.85
SOUTH,2024-11-25,228170.99,88605979.84
SOUTH,2024-11-26,1585665.88,90191645.72
SOUTH,2024-11-27,2155314.87,92346960.59
SOUTH,2024-11-28,1240.38,92348200.97
SOUTH,2024-11-30,1390846.89,93739047.86
SOUTH,2024-12-01,1188985.65,94928033.51
SOUTH,2024-12-02,71891.44,94999924.95
SOUTH,2024-12-03,1968633.44,96968558.39
SOUTH,2024-12-04,1024967.13,97993525.52
SOUTH,2024-12-05,564041.61,98557567.13
SOUTH,2024-12-06,709073.06,99266640.19
SOUTH,2024-12-07,491058.68,99757698.87
SOUTH,2024-12-08,1658117.79,101415816.66
SOUTH,2024-12-10,117399.72,101533216.38
SOUTH,2024-12-11,1655562.55,103188778.93
SOUTH,2024-12-12,81787.58,103270566.51
SOUTH,2024-12-13,435195.83,103705762.34
SOUTH,2024-12-15,10502.38,103716264.72
SOUTH,2024-12-16,1520110.91,105236375.63
SOUTH,2024-12-17,187277.12,105423652.75
SOUTH,2024-12-18,1384301.6,106807954.35
SOUTH,2024-12-19,715855.99,107523810.34
SOUTH,2024-12-20,1489340.91,109013151.25
SOUTH,2024-12-21,829152.73,109842303.98
SOUTH,2024-12-22,133626.34,109975930.32
SOUTH,2024-12-23,1269270.76,111245201.08
SOUTH,2024-12-25,1805928.78,113051129.86
SOUTH,2024-12-26,139087.23,113190217.09
SOUTH,2024-12-27,659826.99,113850044.08
SOUTH,2024-12-28,700468.85,114550512.93
SOUTH,2024-12-29,7007.15,114557520.08
SOUTH,2025-01-02,735651.29,115293171.37
SOUTH,2025-01-11,190614.71,115483786.08
SOUTH,2025-01-14,1347981.95,116831768.03
SOUTH,2025-01-16,338062.49,117169830.52
SOUTH,2025-01-17,362863.13,117532693.65
SOUTH,2025-01-19,224341.01,117757034.66
SOUTH,2025-01-20,68738.52,117825773.18
SOUTH,2025-01-21,937469.16,118763242.34
SOUTH,2025-01-23,883356.87,119646599.21
SOUTH,2025-01-26,131908.69,119778507.9
SOUTH,2025-01-27,10777.09,119789284.99
SOUTH,2025-01-28,383738.88,120173023.87
SOUTH,2025-01-30,39542.94,120212566.81
SOUTH,2025-01-31,941950.23,121154517.04
SOUTH,2025-02-01,164926.31,121319443.35
SOUTH,2025-02-05,484.41,121319927.76
SOUTH,2025-02-06,92506.98,121412434.74
SOUTH,2025-02-09,599258.72,122011693.46
SOUTH,2025-02-11,9351.34,122021044.8
SOUTH,2025-02-13,47818.86,122068863.66
SOUTH,2025-02-14,1142452.15,123211315.81
SOUTH,2025-02-16,443740.76,123655056.57
SOUTH,2025-02-18,639897.06,124294953.63
SOUTH,2025-02-19,222978.53,124517932.16
SOUTH,2025-02-20,158214.01,124676146.17
SOUTH,2025-02-21,16902.28,124693048.45
SOUTH,2025-02-23,436125.5,125129173.95
SOUTH,2025-02-27,27386.52,125156560.47
SOUTH,2025-02-28,238732.47,125395292.94
SOUTH,2025-03-01,4384.57,125399677.51
SOUTH,2025-03-02,1004897.99,126404575.5
SOUTH,2025-03-03,74828.11,126479403.61
SOUTH,2025-03-04,84518.88,126563922.49
SOUTH,2025-03-05,603513.25,127167435.74
SOUTH,2025-03-06,24032.13,127191467.87
SOUTH,2025-03-07,219719.39,127411187.26
SOUTH,2025-03-08,332311.39,127743498.65
SOUTH,2025-03-09,4239.91,127747738.56
SOUTH,2025-03-11,136033.34,127883771.9
SOUTH,2025-03-13,343589.91,128227361.81
SOUTH,2025-03-14,13763.19,128241125.0
SOUTH,2025-03-15,85539.68,128326664.68
SOUTH,2025-03-17,5982.26,128332646.94
SOUTH,2025-03-19,411490.54,128744137.48
SOUTH,2025-03-20,791892.4,129536029.88
SOUTH,2025-03-21,210212.51,129746242.39
SOUTH,2025-03-22,12358.6,129758600.99
SOUTH,2025-03-23,1191350.29,130949951.28
SOUTH,2025-03-24,543566.56,131493517.84
SOUTH,2025-03-26,46243.96,131539761.8
SOUTH,2025-03-27,21754.19,131561515.99
SOUTH,2025-03-28,128401.02,131689917.01
SOUTH,2025-03-31,1024548.32,132714465.33
SOUTH,2025-04-02,347370.24,133061835.57
SOUTH,2025-04-03,596916.25,133658751.82
SOUTH,2025-04-06,133451.62,133792203.44
SOUTH,2025-04-07,40296.2,133832499.64
SOUTH,2025-04-10,1491.9,133833991.54
SOUTH,2025-04-15,64100.37,133898091.91
SOUTH,2025-04-17,172578.06,134070669.97
SOUTH,2025-04-18,44155.82,134114825.79
SOUTH,2025-04-19,134766.35,134249592.14
SOUTH,2025-04-21,413113.08,134662705.22
SOUTH,2025-04-23,1537003.47,136199708.69
SOUTH,2025-04-25,155168.03,136354876.72
SOUTH,2025-04-26,781734.81,137136611.53
SOUTH,2025-04-29,145898.01,137282509.54
SOUTH,2025-04-30,244863.31,137527372.85
SOUTH,2025-05-01,62728.16,137590101.01
SOUTH,2025-05-02,1346231.75,138936332.76
SOUTH,2025-05-04,169076.74,139105409.5
SOUTH,2025-05-06,531110.5,139636520.0
SOUTH,2025-05-09,782590.54,140419110.54
SOUTH,2025-05-10,571799.13,140990909.67
SOUTH,2025-05-12,763646.96,141754556.63
SOUTH,2025-05-13,12447.81,141767004.44
SOUTH,2025-05-16,432590.26,142199594.7
SOUTH,2025-05-17,764876.23,142964470.93
SOUTH,2025-05-19,226814.98,143191285.91
SOUTH,2025-05-21,4534.23,143195820.14
SOUTH,2025-05-23,120055.05,143315875.19
SOUTH,2025-05-24,174252.84,143490128.03
SOUTH,2025-05-26,64591.21,143554719.24
SOUTH,2025-05-31,37473.84,143592193.08
SOUTH,2025-06-01,909470.44,144501663.52
SOUTH,2025-06-04,132830.27,144634493.79
SOUTH,2025-06-05,63215.9,144697709.69
SOUTH,2025-06-06,7438.9,144705148.59
SOUTH,2025-06-07,67329.55,144772478.14
SOUTH,2025-06-08,741224.85,145513702.99
SOUTH,2025-06-09,196021.61,145709724.6
SOUTH,2025-06-13,409013.08,146118737.68
SOUTH,2025-06-14,3347.7,146122085.38
SOUTH,2025-06-15,166188.12,146288273.5
SOUTH,2025-06-19,530527.76,146818801.26
SOUTH,2025-06-21,102441.15,146921242.41
SOUTH,2025-06-22,66750.52,146987992.93
SOUTH,2025-06-23,416035.22,147404028.15
SOUTH,2025-06-27,721592.36,148125620.51
SOUTH,2025-06-28,112682.7,148238303.21
SOUTH,2025-06-29,755639.29,148993942.5
SOUTH,2025-07-01,7805.09,149001747.59
SOUTH,2025-07-04,2638.29,149004385.88
SOUTH,2025-07-06,252165.5,149256551.38
SOUTH,2025-07-07,358273.77,149614825.15
SOUTH,2025-07-10,435495.96,150050321.11
SOUTH,2025-07-11,351466.52,150401787.63
SOUTH,2025-07-15,641301.02,151043088.65
SOUTH,2025-07-16,13144.45,151056233.1
SOUTH,2025-07-17,2384.26,151058617.36
SOUTH,2025-07-18,47227.16,151105844.52
SOUTH,2025-07-20,963589.86,152069434.38
SOUTH,2025-07-21,12815.85,152082250.23
SOUTH,2025-07-24,4496.65,152086746.88
SOUTH,2025-07-25,767411.8,152854158.68
SOUTH,2025-07-26,17588.62,152871747.3
SOUTH,2025-07-31,596.49,152872343.79
SOUTH,2025-08-01,365962.42,153238306.21
SOUTH,2025-08-02,929647.44,154167953.65
SOUTH,2025-08-03,52896.67,154220850.32
SOUTH,2025-08-04,47559.28,154268409.6
SOUTH,2025-08-05,288493.81,154556903.41
SOUTH,2025-08-07,503300.04,155060203.45
SOUTH,2025-08-08,1067793.94,156127997.39
SOUTH,2025-08-09,431365.65,156559363.04
SOUTH,2025-08-10,532892.88,157092255.92
SOUTH,2025-08-11,17032.86,157109288.78
SOUTH,2025-08-12,453606.02,157562894.8
SOUTH,2025-08-14,32267.54,157595162.34
SOUTH,2025-08-16,68573.63,157663735.97
SOUTH,2025-08-18,1101808.49,158765544.46
SOUTH,2025-08-25,184135.93,158949680.39
SOUTH,2025-08-26,254564.47,159204244.86
SOUTH,2025-08-27,726804.84,159931049.7
SOUTH,2025-08-29,834535.82,160765585.52
SOUTH,2025-08-30,166287.76,160931873.28
SOUTH,2025-09-05,6511.76,160938385.04
SOUTH,2025-09-06,14938.13,160953323.17
SOUTH,2025-09-08,14710.11,160968033.28
SOUTH,2025-09-09,32741.68,161000774.96
SOUTH,2025-09-10,252557.42,161253332.38
SOUTH,2025-09-11,85700.88,161339033.26
SOUTH,2025-09-14,227155.14,161566188.4
SOUTH,2025-09-15,775011.45,162341199.85
SOUTH,2025-09-16,8219.09,162349418.94
SOUTH,2025-09-17,469.98,162349888.92
SOUTH,2025-09-18,538634.71,162888523.63
SOUTH,2025-09-20,580137.48,163468661.11
SOUTH,2025-09-21,1447990.53,164916651.64
SOUTH,2025-09-23,564527.5,165481179.14
SOUTH,2025-09-24,356686.11,165837865.25
SOUTH,2025-09-25,716318.63,166554183.88
SOUTH,2025-09-27,1053.74,166555237.62
SOUTH,2025-10-01,108185.82,166663423.44
SOUTH,2025-10-02,946747.95,167610171.39
SOUTH,2025-10-03,658862.21,168269033.6
SOUTH,2025-10-04,978606.59,169247640.19
SOUTH,2025-10-05,642441.51,169890081.7
SOUTH,2025-10-06,438326.64,170328408.34
SOUTH,2025-10-07,163640.18,170492048.52
SOUTH,2025-10-08,500640.75,170992689.27
SOUTH,2025-10-09,548115.53,171540804.8
SOUTH,2025-10-10,328578.86,171869383.66
SOUTH,2025-10-11,2054417.69,173923801.35
SOUTH,2025-10-12,913020.44,174836821.79
SOUTH,2025-10-13,465252.35,175302074.14
SOUTH,2025-10-14,738076.89,176040151.03
SOUTH,2025-10-15,420357.6,176460508.63
SOUTH,2025-10-16,1100943.87,177561452.5
SOUTH,2025-10-17,849865.21,178411317.71
SOUTH,2025-10-18,129878.88,178541196.59
SOUTH,2025-10-19,1362041.68,179903238.27
SOUTH,2025-10-20,280028.61,180183266.88
SOUTH,2025-10-21,1882419.8,182065686.68
SOUTH,2025-10-22,148823.5,182214510.18
SOUTH,2025-10-23,972593.45,183187103.63
SOUTH,2025-10-25,99736.28,183286839.91
SOUTH,2025-10-26,359640.24,183646480.15
SOUTH,2025-10-27,1581380.67,185227860.82
SOUTH,2025-10-28,558300.07,185786160.89
SOUTH,2025-11-01,569258.65,186355419.54
SOUTH,2025-11-02,1029.6,186356449.14
SOUTH,2025-11-03,136230.32,186492679.46
SOUTH,2025-11-04,32627.17,186525306.63
SOUTH,2025-11-05,131965.81,186657272.44
SOUTH,2025-11-06,1159166.69,187816439.13
SOUTH,2025-11-07,1306692.69,189123131.82
SOUTH,2025-11-08,308738.58,189431870.4
SOUTH,2025-11-09,718761.26,190150631.66
SOUTH,2025-11-10,873278.49,191023910.15
SOUTH,2025-11-11,784699.86,191808610.01
SOUTH,2025-11-12,309167.76,192117777.77
SOUTH,2025-11-13,652981.99,192770759.76
SOUTH,2025-11-14,154235.05,192924994.81
SOUTH,2025-11-15,731106.69,193656101.5
SOUTH,2025-11-16,24686.75,193680788.25
SOUTH,2025-11-17,910911.02,194591699.27
SOUTH,2025-11-18,1074883.92,195666583.19
SOUTH,2025-11-19,671324.08,196337907.27
SOUTH,2025-11-20,597023.4,196934930.67
SOUTH,2025-11-21,560989.66,197495920.33
SOUTH,2025-11-22,78557.7,197574478.03
SOUTH,2025-11-23,600565.07,198175043.1
SOUTH,2025-11-24,1401393.12,199576436.22
SOUTH,2025-11-25,1499096.92,201075533.14
SOUTH,2025-11-26,134646.0,201210179.14
SOUTH,2025-11-27,31432.22,201241611.36
SOUTH,2025-11-28,233522.12,201475133.48
SOUTH,2025-11-29,1025426.68,202500560.16
SOUTH,2025-11-30,24835.56,202525395.72
SOUTH,2025-12-01,1078445.49,203603841.21
SOUTH,2025-12-02,2516489.02,206120330.23
SOUTH,2025-12-03,722514.59,206842844.82
SOUTH,2025-12-04,1253475.41,208096320.23
SOUTH,2025-12-05,444530.45,208540850.68
SOUTH,2025-12-07,534990.6,209075841.28
SOUTH,2025-12-08,341035.44,209416876.72
SOUTH,2025-12-09,235111.61,209651988.33
SOUTH,2025-12-10,23494.35,209675482.68
SOUTH,2025-12-11,121098.8,209796581.48
SOUTH,2025-12-12,11583.48,209808164.96
SOUTH,2025-12-13,417460.74,210225625.7
SOUTH,2025-12-14,271288.03,210496913.73
SOUTH,2025-12-15,266663.72,210763577.45
SOUTH,2025-12-16,1871120.9,212634698.35
SOUTH,2025-12-18,96275.92,212730974.27
SOUTH,2025-12-19,1531333.7,214262307.97
SOUTH,2025-12-20,549181.17,214811489.14
SOUTH,2025-12-21,591618.12,215403107.26
SOUTH,2025-12-22,212221.18,215615328.44
SOUTH,2025-12-23,288346.59,215903675.03
SOUTH,2025-12-24,1229952.62,217133627.65
SOUTH,2025-12-25,428388.83,217562016.48
SOUTH,2025-12-26,593250.1,218155266.58
SOUTH,2025-12-27,2000793.81,220156060.39
SOUTH,2025-12-28,306728.62,220462789.01
SOUTH,2025-12-29,1075.98,220463864.99
SOUTH,2025-12-30,796699.01,221260564.0
SOUTH,2025-12-31,564811.46,221825375.46
SOUTH,2026-01-02,178532.11,222003907.57
SOUTH,2026-01-03,56474.74,222060382.31
SOUTH,2026-01-04,96232.29,222156614.6
SOUTH,2026-01-06,7390.42,222164005.02
SOUTH,2026-01-08,23676.95,222187681.97
SOUTH,2026-01-09,134621.5,222322303.47
SOUTH,2026-01-12,405695.26,222727998.73
SOUTH,2026-01-15,10858.93,222738857.66
SOUTH,2026-01-18,10270.75,222749128.41
SOUTH,2026-01-21,370188.52,223119316.93
SOUTH,2026-01-25,610825.48,223730142.41
SOUTH,2026-01-27,626753.58,224356895.99
SOUTH,2026-01-28,1342671.76,225699567.75
SOUTH,2026-01-29,748850.75,226448418.5
SOUTH,2026-01-31,364739.84,226813158.34
SOUTH,2026-02-01,431045.09,227244203.43
SOUTH,2026-02-02,747208.21,227991411.64
SOUTH,2026-02-04,98462.79,228089874.43
SOUTH,2026-02-07,1037499.94,229127374.37
SOUTH,2026-02-10,352388.8,229479763.17
SOUTH,2026-02-12,180373.15,229660136.32
SOUTH,2026-02-13,57851.92,229717988.24
SOUTH,2026-02-16,520865.36,230238853.6
SOUTH,2026-02-18,658530.73,230897384.33
SOUTH,2026-02-19,271971.01,231169355.34
SOUTH,2026-02-20,178116.91,231347472.25
SOUTH,2026-02-21,26182.95,231373655.2
SOUTH,2026-02-22,814941.31,232188596.51
SOUTH,2026-02-23,302562.52,232491159.03
SOUTH,2026-02-27,10161.28,232501320.31
SOUTH,2026-03-01,109800.72,232611121.03
SOUTH,2026-03-05,213962.81,232825083.84
SOUTH,2026-03-06,121974.17,232947058.01
SOUTH,2026-03-07,309048.16,233256106.17
SOUTH,2026-03-12,432345.45,233688451.62
SOUTH,2026-03-13,443783.82,234132235.44
SOUTH,2026-03-18,437029.16,234569264.6
SOUTH,2026-03-20,95675.28,234664939.88
SOUTH,2026-03-22,664732.78,235329672.66
SOUTH,2026-03-23,140663.12,235470335.78
SOUTH,2026-03-24,56575.19,235526910.97
SOUTH,2026-03-26,518290.77,236045201.74
SOUTH,2026-04-01,15625.91,236060827.65
SOUTH,2026-04-02,457319.65,236518147.3
SOUTH,2026-04-03,362164.79,236880312.09
SOUTH,2026-04-07,462701.89,237343013.98
SOUTH,2026-04-08,373625.07,237716639.05
SOUTH,2026-04-09,403707.54,238120346.59
SOUTH,2026-04-11,295636.59,238415983.18
SOUTH,2026-04-15,137748.09,238553731.27
SOUTH,2026-04-16,523385.93,239077117.2
SOUTH,2026-04-17,682292.1,239759409.3
SOUTH,2026-04-18,3849.23,239763258.53
SOUTH,2026-04-23,23166.03,239786424.56
SOUTH,2026-04-25,211421.8,239997846.36
SOUTH,2026-04-27,302752.44,240300598.8
SOUTH,2026-04-28,578403.66,240879002.46
SOUTH,2026-04-29,277169.46,241156171.92
SOUTH,2026-04-30,1382136.99,242538308.91
SOUTH,2026-05-01,13495.64,242551804.55
SOUTH,2026-05-03,233380.27,242785184.82
SOUTH,2026-05-04,383207.5,243168392.32
SOUTH,2026-05-07,110146.55,243278538.87
SOUTH,2026-05-11,827655.95,244106194.82
SOUTH,2026-05-14,201281.14,244307475.96
SOUTH,2026-05-15,3423.88,244310899.84
SOUTH,2026-05-16,207912.31,244518812.15
SOUTH,2026-05-17,80008.7,244598820.85
SOUTH,2026-05-20,14722.69,244613543.54
SOUTH,2026-05-21,41283.5,244654827.04
SOUTH,2026-05-23,27341.51,244682168.55
SOUTH,2026-05-24,406844.12,245089012.67
SOUTH,2026-05-28,379930.11,245468942.78
SOUTH,2026-06-02,1083405.88,246552348.66
SOUTH,2026-06-03,311286.86,246863635.52
SOUTH,2026-06-06,11812.8,246875448.32
SOUTH,2026-06-08,594842.69,247470291.01
SOUTH,2026-06-12,129700.1,247599991.11
SOUTH,2026-06-13,111968.4,247711959.51
SOUTH,2026-06-14,187259.71,247899219.22
SOUTH,2026-06-15,631156.73,248530375.95
SOUTH,2026-06-18,586547.41,249116923.36
SOUTH,2026-06-20,8337.1,249125260.46
SOUTH,2026-06-23,99372.32,249224632.78
SOUTH,2026-06-25,212626.64,249437259.42
SOUTH,2026-06-26,193626.87,249630886.29
SOUTH,2026-06-28,212929.73,249843816.02
SOUTH,2026-07-04,1279032.16,251122848.18
SOUTH,2026-07-05,26433.29,251149281.47
SOUTH,2026-07-08,1872.85,251151154.32
SOUTH,2026-07-10,406521.11,251557675.43
SOUTH,2026-07-11,299669.21,251857344.64
SOUTH,2026-07-15,315195.16,252172539.8
SOUTH,2026-07-17,662004.12,252834543.92
SOUTH,2026-07-18,196376.01,253030919.93
SOUTH,2026-07-19,167.14,253031087.07
SOUTH,2026-07-22,181712.11,253212799.18
SOUTH,2026-07-25,315949.92,253528749.1
SOUTH,2026-07-28,166643.74,253695392.84
SOUTH,2026-07-29,268228.11,253963620.95
SOUTH,2026-10-02,293.29,253963914.24
SOUTH,2026-10-15,130002.24,254093916.48
SOUTH,2026-10-17,258189.95,254352106.43
SOUTH,2026-10-25,9380.23,254361486.66
SOUTH,2026-11-25,59310.51,254420797.17
SOUTH,2026-12-08,837.83,254421635.0
SOUTH,2026-12-23,84815.14,254506450.14
SOUTH,2027-01-25,410413.64,254916863.78
WEST,2024-01-02,15965.35,15965.35
WEST,2024-01-03,86818.15,102783.5
WEST,2024-01-05,28112.18,130895.68
WEST,2024-01-06,432057.89,562953.57
WEST,2024-01-07,1270668.12,1833621.69
WEST,2024-01-08,321571.79,2155193.48
WEST,2024-01-10,53102.93,2208296.41
WEST,2024-01-11,487887.55,2696183.96
WEST,2024-01-12,8250.4,2704434.36
WEST,2024-01-13,10801.37,2715235.73
WEST,2024-01-16,440790.87,3156026.6
WEST,2024-01-17,702111.03,3858137.63
WEST,2024-01-18,223557.66,4081695.29
WEST,2024-01-19,60148.34,4141843.63
WEST,2024-01-20,884174.59,5026018.22
WEST,2024-01-22,232446.61,5258464.83
WEST,2024-01-23,536182.63,5794647.46
WEST,2024-01-27,124331.44,5918978.9
WEST,2024-02-03,2542.31,5921521.21
WEST,2024-02-05,489634.9,6411156.11
WEST,2024-02-07,114143.75,6525299.86
WEST,2024-02-08,48153.58,6573453.44
WEST,2024-02-09,600859.74,7174313.18
WEST,2024-02-10,4800.6,7179113.78
WEST,2024-02-11,156923.35,7336037.13
WEST,2024-02-12,321746.77,7657783.9
WEST,2024-02-13,523864.73,8181648.63
WEST,2024-02-14,4272.36,8185920.99
WEST,2024-02-15,468944.74,8654865.73
WEST,2024-02-16,782356.73,9437222.46
WEST,2024-02-19,46802.73,9484025.19
WEST,2024-02-20,1543277.51,11027302.7
WEST,2024-02-22,798960.48,11826263.18
WEST,2024-02-24,281553.35,12107816.53
WEST,2024-02-25,687187.54,12795004.07
WEST,2024-02-26,601332.52,13396336.59
WEST,2024-02-27,5865.24,13402201.83
WEST,2024-02-28,266891.81,13669093.64
WEST,2024-02-29,641492.84,14310586.48
WEST,2024-03-02,630140.69,14940727.17
WEST,2024-03-03,1360841.72,16301568.89
WEST,2024-03-04,959009.16,17260578.05
WEST,2024-03-05,305539.88,17566117.93
WEST,2024-03-06,410098.3,17976216.23
WEST,2024-03-07,1070554.26,19046770.49
WEST,2024-03-08,16642.33,19063412.82
WEST,2024-03-11,16861.12,19080273.94
WEST,2024-03-12,28366.75,19108640.69
WEST,2024-03-13,400439.85,19509080.54
WEST,2024-03-14,766102.38,20275182.92
WEST,2024-03-16,44675.73,20319858.65
WEST,2024-03-20,769084.79,21088943.44
WEST,2024-03-21,21811.86,21110755.3
WEST,2024-03-22,13555.52,21124310.82
WEST,2024-03-25,689170.01,21813480.83
WEST,2024-03-26,496771.9,22310252.73
WEST,2024-03-28,63261.6,22373514.33
WEST,2024-03-29,12703.05,22386217.38
WEST,2024-03-31,225391.01,22611608.39
WEST,2024-04-01,223961.78,22835570.17
WEST,2024-04-02,1091404.42,23926974.59
WEST,2024-04-03,1607437.77,25534412.36
WEST,2024-04-04,151661.16,25686073.52
WEST,2024-04-05,275380.55,25961454.07
WEST,2024-04-06,99362.76,26060816.83
WEST,2024-04-08,26868.62,26087685.45
WEST,2024-04-09,827898.17,26915583.62
WEST,2024-04-10,364324.78,27279908.4
WEST,2024-04-12,474841.87,27754750.27
WEST,2024-04-13,796814.12,28551564.39
WEST,2024-04-15,736628.3,29288192.69
WEST,2024-04-16,390228.32,29678421.01
WEST,2024-04-17,40171.53,29718592.54
WEST,2024-04-20,780137.76,30498730.3
WEST,2024-04-21,79825.58,30578555.88
WEST,2024-04-22,127240.98,30705796.86
WEST,2024-04-23,800132.27,31505929.13
WEST,2024-04-24,75092.15,31581021.28
WEST,2024-04-25,260674.76,31841696.04
WEST,2024-04-26,9720.1,31851416.14
WEST,2024-04-27,683323.97,32534740.11
WEST,2024-04-28,161003.58,32695743.69
WEST,2024-04-29,388215.48,33083959.17
WEST,2024-04-30,492381.6,33576340.77
WEST,2024-05-01,57438.84,33633779.61
WEST,2024-05-02,599076.38,34232855.99
WEST,2024-05-03,347848.93,34580704.92
WEST,2024-05-04,645161.02,35225865.94
WEST,2024-05-05,41000.83,35266866.77
WEST,2024-05-10,233056.95,35499923.72
WEST,2024-05-11,336365.31,35836289.03
WEST,2024-05-12,103720.03,35940009.06
WEST,2024-05-16,74077.23,36014086.29
WEST,2024-05-19,98369.56,36112455.85
WEST,2024-05-21,510897.22,36623353.07
WEST,2024-05-23,730721.22,37354074.29
WEST,2024-05-25,593829.27,37947903.56
WEST,2024-05-28,6915.98,37954819.54
WEST,2024-06-01,379926.92,38334746.46
WEST,2024-06-02,32784.12,38367530.58
WEST,2024-06-06,849868.49,39217399.07
WEST,2024-06-07,9543.75,39226942.82
WEST,2024-06-08,792166.38,40019109.2
WEST,2024-06-09,198568.8,40217678.0
WEST,2024-06-10,205005.03,40422683.03
WEST,2024-06-11,983843.43,41406526.46
WEST,2024-06-13,1190376.16,42596902.62
WEST,2024-06-14,227978.33,42824880.95
WEST,2024-06-15,17052.07,42841933.02
WEST,2024-06-16,4594.08,42846527.1
WEST,2024-06-17,793625.79,43640152.89
WEST,2024-06-18,25935.6,43666088.49
WEST,2024-06-19,591631.05,44257719.54
WEST,2024-06-20,44034.9,44301754.44
WEST,2024-06-21,672155.6,44973910.04
WEST,2024-06-22,364130.27,45338040.31
WEST,2024-06-23,580351.77,45918392.08
WEST,2024-06-25,584879.22,46503271.3
WEST,2024-06-29,693657.94,47196929.24
WEST,2024-06-30,31409.33,47228338.57
WEST,2024-07-01,59357.04,47287695.61
WEST,2024-07-02,414831.99,47702527.6
WEST,2024-07-03,78602.31,47781129.91
WEST,2024-07-05,634312.77,48415442.68
WEST,2024-07-06,5076.41,48420519.09
WEST,2024-07-07,2337.83,48422856.92
WEST,2024-07-08,712274.91,49135131.83
WEST,2024-07-09,26061.21,49161193.04
WEST,2024-07-10,14169.87,49175362.91
WEST,2024-07-11,106651.75,49282014.66
WEST,2024-07-12,179903.51,49461918.17
WEST,2024-07-13,3496.87,49465415.04
WEST,2024-07-15,107590.5,49573005.54
WEST,2024-07-18,867117.64,50440123.18
WEST,2024-07-22,345827.02,50785950.2
WEST,2024-07-23,811104.73,51597054.93
WEST,2024-07-24,11536.77,51608591.7
WEST,2024-07-25,1362169.83,52970761.53
WEST,2024-07-26,544026.4,53514787.93
WEST,2024-07-27,67826.14,53582614.07
WEST,2024-07-29,434615.27,54017229.34
WEST,2024-07-30,35455.15,54052684.49
WEST,2024-08-01,421339.55,54474024.04
WEST,2024-08-02,938891.91,55412915.95
WEST,2024-08-03,2298.97,55415214.92
WEST,2024-08-04,126686.98,55541901.9
WEST,2024-08-06,425724.09,55967625.99
WEST,2024-08-09,1460009.6,57427635.59
WEST,2024-08-11,640201.52,58067837.11
WEST,2024-08-12,617289.45,58685126.56
WEST,2024-08-13,504544.27,59189670.83
WEST,2024-08-14,923181.49,60112852.32
WEST,2024-08-15,202667.62,60315519.94
WEST,2024-08-16,334268.57,60649788.51
WEST,2024-08-17,23759.02,60673547.53
WEST,2024-08-18,110213.74,60783761.27
WEST,2024-08-19,1949873.63,62733634.9
WEST,2024-08-20,154731.17,62888366.07
WEST,2024-08-21,555953.71,63444319.78
WEST,2024-08-22,1245364.84,64689684.62
WEST,2024-08-23,38147.38,64727832.0
WEST,2024-08-24,109440.34,64837272.34
WEST,2024-08-25,61269.06,64898541.4
WEST,2024-08-26,84796.53,64983337.93
WEST,2024-08-27,204917.77,65188255.7
WEST,2024-08-29,293974.89,65482230.59
WEST,2024-08-30,409153.5,65891384.09
WEST,2024-08-31,895011.37,66786395.46
WEST,2024-09-01,3486.49,66789881.95
WEST,2024-09-03,12419.16,66802301.11
WEST,2024-09-05,1121842.73,67924143.84
WEST,2024-09-07,110562.61,68034706.45
WEST,2024-09-08,678986.31,68713692.76
WEST,2024-09-09,523772.58,69237465.34
WEST,2024-09-10,41713.98,69279179.32
WEST,2024-09-11,523097.52,69802276.84
WEST,2024-09-12,12307.76,69814584.6
WEST,2024-09-13,1101102.51,70915687.11
WEST,2024-09-14,142295.47,71057982.58
WEST,2024-09-15,17853.17,71075835.75
WEST,2024-09-16,131036.77,71206872.52
WEST,2024-09-17,961220.86,72168093.38
WEST,2024-09-19,29761.02,72197854.4
WEST,2024-09-20,24294.3,72222148.7
WEST,2024-09-21,65565.32,72287714.02
WEST,2024-09-23,317254.31,72604968.33
WEST,2024-09-24,92487.12,72697455.45
WEST,2024-09-26,281417.23,72978872.68
WEST,2024-09-27,43056.49,73021929.17
WEST,2024-09-28,30418.11,73052347.28
WEST,2024-09-29,932614.95,73984962.23
WEST,2024-09-30,156754.28,74141716.51
WEST,2024-10-01,918963.54,75060680.05
WEST,2024-10-02,1111979.04,76172659.09
WEST,2024-10-03,120503.42,76293162.51
WEST,2024-10-04,1194987.38,77488149.89
WEST,2024-10-05,992899.49,78481049.38
WEST,2024-10-06,2483469.21,80964518.59
WEST,2024-10-07,1272059.36,82236577.95
WEST,2024-10-08,753438.62,82990016.57
WEST,2024-10-09,1428150.25,84418166.82
WEST,2024-10-10,1362841.68,85781008.5
WEST,2024-10-11,141093.73,85922102.23
WEST,2024-10-12,1235890.95,87157993.18
WEST,2024-10-13,1831796.19,88989789.37
WEST,2024-10-14,1350353.79,90340143.16
WEST,2024-10-15,2157279.0,92497422.16
WEST,2024-10-16,2457365.6,94954787.76
WEST,2024-10-17,767920.3,95722708.06
WEST,2024-10-18,1785890.82,97508598.88
WEST,2024-10-19,1858427.28,99367026.16
WEST,2024-10-20,593873.22,99960899.38
WEST,2024-10-21,610566.54,100571465.92
WEST,2024-10-23,1294784.12,101866250.04
WEST,2024-10-24,1285178.59,103151428.63
WEST,2024-10-25,128870.87,103280299.5
WEST,2024-10-26,2465070.81,105745370.31
WEST,2024-10-27,1286066.4,107031436.71
WEST,2024-10-28,289170.48,107320607.19
WEST,2024-10-31,837037.49,108157644.68
WEST,2024-11-01,1593877.46,109751522.14
WEST,2024-11-02,846574.97,110598097.11
WEST,2024-11-03,1344702.86,111942799.97
WEST,2024-11-04,669203.09,112612003.06
WEST,2024-11-05,1081185.77,113693188.83
WEST,2024-11-06,721542.48,114414731.31
WEST,2024-11-07,764133.05,115178864.36
WEST,2024-11-08,1201062.05,116379926.41
WEST,2024-11-09,1139019.98,117518946.39
WEST,2024-11-10,990396.26,118509342.65
WEST,2024-11-11,76170.1,118585512.75
WEST,2024-11-12,284763.14,118870275.89
WEST,2024-11-13,1080969.01,119951244.9
WEST,2024-11-14,1490211.71,121441456.61
WEST,2024-11-15,2436275.0,123877731.61
WEST,2024-11-16,749874.12,124627605.73
WEST,2024-11-17,171486.81,124799092.54
WEST,2024-11-18,637972.61,125437065.15
WEST,2024-11-19,910740.31,126347805.46
WEST,2024-11-20,605358.74,126953164.2
WEST,2024-11-21,80960.58,127034124.78
WEST,2024-11-22,513968.67,127548093.45
WEST,2024-11-23,330965.83,127879059.28
WEST,2024-11-24,1138737.82,129017797.1
WEST,2024-11-25,70496.62,129088293.72
WEST,2024-11-26,330884.86,129419178.58
WEST,2024-11-27,728145.17,130147323.75
WEST,2024-11-28,572398.31,130719722.06
WEST,2024-11-29,7650.93,130727372.99
WEST,2024-11-30,644072.76,131371445.75
WEST,2024-12-01,909204.08,132280649.83
WEST,2024-12-02,413533.37,132694183.2
WEST,2024-12-03,1976119.08,134670302.28
WEST,2024-12-04,91163.05,134761465.33
WEST,2024-12-05,431982.08,135193447.41
WEST,2024-12-06,1464583.67,136658031.08
WEST,2024-12-07,199662.05,136857693.13
WEST,2024-12-08,555419.46,137413112.59
WEST,2024-12-09,920114.57,138333227.16
WEST,2024-12-10,938624.29,139271851.45
WEST,2024-12-11,1862784.03,141134635.48
WEST,2024-12-12,633609.48,141768244.96
WEST,2024-12-13,502536.0,142270780.96
WEST,2024-12-14,1019025.24,143289806.2
WEST,2024-12-15,21668.18,143311474.38
WEST,2024-12-16,2901.59,143314375.97
WEST,2024-12-17,781425.33,144095801.3
WEST,2024-12-18,893881.67,144989682.97
WEST,2024-12-19,338168.3,145327851.27
WEST,2024-12-20,2364073.15,147691924.42
WEST,2024-12-21,1567198.52,149259122.94
WEST,2024-12-22,468737.63,149727860.57
WEST,2024-12-23,600287.32,150328147.89
WEST,2024-12-24,944525.41,151272673.3
WEST,2024-12-25,530707.24,151803380.54
WEST,2024-12-26,800158.02,152603538.56
WEST,2024-12-27,60863.8,152664402.36
WEST,2024-12-28,48790.82,152713193.18
WEST,2024-12-29,1942968.55,154656161.73
WEST,2024-12-30,225903.65,154882065.38
WEST,2025-01-01,616366.93,155498432.31
WEST,2025-01-02,75841.49,155574273.8
WEST,2025-01-03,709971.3,156284245.1
WEST,2025-01-04,197202.47,156481447.57
WEST,2025-01-05,319076.95,156800524.52
WEST,2025-01-09,767349.61,157567874.13
WEST,2025-01-10,447857.83,158015731.96
WEST,2025-01-11,169958.3,158185690.26
WEST,2025-01-13,138220.39,158323910.65
WEST,2025-01-14,469989.0,158793899.65
WEST,2025-01-15,19627.9,158813527.55
WEST,2025-01-16,181840.82,158995368.37
WEST,2025-01-18,741346.62,159736714.99
WEST,2025-01-19,1098622.65,160835337.64
WEST,2025-01-20,132363.44,160967701.08
WEST,2025-01-21,110999.13,161078700.21
WEST,2025-01-22,653411.03,161732111.24
WEST,2025-01-23,10850.06,161742961.3
WEST,2025-01-24,101727.75,161844689.05
WEST,2025-01-25,20155.79,161864844.84
WEST,2025-01-26,20614.56,161885459.4
WEST,2025-01-27,354762.03,162240221.43
WEST,2025-01-28,39363.54,162279584.97
WEST,2025-01-30,269185.65,162548770.62
WEST,2025-01-31,82089.52,162630860.14
WEST,2025-02-01,548175.94,163179036.08
WEST,2025-02-02,252535.75,163431571.83
WEST,2025-02-03,991015.75,164422587.58
WEST,2025-02-04,600252.06,165022839.64
WEST,2025-02-06,121035.45,165143875.09
WEST,2025-02-07,273489.64,165417364.73
WEST,2025-02-08,3058.61,165420423.34
WEST,2025-02-11,152178.07,165572601.41
WEST,2025-02-13,127300.02,165699901.43
WEST,2025-02-14,1348259.85,167048161.28
WEST,2025-02-19,345979.29,167394140.57
WEST,2025-02-20,160984.58,167555125.15
WEST,2025-02-22,421857.23,167976982.38
WEST,2025-02-23,534115.27,168511097.65
WEST,2025-02-26,219950.22,168731047.87
WEST,2025-02-28,3963.53,168735011.4
WEST,2025-03-01,20177.04,168755188.44
WEST,2025-03-02,46019.78,168801208.22
WEST,2025-03-03,4200.37,168805408.59
WEST,2025-03-04,219306.65,169024715.24
WEST,2025-03-05,53036.0,169077751.24
WEST,2025-03-06,53017.94,169130769.18
WEST,2025-03-08,16698.88,169147468.06
WEST,2025-03-09,57260.12,169204728.18
WEST,2025-03-12,398720.51,169603448.69
WEST,2025-03-13,8953.79,169612402.48
WEST,2025-03-15,160679.28,169773081.76
WEST,2025-03-17,764822.01,170537903.77
WEST,2025-03-19,6910.24,170544814.01
WEST,2025-03-20,342595.17,170887409.18
WEST,2025-03-21,577405.09,171464814.27
WEST,2025-03-23,207499.35,171672313.62
WEST,2025-03-25,332436.64,172004750.26
WEST,2025-03-26,2027360.16,174032110.42
WEST,2025-03-27,169808.81,174201919.23
WEST,2025-03-28,91734.37,174293653.6
WEST,2025-03-30,277844.67,174571498.27
WEST,2025-03-31,466305.64,175037803.91
WEST,2025-04-03,138942.8,175176746.71
WEST,2025-04-06,648.34,175177395.05
WEST,2025-04-07,1076.5,175178471.55
WEST,2025-04-08,908934.15,176087405.7
WEST,2025-04-09,10488.57,176097894.27
WEST,2025-04-10,872636.07,176970530.34
WEST,2025-04-11,40597.4,177011127.74
WEST,2025-04-12,1115279.39,178126407.13
WEST,2025-04-13,100574.48,178226981.61
WEST,2025-04-15,415658.38,178642639.99
WEST,2025-04-17,353980.32,178996620.31
WEST,2025-04-18,2158530.45,181155150.76
WEST,2025-04-20,580907.29,181736058.05
WEST,2025-04-21,125694.64,181861752.69
WEST,2025-04-23,420906.94,182282659.63
WEST,2025-04-24,245374.88,182528034.51
WEST,2025-04-25,28013.81,182556048.32
WEST,2025-04-26,370438.82,182926487.14
WEST,2025-04-27,27326.32,182953813.46
WEST,2025-04-28,136188.79,183090002.25
WEST,2025-04-29,1531658.54,184621660.79
WEST,2025-04-30,341587.8,184963248.59
WEST,2025-05-01,10043.98,184973292.57
WEST,2025-05-02,313072.88,185286365.45
WEST,2025-05-03,49547.23,185335912.68
WEST,2025-05-07,47808.49,185383721.17
WEST,2025-05-08,119138.87,185502860.04
WEST,2025-05-11,742553.39,186245413.43
WEST,2025-05-12,913484.68,187158898.11
WEST,2025-05-13,807091.33,187965989.44
WEST,2025-05-14,177976.6,188143966.04
WEST,2025-05-16,101227.63,188245193.67
WEST,2025-05-17,25702.88,188270896.55
WEST,2025-05-19,363910.62,188634807.17
WEST,2025-05-21,499206.4,189134013.57
WEST,2025-05-22,182519.68,189316533.25
WEST,2025-05-26,152750.67,189469283.92
WEST,2025-05-27,2037.78,189471321.7
WEST,2025-05-29,128113.16,189599434.86
WEST,2025-05-31,452.45,189599887.31
WEST,2025-06-01,399407.84,189999295.15
WEST,2025-06-02,1239156.31,191238451.46
WEST,2025-06-04,14152.15,191252603.61
WEST,2025-06-06,38213.45,191290817.06
WEST,2025-06-08,105050.67,191395867.73
WEST,2025-06-09,1347444.51,192743312.24
WEST,2025-06-13,24017.08,192767329.32
WEST,2025-06-14,1090678.5,193858007.82
WEST,2025-06-15,320576.63,194178584.45
WEST,2025-06-16,84464.85,194263049.3
WEST,2025-06-17,15269.04,194278318.34
WEST,2025-06-18,158723.52,194437041.86
WEST,2025-06-20,780178.58,195217220.44
WEST,2025-06-23,144276.09,195361496.53
WEST,2025-06-24,7037.75,195368534.28
WEST,2025-06-27,652576.57,196021110.85
WEST,2025-06-28,505863.71,196526974.56
WEST,2025-06-29,109807.05,196636781.61
WEST,2025-07-02,404608.06,197041389.67
WEST,2025-07-04,3883.68,197045273.35
WEST,2025-07-06,470940.21,197516213.56
WEST,2025-07-07,1614748.94,199130962.5
WEST,2025-07-08,382987.01,199513949.51
WEST,2025-07-09,933397.79,200447347.3
WEST,2025-07-10,608343.03,201055690.33
WEST,2025-07-11,2292.95,201057983.28
WEST,2025-07-12,332415.36,201390398.64
WEST,2025-07-13,18769.56,201409168.2
WEST,2025-07-14,503582.92,201912751.12
WEST,2025-07-15,12819.96,201925571.08
WEST,2025-07-17,30484.3,201956055.38
WEST,2025-07-18,3404.61,201959459.99
WEST,2025-07-19,152951.29,202112411.28
WEST,2025-07-20,689360.27,202801771.55
WEST,2025-07-21,148347.63,202950119.18
WEST,2025-07-24,215466.34,203165585.52
WEST,2025-07-25,868353.7,204033939.22
WEST,2025-07-26,8128.41,204042067.63
WEST,2025-07-30,89377.5,204131445.13
WEST,2025-07-31,846099.05,204977544.18
WEST,2025-08-01,228568.33,205206112.51
WEST,2025-08-02,644024.69,205850137.2
WEST,2025-08-05,199485.61,206049622.81
WEST,2025-08-07,683035.98,206732658.79
WEST,2025-08-08,10929.43,206743588.22
WEST,2025-08-10,1010105.6,207753693.82
WEST,2025-08-11,490738.26,208244432.08
WEST,2025-08-13,2491.69,208246923.77
WEST,2025-08-14,163220.31,208410144.08
WEST,2025-08-15,362124.04,208772268.12
WEST,2025-08-16,504492.53,209276760.65
WEST,2025-08-18,321656.69,209598417.34
WEST,2025-08-19,877340.13,210475757.47
WEST,2025-08-20,60957.52,210536714.99
WEST,2025-08-22,24076.87,210560791.86
WEST,2025-08-23,1004217.13,211565008.99
WEST,2025-08-24,67270.5,211632279.49
WEST,2025-08-27,98225.76,211730505.25
WEST,2025-08-28,698001.11,212428506.36
WEST,2025-08-29,1070123.6,213498629.96
WEST,2025-08-30,283679.14,213782309.1
WEST,2025-08-31,945700.6,214728009.7
WEST,2025-09-01,358595.02,215086604.72
WEST,2025-09-02,355.69,215086960.41
WEST,2025-09-03,4173.21,215091133.62
WEST,2025-09-04,3653.43,215094787.05
WEST,2025-09-06,30944.43,215125731.48
WEST,2025-09-07,1018877.62,216144609.1
WEST,2025-09-10,177597.23,216322206.33
WEST,2025-09-11,69061.56,216391267.89
WEST,2025-09-12,3024.66,216394292.55
WEST,2025-09-13,17168.46,216411461.01
WEST,2025-09-14,65027.33,216476488.34
WEST,2025-09-15,6552.89,216483041.23
WEST,2025-09-17,111241.93,216594283.16
WEST,2025-09-18,454439.76,217048722.92
WEST,2025-09-20,206410.32,217255133.24
WEST,2025-09-21,175876.57,217431009.81
WEST,2025-09-22,1186839.19,218617849.0
WEST,2025-09-23,1138043.04,219755892.04
WEST,2025-09-25,2332.61,219758224.65
WEST,2025-09-26,1189926.63,220948151.28
WEST,2025-09-27,88353.73,221036505.01
WEST,2025-09-28,25935.09,221062440.1
WEST,2025-09-29,485887.93,221548328.03
WEST,2025-10-01,2974759.95,224523087.98
WEST,2025-10-02,1428.97,224524516.95
WEST,2025-10-03,974708.14,225499225.09
WEST,2025-10-04,728362.9,226227587.99
WEST,2025-10-05,566963.68,226794551.67
WEST,2025-10-06,709053.92,227503605.59
WEST,2025-10-07,890388.21,228393993.8
WEST,2025-10-08,11323.4,228405317.2
WEST,2025-10-09,1631721.99,230037039.19
WEST,2025-10-10,27528.21,230064567.4
WEST,2025-10-11,1102454.86,231167022.26
WEST,2025-10-12,997306.01,232164328.27
WEST,2025-10-13,160370.68,232324698.95
WEST,2025-10-14,715487.96,233040186.91
WEST,2025-10-15,471330.14,233511517.05
WEST,2025-10-16,995911.62,234507428.67
WEST,2025-10-17,1355275.62,235862704.29
WEST,2025-10-18,1010379.21,236873083.5
WEST,2025-10-19,35587.13,236908670.63
WEST,2025-10-20,2027764.42,238936435.05
WEST,2025-10-21,660464.7,239596899.75
WEST,2025-10-22,259221.49,239856121.24
WEST,2025-10-23,682054.22,240538175.46
WEST,2025-10-24,625746.72,241163922.18
WEST,2025-10-25,1281953.54,242445875.72
WEST,2025-10-26,1077543.4,243523419.12
WEST,2025-10-27,316439.13,243839858.25
WEST,2025-10-28,1136497.47,244976355.72
WEST,2025-10-29,14725.2,244991080.92
WEST,2025-10-30,303403.94,245294484.86
WEST,2025-10-31,1145333.05,246439817.91
WEST,2025-11-01,39438.64,246479256.55
WEST,2025-11-02,691576.92,247170833.47
WEST,2025-11-03,414289.71,247585123.18
WEST,2025-11-04,336113.33,247921236.51
WEST,2025-11-05,1765087.84,249686324.35
WEST,2025-11-06,1453553.66,251139878.01
WEST,2025-11-07,1065964.05,252205842.06
WEST,2025-11-08,247997.93,252453839.99
WEST,2025-11-09,1576299.1,254030139.09
WEST,2025-11-10,2447833.87,256477972.96
WEST,2025-11-11,535250.87,257013223.83
WEST,2025-11-12,13595.64,257026819.47
WEST,2025-11-13,923310.16,257950129.63
WEST,2025-11-14,401814.49,258351944.12
WEST,2025-11-15,567906.24,258919850.36
WEST,2025-11-16,1280939.38,260200789.74
WEST,2025-11-17,1170737.46,261371527.2
WEST,2025-11-18,1160575.21,262532102.41
WEST,2025-11-19,1253269.58,263785371.99
WEST,2025-11-20,1774982.51,265560354.5
WEST,2025-11-21,1336399.77,266896754.27
WEST,2025-11-22,9893.08,266906647.35
WEST,2025-11-23,287419.08,267194066.43
WEST,2025-11-24,511457.01,267705523.44
WEST,2025-11-25,1869032.14,269574555.58
WEST,2025-11-26,486303.85,270060859.43
WEST,2025-11-27,500357.36,270561216.79
WEST,2025-11-28,587370.92,271148587.71
WEST,2025-11-29,103319.34,271251907.05
WEST,2025-12-01,1169457.14,272421364.19
WEST,2025-12-02,1079541.06,273500905.25
WEST,2025-12-03,1071281.77,274572187.02
WEST,2025-12-04,145978.42,274718165.44
WEST,2025-12-05,2632731.74,277350897.18
WEST,2025-12-06,1053307.87,278404205.05
WEST,2025-12-07,359380.31,278763585.36
WEST,2025-12-08,401494.73,279165080.09
WEST,2025-12-09,2549118.74,281714198.83
WEST,2025-12-10,833770.0,282547968.83
WEST,2025-12-11,1612617.4,284160586.23
WEST,2025-12-12,504131.35,284664717.58
WEST,2025-12-13,1374746.89,286039464.47
WEST,2025-12-14,242706.16,286282170.63
WEST,2025-12-15,1149805.12,287431975.75
WEST,2025-12-16,2056069.23,289488044.98
WEST,2025-12-17,2036381.21,291524426.19
WEST,2025-12-18,1278304.87,292802731.06
WEST,2025-12-19,1061277.5,293864008.56
WEST,2025-12-20,1385798.31,295249806.87
WEST,2025-12-21,266504.58,295516311.45
WEST,2025-12-22,2966.28,295519277.73
WEST,2025-12-23,1954701.82,297473979.55
WEST,2025-12-24,225413.11,297699392.66
WEST,2025-12-25,1849693.24,299549085.9
WEST,2025-12-26,2112280.13,301661366.03
WEST,2025-12-27,1030226.9,302691592.93
WEST,2025-12-28,1177318.06,303868910.99
WEST,2025-12-30,57416.96,303926327.95
WEST,2026-01-01,91969.34,304018297.29
WEST,2026-01-03,292835.12,304311132.41
WEST,2026-01-04,606903.74,304918036.15
WEST,2026-01-06,8920.94,304926957.09
WEST,2026-01-07,1127941.9,306054898.99
WEST,2026-01-09,66825.68,306121724.67
WEST,2026-01-10,4465.49,306126190.16
WEST,2026-01-13,557777.03,306683967.19
WEST,2026-01-14,269541.88,306953509.07
WEST,2026-01-16,121890.0,307075399.07
WEST,2026-01-17,1480207.85,308555606.92
WEST,2026-01-18,134834.21,308690441.13
WEST,2026-01-19,794253.12,309484694.25
WEST,2026-01-22,595179.54,310079873.79
WEST,2026-01-23,18845.05,310098718.84
WEST,2026-01-24,171351.46,310270070.3
WEST,2026-01-27,1448239.65,311718309.95
WEST,2026-01-28,1485.52,311719795.47
WEST,2026-01-30,823463.09,312543258.56
WEST,2026-01-31,251272.61,312794531.17
WEST,2026-02-01,829325.0,313623856.17
WEST,2026-02-02,1668413.4,315292269.57
WEST,2026-02-03,18518.76,315310788.33
WEST,2026-02-04,1009147.29,316319935.62
WEST,2026-02-07,1012699.64,317332635.26
WEST,2026-02-08,285.9,317332921.16
WEST,2026-02-09,14845.96,317347767.12
WEST,2026-02-10,50873.45,317398640.57
WEST,2026-02-12,288316.19,317686956.76
WEST,2026-02-16,400226.35,318087183.11
WEST,2026-02-17,855576.21,318942759.32
WEST,2026-02-18,1244944.61,320187703.93
WEST,2026-02-22,397388.48,320585092.41
WEST,2026-02-23,956730.33,321541822.74
WEST,2026-02-24,152275.26,321694098.0
WEST,2026-02-26,11396.51,321705494.51
WEST,2026-02-28,130034.22,321835528.73
WEST,2026-03-03,34384.48,321869913.21
WEST,2026-03-04,1356208.05,323226121.26
WEST,2026-03-05,897512.88,324123634.14
WEST,2026-03-08,1045498.77,325169132.91
WEST,2026-03-09,271998.55,325441131.46
WEST,2026-03-10,2387.11,325443518.57
WEST,2026-03-13,1118443.57,326561962.14
WEST,2026-03-15,3684.7,326565646.84
WEST,2026-03-19,592659.57,327158306.41
WEST,2026-03-20,1208998.2,328367304.61
WEST,2026-03-21,443270.21,328810574.82
WEST,2026-03-23,84659.92,328895234.74
WEST,2026-03-25,403998.51,329299233.25
WEST,2026-03-26,652871.53,329952104.78
WEST,2026-03-27,941793.23,330893898.01
WEST,2026-03-28,36671.63,330930569.64
WEST,2026-03-30,1231789.66,332162359.3
WEST,2026-04-01,30878.85,332193238.15
WEST,2026-04-03,1745086.26,333938324.41
WEST,2026-04-06,179684.1,334118008.51
WEST,2026-04-07,580109.47,334698117.98
WEST,2026-04-08,74715.68,334772833.66
WEST,2026-04-09,229890.4,335002724.06
WEST,2026-04-10,109367.65,335112091.71
WEST,2026-04-11,766594.92,335878686.63
WEST,2026-04-12,446706.7,336325393.33
WEST,2026-04-14,964486.96,337289880.29
WEST,2026-04-15,198144.05,337488024.34
WEST,2026-04-17,476134.92,337964159.26
WEST,2026-04-18,3117.8,337967277.06
WEST,2026-04-19,70346.46,338037623.52
WEST,2026-04-20,31064.74,338068688.26
WEST,2026-04-21,437884.97,338506573.23
WEST,2026-04-23,235195.76,338741768.99
WEST,2026-04-24,355370.17,339097139.16
WEST,2026-04-25,497980.98,339595120.14
WEST,2026-04-26,859118.88,340454239.02
WEST,2026-04-27,61999.22,340516238.24
WEST,2026-04-28,899082.9,341415321.14
WEST,2026-04-29,417959.48,341833280.62
WEST,2026-04-30,1400889.03,343234169.65
WEST,2026-05-01,101342.59,343335512.24
WEST,2026-05-02,638589.1,343974101.34
WEST,2026-05-06,434179.44,344408280.78
WEST,2026-05-07,374180.18,344782460.96
WEST,2026-05-10,2992.27,344785453.23
WEST,2026-05-11,32105.31,344817558.54
WEST,2026-05-12,254732.24,345072290.78
WEST,2026-05-13,377702.14,345449992.92
WEST,2026-05-14,278881.6,345728874.52
WEST,2026-05-16,1320658.43,347049532.95
WEST,2026-05-17,97995.74,347147528.69
WEST,2026-05-18,198345.42,347345874.11
WEST,2026-05-21,975305.6,348321179.71
WEST,2026-05-22,112786.71,348433966.42
WEST,2026-05-23,37468.05,348471434.47
WEST,2026-05-24,650795.02,349122229.49
WEST,2026-05-25,871585.27,349993814.76
WEST,2026-05-26,397504.6,350391319.36
WEST,2026-05-27,468515.23,350859834.59
WEST,2026-05-29,100694.46,350960529.05
WEST,2026-05-30,50971.82,351011500.87
WEST,2026-06-01,373345.03,351384845.9
WEST,2026-06-02,142923.09,351527768.99
WEST,2026-06-03,104595.42,351632364.41
WEST,2026-06-06,754323.49,352386687.9
WEST,2026-06-07,12343.6,352399031.5
WEST,2026-06-08,232768.42,352631799.92
WEST,2026-06-09,497817.28,353129617.2
WEST,2026-06-10,287715.65,353417332.85
WEST,2026-06-11,325845.82,353743178.67
WEST,2026-06-12,162971.04,353906149.71
WEST,2026-06-13,444247.22,354350396.93
WEST,2026-06-14,152007.43,354502404.36
WEST,2026-06-15,816678.88,355319083.24
WEST,2026-06-16,735523.09,356054606.33
WEST,2026-06-18,318107.49,356372713.82
WEST,2026-06-19,62773.54,356435487.36
WEST,2026-06-20,30827.36,356466314.72
WEST,2026-06-22,174227.44,356640542.16
WEST,2026-06-24,1557017.74,358197559.9
WEST,2026-06-25,945562.89,359143122.79
WEST,2026-06-27,64329.5,359207452.29
WEST,2026-06-28,141559.78,359349012.07
WEST,2026-07-01,74702.17,359423714.24
WEST,2026-07-02,267128.61,359690842.85
WEST,2026-07-05,946748.47,360637591.32
WEST,2026-07-09,312012.4,360949603.72
WEST,2026-07-10,1133280.48,362082884.2
WEST,2026-07-12,325974.95,362408859.15
WEST,2026-07-14,47523.18,362456382.33
WEST,2026-07-15,682229.86,363138612.19
WEST,2026-07-17,55397.61,363194009.8
WEST,2026-07-18,610897.27,363804907.07
WEST,2026-07-19,105825.52,363910732.59
WEST,2026-07-20,428102.6,364338835.19
WEST,2026-07-21,267080.22,364605915.41
WEST,2026-07-23,33338.54,364639253.95
WEST,2026-07-24,21608.3,364660862.25
WEST,2026-07-25,30903.9,364691766.15
WEST,2026-07-26,244519.1,364936285.25
WEST,2026-07-29,502901.05,365439186.3
WEST,2026-07-30,771354.51,366210540.81
WEST,2026-09-07,429680.65,366640221.46
WEST,2026-09-11,60653.46,366700874.92
WEST,2026-09-13,93608.86,366794483.78
WEST,2026-09-15,276923.3,367071407.08
WEST,2026-09-21,181679.95,367253087.03
WEST,2026-11-27,58158.4,367311245.43
WEST,2026-12-15,164375.4,367475620.83
WEST,2026-12-26,21003.53,367496624.36
WEST,2027-01-12,24527.4,367521151.76
WEST,2027-01-15,651715.51,368172867.27
