customer_id,order_date,previous_order_date,days_gap,average_gap,customer_status
C00000,2024-01-07,,,3.59,Active
C00000,2024-01-07,2024-01-07,0.0,3.59,Active
C00000,2024-01-20,2024-01-07,13.0,3.59,Active
C00000,2024-02-01,2024-01-20,12.0,3.59,Active
C00000,2024-02-02,2024-02-01,1.0,3.59,Active
C00000,2024-02-12,2024-02-02,10.0,3.59,Active
C00000,2024-02-13,2024-02-12,1.0,3.59,Active
C00000,2024-02-14,2024-02-13,1.0,3.59,Active
C00000,2024-02-17,2024-02-14,3.0,3.59,Active
C00000,2024-02-19,2024-02-17,2.0,3.59,Active
C00000,2024-02-25,2024-02-19,6.0,3.59,Active
C00000,2024-02-26,2024-02-25,1.0,3.59,Active
C00000,2024-02-26,2024-02-26,0.0,3.59,Active
C00000,2024-03-05,2024-02-26,8.0,3.59,Active
C00000,2024-03-06,2024-03-05,1.0,3.59,Active
C00000,2024-03-08,2024-03-06,2.0,3.59,Active
C00000,2024-03-13,2024-03-08,5.0,3.59,Active
C00000,2024-03-14,2024-03-13,1.0,3.59,Active
C00000,2024-03-18,2024-03-14,4.0,3.59,Active
C00000,2024-03-21,2024-03-18,3.0,3.59,Active
C00000,2024-04-03,2024-03-21,13.0,3.59,Active
C00000,2024-04-03,2024-04-03,0.0,3.59,Active
C00000,2024-04-07,2024-04-03,4.0,3.59,Active
C00000,2024-04-13,2024-04-07,6.0,3.59,Active
C00000,2024-04-15,2024-04-13,2.0,3.59,Active
C00000,2024-04-20,2024-04-15,5.0,3.59,Active
C00000,2024-04-24,2024-04-20,4.0,3.59,Active
C00000,2024-04-30,2024-04-24,6.0,3.59,Active
C00000,2024-05-04,2024-04-30,4.0,3.59,Active
C00000,2024-05-11,2024-05-04,7.0,3.59,Active
C00000,2024-05-14,2024-05-11,3.0,3.59,Active
C00000,2024-05-16,2024-05-14,2.0,3.59,Active
C00000,2024-05-19,2024-05-16,3.0,3.59,Active
C00000,2024-05-25,2024-05-19,6.0,3.59,Active
C00000,2024-06-02,2024-05-25,8.0,3.59,Active
C00000,2024-06-04,2024-06-02,2.0,3.59,Active
C00000,2024-06-05,2024-06-04,1.0,3.59,Active
C00000,2024-06-05,2024-06-05,0.0,3.59,Active
C00000,2024-06-07,2024-06-05,2.0,3.59,Active
C00000,2024-06-15,2024-06-07,8.0,3.59,Active
C00000,2024-06-21,2024-06-15,6.0,3.59,Active
C00000,2024-06-28,2024-06-21,7.0,3.59,Active
C00000,2024-06-29,2024-06-28,1.0,3.59,Active
C00000,2024-07-04,2024-06-29,5.0,3.59,Active
C00000,2024-07-05,2024-07-04,1.0,3.59,Active
C00000,2024-07-15,2024-07-05,10.0,3.59,Active
C00000,2024-07-28,2024-07-15,13.0,3.59,Active
C00000,2024-08-11,2024-07-28,14.0,3.59,Active
C00000,2024-08-12,2024-08-11,1.0,3.59,Active
C00000,2024-08-13,2024-08-12,1.0,3.59,Active
C00000,2024-08-16,2024-08-13,3.0,3.59,Active
C00000,2024-08-18,2024-08-16,2.0,3.59,Active
C00000,2024-08-20,2024-08-18,2.0,3.59,Active
C00000,2024-08-23,2024-08-20,3.0,3.59,Active
C00000,2024-08-25,2024-08-23,2.0,3.59,Active
C00000,2024-08-26,2024-08-25,1.0,3.59,Active
C00000,2024-09-04,2024-08-26,9.0,3.59,Active
C00000,2024-09-14,2024-09-04,10.0,3.59,Active
C00000,2024-09-17,2024-09-14,3.0,3.59,Active
C00000,2024-09-17,2024-09-17,0.0,3.59,Active
C00000,2024-09-17,2024-09-17,0.0,3.59,Active
C00000,2024-09-19,2024-09-17,2.0,3.59,Active
C00000,2024-09-26,2024-09-19,7.0,3.59,Active
C00000,2024-10-02,2024-09-26,6.0,3.59,Active
C00000,2024-10-02,2024-10-02,0.0,3.59,Active
C00000,2024-10-03,2024-10-02,1.0,3.59,Active
C00000,2024-10-04,2024-10-03,1.0,3.59,Active
C00000,2024-10-05,2024-10-04,1.0,3.59,Active
C00000,2024-10-06,2024-10-05,1.0,3.59,Active
C00000,2024-10-06,2024-10-06,0.0,3.59,Active
C00000,2024-10-06,2024-10-06,0.0,3.59,Active
C00000,2024-10-07,2024-10-06,1.0,3.59,Active
C00000,2024-10-10,2024-10-07,3.0,3.59,Active
C00000,2024-10-11,2024-10-10,1.0,3.59,Active
C00000,2024-10-14,2024-10-11,3.0,3.59,Active
C00000,2024-10-15,2024-10-14,1.0,3.59,Active
C00000,2024-10-16,2024-10-15,1.0,3.59,Active
C00000,2024-10-16,2024-10-16,0.0,3.59,Active
C00000,2024-10-17,2024-10-16,1.0,3.59,Active
C00000,2024-10-18,2024-10-17,1.0,3.59,Active
C00000,2024-10-18,2024-10-18,0.0,3.59,Active
C00000,2024-10-19,2024-10-18,1.0,3.59,Active
C00000,2024-10-19,2024-10-19,0.0,3.59,Active
C00000,2024-10-19,2024-10-19,0.0,3.59,Active
C00000,2024-10-19,2024-10-19,0.0,3.59,Active
C00000,2024-10-19,2024-10-19,0.0,3.59,Active
C00000,2024-10-20,2024-10-19,1.0,3.59,Active
C00000,2024-10-21,2024-10-20,1.0,3.59,Active
C00000,2024-10-23,2024-10-21,2.0,3.59,Active
C00000,2024-10-25,2024-10-23,2.0,3.59,Active
C00000,2024-10-26,2024-10-25,1.0,3.59,Active
C00000,2024-10-26,2024-10-26,0.0,3.59,Active
C00000,2024-10-26,2024-10-26,0.0,3.59,Active
C00000,2024-10-28,2024-10-26,2.0,3.59,Active
C00000,2024-11-01,2024-10-28,4.0,3.59,Active
C00000,2024-11-01,2024-11-01,0.0,3.59,Active
C00000,2024-11-03,2024-11-01,2.0,3.59,Active
C00000,2024-11-08,2024-11-03,5.0,3.59,Active
C00000,2024-11-09,2024-11-08,1.0,3.59,Active
C00000,2024-11-09,2024-11-09,0.0,3.59,Active
C00000,2024-11-12,2024-11-09,3.0,3.59,Active
C00000,2024-11-12,2024-11-12,0.0,3.59,Active
C00000,2024-11-13,2024-11-12,1.0,3.59,Active
C00000,2024-11-13,2024-11-13,0.0,3.59,Active
C00000,2024-11-14,2024-11-13,1.0,3.59,Active
C00000,2024-11-17,2024-11-14,3.0,3.59,Active
C00000,2024-11-17,2024-11-17,0.0,3.59,Active
C00000,2024-11-18,2024-11-17,1.0,3.59,Active
C00000,2024-11-20,2024-11-18,2.0,3.59,Active
C00000,2024-11-21,2024-11-20,1.0,3.59,Active
C00000,2024-11-22,2024-11-21,1.0,3.59,Active
C00000,2024-11-22,2024-11-22,0.0,3.59,Active
C00000,2024-11-23,2024-11-22,1.0,3.59,Active
C00000,2024-11-23,2024-11-23,0.0,3.59,Active
C00000,2024-11-24,2024-11-23,1.0,3.59,Active
C00000,2024-11-25,2024-11-24,1.0,3.59,Active
C00000,2024-11-26,2024-11-25,1.0,3.59,Active
C00000,2024-11-26,2024-11-26,0.0,3.59,Active
C00000,2024-11-27,2024-11-26,1.0,3.59,Active
C00000,2024-11-27,2024-11-27,0.0,3.59,Active
C00000,2024-11-30,2024-11-27,3.0,3.59,Active
C00000,2024-12-01,2024-11-30,1.0,3.59,Active
C00000,2024-12-02,2024-12-01,1.0,3.59,Active
C00000,2024-12-02,2024-12-02,0.0,3.59,Active
C00000,2024-12-04,2024-12-02,2.0,3.59,Active
C00000,2024-12-04,2024-12-04,0.0,3.59,Active
C00000,2024-12-06,2024-12-04,2.0,3.59,Active
C00000,2024-12-07,2024-12-06,1.0,3.59,Active
C00000,2024-12-08,2024-12-07,1.0,3.59,Active
C00000,2024-12-12,2024-12-08,4.0,3.59,Active
C00000,2024-12-13,2024-12-12,1.0,3.59,Active
C00000,2024-12-15,2024-12-13,2.0,3.59,Active
C00000,2024-12-16,2024-12-15,1.0,3.59,Active
C00000,2024-12-18,2024-12-16,2.0,3.59,Active
C00000,2024-12-19,2024-12-18,1.0,3.59,Active
C00000,2024-12-21,2024-12-19,2.0,3.59,Active
C00000,2024-12-21,2024-12-21,0.0,3.59,Active
C00000,2024-12-21,2024-12-21,0.0,3.59,Active
C00000,2024-12-23,2024-12-21,2.0,3.59,Active
C00000,2024-12-23,2024-12-23,0.0,3.59,Active
C00000,2024-12-27,2024-12-23,4.0,3.59,Active
C00000,2024-12-27,2024-12-27,0.0,3.59,Active
C00000,2024-12-28,2024-12-27,1.0,3.59,Active
C00000,2024-12-29,2024-12-28,1.0,3.59,Active
C00000,2025-01-18,2024-12-29,20.0,3.59,Active
C00000,2025-01-19,2025-01-18,1.0,3.59,Active
C00000,2025-01-21,2025-01-19,2.0,3.59,Active
C00000,2025-01-24,2025-01-21,3.0,3.59,Active
C00000,2025-01-26,2025-01-24,2.0,3.59,Active
C00000,2025-01-30,2025-01-26,4.0,3.59,Active
C00000,2025-02-04,2025-01-30,5.0,3.59,Active
C00000,2025-02-07,2025-02-04,3.0,3.59,Active
C00000,2025-02-13,2025-02-07,6.0,3.59,Active
C00000,2025-02-14,2025-02-13,1.0,3.59,Active
C00000,2025-03-01,2025-02-14,15.0,3.59,Active
C00000,2025-03-02,2025-03-01,1.0,3.59,Active
C00000,2025-03-08,2025-03-02,6.0,3.59,Active
C00000,2025-03-10,2025-03-08,2.0,3.59,Active
C00000,2025-03-15,2025-03-10,5.0,3.59,Active
C00000,2025-03-25,2025-03-15,10.0,3.59,Active
C00000,2025-04-07,2025-03-25,13.0,3.59,Active
C00000,2025-04-18,2025-04-07,11.0,3.59,Active
C00000,2025-04-29,2025-04-18,11.0,3.59,Active
C00000,2025-05-01,2025-04-29,2.0,3.59,Active
C00000,2025-05-04,2025-05-01,3.0,3.59,Active
C00000,2025-05-06,2025-05-04,2.0,3.59,Active
C00000,2025-05-13,2025-05-06,7.0,3.59,Active
C00000,2025-05-17,2025-05-13,4.0,3.59,Active
C00000,2025-05-20,2025-05-17,3.0,3.59,Active
C00000,2025-05-25,2025-05-20,5.0,3.59,Active
C00000,2025-05-31,2025-05-25,6.0,3.59,Active
C00000,2025-06-08,2025-05-31,8.0,3.59,Active
C00000,2025-06-08,2025-06-08,0.0,3.59,Active
C00000,2025-06-13,2025-06-08,5.0,3.59,Active
C00000,2025-06-13,2025-06-13,0.0,3.59,Active
C00000,2025-06-19,2025-06-13,6.0,3.59,Active
C00000,2025-06-24,2025-06-19,5.0,3.59,Active
C00000,2025-07-02,2025-06-24,8.0,3.59,Active
C00000,2025-07-05,2025-07-02,3.0,3.59,Active
C00000,2025-07-07,2025-07-05,2.0,3.59,Active
C00000,2025-07-18,2025-07-07,11.0,3.59,Active
C00000,2025-07-31,2025-07-18,13.0,3.59,Active
C00000,2025-08-03,2025-07-31,3.0,3.59,Active
C00000,2025-08-05,2025-08-03,2.0,3.59,Active
C00000,2025-08-11,2025-08-05,6.0,3.59,Active
C00000,2025-08-15,2025-08-11,4.0,3.59,Active
C00000,2025-08-20,2025-08-15,5.0,3.59,Active
C00000,2025-08-26,2025-08-20,6.0,3.59,Active
C00000,2025-08-27,2025-08-26,1.0,3.59,Active
C00000,2025-08-27,2025-08-27,0.0,3.59,Active
C00000,2025-08-29,2025-08-27,2.0,3.59,Active
C00000,2025-09-04,2025-08-29,6.0,3.59,Active
C00000,2025-09-11,2025-09-04,7.0,3.59,Active
C00000,2025-09-14,2025-09-11,3.0,3.59,Active
C00000,2025-09-22,2025-09-14,8.0,3.59,Active
C00000,2025-09-23,2025-09-22,1.0,3.59,Active
C00000,2025-09-29,2025-09-23,6.0,3.59,Active
C00000,2025-10-02,2025-09-29,3.0,3.59,Active
C00000,2025-10-03,2025-10-02,1.0,3.59,Active
C00000,2025-10-05,2025-10-03,2.0,3.59,Active
C00000,2025-10-06,2025-10-05,1.0,3.59,Active
C00000,2025-10-09,2025-10-06,3.0,3.59,Active
C00000,2025-10-09,2025-10-09,0.0,3.59,Active
C00000,2025-10-12,2025-10-09,3.0,3.59,Active
C00000,2025-10-13,2025-10-12,1.0,3.59,Active
C00000,2025-10-14,2025-10-13,1.0,3.59,Active
C00000,2025-10-14,2025-10-14,0.0,3.59,Active
C00000,2025-10-15,2025-10-14,1.0,3.59,Active
C00000,2025-10-15,2025-10-15,0.0,3.59,Active
C00000,2025-10-17,2025-10-15,2.0,3.59,Active
C00000,2025-10-18,2025-10-17,1.0,3.59,Active
C00000,2025-10-20,2025-10-18,2.0,3.59,Active
C00000,2025-10-20,2025-10-20,0.0,3.59,Active
C00000,2025-10-20,2025-10-20,0.0,3.59,Active
C00000,2025-10-20,2025-10-20,0.0,3.59,Active
C00000,2025-10-22,2025-10-20,2.0,3.59,Active
C00000,2025-10-23,2025-10-22,1.0,3.59,Active
C00000,2025-10-23,2025-10-23,0.0,3.59,Active
C00000,2025-10-26,2025-10-23,3.0,3.59,Active
C00000,2025-11-03,2025-10-26,8.0,3.59,Active
C00000,2025-11-05,2025-11-03,2.0,3.59,Active
C00000,2025-11-05,2025-11-05,0.0,3.59,Active
C00000,2025-11-06,2025-11-05,1.0,3.59,Active
C00000,2025-11-06,2025-11-06,0.0,3.59,Active
C00000,2025-11-09,2025-11-06,3.0,3.59,Active
C00000,2025-11-10,2025-11-09,1.0,3.59,Active
C00000,2025-11-13,2025-11-10,3.0,3.59,Active
C00000,2025-11-13,2025-11-13,0.0,3.59,Active
C00000,2025-11-13,2025-11-13,0.0,3.59,Active
C00000,2025-11-17,2025-11-13,4.0,3.59,Active
C00000,2025-11-17,2025-11-17,0.0,3.59,Active
C00000,2025-11-21,2025-11-17,4.0,3.59,Active
C00000,2025-11-22,2025-11-21,1.0,3.59,Active
C00000,2025-11-23,2025-11-22,1.0,3.59,Active
C00000,2025-11-26,2025-11-23,3.0,3.59,Active
C00000,2025-11-27,2025-11-26,1.0,3.59,Active
C00000,2025-11-27,2025-11-27,0.0,3.59,Active
C00000,2025-11-28,2025-11-27,1.0,3.59,Active
C00000,2025-12-01,2025-11-28,3.0,3.59,Active
C00000,2025-12-08,2025-12-01,7.0,3.59,Active
C00000,2025-12-10,2025-12-08,2.0,3.59,Active
C00000,2025-12-12,2025-12-10,2.0,3.59,Active
C00000,2025-12-13,2025-12-12,1.0,3.59,Active
C00000,2025-12-13,2025-12-13,0.0,3.59,Active
C00000,2025-12-15,2025-12-13,2.0,3.59,Active
C00000,2025-12-16,2025-12-15,1.0,3.59,Active
C00000,2025-12-16,2025-12-16,0.0,3.59,Active
C00000,2025-12-16,2025-12-16,0.0,3.59,Active
C00000,2025-12-18,2025-12-16,2.0,3.59,Active
C00000,2025-12-18,2025-12-18,0.0,3.59,Active
C00000,2025-12-20,2025-12-18,2.0,3.59,Active
C00000,2025-12-23,2025-12-20,3.0,3.59,Active
C00000,2025-12-23,2025-12-23,0.0,3.59,Active
C00000,2025-12-23,2025-12-23,0.0,3.59,Active
C00000,2025-12-23,2025-12-23,0.0,3.59,Active
C00000,2025-12-23,2025-12-23,0.0,3.59,Active
C00000,2025-12-24,2025-12-23,1.0,3.59,Active
C00000,2025-12-26,2025-12-24,2.0,3.59,Active
C00000,2025-12-28,2025-12-26,2.0,3.59,Active
C00000,2026-01-01,2025-12-28,4.0,3.59,Active
C00000,2026-01-08,2026-01-01,7.0,3.59,Active
C00000,2026-01-17,2026-01-08,9.0,3.59,Active
C00000,2026-01-22,2026-01-17,5.0,3.59,Active
C00000,2026-01-28,2026-01-22,6.0,3.59,Active
C00000,2026-02-01,2026-01-28,4.0,3.59,Active
C00000,2026-02-14,2026-02-01,13.0,3.59,Active
C00000,2026-02-22,2026-02-14,8.0,3.59,Active
C00000,2026-03-01,2026-02-22,7.0,3.59,Active
C00000,2026-03-04,2026-03-01,3.0,3.59,Active
C00000,2026-03-04,2026-03-04,0.0,3.59,Active
C00000,2026-03-05,2026-03-04,1.0,3.59,Active
C00000,2026-03-26,2026-03-05,21.0,3.59,Active
C00000,2026-03-27,2026-03-26,1.0,3.59,Active
C00000,2026-04-01,2026-03-27,5.0,3.59,Active
C00000,2026-04-17,2026-04-01,16.0,3.59,Active
C00000,2026-04-19,2026-04-17,2.0,3.59,Active
C00000,2026-04-20,2026-04-19,1.0,3.59,Active
C00000,2026-04-27,2026-04-20,7.0,3.59,Active
C00000,2026-05-07,2026-04-27,10.0,3.59,Active
C00000,2026-05-10,2026-05-07,3.0,3.59,Active
C00000,2026-05-17,2026-05-10,7.0,3.59,Active
C00000,2026-05-19,2026-05-17,2.0,3.59,Active
C00000,2026-05-22,2026-05-19,3.0,3.59,Active
C00000,2026-05-24,2026-05-22,2.0,3.59,Active
C00000,2026-05-27,2026-05-24,3.0,3.59,Active
C00000,2026-06-10,2026-05-27,14.0,3.59,Active
C00000,2026-06-12,2026-06-10,2.0,3.59,Active
C00000,2026-06-12,2026-06-12,0.0,3.59,Active
C00000,2026-06-14,2026-06-12,2.0,3.59,Active
C00000,2026-06-23,2026-06-14,9.0,3.59,Active
C00000,2026-06-25,2026-06-23,2.0,3.59,Active
C00000,2026-06-29,2026-06-25,4.0,3.59,Active
C00000,2026-07-04,2026-06-29,5.0,3.59,Active
C00000,2026-07-06,2026-07-04,2.0,3.59,Active
C00000,2026-07-07,2026-07-06,1.0,3.59,Active
C00000,2026-07-10,2026-07-07,3.0,3.59,Active
C00000,2026-07-17,2026-07-10,7.0,3.59,Active
C00000,2026-07-18,2026-07-17,1.0,3.59,Active
C00000,2026-07-18,2026-07-18,0.0,3.59,Active
C00000,2026-07-23,2026-07-18,5.0,3.59,Active
C00000,2026-11-27,2026-07-23,127.0,3.59,Active
C00000,2026-12-23,2026-11-27,26.0,3.59,Active
C00001,2024-02-25,,,125.4,At Risk
C00001,2024-07-26,2024-02-25,152.0,125.4,At Risk
C00001,2024-11-10,2024-07-26,107.0,125.4,At Risk
C00001,2024-11-12,2024-11-10,2.0,125.4,At Risk
C00001,2024-12-17,2024-11-12,35.0,125.4,At Risk
C00001,2025-11-13,2024-12-17,331.0,125.4,At Risk
C00002,2024-01-13,,,232.67,At Risk
C00002,2024-11-23,2024-01-13,315.0,232.67,At Risk
C00002,2025-05-19,2024-11-23,177.0,232.67,At Risk
C00002,2025-12-11,2025-05-19,206.0,232.67,At Risk
C00003,2024-11-02,,,38.0,At Risk
C00003,2024-12-10,2024-11-02,38.0,38.0,At Risk
C00004,2024-06-05,,,89.25,At Risk
C00004,2024-07-21,2024-06-05,46.0,89.25,At Risk
C00004,2024-10-22,2024-07-21,93.0,89.25,At Risk
C00004,2025-08-29,2024-10-22,311.0,89.25,At Risk
C00004,2025-10-04,2025-08-29,36.0,89.25,At Risk
C00004,2025-11-24,2025-10-04,51.0,89.25,At Risk
C00004,2025-12-08,2025-11-24,14.0,89.25,At Risk
C00004,2026-02-21,2025-12-08,75.0,89.25,At Risk
C00004,2026-05-20,2026-02-21,88.0,89.25,At Risk
C00005,2024-01-17,,,127.14,At Risk
C00005,2024-08-18,2024-01-17,214.0,127.14,At Risk
C00005,2024-11-02,2024-08-18,76.0,127.14,At Risk
C00005,2024-12-08,2024-11-02,36.0,127.14,At Risk
C00005,2025-03-14,2024-12-08,96.0,127.14,At Risk
C00005,2025-10-24,2025-03-14,224.0,127.14,At Risk
C00005,2025-12-20,2025-10-24,57.0,127.14,At Risk
C00005,2026-06-25,2025-12-20,187.0,127.14,At Risk
C00006,2024-05-11,,,129.25,At Risk
C00006,2024-06-23,2024-05-11,43.0,129.25,At Risk
C00006,2024-11-05,2024-06-23,135.0,129.25,At Risk
C00006,2025-10-01,2024-11-05,330.0,129.25,At Risk
C00006,2025-10-10,2025-10-01,9.0,129.25,At Risk
C00007,2024-05-02,,,67.88,At Risk
C00007,2024-08-12,2024-05-02,102.0,67.88,At Risk
C00007,2024-10-25,2024-08-12,74.0,67.88,At Risk
C00007,2024-10-28,2024-10-25,3.0,67.88,At Risk
C00007,2024-12-23,2024-10-28,56.0,67.88,At Risk
C00007,2025-03-21,2024-12-23,88.0,67.88,At Risk
C00007,2025-06-02,2025-03-21,73.0,67.88,At Risk
C00007,2025-10-21,2025-06-02,141.0,67.88,At Risk
C00007,2025-10-27,2025-10-21,6.0,67.88,At Risk
C00008,2024-10-13,,,61.0,At Risk
C00008,2024-12-13,2024-10-13,61.0,61.0,At Risk
C00009,2024-02-20,,,39.12,At Risk
C00009,2024-03-02,2024-02-20,11.0,39.12,At Risk
C00009,2024-06-25,2024-03-02,115.0,39.12,At Risk
C00009,2024-07-12,2024-06-25,17.0,39.12,At Risk
C00009,2024-10-05,2024-07-12,85.0,39.12,At Risk
C00009,2024-11-05,2024-10-05,31.0,39.12,At Risk
C00009,2024-12-01,2024-11-05,26.0,39.12,At Risk
C00009,2024-12-12,2024-12-01,11.0,39.12,At Risk
C00009,2024-12-14,2024-12-12,2.0,39.12,At Risk
C00009,2025-01-15,2024-12-14,32.0,39.12,At Risk
C00009,2025-05-02,2025-01-15,107.0,39.12,At Risk
C00009,2025-05-06,2025-05-02,4.0,39.12,At Risk
C00009,2025-06-05,2025-05-06,30.0,39.12,At Risk
C00009,2025-07-15,2025-06-05,40.0,39.12,At Risk
C00009,2025-08-25,2025-07-15,41.0,39.12,At Risk
C00009,2025-08-27,2025-08-25,2.0,39.12,At Risk
C00009,2025-09-21,2025-08-27,25.0,39.12,At Risk
C00009,2025-10-12,2025-09-21,21.0,39.12,At Risk
C00009,2025-10-21,2025-10-12,9.0,39.12,At Risk
C00009,2025-11-10,2025-10-21,20.0,39.12,At Risk
C00009,2025-11-25,2025-11-10,15.0,39.12,At Risk
C00009,2025-12-03,2025-11-25,8.0,39.12,At Risk
C00009,2025-12-16,2025-12-03,13.0,39.12,At Risk
C00009,2025-12-28,2025-12-16,12.0,39.12,At Risk
C00009,2026-03-23,2025-12-28,85.0,39.12,At Risk
C00009,2026-04-26,2026-03-23,34.0,39.12,At Risk
C00009,2026-12-03,2026-04-26,221.0,39.12,At Risk
C00010,2024-11-26,,,66.11,At Risk
C00010,2025-02-08,2024-11-26,74.0,66.11,At Risk
C00010,2025-06-04,2025-02-08,116.0,66.11,At Risk
C00010,2025-07-10,2025-06-04,36.0,66.11,At Risk
C00010,2025-08-31,2025-07-10,52.0,66.11,At Risk
C00010,2025-10-06,2025-08-31,36.0,66.11,At Risk
C00010,2025-10-07,2025-10-06,1.0,66.11,At Risk
C00010,2025-10-21,2025-10-07,14.0,66.11,At Risk
C00010,2026-07-10,2025-10-21,262.0,66.11,At Risk
C00010,2026-07-14,2026-07-10,4.0,66.11,At Risk
C00011,2024-04-09,,,137.83,At Risk
C00011,2024-10-22,2024-04-09,196.0,137.83,At Risk
C00011,2024-11-09,2024-10-22,18.0,137.83,At Risk
C00011,2024-12-03,2024-11-09,24.0,137.83,At Risk
C00011,2025-10-17,2024-12-03,318.0,137.83,At Risk
C00011,2026-04-04,2025-10-17,169.0,137.83,At Risk
C00011,2026-07-15,2026-04-04,102.0,137.83,At Risk
C00012,2024-01-08,,,92.5,At Risk
C00012,2024-04-17,2024-01-08,100.0,92.5,At Risk
C00012,2024-07-11,2024-04-17,85.0,92.5,At Risk
C00013,2024-02-15,,,327.5,At Risk
C00013,2024-03-14,2024-02-15,28.0,327.5,At Risk
C00013,2025-12-01,2024-03-14,627.0,327.5,At Risk
C00014,2024-02-02,,,40.16,At Risk
C00014,2024-08-27,2024-02-02,207.0,40.16,At Risk
C00014,2024-09-09,2024-08-27,13.0,40.16,At Risk
C00014,2024-10-04,2024-09-09,25.0,40.16,At Risk
C00014,2024-10-18,2024-10-04,14.0,40.16,At Risk
C00014,2024-10-19,2024-10-18,1.0,40.16,At Risk
C00014,2024-11-18,2024-10-19,30.0,40.16,At Risk
C00014,2024-12-09,2024-11-18,21.0,40.16,At Risk
C00014,2025-01-08,2024-12-09,30.0,40.16,At Risk
C00014,2025-01-23,2025-01-08,15.0,40.16,At Risk
C00014,2025-02-20,2025-01-23,28.0,40.16,At Risk
C00014,2025-02-24,2025-02-20,4.0,40.16,At Risk
C00014,2025-03-05,2025-02-24,9.0,40.16,At Risk
C00014,2025-04-12,2025-03-05,38.0,40.16,At Risk
C00014,2025-06-02,2025-04-12,51.0,40.16,At Risk
C00014,2025-06-23,2025-06-02,21.0,40.16,At Risk
C00014,2025-10-03,2025-06-23,102.0,40.16,At Risk
C00014,2025-10-09,2025-10-03,6.0,40.16,At Risk
C00014,2025-10-31,2025-10-09,22.0,40.16,At Risk
C00014,2025-11-09,2025-10-31,9.0,40.16,At Risk
C00014,2025-11-13,2025-11-09,4.0,40.16,At Risk
C00014,2025-11-19,2025-11-13,6.0,40.16,At Risk
C00014,2025-11-28,2025-11-19,9.0,40.16,At Risk
C00014,2026-01-10,2025-11-28,43.0,40.16,At Risk
C00014,2026-07-11,2026-01-10,182.0,40.16,At Risk
C00014,2026-11-02,2026-07-11,114.0,40.16,At Risk
C00015,2024-01-10,,,446.0,At Risk
C00015,2024-11-19,2024-01-10,314.0,446.0,At Risk
C00015,2026-06-20,2024-11-19,578.0,446.0,At Risk
C00016,2024-11-01,,,263.67,At Risk
C00016,2024-11-16,2024-11-01,15.0,263.67,At Risk
C00016,2025-11-13,2024-11-16,362.0,263.67,At Risk
C00016,2027-01-01,2025-11-13,414.0,263.67,At Risk
C00017,2025-11-01,,,68.0,At Risk
C00017,2025-11-04,2025-11-01,3.0,68.0,At Risk
C00017,2026-01-21,2025-11-04,78.0,68.0,At Risk
C00017,2026-05-24,2026-01-21,123.0,68.0,At Risk
C00018,2024-02-15,,,48.28,At Risk
C00018,2024-02-20,2024-02-15,5.0,48.28,At Risk
C00018,2024-04-06,2024-02-20,46.0,48.28,At Risk
C00018,2024-04-28,2024-04-06,22.0,48.28,At Risk
C00018,2024-08-02,2024-04-28,96.0,48.28,At Risk
C00018,2024-10-12,2024-08-02,71.0,48.28,At Risk
C00018,2024-10-15,2024-10-12,3.0,48.28,At Risk
C00018,2024-11-22,2024-10-15,38.0,48.28,At Risk
C00018,2024-12-01,2024-11-22,9.0,48.28,At Risk
C00018,2024-12-12,2024-12-01,11.0,48.28,At Risk
C00018,2025-04-08,2024-12-12,117.0,48.28,At Risk
C00018,2025-08-12,2025-04-08,126.0,48.28,At Risk
C00018,2025-08-29,2025-08-12,17.0,48.28,At Risk
C00018,2025-10-08,2025-08-29,40.0,48.28,At Risk
C00018,2025-10-14,2025-10-08,6.0,48.28,At Risk
C00018,2025-12-10,2025-10-14,57.0,48.28,At Risk
C00018,2025-12-12,2025-12-10,2.0,48.28,At Risk
C00018,2026-02-15,2025-12-12,65.0,48.28,At Risk
C00018,2026-07-03,2026-02-15,138.0,48.28,At Risk
C00019,2024-03-29,,,113.43,At Risk
C00019,2024-08-08,2024-03-29,132.0,113.43,At Risk
C00019,2025-02-11,2024-08-08,187.0,113.43,At Risk
C00019,2025-10-08,2025-02-11,239.0,113.43,At Risk
C00019,2026-01-25,2025-10-08,109.0,113.43,At Risk
C00019,2026-04-07,2026-01-25,72.0,113.43,At Risk
C00019,2026-05-06,2026-04-07,29.0,113.43,At Risk
C00019,2026-06-01,2026-05-06,26.0,113.43,At Risk
C00021,2024-01-05,,,29.87,Active
C00021,2024-02-12,2024-01-05,38.0,29.87,Active
C00021,2024-02-25,2024-02-12,13.0,29.87,Active
C00021,2024-03-10,2024-02-25,14.0,29.87,Active
C00021,2024-03-16,2024-03-10,6.0,29.87,Active
C00021,2024-04-25,2024-03-16,40.0,29.87,Active
C00021,2024-05-01,2024-04-25,6.0,29.87,Active
C00021,2024-05-02,2024-05-01,1.0,29.87,Active
C00021,2024-06-16,2024-05-02,45.0,29.87,Active
C00021,2024-07-05,2024-06-16,19.0,29.87,Active
C00021,2024-07-07,2024-07-05,2.0,29.87,Active
C00021,2024-08-02,2024-07-07,26.0,29.87,Active
C00021,2024-10-27,2024-08-02,86.0,29.87,Active
C00021,2024-11-17,2024-10-27,21.0,29.87,Active
C00021,2024-12-19,2024-11-17,32.0,29.87,Active
C00021,2024-12-19,2024-12-19,0.0,29.87,Active
C00021,2024-12-30,2024-12-19,11.0,29.87,Active
C00021,2025-03-05,2024-12-30,65.0,29.87,Active
C00021,2025-03-13,2025-03-05,8.0,29.87,Active
C00021,2025-03-25,2025-03-13,12.0,29.87,Active
C00021,2025-03-31,2025-03-25,6.0,29.87,Active
C00021,2025-08-05,2025-03-31,127.0,29.87,Active
C00021,2025-09-01,2025-08-05,27.0,29.87,Active
C00021,2025-10-06,2025-09-01,35.0,29.87,Active
C00021,2025-10-08,2025-10-06,2.0,29.87,Active
C00021,2025-10-18,2025-10-08,10.0,29.87,Active
C00021,2025-11-22,2025-10-18,35.0,29.87,Active
C00021,2025-11-25,2025-11-22,3.0,29.87,Active
C00021,2025-11-28,2025-11-25,3.0,29.87,Active
C00021,2026-01-22,2025-11-28,55.0,29.87,Active
C00021,2026-06-19,2026-01-22,148.0,29.87,Active
C00022,2025-09-27,,,116.0,At Risk
C00022,2026-01-21,2025-09-27,116.0,116.0,At Risk
C00023,2024-11-21,,,,Active
C00024,2024-01-17,,,19.45,Active
C00024,2024-01-21,2024-01-17,4.0,19.45,Active
C00024,2024-01-23,2024-01-21,2.0,19.45,Active
C00024,2024-02-27,2024-01-23,35.0,19.45,Active
C00024,2024-04-05,2024-02-27,38.0,19.45,Active
C00024,2024-05-16,2024-04-05,41.0,19.45,Active
C00024,2024-05-21,2024-05-16,5.0,19.45,Active
C00024,2024-07-25,2024-05-21,65.0,19.45,Active
C00024,2024-07-26,2024-07-25,1.0,19.45,Active
C00024,2024-07-29,2024-07-26,3.0,19.45,Active
C00024,2024-08-04,2024-07-29,6.0,19.45,Active
C00024,2024-08-09,2024-08-04,5.0,19.45,Active
C00024,2024-09-13,2024-08-09,35.0,19.45,Active
C00024,2024-10-06,2024-09-13,23.0,19.45,Active
C00024,2024-10-10,2024-10-06,4.0,19.45,Active
C00024,2024-10-19,2024-10-10,9.0,19.45,Active
C00024,2024-10-20,2024-10-19,1.0,19.45,Active
C00024,2024-10-23,2024-10-20,3.0,19.45,Active
C00024,2024-10-26,2024-10-23,3.0,19.45,Active
C00024,2024-11-26,2024-10-26,31.0,19.45,Active
C00024,2024-11-28,2024-11-26,2.0,19.45,Active
C00024,2024-12-01,2024-11-28,3.0,19.45,Active
C00024,2024-12-03,2024-12-01,2.0,19.45,Active
C00024,2024-12-12,2024-12-03,9.0,19.45,Active
C00024,2024-12-13,2024-12-12,1.0,19.45,Active
C00024,2024-12-13,2024-12-13,0.0,19.45,Active
C00024,2025-01-15,2024-12-13,33.0,19.45,Active
C00024,2025-03-24,2025-01-15,68.0,19.45,Active
C00024,2025-05-06,2025-03-24,43.0,19.45,Active
C00024,2025-05-14,2025-05-06,8.0,19.45,Active
C00024,2025-05-17,2025-05-14,3.0,19.45,Active
C00024,2025-07-05,2025-05-17,49.0,19.45,Active
C00024,2025-09-14,2025-07-05,71.0,19.45,Active
C00024,2025-10-02,2025-09-14,18.0,19.45,Active
C00024,2025-10-21,2025-10-02,19.0,19.45,Active
C00024,2025-10-29,2025-10-21,8.0,19.45,Active
C00024,2025-11-02,2025-10-29,4.0,19.45,Active
C00024,2025-11-05,2025-11-02,3.0,19.45,Active
C00024,2025-11-12,2025-11-05,7.0,19.45,Active
C00024,2025-11-14,2025-11-12,2.0,19.45,Active
C00024,2025-11-19,2025-11-14,5.0,19.45,Active
C00024,2025-12-13,2025-11-19,24.0,19.45,Active
C00024,2025-12-21,2025-12-13,8.0,19.45,Active
C00024,2026-04-29,2025-12-21,129.0,19.45,Active
C00024,2026-05-30,2026-04-29,31.0,19.45,Active
C00024,2026-06-07,2026-05-30,8.0,19.45,Active
C00024,2026-07-08,2026-06-07,31.0,19.45,Active
C00024,2026-07-19,2026-07-08,11.0,19.45,Active
C00025,2024-02-24,,,77.67,At Risk
C00025,2024-03-09,2024-02-24,14.0,77.67,At Risk
C00025,2024-03-18,2024-03-09,9.0,77.67,At Risk
C00025,2024-03-25,2024-03-18,7.0,77.67,At Risk
C00025,2024-11-23,2024-03-25,243.0,77.67,At Risk
C00025,2024-12-28,2024-11-23,35.0,77.67,At Risk
C00025,2025-06-04,2024-12-28,158.0,77.67,At Risk
C00026,2024-03-04,,,118.0,At Risk
C00026,2024-05-02,2024-03-04,59.0,118.0,At Risk
C00026,2024-05-03,2024-05-02,1.0,118.0,At Risk
C00026,2024-12-16,2024-05-03,227.0,118.0,At Risk
C00026,2025-01-13,2024-12-16,28.0,118.0,At Risk
C00026,2025-10-15,2025-01-13,275.0,118.0,At Risk
C00027,2024-01-06,,,95.67,At Risk
C00027,2024-10-04,2024-01-06,272.0,95.67,At Risk
C00027,2024-10-23,2024-10-04,19.0,95.67,At Risk
C00027,2025-03-09,2024-10-23,137.0,95.67,At Risk
C00027,2025-03-17,2025-03-09,8.0,95.67,At Risk
C00027,2025-08-28,2025-03-17,164.0,95.67,At Risk
C00027,2025-09-01,2025-08-28,4.0,95.67,At Risk
C00027,2025-09-29,2025-09-01,28.0,95.67,At Risk
C00027,2025-11-10,2025-09-29,42.0,95.67,At Risk
C00027,2026-05-16,2025-11-10,187.0,95.67,At Risk
C00028,2024-10-01,,,110.0,At Risk
C00028,2024-11-06,2024-10-01,36.0,110.0,At Risk
C00028,2025-05-19,2024-11-06,194.0,110.0,At Risk
C00028,2025-08-27,2025-05-19,100.0,110.0,At Risk
C00029,2024-06-22,,,80.7,At Risk
C00029,2024-09-21,2024-06-22,91.0,80.7,At Risk
C00029,2024-10-17,2024-09-21,26.0,80.7,At Risk
C00029,2024-11-23,2024-10-17,37.0,80.7,At Risk
C00029,2025-04-03,2024-11-23,131.0,80.7,At Risk
C00029,2025-07-18,2025-04-03,106.0,80.7,At Risk
C00029,2025-12-25,2025-07-18,160.0,80.7,At Risk
C00029,2026-03-26,2025-12-25,91.0,80.7,At Risk
C00029,2026-04-14,2026-03-26,19.0,80.7,At Risk
C00029,2026-06-25,2026-04-14,72.0,80.7,At Risk
C00029,2026-09-07,2026-06-25,74.0,80.7,At Risk
C00030,2024-03-27,,,,Active
C00031,2024-07-24,,,71.86,At Risk
C00031,2024-12-26,2024-07-24,155.0,71.86,At Risk
C00031,2025-04-10,2024-12-26,105.0,71.86,At Risk
C00031,2025-05-10,2025-04-10,30.0,71.86,At Risk
C00031,2025-11-06,2025-05-10,180.0,71.86,At Risk
C00031,2025-11-28,2025-11-06,22.0,71.86,At Risk
C00031,2025-12-09,2025-11-28,11.0,71.86,At Risk
C00031,2025-12-09,2025-12-09,0.0,71.86,At Risk
C00032,2024-11-26,,,367.0,At Risk
C00032,2025-11-28,2024-11-26,367.0,367.0,At Risk
C00033,2024-06-21,,,131.0,At Risk
C00033,2024-10-06,2024-06-21,107.0,131.0,At Risk
C00033,2025-01-23,2024-10-06,109.0,131.0,At Risk
C00033,2025-09-19,2025-01-23,239.0,131.0,At Risk
C00033,2025-11-27,2025-09-19,69.0,131.0,At Risk
C00034,2024-04-14,,,113.14,At Risk
C00034,2024-12-23,2024-04-14,253.0,113.14,At Risk
C00034,2025-02-06,2024-12-23,45.0,113.14,At Risk
C00034,2025-11-17,2025-02-06,284.0,113.14,At Risk
C00034,2025-11-20,2025-11-17,3.0,113.14,At Risk
C00034,2025-12-21,2025-11-20,31.0,113.14,At Risk
C00034,2026-05-22,2025-12-21,152.0,113.14,At Risk
C00034,2026-06-15,2026-05-22,24.0,113.14,At Risk
C00035,2024-04-11,,,55.2,At Risk
C00035,2024-04-17,2024-04-11,6.0,55.2,At Risk
C00035,2024-07-23,2024-04-17,97.0,55.2,At Risk
C00035,2024-10-08,2024-07-23,77.0,55.2,At Risk
C00035,2024-10-09,2024-10-08,1.0,55.2,At Risk
C00035,2024-10-25,2024-10-09,16.0,55.2,At Risk
C00035,2024-10-31,2024-10-25,6.0,55.2,At Risk
C00035,2024-11-03,2024-10-31,3.0,55.2,At Risk
C00035,2024-11-20,2024-11-03,17.0,55.2,At Risk
C00035,2024-12-03,2024-11-20,13.0,55.2,At Risk
C00035,2025-02-03,2024-12-03,62.0,55.2,At Risk
C00035,2025-03-09,2025-02-03,34.0,55.2,At Risk
C00035,2025-06-18,2025-03-09,101.0,55.2,At Risk
C00035,2025-10-02,2025-06-18,106.0,55.2,At Risk
C00035,2025-12-22,2025-10-02,81.0,55.2,At Risk
C00035,2026-07-18,2025-12-22,208.0,55.2,At Risk
C00036,2024-06-21,,,204.0,At Risk
C00036,2025-06-15,2024-06-21,359.0,204.0,At Risk
C00036,2025-12-20,2025-06-15,188.0,204.0,At Risk
C00036,2026-02-23,2025-12-20,65.0,204.0,At Risk
C00037,2024-01-17,,,137.33,At Risk
C00037,2024-08-06,2024-01-17,202.0,137.33,At Risk
C00037,2024-12-21,2024-08-06,137.0,137.33,At Risk
C00037,2025-01-11,2024-12-21,21.0,137.33,At Risk
C00037,2025-09-14,2025-01-11,246.0,137.33,At Risk
C00037,2025-12-18,2025-09-14,95.0,137.33,At Risk
C00037,2026-04-20,2025-12-18,123.0,137.33,At Risk
C00038,2025-01-31,,,,Active
C00039,2024-05-17,,,518.0,At Risk
C00039,2025-10-17,2024-05-17,518.0,518.0,At Risk
C00040,2024-03-06,,,162.5,At Risk
C00040,2024-06-10,2024-03-06,96.0,162.5,At Risk
C00040,2025-01-25,2024-06-10,229.0,162.5,At Risk
C00041,2025-09-11,,,318.0,At Risk
C00041,2026-07-26,2025-09-11,318.0,318.0,At Risk
C00042,2025-01-21,,,232.0,At Risk
C00042,2026-04-16,2025-01-21,450.0,232.0,At Risk
C00042,2026-04-30,2026-04-16,14.0,232.0,At Risk
C00043,2024-10-16,,,8.0,Active
C00043,2024-10-23,2024-10-16,7.0,8.0,Active
C00043,2024-11-01,2024-10-23,9.0,8.0,Active
C00044,2024-05-07,,,377.5,At Risk
C00044,2024-10-08,2024-05-07,154.0,377.5,At Risk
C00044,2026-06-01,2024-10-08,601.0,377.5,At Risk
C00045,2024-07-27,,,265.5,At Risk
C00045,2025-07-19,2024-07-27,357.0,265.5,At Risk
C00045,2026-01-09,2025-07-19,174.0,265.5,At Risk
C00046,2024-03-30,,,114.71,At Risk
C00046,2024-11-12,2024-03-30,227.0,114.71,At Risk
C00046,2024-12-09,2024-11-12,27.0,114.71,At Risk
C00046,2024-12-20,2024-12-09,11.0,114.71,At Risk
C00046,2025-10-25,2024-12-20,309.0,114.71,At Risk
C00046,2025-12-04,2025-10-25,40.0,114.71,At Risk
C00046,2026-04-02,2025-12-04,119.0,114.71,At Risk
C00046,2026-06-11,2026-04-02,70.0,114.71,At Risk
C00047,2026-06-01,,,,Active
C00048,2024-01-17,,,19.19,Active
C00048,2024-01-25,2024-01-17,8.0,19.19,Active
C00048,2024-04-05,2024-01-25,71.0,19.19,Active
C00048,2024-04-14,2024-04-05,9.0,19.19,Active
C00048,2024-04-17,2024-04-14,3.0,19.19,Active
C00048,2024-04-19,2024-04-17,2.0,19.19,Active
C00048,2024-06-21,2024-04-19,63.0,19.19,Active
C00048,2024-07-05,2024-06-21,14.0,19.19,Active
C00048,2024-08-12,2024-07-05,38.0,19.19,Active
C00048,2024-10-03,2024-08-12,52.0,19.19,Active
C00048,2024-10-21,2024-10-03,18.0,19.19,Active
C00048,2024-10-24,2024-10-21,3.0,19.19,Active
C00048,2024-10-26,2024-10-24,2.0,19.19,Active
C00048,2024-11-03,2024-10-26,8.0,19.19,Active
C00048,2024-11-08,2024-11-03,5.0,19.19,Active
C00048,2024-11-10,2024-11-08,2.0,19.19,Active
C00048,2024-11-10,2024-11-10,0.0,19.19,Active
C00048,2024-11-12,2024-11-10,2.0,19.19,Active
C00048,2024-11-16,2024-11-12,4.0,19.19,Active
C00048,2024-12-01,2024-11-16,15.0,19.19,Active
C00048,2024-12-05,2024-12-01,4.0,19.19,Active
C00048,2024-12-10,2024-12-05,5.0,19.19,Active
C00048,2024-12-12,2024-12-10,2.0,19.19,Active
C00048,2024-12-12,2024-12-12,0.0,19.19,Active
C00048,2024-12-24,2024-12-12,12.0,19.19,Active
C00048,2024-12-25,2024-12-24,1.0,19.19,Active
C00048,2024-12-28,2024-12-25,3.0,19.19,Active
C00048,2025-03-12,2024-12-28,74.0,19.19,Active
C00048,2025-04-10,2025-03-12,29.0,19.19,Active
C00048,2025-05-28,2025-04-10,48.0,19.19,Active
C00048,2025-06-05,2025-05-28,8.0,19.19,Active
C00048,2025-09-10,2025-06-05,97.0,19.19,Active
C00048,2025-09-22,2025-09-10,12.0,19.19,Active
C00048,2025-10-02,2025-09-22,10.0,19.19,Active
C00048,2025-10-20,2025-10-02,18.0,19.19,Active
C00048,2025-10-21,2025-10-20,1.0,19.19,Active
C00048,2025-11-13,2025-10-21,23.0,19.19,Active
C00048,2025-11-22,2025-11-13,9.0,19.19,Active
C00048,2025-11-24,2025-11-22,2.0,19.19,Active
C00048,2025-12-23,2025-11-24,29.0,19.19,Active
C00048,2025-12-23,2025-12-23,0.0,19.19,Active
C00048,2026-02-02,2025-12-23,41.0,19.19,Active
C00048,2026-03-30,2026-02-02,56.0,19.19,Active
C00048,2026-04-03,2026-03-30,4.0,19.19,Active
C00048,2026-04-04,2026-04-03,1.0,19.19,Active
C00048,2026-05-01,2026-04-04,27.0,19.19,Active
C00048,2026-05-11,2026-05-01,10.0,19.19,Active
C00048,2026-05-30,2026-05-11,19.0,19.19,Active
C00048,2026-07-26,2026-05-30,57.0,19.19,Active
C00049,2024-11-12,,,405.0,At Risk
C00049,2025-12-22,2024-11-12,405.0,405.0,At Risk
C00050,2024-08-20,,,156.67,At Risk
C00050,2024-10-19,2024-08-20,60.0,156.67,At Risk
C00050,2025-11-05,2024-10-19,382.0,156.67,At Risk
C00050,2025-12-03,2025-11-05,28.0,156.67,At Risk
C00051,2024-09-05,,,159.67,At Risk
C00051,2025-04-30,2024-09-05,237.0,159.67,At Risk
C00051,2025-10-14,2025-04-30,167.0,159.67,At Risk
C00051,2025-12-28,2025-10-14,75.0,159.67,At Risk
C00052,2024-01-04,,,14.64,Active
C00052,2024-01-18,2024-01-04,14.0,14.64,Active
C00052,2024-02-01,2024-01-18,14.0,14.64,Active
C00052,2024-02-13,2024-02-01,12.0,14.64,Active
C00052,2024-02-23,2024-02-13,10.0,14.64,Active
C00052,2024-02-27,2024-02-23,4.0,14.64,Active
C00052,2024-03-06,2024-02-27,8.0,14.64,Active
C00052,2024-03-07,2024-03-06,1.0,14.64,Active
C00052,2024-03-14,2024-03-07,7.0,14.64,Active
C00052,2024-03-16,2024-03-14,2.0,14.64,Active
C00052,2024-03-25,2024-03-16,9.0,14.64,Active
C00052,2024-04-07,2024-03-25,13.0,14.64,Active
C00052,2024-04-13,2024-04-07,6.0,14.64,Active
C00052,2024-04-15,2024-04-13,2.0,14.64,Active
C00052,2024-06-29,2024-04-15,75.0,14.64,Active
C00052,2024-07-06,2024-06-29,7.0,14.64,Active
C00052,2024-08-14,2024-07-06,39.0,14.64,Active
C00052,2024-08-14,2024-08-14,0.0,14.64,Active
C00052,2024-08-15,2024-08-14,1.0,14.64,Active
C00052,2024-08-18,2024-08-15,3.0,14.64,Active
C00052,2024-09-01,2024-08-18,14.0,14.64,Active
C00052,2024-10-01,2024-09-01,30.0,14.64,Active
C00052,2024-10-01,2024-10-01,0.0,14.64,Active
C00052,2024-10-19,2024-10-01,18.0,14.64,Active
C00052,2024-10-27,2024-10-19,8.0,14.64,Active
C00052,2024-11-03,2024-10-27,7.0,14.64,Active
C00052,2024-11-13,2024-11-03,10.0,14.64,Active
C00052,2024-11-15,2024-11-13,2.0,14.64,Active
C00052,2024-11-16,2024-11-15,1.0,14.64,Active
C00052,2024-11-24,2024-11-16,8.0,14.64,Active
C00052,2024-11-27,2024-11-24,3.0,14.64,Active
C00052,2024-11-28,2024-11-27,1.0,14.64,Active
C00052,2024-12-02,2024-11-28,4.0,14.64,Active
C00052,2024-12-07,2024-12-02,5.0,14.64,Active
C00052,2024-12-10,2024-12-07,3.0,14.64,Active
C00052,2024-12-11,2024-12-10,1.0,14.64,Active
C00052,2024-12-24,2024-12-11,13.0,14.64,Active
C00052,2025-01-30,2024-12-24,37.0,14.64,Active
C00052,2025-03-12,2025-01-30,41.0,14.64,Active
C00052,2025-05-13,2025-03-12,62.0,14.64,Active
C00052,2025-06-08,2025-05-13,26.0,14.64,Active
C00052,2025-07-26,2025-06-08,48.0,14.64,Active
C00052,2025-09-18,2025-07-26,54.0,14.64,Active
C00052,2025-09-25,2025-09-18,7.0,14.64,Active
C00052,2025-10-08,2025-09-25,13.0,14.64,Active
C00052,2025-10-12,2025-10-08,4.0,14.64,Active
C00052,2025-10-16,2025-10-12,4.0,14.64,Active
C00052,2025-10-24,2025-10-16,8.0,14.64,Active
C00052,2025-11-29,2025-10-24,36.0,14.64,Active
C00052,2025-12-05,2025-11-29,6.0,14.64,Active
C00052,2025-12-11,2025-12-05,6.0,14.64,Active
C00052,2025-12-16,2025-12-11,5.0,14.64,Active
C00052,2025-12-18,2025-12-16,2.0,14.64,Active
C00052,2025-12-19,2025-12-18,1.0,14.64,Active
C00052,2026-01-27,2025-12-19,39.0,14.64,Active
C00052,2026-01-29,2026-01-27,2.0,14.64,Active
C00052,2026-02-22,2026-01-29,24.0,14.64,Active
C00052,2026-03-03,2026-02-22,9.0,14.64,Active
C00052,2026-04-17,2026-03-03,45.0,14.64,Active
C00052,2026-04-20,2026-04-17,3.0,14.64,Active
C00052,2026-05-29,2026-04-20,39.0,14.64,Active
C00052,2026-06-10,2026-05-29,12.0,14.64,Active
C00052,2026-07-16,2026-06-10,36.0,14.64,Active
C00052,2026-07-29,2026-07-16,13.0,14.64,Active
C00052,2026-07-29,2026-07-29,0.0,14.64,Active
C00053,2024-10-08,,,106.4,At Risk
C00053,2024-11-23,2024-10-08,46.0,106.4,At Risk
C00053,2025-10-18,2024-11-23,329.0,106.4,At Risk
C00053,2025-10-26,2025-10-18,8.0,106.4,At Risk
C00053,2025-12-06,2025-10-26,41.0,106.4,At Risk
C00053,2026-03-24,2025-12-06,108.0,106.4,At Risk
C00054,2024-10-01,,,36.56,At Risk
C00054,2024-11-30,2024-10-01,60.0,36.56,At Risk
C00054,2024-12-04,2024-11-30,4.0,36.56,At Risk
C00054,2024-12-26,2024-12-04,22.0,36.56,At Risk
C00054,2025-01-31,2024-12-26,36.0,36.56,At Risk
C00054,2025-02-07,2025-01-31,7.0,36.56,At Risk
C00054,2025-07-12,2025-02-07,155.0,36.56,At Risk
C00054,2025-07-20,2025-07-12,8.0,36.56,At Risk
C00054,2025-07-24,2025-07-20,4.0,36.56,At Risk
C00054,2025-08-09,2025-07-24,16.0,36.56,At Risk
C00054,2025-09-21,2025-08-09,43.0,36.56,At Risk
C00054,2025-11-06,2025-09-21,46.0,36.56,At Risk
C00054,2025-11-17,2025-11-06,11.0,36.56,At Risk
C00054,2025-12-26,2025-11-17,39.0,36.56,At Risk
C00054,2025-12-30,2025-12-26,4.0,36.56,At Risk
C00054,2026-03-08,2025-12-30,68.0,36.56,At Risk
C00054,2026-05-09,2026-03-08,62.0,36.56,At Risk
C00055,2024-02-22,,,31.07,At Risk
C00055,2024-03-02,2024-02-22,9.0,31.07,At Risk
C00055,2024-04-07,2024-03-02,36.0,31.07,At Risk
C00055,2024-04-12,2024-04-07,5.0,31.07,At Risk
C00055,2024-05-24,2024-04-12,42.0,31.07,At Risk
C00055,2024-07-10,2024-05-24,47.0,31.07,At Risk
C00055,2024-08-23,2024-07-10,44.0,31.07,At Risk
C00055,2024-08-26,2024-08-23,3.0,31.07,At Risk
C00055,2024-10-16,2024-08-26,51.0,31.07,At Risk
C00055,2024-12-07,2024-10-16,52.0,31.07,At Risk
C00055,2024-12-13,2024-12-07,6.0,31.07,At Risk
C00055,2024-12-18,2024-12-13,5.0,31.07,At Risk
C00055,2025-03-09,2024-12-18,81.0,31.07,At Risk
C00055,2025-04-01,2025-03-09,23.0,31.07,At Risk
C00055,2025-04-20,2025-04-01,19.0,31.07,At Risk
C00055,2025-05-04,2025-04-20,14.0,31.07,At Risk
C00055,2025-08-02,2025-05-04,90.0,31.07,At Risk
C00055,2025-09-07,2025-08-02,36.0,31.07,At Risk
C00055,2025-10-02,2025-09-07,25.0,31.07,At Risk
C00055,2025-10-04,2025-10-02,2.0,31.07,At Risk
C00055,2025-10-19,2025-10-04,15.0,31.07,At Risk
C00055,2025-10-23,2025-10-19,4.0,31.07,At Risk
C00055,2025-11-04,2025-10-23,12.0,31.07,At Risk
C00055,2025-11-09,2025-11-04,5.0,31.07,At Risk
C00055,2025-11-28,2025-11-09,19.0,31.07,At Risk
C00055,2025-12-08,2025-11-28,10.0,31.07,At Risk
C00055,2025-12-21,2025-12-08,13.0,31.07,At Risk
C00055,2025-12-27,2025-12-21,6.0,31.07,At Risk
C00055,2026-01-14,2025-12-27,18.0,31.07,At Risk
C00055,2026-02-23,2026-01-14,40.0,31.07,At Risk
C00055,2026-09-11,2026-02-23,200.0,31.07,At Risk
C00056,2024-02-02,,,572.0,At Risk
C00056,2025-08-27,2024-02-02,572.0,572.0,At Risk
C00057,2024-05-14,,,169.33,At Risk
C00057,2024-05-22,2024-05-14,8.0,169.33,At Risk
C00057,2024-11-04,2024-05-22,166.0,169.33,At Risk
C00057,2025-10-04,2024-11-04,334.0,169.33,At Risk
C00058,2024-01-27,,,370.5,At Risk
C00058,2025-11-04,2024-01-27,647.0,370.5,At Risk
C00058,2026-02-06,2025-11-04,94.0,370.5,At Risk
C00059,2024-12-17,,,,Active
C00060,2024-12-20,,,235.0,At Risk
C00060,2025-11-02,2024-12-20,317.0,235.0,At Risk
C00060,2026-04-04,2025-11-02,153.0,235.0,At Risk
C00061,2024-05-07,,,142.25,At Risk
C00061,2024-07-15,2024-05-07,69.0,142.25,At Risk
C00061,2024-10-19,2024-07-15,96.0,142.25,At Risk
C00061,2024-11-18,2024-10-19,30.0,142.25,At Risk
C00061,2025-11-27,2024-11-18,374.0,142.25,At Risk
C00062,2024-07-05,,,150.67,At Risk
C00062,2024-08-12,2024-07-05,38.0,150.67,At Risk
C00062,2024-08-14,2024-08-12,2.0,150.67,At Risk
C00062,2024-12-14,2024-08-14,122.0,150.67,At Risk
C00062,2025-10-05,2024-12-14,295.0,150.67,At Risk
C00062,2025-10-10,2025-10-05,5.0,150.67,At Risk
C00062,2026-12-26,2025-10-10,442.0,150.67,At Risk
C00063,2024-04-22,,,86.5,At Risk
C00063,2024-10-10,2024-04-22,171.0,86.5,At Risk
C00063,2024-10-31,2024-10-10,21.0,86.5,At Risk
C00063,2024-12-14,2024-10-31,44.0,86.5,At Risk
C00063,2024-12-29,2024-12-14,15.0,86.5,At Risk
C00063,2025-12-12,2024-12-29,348.0,86.5,At Risk
C00063,2025-12-25,2025-12-12,13.0,86.5,At Risk
C00063,2026-01-30,2025-12-25,36.0,86.5,At Risk
C00063,2026-04-14,2026-01-30,74.0,86.5,At Risk
C00063,2026-05-23,2026-04-14,39.0,86.5,At Risk
C00063,2026-09-04,2026-05-23,104.0,86.5,At Risk
C00064,2024-02-18,,,241.0,At Risk
C00064,2024-10-16,2024-02-18,241.0,241.0,At Risk
C00065,2025-11-06,,,234.0,At Risk
C00065,2026-06-28,2025-11-06,234.0,234.0,At Risk
C00066,2024-12-05,,,116.0,At Risk
C00066,2024-12-08,2024-12-05,3.0,116.0,At Risk
C00066,2025-11-11,2024-12-08,338.0,116.0,At Risk
C00066,2025-11-18,2025-11-11,7.0,116.0,At Risk
C00067,2024-03-23,,,44.82,At Risk
C00067,2024-04-20,2024-03-23,28.0,44.82,At Risk
C00067,2024-06-10,2024-04-20,51.0,44.82,At Risk
C00067,2024-10-25,2024-06-10,137.0,44.82,At Risk
C00067,2024-11-09,2024-10-25,15.0,44.82,At Risk
C00067,2024-11-21,2024-11-09,12.0,44.82,At Risk
C00067,2024-11-26,2024-11-21,5.0,44.82,At Risk
C00067,2024-12-23,2024-11-26,27.0,44.82,At Risk
C00067,2025-03-10,2024-12-23,77.0,44.82,At Risk
C00067,2025-07-04,2025-03-10,116.0,44.82,At Risk
C00067,2025-07-28,2025-07-04,24.0,44.82,At Risk
C00067,2025-08-11,2025-07-28,14.0,44.82,At Risk
C00067,2025-09-25,2025-08-11,45.0,44.82,At Risk
C00067,2025-11-16,2025-09-25,52.0,44.82,At Risk
C00067,2025-12-21,2025-11-16,35.0,44.82,At Risk
C00067,2026-03-12,2025-12-21,81.0,44.82,At Risk
C00067,2026-03-27,2026-03-12,15.0,44.82,At Risk
C00067,2026-04-24,2026-03-27,28.0,44.82,At Risk
C00068,2024-01-14,,,84.22,At Risk
C00068,2024-07-08,2024-01-14,176.0,84.22,At Risk
C00068,2024-07-11,2024-07-08,3.0,84.22,At Risk
C00068,2024-10-28,2024-07-11,109.0,84.22,At Risk
C00068,2024-12-17,2024-10-28,50.0,84.22,At Risk
C00068,2025-04-01,2024-12-17,105.0,84.22,At Risk
C00068,2025-05-16,2025-04-01,45.0,84.22,At Risk
C00068,2025-10-06,2025-05-16,143.0,84.22,At Risk
C00068,2025-10-07,2025-10-06,1.0,84.22,At Risk
C00068,2026-02-10,2025-10-07,126.0,84.22,At Risk
C00069,2024-02-12,,,128.67,At Risk
C00069,2024-03-06,2024-02-12,23.0,128.67,At Risk
C00069,2024-10-28,2024-03-06,236.0,128.67,At Risk
C00069,2025-09-06,2024-10-28,313.0,128.67,At Risk
C00069,2025-11-02,2025-09-06,57.0,128.67,At Risk
C00069,2025-12-24,2025-11-02,52.0,128.67,At Risk
C00069,2026-03-25,2025-12-24,91.0,128.67,At Risk
C00070,2024-01-26,,,14.98,Active
C00070,2024-02-05,2024-01-26,10.0,14.98,Active
C00070,2024-02-09,2024-02-05,4.0,14.98,Active
C00070,2024-03-31,2024-02-09,51.0,14.98,Active
C00070,2024-05-10,2024-03-31,40.0,14.98,Active
C00070,2024-05-26,2024-05-10,16.0,14.98,Active
C00070,2024-07-02,2024-05-26,37.0,14.98,Active
C00070,2024-07-23,2024-07-02,21.0,14.98,Active
C00070,2024-07-31,2024-07-23,8.0,14.98,Active
C00070,2024-08-08,2024-07-31,8.0,14.98,Active
C00070,2024-08-11,2024-08-08,3.0,14.98,Active
C00070,2024-08-15,2024-08-11,4.0,14.98,Active
C00070,2024-08-21,2024-08-15,6.0,14.98,Active
C00070,2024-09-29,2024-08-21,39.0,14.98,Active
C00070,2024-10-02,2024-09-29,3.0,14.98,Active
C00070,2024-10-11,2024-10-02,9.0,14.98,Active
C00070,2024-10-27,2024-10-11,16.0,14.98,Active
C00070,2024-11-14,2024-10-27,18.0,14.98,Active
C00070,2024-11-20,2024-11-14,6.0,14.98,Active
C00070,2024-11-26,2024-11-20,6.0,14.98,Active
C00070,2024-12-02,2024-11-26,6.0,14.98,Active
C00070,2024-12-11,2024-12-02,9.0,14.98,Active
C00070,2024-12-11,2024-12-11,0.0,14.98,Active
C00070,2024-12-22,2024-12-11,11.0,14.98,Active
C00070,2024-12-26,2024-12-22,4.0,14.98,Active
C00070,2024-12-28,2024-12-26,2.0,14.98,Active
C00070,2024-12-28,2024-12-28,0.0,14.98,Active
C00070,2025-01-04,2024-12-28,7.0,14.98,Active
C00070,2025-01-13,2025-01-04,9.0,14.98,Active
C00070,2025-02-16,2025-01-13,34.0,14.98,Active
C00070,2025-04-01,2025-02-16,44.0,14.98,Active
C00070,2025-04-27,2025-04-01,26.0,14.98,Active
C00070,2025-05-03,2025-04-27,6.0,14.98,Active
C00070,2025-05-14,2025-05-03,11.0,14.98,Active
C00070,2025-06-16,2025-05-14,33.0,14.98,Active
C00070,2025-07-08,2025-06-16,22.0,14.98,Active
C00070,2025-07-11,2025-07-08,3.0,14.98,Active
C00070,2025-07-26,2025-07-11,15.0,14.98,Active
C00070,2025-07-27,2025-07-26,1.0,14.98,Active
C00070,2025-08-18,2025-07-27,22.0,14.98,Active
C00070,2025-09-17,2025-08-18,30.0,14.98,Active
C00070,2025-10-07,2025-09-17,20.0,14.98,Active
C00070,2025-10-18,2025-10-07,11.0,14.98,Active
C00070,2025-10-21,2025-10-18,3.0,14.98,Active
C00070,2025-10-22,2025-10-21,1.0,14.98,Active
C00070,2025-11-09,2025-10-22,18.0,14.98,Active
C00070,2025-11-13,2025-11-09,4.0,14.98,Active
C00070,2025-11-16,2025-11-13,3.0,14.98,Active
C00070,2025-12-13,2025-11-16,27.0,14.98,Active
C00070,2025-12-13,2025-12-13,0.0,14.98,Active
C00070,2025-12-20,2025-12-13,7.0,14.98,Active
C00070,2025-12-21,2025-12-20,1.0,14.98,Active
C00070,2025-12-27,2025-12-21,6.0,14.98,Active
C00070,2026-01-27,2025-12-27,31.0,14.98,Active
C00070,2026-02-02,2026-01-27,6.0,14.98,Active
C00070,2026-04-06,2026-02-02,63.0,14.98,Active
C00070,2026-05-26,2026-04-06,50.0,14.98,Active
C00070,2026-06-06,2026-05-26,11.0,14.98,Active
C00070,2026-06-08,2026-06-06,2.0,14.98,Active
C00070,2026-06-15,2026-06-08,7.0,14.98,Active
C00070,2026-07-12,2026-06-15,27.0,14.98,Active
C00070,2026-07-28,2026-07-12,16.0,14.98,Active
C00071,2025-10-07,,,,Active
C00072,2024-10-01,,,104.25,At Risk
C00072,2025-05-21,2024-10-01,232.0,104.25,At Risk
C00072,2025-08-17,2025-05-21,88.0,104.25,At Risk
C00072,2025-10-03,2025-08-17,47.0,104.25,At Risk
C00072,2025-11-22,2025-10-03,50.0,104.25,At Risk
C00073,2025-02-09,,,278.0,At Risk
C00073,2025-11-14,2025-02-09,278.0,278.0,At Risk
C00074,2024-03-03,,,66.91,At Risk
C00074,2024-06-11,2024-03-03,100.0,66.91,At Risk
C00074,2024-06-19,2024-06-11,8.0,66.91,At Risk
C00074,2024-06-27,2024-06-19,8.0,66.91,At Risk
C00074,2024-07-28,2024-06-27,31.0,66.91,At Risk
C00074,2024-10-26,2024-07-28,90.0,66.91,At Risk
C00074,2024-11-03,2024-10-26,8.0,66.91,At Risk
C00074,2024-12-19,2024-11-03,46.0,66.91,At Risk
C00074,2025-05-22,2024-12-19,154.0,66.91,At Risk
C00074,2025-12-16,2025-05-22,208.0,66.91,At Risk
C00074,2025-12-26,2025-12-16,10.0,66.91,At Risk
C00074,2026-03-09,2025-12-26,73.0,66.91,At Risk
C00075,2024-11-03,,,27.5,Active
C00075,2024-11-21,2024-11-03,18.0,27.5,Active
C00075,2024-12-28,2024-11-21,37.0,27.5,Active
C00076,2024-11-20,,,118.6,At Risk
C00076,2024-11-25,2024-11-20,5.0,118.6,At Risk
C00076,2025-10-22,2024-11-25,331.0,118.6,At Risk
C00076,2025-10-25,2025-10-22,3.0,118.6,At Risk
C00076,2025-12-02,2025-10-25,38.0,118.6,At Risk
C00076,2026-07-06,2025-12-02,216.0,118.6,At Risk
C00077,2024-01-05,,,23.87,Active
C00077,2024-02-04,2024-01-05,30.0,23.87,Active
C00077,2024-02-19,2024-02-04,15.0,23.87,Active
C00077,2024-04-11,2024-02-19,52.0,23.87,Active
C00077,2024-04-12,2024-04-11,1.0,23.87,Active
C00077,2024-04-19,2024-04-12,7.0,23.87,Active
C00077,2024-05-10,2024-04-19,21.0,23.87,Active
C00077,2024-05-20,2024-05-10,10.0,23.87,Active
C00077,2024-07-05,2024-05-20,46.0,23.87,Active
C00077,2024-08-04,2024-07-05,30.0,23.87,Active
C00077,2024-08-23,2024-08-04,19.0,23.87,Active
C00077,2024-10-02,2024-08-23,40.0,23.87,Active
C00077,2024-10-07,2024-10-02,5.0,23.87,Active
C00077,2024-11-18,2024-10-07,42.0,23.87,Active
C00077,2024-12-12,2024-11-18,24.0,23.87,Active
C00077,2024-12-13,2024-12-12,1.0,23.87,Active
C00077,2024-12-17,2024-12-13,4.0,23.87,Active
C00077,2024-12-22,2024-12-17,5.0,23.87,Active
C00077,2024-12-25,2024-12-22,3.0,23.87,Active
C00077,2025-01-20,2024-12-25,26.0,23.87,Active
C00077,2025-01-21,2025-01-20,1.0,23.87,Active
C00077,2025-03-15,2025-01-21,53.0,23.87,Active
C00077,2025-03-22,2025-03-15,7.0,23.87,Active
C00077,2025-03-25,2025-03-22,3.0,23.87,Active
C00077,2025-08-05,2025-03-25,133.0,23.87,Active
C00077,2025-10-02,2025-08-05,58.0,23.87,Active
C00077,2025-10-04,2025-10-02,2.0,23.87,Active
C00077,2025-10-12,2025-10-04,8.0,23.87,Active
C00077,2025-10-16,2025-10-12,4.0,23.87,Active
C00077,2025-10-16,2025-10-16,0.0,23.87,Active
C00077,2025-11-06,2025-10-16,21.0,23.87,Active
C00077,2025-12-15,2025-11-06,39.0,23.87,Active
C00077,2025-12-19,2025-12-15,4.0,23.87,Active
C00077,2026-02-10,2025-12-19,53.0,23.87,Active
C00077,2026-02-18,2026-02-10,8.0,23.87,Active
C00077,2026-02-23,2026-02-18,5.0,23.87,Active
C00077,2026-03-08,2026-02-23,13.0,23.87,Active
C00077,2026-03-25,2026-03-08,17.0,23.87,Active
C00077,2026-04-29,2026-03-25,35.0,23.87,Active
C00077,2026-07-24,2026-04-29,86.0,23.87,Active
C00078,2024-01-22,,,63.36,At Risk
C00078,2024-05-23,2024-01-22,122.0,63.36,At Risk
C00078,2024-08-16,2024-05-23,85.0,63.36,At Risk
C00078,2024-10-04,2024-08-16,49.0,63.36,At Risk
C00078,2024-10-16,2024-10-04,12.0,63.36,At Risk
C00078,2025-02-04,2024-10-16,111.0,63.36,At Risk
C00078,2025-02-20,2025-02-04,16.0,63.36,At Risk
C00078,2025-04-24,2025-02-20,63.0,63.36,At Risk
C00078,2025-04-26,2025-04-24,2.0,63.36,At Risk
C00078,2025-11-16,2025-04-26,204.0,63.36,At Risk
C00078,2025-12-11,2025-11-16,25.0,63.36,At Risk
C00078,2025-12-19,2025-12-11,8.0,63.36,At Risk
C00079,2024-03-11,,,31.39,At Risk
C00079,2024-05-11,2024-03-11,61.0,31.39,At Risk
C00079,2024-05-19,2024-05-11,8.0,31.39,At Risk
C00079,2024-07-02,2024-05-19,44.0,31.39,At Risk
C00079,2024-07-25,2024-07-02,23.0,31.39,At Risk
C00079,2024-07-25,2024-07-25,0.0,31.39,At Risk
C00079,2024-08-02,2024-07-25,8.0,31.39,At Risk
C00079,2024-08-02,2024-08-02,0.0,31.39,At Risk
C00079,2024-10-07,2024-08-02,66.0,31.39,At Risk
C00079,2024-10-07,2024-10-07,0.0,31.39,At Risk
C00079,2024-10-14,2024-10-07,7.0,31.39,At Risk
C00079,2024-10-17,2024-10-14,3.0,31.39,At Risk
C00079,2024-11-12,2024-10-17,26.0,31.39,At Risk
C00079,2024-12-10,2024-11-12,28.0,31.39,At Risk
C00079,2024-12-15,2024-12-10,5.0,31.39,At Risk
C00079,2025-01-18,2024-12-15,34.0,31.39,At Risk
C00079,2025-02-14,2025-01-18,27.0,31.39,At Risk
C00079,2025-08-13,2025-02-14,180.0,31.39,At Risk
C00079,2025-09-21,2025-08-13,39.0,31.39,At Risk
C00079,2025-10-17,2025-09-21,26.0,31.39,At Risk
C00079,2025-10-17,2025-10-17,0.0,31.39,At Risk
C00079,2025-10-21,2025-10-17,4.0,31.39,At Risk
C00079,2025-10-27,2025-10-21,6.0,31.39,At Risk
C00079,2025-11-16,2025-10-27,20.0,31.39,At Risk
C00079,2025-12-13,2025-11-16,27.0,31.39,At Risk
C00079,2025-12-14,2025-12-13,1.0,31.39,At Risk
C00079,2026-01-16,2025-12-14,33.0,31.39,At Risk
C00079,2026-06-11,2026-01-16,146.0,31.39,At Risk
C00079,2026-06-29,2026-06-11,18.0,31.39,At Risk
C00079,2026-07-18,2026-06-29,19.0,31.39,At Risk
C00079,2026-09-21,2026-07-18,65.0,31.39,At Risk
C00079,2026-11-09,2026-09-21,49.0,31.39,At Risk
C00080,2024-02-25,,,33.16,At Risk
C00080,2024-03-24,2024-02-25,28.0,33.16,At Risk
C00080,2024-05-13,2024-03-24,50.0,33.16,At Risk
C00080,2024-12-10,2024-05-13,211.0,33.16,At Risk
C00080,2024-12-19,2024-12-10,9.0,33.16,At Risk
C00080,2024-12-25,2024-12-19,6.0,33.16,At Risk
C00080,2025-01-10,2024-12-25,16.0,33.16,At Risk
C00080,2025-02-20,2025-01-10,41.0,33.16,At Risk
C00080,2025-04-06,2025-02-20,45.0,33.16,At Risk
C00080,2025-04-10,2025-04-06,4.0,33.16,At Risk
C00080,2025-04-21,2025-04-10,11.0,33.16,At Risk
C00080,2025-06-03,2025-04-21,43.0,33.16,At Risk
C00080,2025-06-23,2025-06-03,20.0,33.16,At Risk
C00080,2025-10-01,2025-06-23,100.0,33.16,At Risk
C00080,2025-10-02,2025-10-01,1.0,33.16,At Risk
C00080,2025-10-02,2025-10-02,0.0,33.16,At Risk
C00080,2025-10-03,2025-10-02,1.0,33.16,At Risk
C00080,2025-10-05,2025-10-03,2.0,33.16,At Risk
C00080,2025-10-10,2025-10-05,5.0,33.16,At Risk
C00080,2025-10-25,2025-10-10,15.0,33.16,At Risk
C00080,2025-10-27,2025-10-25,2.0,33.16,At Risk
C00080,2025-11-20,2025-10-27,24.0,33.16,At Risk
C00080,2025-12-21,2025-11-20,31.0,33.16,At Risk
C00080,2026-02-27,2025-12-21,68.0,33.16,At Risk
C00080,2026-03-10,2026-02-27,11.0,33.16,At Risk
C00080,2026-06-03,2026-03-10,85.0,33.16,At Risk
C00081,2024-01-11,,,833.0,At Risk
C00081,2026-04-23,2024-01-11,833.0,833.0,At Risk
C00082,2024-01-21,,,52.63,At Risk
C00082,2024-08-02,2024-01-21,194.0,52.63,At Risk
C00082,2024-08-22,2024-08-02,20.0,52.63,At Risk
C00082,2024-12-21,2024-08-22,121.0,52.63,At Risk
C00082,2024-12-24,2024-12-21,3.0,52.63,At Risk
C00082,2024-12-24,2024-12-24,0.0,52.63,At Risk
C00082,2025-07-26,2024-12-24,214.0,52.63,At Risk
C00082,2025-09-24,2025-07-26,60.0,52.63,At Risk
C00082,2025-10-03,2025-09-24,9.0,52.63,At Risk
C00082,2025-11-12,2025-10-03,40.0,52.63,At Risk
C00082,2025-12-10,2025-11-12,28.0,52.63,At Risk
C00082,2025-12-31,2025-12-10,21.0,52.63,At Risk
C00082,2026-01-13,2025-12-31,13.0,52.63,At Risk
C00082,2026-02-20,2026-01-13,38.0,52.63,At Risk
C00082,2026-03-19,2026-02-20,27.0,52.63,At Risk
C00082,2026-03-25,2026-03-19,6.0,52.63,At Risk
C00082,2026-03-26,2026-03-25,1.0,52.63,At Risk
C00082,2026-06-22,2026-03-26,88.0,52.63,At Risk
C00082,2026-07-18,2026-06-22,26.0,52.63,At Risk
C00082,2026-10-17,2026-07-18,91.0,52.63,At Risk
C00083,2024-03-02,,,182.33,At Risk
C00083,2024-09-16,2024-03-02,198.0,182.33,At Risk
C00083,2024-11-22,2024-09-16,67.0,182.33,At Risk
C00083,2025-08-31,2024-11-22,282.0,182.33,At Risk
C00084,2024-07-27,,,275.0,At Risk
C00084,2025-04-28,2024-07-27,275.0,275.0,At Risk
C00085,2024-12-15,,,236.0,At Risk
C00085,2025-02-21,2024-12-15,68.0,236.0,At Risk
C00085,2026-04-01,2025-02-21,404.0,236.0,At Risk
C00086,2024-01-13,,,101.44,At Risk
C00086,2024-01-22,2024-01-13,9.0,101.44,At Risk
C00086,2024-06-29,2024-01-22,159.0,101.44,At Risk
C00086,2024-10-12,2024-06-29,105.0,101.44,At Risk
C00086,2024-12-17,2024-10-12,66.0,101.44,At Risk
C00086,2025-03-20,2024-12-17,93.0,101.44,At Risk
C00086,2025-07-07,2025-03-20,109.0,101.44,At Risk
C00086,2025-07-14,2025-07-07,7.0,101.44,At Risk
C00086,2025-08-16,2025-07-14,33.0,101.44,At Risk
C00086,2026-07-14,2025-08-16,332.0,101.44,At Risk
C00087,2024-03-13,,,323.0,At Risk
C00087,2025-10-21,2024-03-13,587.0,323.0,At Risk
C00087,2025-12-19,2025-10-21,59.0,323.0,At Risk
C00088,2024-11-15,,,83.67,At Risk
C00088,2024-12-10,2024-11-15,25.0,83.67,At Risk
C00088,2024-12-15,2024-12-10,5.0,83.67,At Risk
C00088,2024-12-18,2024-12-15,3.0,83.67,At Risk
C00088,2024-12-25,2024-12-18,7.0,83.67,At Risk
C00088,2025-07-01,2024-12-25,188.0,83.67,At Risk
C00088,2026-04-01,2025-07-01,274.0,83.67,At Risk
C00089,2025-10-05,,,,Active
C00090,2025-05-18,,,262.0,At Risk
C00090,2026-02-04,2025-05-18,262.0,262.0,At Risk
C00091,2024-08-27,,,550.0,At Risk
C00091,2026-02-28,2024-08-27,550.0,550.0,At Risk
C00092,2025-07-21,,,41.5,At Risk
C00092,2025-10-01,2025-07-21,72.0,41.5,At Risk
C00092,2025-10-12,2025-10-01,11.0,41.5,At Risk
C00093,2024-01-27,,,142.33,At Risk
C00093,2024-04-14,2024-01-27,78.0,142.33,At Risk
C00093,2024-05-04,2024-04-14,20.0,142.33,At Risk
C00093,2024-10-14,2024-05-04,163.0,142.33,At Risk
C00093,2025-10-05,2024-10-14,356.0,142.33,At Risk
C00093,2025-12-18,2025-10-05,74.0,142.33,At Risk
C00093,2026-05-30,2025-12-18,163.0,142.33,At Risk
C00094,2024-01-27,,,56.35,At Risk
C00094,2024-02-28,2024-01-27,32.0,56.35,At Risk
C00094,2024-08-07,2024-02-28,161.0,56.35,At Risk
C00094,2024-10-04,2024-08-07,58.0,56.35,At Risk
C00094,2024-10-05,2024-10-04,1.0,56.35,At Risk
C00094,2024-10-08,2024-10-05,3.0,56.35,At Risk
C00094,2025-01-11,2024-10-08,95.0,56.35,At Risk
C00094,2025-02-22,2025-01-11,42.0,56.35,At Risk
C00094,2025-07-07,2025-02-22,135.0,56.35,At Risk
C00094,2025-08-16,2025-07-07,40.0,56.35,At Risk
C00094,2025-09-14,2025-08-16,29.0,56.35,At Risk
C00094,2025-10-16,2025-09-14,32.0,56.35,At Risk
C00094,2025-10-24,2025-10-16,8.0,56.35,At Risk
C00094,2025-11-28,2025-10-24,35.0,56.35,At Risk
C00094,2025-12-10,2025-11-28,12.0,56.35,At Risk
C00094,2026-05-28,2025-12-10,169.0,56.35,At Risk
C00094,2026-07-29,2026-05-28,62.0,56.35,At Risk
C00094,2026-09-11,2026-07-29,44.0,56.35,At Risk
C00095,2024-05-02,,,74.5,At Risk
C00095,2024-05-19,2024-05-02,17.0,74.5,At Risk
C00095,2024-07-29,2024-05-19,71.0,74.5,At Risk
C00095,2025-05-02,2024-07-29,277.0,74.5,At Risk
C00095,2025-10-02,2025-05-02,153.0,74.5,At Risk
C00095,2025-10-03,2025-10-02,1.0,74.5,At Risk
C00095,2025-11-12,2025-10-03,40.0,74.5,At Risk
C00095,2025-11-24,2025-11-12,12.0,74.5,At Risk
C00095,2025-12-19,2025-11-24,25.0,74.5,At Risk
C00096,2024-04-20,,,38.76,At Risk
C00096,2024-06-18,2024-04-20,59.0,38.76,At Risk
C00096,2024-09-01,2024-06-18,75.0,38.76,At Risk
C00096,2024-09-11,2024-09-01,10.0,38.76,At Risk
C00096,2024-10-06,2024-09-11,25.0,38.76,At Risk
C00096,2024-10-12,2024-10-06,6.0,38.76,At Risk
C00096,2024-11-19,2024-10-12,38.0,38.76,At Risk
C00096,2024-11-20,2024-11-19,1.0,38.76,At Risk
C00096,2024-12-04,2024-11-20,14.0,38.76,At Risk
C00096,2024-12-16,2024-12-04,12.0,38.76,At Risk
C00096,2024-12-26,2024-12-16,10.0,38.76,At Risk
C00096,2025-10-07,2024-12-26,285.0,38.76,At Risk
C00096,2025-10-15,2025-10-07,8.0,38.76,At Risk
C00096,2025-11-25,2025-10-15,41.0,38.76,At Risk
C00096,2025-12-18,2025-11-25,23.0,38.76,At Risk
C00096,2025-12-20,2025-12-18,2.0,38.76,At Risk
C00096,2025-12-20,2025-12-20,0.0,38.76,At Risk
C00096,2026-02-08,2025-12-20,50.0,38.76,At Risk
C00097,2024-10-27,,,106.4,At Risk
C00097,2025-08-28,2024-10-27,305.0,106.4,At Risk
C00097,2025-09-12,2025-08-28,15.0,106.4,At Risk
C00097,2025-11-08,2025-09-12,57.0,106.4,At Risk
C00097,2026-02-12,2025-11-08,96.0,106.4,At Risk
C00097,2026-04-12,2026-02-12,59.0,106.4,At Risk
C00098,2024-06-24,,,311.0,At Risk
C00098,2025-11-24,2024-06-24,518.0,311.0,At Risk
C00098,2026-03-08,2025-11-24,104.0,311.0,At Risk
C00099,2024-11-08,,,710.0,At Risk
C00099,2026-10-19,2024-11-08,710.0,710.0,At Risk
C00100,2025-12-23,,,,Active
C00101,2024-04-08,,,175.67,At Risk
C00101,2024-10-08,2024-04-08,183.0,175.67,At Risk
C00101,2024-11-12,2024-10-08,35.0,175.67,At Risk
C00101,2025-09-17,2024-11-12,309.0,175.67,At Risk
C00102,2024-03-08,,,204.67,At Risk
C00102,2024-12-05,2024-03-08,272.0,204.67,At Risk
C00102,2025-01-18,2024-12-05,44.0,204.67,At Risk
C00102,2025-11-12,2025-01-18,298.0,204.67,At Risk
C00103,2024-01-23,,,47.3,At Risk
C00103,2024-02-24,2024-01-23,32.0,47.3,At Risk
C00103,2024-05-10,2024-02-24,76.0,47.3,At Risk
C00103,2024-05-30,2024-05-10,20.0,47.3,At Risk
C00103,2024-08-31,2024-05-30,93.0,47.3,At Risk
C00103,2024-10-07,2024-08-31,37.0,47.3,At Risk
C00103,2024-11-01,2024-10-07,25.0,47.3,At Risk
C00103,2024-11-05,2024-11-01,4.0,47.3,At Risk
C00103,2024-11-05,2024-11-05,0.0,47.3,At Risk
C00103,2024-11-10,2024-11-05,5.0,47.3,At Risk
C00103,2025-01-03,2024-11-10,54.0,47.3,At Risk
C00103,2025-04-07,2025-01-03,94.0,47.3,At Risk
C00103,2025-04-18,2025-04-07,11.0,47.3,At Risk
C00103,2025-09-18,2025-04-18,153.0,47.3,At Risk
C00103,2025-10-06,2025-09-18,18.0,47.3,At Risk
C00103,2025-10-15,2025-10-06,9.0,47.3,At Risk
C00103,2025-10-20,2025-10-15,5.0,47.3,At Risk
C00103,2025-11-08,2025-10-20,19.0,47.3,At Risk
C00103,2025-11-09,2025-11-08,1.0,47.3,At Risk
C00103,2025-11-13,2025-11-09,4.0,47.3,At Risk
C00103,2025-11-18,2025-11-13,5.0,47.3,At Risk
C00103,2026-06-03,2025-11-18,197.0,47.3,At Risk
C00103,2026-07-10,2026-06-03,37.0,47.3,At Risk
C00103,2027-01-15,2026-07-10,189.0,47.3,At Risk
C00104,2024-02-15,,,98.13,At Risk
C00104,2024-04-16,2024-02-15,61.0,98.13,At Risk
C00104,2024-05-16,2024-04-16,30.0,98.13,At Risk
C00104,2024-11-05,2024-05-16,173.0,98.13,At Risk
C00104,2025-05-01,2024-11-05,177.0,98.13,At Risk
C00104,2025-10-12,2025-05-01,164.0,98.13,At Risk
C00104,2026-03-06,2025-10-12,145.0,98.13,At Risk
C00104,2026-03-20,2026-03-06,14.0,98.13,At Risk
C00104,2026-04-10,2026-03-20,21.0,98.13,At Risk
C00105,2024-02-05,,,103.71,At Risk
C00105,2024-10-15,2024-02-05,253.0,103.71,At Risk
C00105,2024-11-26,2024-10-15,42.0,103.71,At Risk
C00105,2025-06-12,2024-11-26,198.0,103.71,At Risk
C00105,2025-11-28,2025-06-12,169.0,103.71,At Risk
C00105,2025-12-02,2025-11-28,4.0,103.71,At Risk
C00105,2025-12-17,2025-12-02,15.0,103.71,At Risk
C00105,2026-01-31,2025-12-17,45.0,103.71,At Risk
C00106,2024-01-06,,,23.15,Active
C00106,2024-01-16,2024-01-06,10.0,23.15,Active
C00106,2024-01-24,2024-01-16,8.0,23.15,Active
C00106,2024-01-27,2024-01-24,3.0,23.15,Active
C00106,2024-03-07,2024-01-27,40.0,23.15,Active
C00106,2024-03-21,2024-03-07,14.0,23.15,Active
C00106,2024-05-21,2024-03-21,61.0,23.15,Active
C00106,2024-07-29,2024-05-21,69.0,23.15,Active
C00106,2024-08-12,2024-07-29,14.0,23.15,Active
C00106,2024-09-20,2024-08-12,39.0,23.15,Active
C00106,2024-10-09,2024-09-20,19.0,23.15,Active
C00106,2024-11-05,2024-10-09,27.0,23.15,Active
C00106,2024-11-16,2024-11-05,11.0,23.15,Active
C00106,2024-11-19,2024-11-16,3.0,23.15,Active
C00106,2024-11-21,2024-11-19,2.0,23.15,Active
C00106,2024-11-27,2024-11-21,6.0,23.15,Active
C00106,2024-12-13,2024-11-27,16.0,23.15,Active
C00106,2025-01-31,2024-12-13,49.0,23.15,Active
C00106,2025-06-28,2025-01-31,148.0,23.15,Active
C00106,2025-07-07,2025-06-28,9.0,23.15,Active
C00106,2025-08-10,2025-07-07,34.0,23.15,Active
C00106,2025-10-02,2025-08-10,53.0,23.15,Active
C00106,2025-10-07,2025-10-02,5.0,23.15,Active
C00106,2025-10-08,2025-10-07,1.0,23.15,Active
C00106,2025-10-30,2025-10-08,22.0,23.15,Active
C00106,2025-11-05,2025-10-30,6.0,23.15,Active
C00106,2025-11-19,2025-11-05,14.0,23.15,Active
C00106,2025-11-25,2025-11-19,6.0,23.15,Active
C00106,2025-11-27,2025-11-25,2.0,23.15,Active
C00106,2025-12-02,2025-11-27,5.0,23.15,Active
C00106,2025-12-05,2025-12-02,3.0,23.15,Active
C00106,2025-12-15,2025-12-05,10.0,23.15,Active
C00106,2026-01-06,2025-12-15,22.0,23.15,Active
C00106,2026-04-01,2026-01-06,85.0,23.15,Active
C00106,2026-04-11,2026-04-01,10.0,23.15,Active
C00106,2026-05-27,2026-04-11,46.0,23.15,Active
C00106,2026-06-03,2026-05-27,7.0,23.15,Active
C00106,2026-06-15,2026-06-03,12.0,23.15,Active
C00106,2026-06-18,2026-06-15,3.0,23.15,Active
C00106,2026-06-27,2026-06-18,9.0,23.15,Active
C00107,2024-12-24,,,461.0,At Risk
C00107,2026-03-30,2024-12-24,461.0,461.0,At Risk
C00108,2024-05-22,,,67.27,At Risk
C00108,2024-08-18,2024-05-22,88.0,67.27,At Risk
C00108,2024-08-24,2024-08-18,6.0,67.27,At Risk
C00108,2024-11-03,2024-08-24,71.0,67.27,At Risk
C00108,2025-03-06,2024-11-03,123.0,67.27,At Risk
C00108,2025-08-08,2025-03-06,155.0,67.27,At Risk
C00108,2025-10-02,2025-08-08,55.0,67.27,At Risk
C00108,2025-11-14,2025-10-02,43.0,67.27,At Risk
C00108,2025-12-01,2025-11-14,17.0,67.27,At Risk
C00108,2025-12-15,2025-12-01,14.0,67.27,At Risk
C00108,2026-04-30,2025-12-15,136.0,67.27,At Risk
C00108,2026-06-01,2026-04-30,32.0,67.27,At Risk
C00109,2024-08-04,,,77.83,At Risk
C00109,2024-09-05,2024-08-04,32.0,77.83,At Risk
C00109,2024-12-24,2024-09-05,110.0,77.83,At Risk
C00109,2025-04-19,2024-12-24,116.0,77.83,At Risk
C00109,2025-05-20,2025-04-19,31.0,77.83,At Risk
C00109,2025-06-21,2025-05-20,32.0,77.83,At Risk
C00109,2025-11-14,2025-06-21,146.0,77.83,At Risk
C00110,2024-01-07,,,49.48,At Risk
C00110,2024-01-15,2024-01-07,8.0,49.48,At Risk
C00110,2024-01-23,2024-01-15,8.0,49.48,At Risk
C00110,2024-03-20,2024-01-23,57.0,49.48,At Risk
C00110,2024-05-07,2024-03-20,48.0,49.48,At Risk
C00110,2024-08-19,2024-05-07,104.0,49.48,At Risk
C00110,2024-09-15,2024-08-19,27.0,49.48,At Risk
C00110,2024-10-08,2024-09-15,23.0,49.48,At Risk
C00110,2024-10-23,2024-10-08,15.0,49.48,At Risk
C00110,2024-11-04,2024-10-23,12.0,49.48,At Risk
C00110,2024-11-18,2024-11-04,14.0,49.48,At Risk
C00110,2024-11-19,2024-11-18,1.0,49.48,At Risk
C00110,2024-11-22,2024-11-19,3.0,49.48,At Risk
C00110,2024-11-26,2024-11-22,4.0,49.48,At Risk
C00110,2024-12-22,2024-11-26,26.0,49.48,At Risk
C00110,2025-03-05,2024-12-22,73.0,49.48,At Risk
C00110,2025-09-13,2025-03-05,192.0,49.48,At Risk
C00110,2026-02-16,2025-09-13,156.0,49.48,At Risk
C00110,2026-04-27,2026-02-16,70.0,49.48,At Risk
C00110,2026-05-11,2026-04-27,14.0,49.48,At Risk
C00110,2026-07-02,2026-05-11,52.0,49.48,At Risk
C00110,2026-11-11,2026-07-02,132.0,49.48,At Risk
C00111,2024-02-16,,,35.96,At Risk
C00111,2024-03-30,2024-02-16,43.0,35.96,At Risk
C00111,2024-06-23,2024-03-30,85.0,35.96,At Risk
C00111,2024-07-06,2024-06-23,13.0,35.96,At Risk
C00111,2024-07-09,2024-07-06,3.0,35.96,At Risk
C00111,2024-07-31,2024-07-09,22.0,35.96,At Risk
C00111,2024-08-17,2024-07-31,17.0,35.96,At Risk
C00111,2024-09-06,2024-08-17,20.0,35.96,At Risk
C00111,2024-09-29,2024-09-06,23.0,35.96,At Risk
C00111,2024-10-16,2024-09-29,17.0,35.96,At Risk
C00111,2024-10-19,2024-10-16,3.0,35.96,At Risk
C00111,2024-10-27,2024-10-19,8.0,35.96,At Risk
C00111,2024-12-02,2024-10-27,36.0,35.96,At Risk
C00111,2024-12-14,2024-12-02,12.0,35.96,At Risk
C00111,2024-12-14,2024-12-14,0.0,35.96,At Risk
C00111,2025-05-23,2024-12-14,160.0,35.96,At Risk
C00111,2025-07-10,2025-05-23,48.0,35.96,At Risk
C00111,2025-10-09,2025-07-10,91.0,35.96,At Risk
C00111,2025-12-03,2025-10-09,55.0,35.96,At Risk
C00111,2025-12-07,2025-12-03,4.0,35.96,At Risk
C00111,2025-12-18,2025-12-07,11.0,35.96,At Risk
C00111,2025-12-28,2025-12-18,10.0,35.96,At Risk
C00111,2026-02-12,2025-12-28,46.0,35.96,At Risk
C00111,2026-05-04,2026-02-12,81.0,35.96,At Risk
C00111,2026-06-28,2026-05-04,55.0,35.96,At Risk
C00112,2024-03-02,,,271.0,At Risk
C00112,2024-04-20,2024-03-02,49.0,271.0,At Risk
C00112,2025-11-19,2024-04-20,578.0,271.0,At Risk
C00112,2026-05-24,2025-11-19,186.0,271.0,At Risk
C00113,2024-02-21,,,69.86,At Risk
C00113,2024-10-06,2024-02-21,228.0,69.86,At Risk
C00113,2024-10-06,2024-10-06,0.0,69.86,At Risk
C00113,2024-10-06,2024-10-06,0.0,69.86,At Risk
C00113,2024-12-20,2024-10-06,75.0,69.86,At Risk
C00113,2025-05-29,2024-12-20,160.0,69.86,At Risk
C00113,2025-06-18,2025-05-29,20.0,69.86,At Risk
C00113,2025-06-24,2025-06-18,6.0,69.86,At Risk
C00114,2024-01-12,,,30.6,At Risk
C00114,2024-04-28,2024-01-12,107.0,30.6,At Risk
C00114,2024-08-22,2024-04-28,116.0,30.6,At Risk
C00114,2024-09-23,2024-08-22,32.0,30.6,At Risk
C00114,2024-10-19,2024-09-23,26.0,30.6,At Risk
C00114,2024-10-28,2024-10-19,9.0,30.6,At Risk
C00114,2024-11-03,2024-10-28,6.0,30.6,At Risk
C00114,2024-11-10,2024-11-03,7.0,30.6,At Risk
C00114,2024-11-27,2024-11-10,17.0,30.6,At Risk
C00114,2024-11-28,2024-11-27,1.0,30.6,At Risk
C00114,2024-12-24,2024-11-28,26.0,30.6,At Risk
C00114,2025-01-02,2024-12-24,9.0,30.6,At Risk
C00114,2025-02-18,2025-01-02,47.0,30.6,At Risk
C00114,2025-02-20,2025-02-18,2.0,30.6,At Risk
C00114,2025-03-03,2025-02-20,11.0,30.6,At Risk
C00114,2025-05-04,2025-03-03,62.0,30.6,At Risk
C00114,2025-05-08,2025-05-04,4.0,30.6,At Risk
C00114,2025-08-10,2025-05-08,94.0,30.6,At Risk
C00114,2025-08-26,2025-08-10,16.0,30.6,At Risk
C00114,2025-08-26,2025-08-26,0.0,30.6,At Risk
C00114,2025-09-22,2025-08-26,27.0,30.6,At Risk
C00114,2025-10-16,2025-09-22,24.0,30.6,At Risk
C00114,2025-10-20,2025-10-16,4.0,30.6,At Risk
C00114,2025-10-22,2025-10-20,2.0,30.6,At Risk
C00114,2025-10-23,2025-10-22,1.0,30.6,At Risk
C00114,2025-10-30,2025-10-23,7.0,30.6,At Risk
C00114,2025-11-19,2025-10-30,20.0,30.6,At Risk
C00114,2026-02-07,2025-11-19,80.0,30.6,At Risk
C00114,2026-05-12,2026-02-07,94.0,30.6,At Risk
C00114,2026-06-12,2026-05-12,31.0,30.6,At Risk
C00114,2026-07-18,2026-06-12,36.0,30.6,At Risk
C00115,2024-02-01,,,117.14,At Risk
C00115,2024-09-16,2024-02-01,228.0,117.14,At Risk
C00115,2024-10-20,2024-09-16,34.0,117.14,At Risk
C00115,2025-04-06,2024-10-20,168.0,117.14,At Risk
C00115,2025-11-07,2025-04-06,215.0,117.14,At Risk
C00115,2025-11-19,2025-11-07,12.0,117.14,At Risk
C00115,2025-12-27,2025-11-19,38.0,117.14,At Risk
C00115,2026-05-01,2025-12-27,125.0,117.14,At Risk
C00116,2026-03-06,,,,Active
C00117,2024-01-18,,,23.44,Active
C00117,2024-01-27,2024-01-18,9.0,23.44,Active
C00117,2024-02-22,2024-01-27,26.0,23.44,Active
C00117,2024-04-14,2024-02-22,52.0,23.44,Active
C00117,2024-04-27,2024-04-14,13.0,23.44,Active
C00117,2024-08-03,2024-04-27,98.0,23.44,Active
C00117,2024-09-27,2024-08-03,55.0,23.44,Active
C00117,2024-09-27,2024-09-27,0.0,23.44,Active
C00117,2024-10-17,2024-09-27,20.0,23.44,Active
C00117,2024-11-01,2024-10-17,15.0,23.44,Active
C00117,2024-11-07,2024-11-01,6.0,23.44,Active
C00117,2024-11-14,2024-11-07,7.0,23.44,Active
C00117,2024-11-23,2024-11-14,9.0,23.44,Active
C00117,2024-12-10,2024-11-23,17.0,23.44,Active
C00117,2024-12-17,2024-12-10,7.0,23.44,Active
C00117,2024-12-24,2024-12-17,7.0,23.44,Active
C00117,2024-12-25,2024-12-24,1.0,23.44,Active
C00117,2025-01-11,2024-12-25,17.0,23.44,Active
C00117,2025-01-25,2025-01-11,14.0,23.44,Active
C00117,2025-01-27,2025-01-25,2.0,23.44,Active
C00117,2025-02-11,2025-01-27,15.0,23.44,Active
C00117,2025-02-14,2025-02-11,3.0,23.44,Active
C00117,2025-02-25,2025-02-14,11.0,23.44,Active
C00117,2025-02-26,2025-02-25,1.0,23.44,Active
C00117,2025-05-23,2025-02-26,86.0,23.44,Active
C00117,2025-08-13,2025-05-23,82.0,23.44,Active
C00117,2025-09-13,2025-08-13,31.0,23.44,Active
C00117,2025-09-15,2025-09-13,2.0,23.44,Active
C00117,2025-09-21,2025-09-15,6.0,23.44,Active
C00117,2025-09-25,2025-09-21,4.0,23.44,Active
C00117,2025-10-01,2025-09-25,6.0,23.44,Active
C00117,2025-10-04,2025-10-01,3.0,23.44,Active
C00117,2025-10-14,2025-10-04,10.0,23.44,Active
C00117,2025-11-23,2025-10-14,40.0,23.44,Active
C00117,2025-11-27,2025-11-23,4.0,23.44,Active
C00117,2025-12-01,2025-11-27,4.0,23.44,Active
C00117,2026-02-17,2025-12-01,78.0,23.44,Active
C00117,2026-03-15,2026-02-17,26.0,23.44,Active
C00117,2026-05-17,2026-03-15,63.0,23.44,Active
C00117,2026-07-20,2026-05-17,64.0,23.44,Active
C00118,2024-01-11,,,92.38,At Risk
C00118,2024-04-20,2024-01-11,100.0,92.38,At Risk
C00118,2024-04-28,2024-04-20,8.0,92.38,At Risk
C00118,2024-05-19,2024-04-28,21.0,92.38,At Risk
C00118,2025-04-27,2024-05-19,343.0,92.38,At Risk
C00118,2025-10-08,2025-04-27,164.0,92.38,At Risk
C00118,2025-10-08,2025-10-08,0.0,92.38,At Risk
C00118,2025-10-20,2025-10-08,12.0,92.38,At Risk
C00118,2026-01-19,2025-10-20,91.0,92.38,At Risk
C00119,2024-01-20,,,75.36,At Risk
C00119,2024-03-02,2024-01-20,42.0,75.36,At Risk
C00119,2024-08-13,2024-03-02,164.0,75.36,At Risk
C00119,2024-08-15,2024-08-13,2.0,75.36,At Risk
C00119,2024-12-17,2024-08-15,124.0,75.36,At Risk
C00119,2024-12-23,2024-12-17,6.0,75.36,At Risk
C00119,2025-01-09,2024-12-23,17.0,75.36,At Risk
C00119,2025-11-21,2025-01-09,316.0,75.36,At Risk
C00119,2025-12-12,2025-11-21,21.0,75.36,At Risk
C00119,2025-12-20,2025-12-12,8.0,75.36,At Risk
C00119,2025-12-23,2025-12-20,3.0,75.36,At Risk
C00119,2026-04-28,2025-12-23,126.0,75.36,At Risk
C00120,2024-10-06,,,203.33,At Risk
C00120,2025-05-28,2024-10-06,234.0,203.33,At Risk
C00120,2026-04-10,2025-05-28,317.0,203.33,At Risk
C00120,2026-06-08,2026-04-10,59.0,203.33,At Risk
C00121,2024-01-25,,,56.13,At Risk
C00121,2024-04-15,2024-01-25,81.0,56.13,At Risk
C00121,2024-05-16,2024-04-15,31.0,56.13,At Risk
C00121,2024-09-17,2024-05-16,124.0,56.13,At Risk
C00121,2024-12-12,2024-09-17,86.0,56.13,At Risk
C00121,2025-07-21,2024-12-12,221.0,56.13,At Risk
C00121,2025-08-27,2025-07-21,37.0,56.13,At Risk
C00121,2025-09-20,2025-08-27,24.0,56.13,At Risk
C00121,2025-10-05,2025-09-20,15.0,56.13,At Risk
C00121,2025-10-26,2025-10-05,21.0,56.13,At Risk
C00121,2025-11-09,2025-10-26,14.0,56.13,At Risk
C00121,2025-11-24,2025-11-09,15.0,56.13,At Risk
C00121,2025-12-02,2025-11-24,8.0,56.13,At Risk
C00121,2026-01-12,2025-12-02,41.0,56.13,At Risk
C00121,2026-06-02,2026-01-12,141.0,56.13,At Risk
C00121,2026-06-08,2026-06-02,6.0,56.13,At Risk
C00121,2026-07-11,2026-06-08,33.0,56.13,At Risk
C00122,2024-02-22,,,127.5,At Risk
C00122,2024-08-21,2024-02-22,181.0,127.5,At Risk
C00122,2024-12-09,2024-08-21,110.0,127.5,At Risk
C00122,2024-12-16,2024-12-09,7.0,127.5,At Risk
C00122,2025-01-04,2024-12-16,19.0,127.5,At Risk
C00122,2025-05-13,2025-01-04,129.0,127.5,At Risk
C00122,2025-10-26,2025-05-13,166.0,127.5,At Risk
C00122,2025-10-26,2025-10-26,0.0,127.5,At Risk
C00122,2026-12-08,2025-10-26,408.0,127.5,At Risk
C00123,2024-12-03,,,61.5,At Risk
C00123,2025-02-19,2024-12-03,78.0,61.5,At Risk
C00123,2025-04-17,2025-02-19,57.0,61.5,At Risk
C00123,2025-10-25,2025-04-17,191.0,61.5,At Risk
C00123,2025-11-10,2025-10-25,16.0,61.5,At Risk
C00123,2026-01-20,2025-11-10,71.0,61.5,At Risk
C00123,2026-01-22,2026-01-20,2.0,61.5,At Risk
C00123,2026-02-02,2026-01-22,11.0,61.5,At Risk
C00123,2026-04-09,2026-02-02,66.0,61.5,At Risk
C00124,2024-12-11,,,104.86,At Risk
C00124,2025-01-31,2024-12-11,51.0,104.86,At Risk
C00124,2025-10-06,2025-01-31,248.0,104.86,At Risk
C00124,2025-11-01,2025-10-06,26.0,104.86,At Risk
C00124,2025-11-21,2025-11-01,20.0,104.86,At Risk
C00124,2026-01-03,2025-11-21,43.0,104.86,At Risk
C00124,2026-03-23,2026-01-03,79.0,104.86,At Risk
C00124,2026-12-15,2026-03-23,267.0,104.86,At Risk
C00125,2024-11-27,,,140.67,At Risk
C00125,2024-12-21,2024-11-27,24.0,140.67,At Risk
C00125,2025-03-07,2024-12-21,76.0,140.67,At Risk
C00125,2026-01-23,2025-03-07,322.0,140.67,At Risk
C00126,2024-01-22,,,415.5,At Risk
C00126,2025-11-20,2024-01-22,668.0,415.5,At Risk
C00126,2026-05-02,2025-11-20,163.0,415.5,At Risk
C00127,2024-05-19,,,164.75,At Risk
C00127,2024-09-03,2024-05-19,107.0,164.75,At Risk
C00127,2025-04-29,2024-09-03,238.0,164.75,At Risk
C00127,2025-07-21,2025-04-29,83.0,164.75,At Risk
C00127,2026-03-09,2025-07-21,231.0,164.75,At Risk
C00128,2024-01-04,,,84.3,At Risk
C00128,2024-06-17,2024-01-04,165.0,84.3,At Risk
C00128,2024-08-12,2024-06-17,56.0,84.3,At Risk
C00128,2024-10-23,2024-08-12,72.0,84.3,At Risk
C00128,2024-12-19,2024-10-23,57.0,84.3,At Risk
C00128,2025-06-11,2024-12-19,174.0,84.3,At Risk
C00128,2025-09-30,2025-06-11,111.0,84.3,At Risk
C00128,2025-11-24,2025-09-30,55.0,84.3,At Risk
C00128,2025-12-18,2025-11-24,24.0,84.3,At Risk
C00128,2026-04-02,2025-12-18,105.0,84.3,At Risk
C00128,2026-04-26,2026-04-02,24.0,84.3,At Risk
C00129,2025-12-26,,,,Active
C00130,2024-03-14,,,163.0,At Risk
C00130,2024-05-25,2024-03-14,72.0,163.0,At Risk
C00130,2024-12-04,2024-05-25,193.0,163.0,At Risk
C00130,2025-12-17,2024-12-04,378.0,163.0,At Risk
C00130,2025-12-26,2025-12-17,9.0,163.0,At Risk
C00131,2024-02-07,,,54.67,At Risk
C00131,2024-02-28,2024-02-07,21.0,54.67,At Risk
C00131,2024-03-17,2024-02-28,18.0,54.67,At Risk
C00131,2024-06-27,2024-03-17,102.0,54.67,At Risk
C00131,2024-10-03,2024-06-27,98.0,54.67,At Risk
C00131,2024-10-06,2024-10-03,3.0,54.67,At Risk
C00131,2024-11-19,2024-10-06,44.0,54.67,At Risk
C00131,2024-11-19,2024-11-19,0.0,54.67,At Risk
C00131,2024-11-24,2024-11-19,5.0,54.67,At Risk
C00131,2024-12-26,2024-11-24,32.0,54.67,At Risk
C00131,2025-04-14,2024-12-26,109.0,54.67,At Risk
C00131,2025-06-20,2025-04-14,67.0,54.67,At Risk
C00131,2025-06-24,2025-06-20,4.0,54.67,At Risk
C00131,2025-08-23,2025-06-24,60.0,54.67,At Risk
C00131,2025-10-07,2025-08-23,45.0,54.67,At Risk
C00131,2026-05-07,2025-10-07,212.0,54.67,At Risk
C00132,2025-09-04,,,,Active
C00133,2025-10-09,,,111.0,At Risk
C00133,2026-01-28,2025-10-09,111.0,111.0,At Risk
C00134,2024-01-04,,,39.26,At Risk
C00134,2024-04-02,2024-01-04,89.0,39.26,At Risk
C00134,2024-06-09,2024-04-02,68.0,39.26,At Risk
C00134,2024-09-02,2024-06-09,85.0,39.26,At Risk
C00134,2024-10-07,2024-09-02,35.0,39.26,At Risk
C00134,2024-10-09,2024-10-07,2.0,39.26,At Risk
C00134,2024-10-12,2024-10-09,3.0,39.26,At Risk
C00134,2024-10-13,2024-10-12,1.0,39.26,At Risk
C00134,2024-11-20,2024-10-13,38.0,39.26,At Risk
C00134,2025-01-23,2024-11-20,64.0,39.26,At Risk
C00134,2025-03-19,2025-01-23,55.0,39.26,At Risk
C00134,2025-03-24,2025-03-19,5.0,39.26,At Risk
C00134,2025-03-24,2025-03-24,0.0,39.26,At Risk
C00134,2025-05-22,2025-03-24,59.0,39.26,At Risk
C00134,2025-06-04,2025-05-22,13.0,39.26,At Risk
C00134,2025-10-02,2025-06-04,120.0,39.26,At Risk
C00134,2025-10-04,2025-10-02,2.0,39.26,At Risk
C00134,2025-10-08,2025-10-04,4.0,39.26,At Risk
C00134,2025-10-09,2025-10-08,1.0,39.26,At Risk
C00134,2025-10-20,2025-10-09,11.0,39.26,At Risk
C00134,2025-11-25,2025-10-20,36.0,39.26,At Risk
C00134,2026-03-17,2025-11-25,112.0,39.26,At Risk
C00134,2026-05-24,2026-03-17,68.0,39.26,At Risk
C00134,2026-06-25,2026-05-24,32.0,39.26,At Risk
C00135,2025-10-25,,,128.5,At Risk
C00135,2026-04-29,2025-10-25,186.0,128.5,At Risk
C00135,2026-07-09,2026-04-29,71.0,128.5,At Risk
C00136,2024-02-10,,,115.43,At Risk
C00136,2024-07-02,2024-02-10,143.0,115.43,At Risk
C00136,2024-10-04,2024-07-02,94.0,115.43,At Risk
C00136,2025-02-11,2024-10-04,130.0,115.43,At Risk
C00136,2025-05-17,2025-02-11,95.0,115.43,At Risk
C00136,2025-10-27,2025-05-17,163.0,115.43,At Risk
C00136,2026-03-11,2025-10-27,135.0,115.43,At Risk
C00136,2026-04-28,2026-03-11,48.0,115.43,At Risk
C00137,2024-02-21,,,333.5,At Risk
C00137,2024-05-17,2024-02-21,86.0,333.5,At Risk
C00137,2025-12-19,2024-05-17,581.0,333.5,At Risk
C00138,2024-07-29,,,92.8,At Risk
C00138,2024-11-02,2024-07-29,96.0,92.8,At Risk
C00138,2024-11-07,2024-11-02,5.0,92.8,At Risk
C00138,2025-10-28,2024-11-07,355.0,92.8,At Risk
C00138,2025-11-04,2025-10-28,7.0,92.8,At Risk
C00138,2025-11-05,2025-11-04,1.0,92.8,At Risk
C00139,2024-12-15,,,206.5,At Risk
C00139,2025-04-13,2024-12-15,119.0,206.5,At Risk
C00139,2026-02-01,2025-04-13,294.0,206.5,At Risk
C00140,2025-01-28,,,248.0,At Risk
C00140,2025-10-03,2025-01-28,248.0,248.0,At Risk
C00141,2025-11-16,,,,Active
C00142,2024-03-07,,,62.1,At Risk
C00142,2024-11-03,2024-03-07,241.0,62.1,At Risk
C00142,2024-11-07,2024-11-03,4.0,62.1,At Risk
C00142,2024-11-21,2024-11-07,14.0,62.1,At Risk
C00142,2025-03-14,2024-11-21,113.0,62.1,At Risk
C00142,2025-03-17,2025-03-14,3.0,62.1,At Risk
C00142,2025-06-13,2025-03-17,88.0,62.1,At Risk
C00142,2025-10-01,2025-06-13,110.0,62.1,At Risk
C00142,2025-10-15,2025-10-01,14.0,62.1,At Risk
C00142,2025-11-06,2025-10-15,22.0,62.1,At Risk
C00142,2025-11-18,2025-11-06,12.0,62.1,At Risk
C00143,2024-08-14,,,81.63,At Risk
C00143,2024-10-13,2024-08-14,60.0,81.63,At Risk
C00143,2025-02-11,2024-10-13,121.0,81.63,At Risk
C00143,2025-04-20,2025-02-11,68.0,81.63,At Risk
C00143,2025-05-26,2025-04-20,36.0,81.63,At Risk
C00143,2025-08-26,2025-05-26,92.0,81.63,At Risk
C00143,2025-09-17,2025-08-26,22.0,81.63,At Risk
C00143,2025-11-03,2025-09-17,47.0,81.63,At Risk
C00143,2026-05-29,2025-11-03,207.0,81.63,At Risk
C00144,2025-09-10,,,,Active
C00145,2024-10-09,,,130.0,At Risk
C00145,2024-10-22,2024-10-09,13.0,130.0,At Risk
C00145,2024-10-27,2024-10-22,5.0,130.0,At Risk
C00145,2025-11-28,2024-10-27,397.0,130.0,At Risk
C00145,2025-12-25,2025-11-28,27.0,130.0,At Risk
C00145,2026-07-21,2025-12-25,208.0,130.0,At Risk
C00146,2024-01-04,,,356.0,At Risk
C00146,2024-10-14,2024-01-04,284.0,356.0,At Risk
C00146,2025-12-16,2024-10-14,428.0,356.0,At Risk
C00147,2025-11-24,,,32.0,At Risk
C00147,2025-12-26,2025-11-24,32.0,32.0,At Risk
C00148,2024-12-10,,,71.4,At Risk
C00148,2024-12-20,2024-12-10,10.0,71.4,At Risk
C00148,2025-08-11,2024-12-20,234.0,71.4,At Risk
C00148,2025-10-11,2025-08-11,61.0,71.4,At Risk
C00148,2025-10-26,2025-10-11,15.0,71.4,At Risk
C00148,2025-12-02,2025-10-26,37.0,71.4,At Risk
C00149,2024-04-23,,,101.5,At Risk
C00149,2024-10-04,2024-04-23,164.0,101.5,At Risk
C00149,2024-11-19,2024-10-04,46.0,101.5,At Risk
C00149,2024-12-08,2024-11-19,19.0,101.5,At Risk
C00149,2025-01-21,2024-12-08,44.0,101.5,At Risk
C00149,2025-12-10,2025-01-21,323.0,101.5,At Risk
C00149,2025-12-23,2025-12-10,13.0,101.5,At Risk
C00150,2025-10-03,,,8.0,Active
C00150,2025-10-11,2025-10-03,8.0,8.0,Active
C00151,2024-01-10,,,69.9,At Risk
C00151,2024-02-05,2024-01-10,26.0,69.9,At Risk
C00151,2024-03-21,2024-02-05,45.0,69.9,At Risk
C00151,2024-08-11,2024-03-21,143.0,69.9,At Risk
C00151,2024-11-01,2024-08-11,82.0,69.9,At Risk
C00151,2024-11-30,2024-11-01,29.0,69.9,At Risk
C00151,2024-12-13,2024-11-30,13.0,69.9,At Risk
C00151,2025-03-10,2024-12-13,87.0,69.9,At Risk
C00151,2025-03-20,2025-03-10,10.0,69.9,At Risk
C00151,2025-10-24,2025-03-20,218.0,69.9,At Risk
C00151,2025-12-09,2025-10-24,46.0,69.9,At Risk
C00152,2024-01-19,,,293.0,At Risk
C00152,2024-11-07,2024-01-19,293.0,293.0,At Risk
C00153,2024-04-05,,,84.14,At Risk
C00153,2024-06-08,2024-04-05,64.0,84.14,At Risk
C00153,2024-10-22,2024-06-08,136.0,84.14,At Risk
C00153,2024-10-22,2024-10-22,0.0,84.14,At Risk
C00153,2024-11-07,2024-10-22,16.0,84.14,At Risk
C00153,2024-12-21,2024-11-07,44.0,84.14,At Risk
C00153,2025-10-06,2024-12-21,289.0,84.14,At Risk
C00153,2025-11-15,2025-10-06,40.0,84.14,At Risk
C00154,2024-08-05,,,42.0,At Risk
C00154,2024-09-16,2024-08-05,42.0,42.0,At Risk
C00155,2024-05-08,,,144.75,At Risk
C00155,2024-07-05,2024-05-08,58.0,144.75,At Risk
C00155,2024-11-24,2024-07-05,142.0,144.75,At Risk
C00155,2024-12-23,2024-11-24,29.0,144.75,At Risk
C00155,2025-12-08,2024-12-23,350.0,144.75,At Risk
C00156,2024-01-20,,,96.1,At Risk
C00156,2024-10-10,2024-01-20,264.0,96.1,At Risk
C00156,2024-11-03,2024-10-10,24.0,96.1,At Risk
C00156,2024-11-16,2024-11-03,13.0,96.1,At Risk
C00156,2025-03-17,2024-11-16,121.0,96.1,At Risk
C00156,2025-10-03,2025-03-17,200.0,96.1,At Risk
C00156,2025-10-11,2025-10-03,8.0,96.1,At Risk
C00156,2025-11-18,2025-10-11,38.0,96.1,At Risk
C00156,2026-02-07,2025-11-18,81.0,96.1,At Risk
C00156,2026-03-20,2026-02-07,41.0,96.1,At Risk
C00156,2026-09-07,2026-03-20,171.0,96.1,At Risk
C00157,2024-01-06,,,46.4,At Risk
C00157,2024-03-18,2024-01-06,72.0,46.4,At Risk
C00157,2024-04-09,2024-03-18,22.0,46.4,At Risk
C00157,2024-08-04,2024-04-09,117.0,46.4,At Risk
C00157,2024-10-12,2024-08-04,69.0,46.4,At Risk
C00157,2024-12-21,2024-10-12,70.0,46.4,At Risk
C00157,2024-12-28,2024-12-21,7.0,46.4,At Risk
C00157,2025-01-10,2024-12-28,13.0,46.4,At Risk
C00157,2025-03-23,2025-01-10,72.0,46.4,At Risk
C00157,2025-03-27,2025-03-23,4.0,46.4,At Risk
C00157,2025-05-19,2025-03-27,53.0,46.4,At Risk
C00157,2025-07-06,2025-05-19,48.0,46.4,At Risk
C00157,2025-07-09,2025-07-06,3.0,46.4,At Risk
C00157,2025-08-20,2025-07-09,42.0,46.4,At Risk
C00157,2025-08-20,2025-08-20,0.0,46.4,At Risk
C00157,2025-09-10,2025-08-20,21.0,46.4,At Risk
C00157,2025-10-01,2025-09-10,21.0,46.4,At Risk
C00157,2025-10-11,2025-10-01,10.0,46.4,At Risk
C00157,2025-10-21,2025-10-11,10.0,46.4,At Risk
C00157,2025-11-10,2025-10-21,20.0,46.4,At Risk
C00157,2026-07-22,2025-11-10,254.0,46.4,At Risk
C00158,2024-01-13,,,114.5,At Risk
C00158,2024-11-01,2024-01-13,293.0,114.5,At Risk
C00158,2025-07-16,2024-11-01,257.0,114.5,At Risk
C00158,2025-07-20,2025-07-16,4.0,114.5,At Risk
C00158,2026-02-07,2025-07-20,202.0,114.5,At Risk
C00158,2026-04-13,2026-02-07,65.0,114.5,At Risk
C00158,2026-05-21,2026-04-13,38.0,114.5,At Risk
C00158,2026-05-22,2026-05-21,1.0,114.5,At Risk
C00158,2026-07-17,2026-05-22,56.0,114.5,At Risk
C00159,2024-03-04,,,71.0,At Risk
C00159,2024-06-22,2024-03-04,110.0,71.0,At Risk
C00159,2024-11-11,2024-06-22,142.0,71.0,At Risk
C00159,2024-12-26,2024-11-11,45.0,71.0,At Risk
C00159,2024-12-27,2024-12-26,1.0,71.0,At Risk
C00159,2025-01-10,2024-12-27,14.0,71.0,At Risk
C00159,2025-02-14,2025-01-10,35.0,71.0,At Risk
C00159,2025-06-18,2025-02-14,124.0,71.0,At Risk
C00159,2025-11-12,2025-06-18,147.0,71.0,At Risk
C00159,2026-01-31,2025-11-12,80.0,71.0,At Risk
C00159,2026-02-09,2026-01-31,9.0,71.0,At Risk
C00159,2026-04-24,2026-02-09,74.0,71.0,At Risk
C00160,2024-03-29,,,75.27,At Risk
C00160,2024-10-09,2024-03-29,194.0,75.27,At Risk
C00160,2024-11-01,2024-10-09,23.0,75.27,At Risk
C00160,2024-12-18,2024-11-01,47.0,75.27,At Risk
C00160,2024-12-30,2024-12-18,12.0,75.27,At Risk
C00160,2025-01-04,2024-12-30,5.0,75.27,At Risk
C00160,2025-08-02,2025-01-04,210.0,75.27,At Risk
C00160,2025-10-28,2025-08-02,87.0,75.27,At Risk
C00160,2025-11-19,2025-10-28,22.0,75.27,At Risk
C00160,2025-12-14,2025-11-19,25.0,75.27,At Risk
C00160,2026-03-19,2025-12-14,95.0,75.27,At Risk
C00160,2026-07-05,2026-03-19,108.0,75.27,At Risk
C00161,2024-12-22,,,,Active
C00162,2026-03-23,,,,Active
C00163,2024-05-05,,,115.29,At Risk
C00163,2024-10-09,2024-05-05,157.0,115.29,At Risk
C00163,2025-06-09,2024-10-09,243.0,115.29,At Risk
C00163,2025-08-15,2025-06-09,67.0,115.29,At Risk
C00163,2026-02-17,2025-08-15,186.0,115.29,At Risk
C00163,2026-03-26,2026-02-17,37.0,115.29,At Risk
C00163,2026-04-08,2026-03-26,13.0,115.29,At Risk
C00163,2026-07-21,2026-04-08,104.0,115.29,At Risk
C00164,2024-04-16,,,294.0,At Risk
C00164,2024-11-17,2024-04-16,215.0,294.0,At Risk
C00164,2025-11-25,2024-11-17,373.0,294.0,At Risk
C00165,2024-08-13,,,79.11,At Risk
C00165,2024-10-04,2024-08-13,52.0,79.11,At Risk
C00165,2024-11-03,2024-10-04,30.0,79.11,At Risk
C00165,2025-05-01,2024-11-03,179.0,79.11,At Risk
C00165,2025-07-01,2025-05-01,61.0,79.11,At Risk
C00165,2025-10-17,2025-07-01,108.0,79.11,At Risk
C00165,2025-12-20,2025-10-17,64.0,79.11,At Risk
C00165,2026-01-20,2025-12-20,31.0,79.11,At Risk
C00165,2026-05-20,2026-01-20,120.0,79.11,At Risk
C00165,2026-07-26,2026-05-20,67.0,79.11,At Risk
C00166,2024-03-11,,,111.75,At Risk
C00166,2024-07-11,2024-03-11,122.0,111.75,At Risk
C00166,2024-09-15,2024-07-11,66.0,111.75,At Risk
C00166,2024-10-13,2024-09-15,28.0,111.75,At Risk
C00166,2025-06-01,2024-10-13,231.0,111.75,At Risk
C00167,2024-11-13,,,68.78,At Risk
C00167,2024-12-10,2024-11-13,27.0,68.78,At Risk
C00167,2024-12-22,2024-12-10,12.0,68.78,At Risk
C00167,2024-12-26,2024-12-22,4.0,68.78,At Risk
C00167,2025-10-15,2024-12-26,293.0,68.78,At Risk
C00167,2025-10-19,2025-10-15,4.0,68.78,At Risk
C00167,2025-10-27,2025-10-19,8.0,68.78,At Risk
C00167,2026-05-23,2025-10-27,208.0,68.78,At Risk
C00167,2026-07-01,2026-05-23,39.0,68.78,At Risk
C00167,2026-07-25,2026-07-01,24.0,68.78,At Risk
C00168,2024-07-12,,,32.82,At Risk
C00168,2024-11-01,2024-07-12,112.0,32.82,At Risk
C00168,2024-11-07,2024-11-01,6.0,32.82,At Risk
C00168,2024-11-13,2024-11-07,6.0,32.82,At Risk
C00168,2024-11-25,2024-11-13,12.0,32.82,At Risk
C00168,2024-11-27,2024-11-25,2.0,32.82,At Risk
C00168,2025-01-22,2024-11-27,56.0,32.82,At Risk
C00168,2025-02-14,2025-01-22,23.0,32.82,At Risk
C00168,2025-03-23,2025-02-14,37.0,32.82,At Risk
C00168,2025-06-04,2025-03-23,73.0,32.82,At Risk
C00168,2025-10-11,2025-06-04,129.0,32.82,At Risk
C00168,2025-10-20,2025-10-11,9.0,32.82,At Risk
C00168,2025-10-23,2025-10-20,3.0,32.82,At Risk
C00168,2025-10-27,2025-10-23,4.0,32.82,At Risk
C00168,2025-11-26,2025-10-27,30.0,32.82,At Risk
C00168,2025-12-02,2025-11-26,6.0,32.82,At Risk
C00168,2025-12-04,2025-12-02,2.0,32.82,At Risk
C00168,2025-12-07,2025-12-04,3.0,32.82,At Risk
C00168,2026-01-15,2025-12-07,39.0,32.82,At Risk
C00168,2026-01-31,2026-01-15,16.0,32.82,At Risk
C00168,2026-02-23,2026-01-31,23.0,32.82,At Risk
C00168,2026-06-24,2026-02-23,121.0,32.82,At Risk
C00168,2026-07-04,2026-06-24,10.0,32.82,At Risk
C00169,2024-07-11,,,122.14,At Risk
C00169,2024-08-21,2024-07-11,41.0,122.14,At Risk
C00169,2024-11-15,2024-08-21,86.0,122.14,At Risk
C00169,2025-08-04,2024-11-15,262.0,122.14,At Risk
C00169,2025-08-07,2025-08-04,3.0,122.14,At Risk
C00169,2025-10-01,2025-08-07,55.0,122.14,At Risk
C00169,2025-12-10,2025-10-01,70.0,122.14,At Risk
C00169,2026-11-13,2025-12-10,338.0,122.14,At Risk
C00170,2025-11-07,,,95.0,At Risk
C00170,2025-11-24,2025-11-07,17.0,95.0,At Risk
C00170,2026-05-16,2025-11-24,173.0,95.0,At Risk
C00171,2024-01-21,,,176.0,At Risk
C00171,2024-05-14,2024-01-21,114.0,176.0,At Risk
C00171,2024-12-26,2024-05-14,226.0,176.0,At Risk
C00171,2025-03-07,2024-12-26,71.0,176.0,At Risk
C00171,2025-12-25,2025-03-07,293.0,176.0,At Risk
C00172,2024-05-07,,,70.8,At Risk
C00172,2024-05-28,2024-05-07,21.0,70.8,At Risk
C00172,2024-08-29,2024-05-28,93.0,70.8,At Risk
C00172,2024-10-15,2024-08-29,47.0,70.8,At Risk
C00172,2024-10-18,2024-10-15,3.0,70.8,At Risk
C00172,2025-02-19,2024-10-18,124.0,70.8,At Risk
C00172,2025-08-05,2025-02-19,167.0,70.8,At Risk
C00172,2025-08-18,2025-08-05,13.0,70.8,At Risk
C00172,2025-11-15,2025-08-18,89.0,70.8,At Risk
C00172,2025-12-09,2025-11-15,24.0,70.8,At Risk
C00172,2026-04-15,2025-12-09,127.0,70.8,At Risk
C00173,2026-03-22,,,,Active
C00174,2024-05-30,,,327.5,At Risk
C00174,2024-12-03,2024-05-30,187.0,327.5,At Risk
C00174,2026-03-16,2024-12-03,468.0,327.5,At Risk
C00175,2024-10-27,,,38.0,At Risk
C00175,2024-10-31,2024-10-27,4.0,38.0,At Risk
C00175,2025-01-11,2024-10-31,72.0,38.0,At Risk
C00176,2024-06-04,,,,Active
C00177,2024-01-15,,,34.0,At Risk
C00177,2024-02-05,2024-01-15,21.0,34.0,At Risk
C00177,2024-06-01,2024-02-05,117.0,34.0,At Risk
C00177,2024-07-10,2024-06-01,39.0,34.0,At Risk
C00177,2024-07-17,2024-07-10,7.0,34.0,At Risk
C00177,2024-08-12,2024-07-17,26.0,34.0,At Risk
C00177,2024-10-08,2024-08-12,57.0,34.0,At Risk
C00177,2024-10-14,2024-10-08,6.0,34.0,At Risk
C00177,2024-11-01,2024-10-14,18.0,34.0,At Risk
C00177,2024-11-08,2024-11-01,7.0,34.0,At Risk
C00177,2024-11-28,2024-11-08,20.0,34.0,At Risk
C00177,2024-11-28,2024-11-28,0.0,34.0,At Risk
C00177,2024-12-09,2024-11-28,11.0,34.0,At Risk
C00177,2025-05-16,2024-12-09,158.0,34.0,At Risk
C00177,2025-06-30,2025-05-16,45.0,34.0,At Risk
C00177,2025-07-04,2025-06-30,4.0,34.0,At Risk
C00177,2025-09-16,2025-07-04,74.0,34.0,At Risk
C00177,2025-10-23,2025-09-16,37.0,34.0,At Risk
C00177,2025-11-02,2025-10-23,10.0,34.0,At Risk
C00177,2025-12-16,2025-11-02,44.0,34.0,At Risk
C00177,2025-12-20,2025-12-16,4.0,34.0,At Risk
C00177,2026-02-08,2025-12-20,50.0,34.0,At Risk
C00177,2026-02-10,2026-02-08,2.0,34.0,At Risk
C00177,2026-04-01,2026-02-10,50.0,34.0,At Risk
C00177,2026-04-10,2026-04-01,9.0,34.0,At Risk
C00178,2024-08-29,,,22.27,Active
C00178,2024-10-12,2024-08-29,44.0,22.27,Active
C00178,2024-11-09,2024-10-12,28.0,22.27,Active
C00178,2024-11-24,2024-11-09,15.0,22.27,Active
C00178,2024-12-03,2024-11-24,9.0,22.27,Active
C00178,2024-12-04,2024-12-03,1.0,22.27,Active
C00178,2024-12-17,2024-12-04,13.0,22.27,Active
C00178,2025-01-05,2024-12-17,19.0,22.27,Active
C00178,2025-02-13,2025-01-05,39.0,22.27,Active
C00178,2025-05-02,2025-02-13,78.0,22.27,Active
C00178,2025-05-11,2025-05-02,9.0,22.27,Active
C00178,2025-06-06,2025-05-11,26.0,22.27,Active
C00178,2025-06-20,2025-06-06,14.0,22.27,Active
C00178,2025-08-04,2025-06-20,45.0,22.27,Active
C00178,2025-08-18,2025-08-04,14.0,22.27,Active
C00178,2025-09-17,2025-08-18,30.0,22.27,Active
C00178,2025-09-17,2025-09-17,0.0,22.27,Active
C00178,2025-10-07,2025-09-17,20.0,22.27,Active
C00178,2025-11-09,2025-10-07,33.0,22.27,Active
C00178,2025-11-14,2025-11-09,5.0,22.27,Active
C00178,2025-11-15,2025-11-14,1.0,22.27,Active
C00178,2025-11-15,2025-11-15,0.0,22.27,Active
C00178,2025-11-17,2025-11-15,2.0,22.27,Active
C00178,2025-12-08,2025-11-17,21.0,22.27,Active
C00178,2025-12-23,2025-12-08,15.0,22.27,Active
C00178,2026-02-20,2025-12-23,59.0,22.27,Active
C00178,2026-02-25,2026-02-20,5.0,22.27,Active
C00178,2026-03-28,2026-02-25,31.0,22.27,Active
C00178,2026-06-09,2026-03-28,73.0,22.27,Active
C00178,2026-06-23,2026-06-09,14.0,22.27,Active
C00178,2026-06-28,2026-06-23,5.0,22.27,Active
C00179,2024-12-24,,,,Active
C00180,2025-11-09,,,29.0,Active
C00180,2025-12-08,2025-11-09,29.0,29.0,Active
C00181,2024-01-29,,,85.3,At Risk
C00181,2024-04-12,2024-01-29,74.0,85.3,At Risk
C00181,2024-09-14,2024-04-12,155.0,85.3,At Risk
C00181,2024-10-17,2024-09-14,33.0,85.3,At Risk
C00181,2024-10-26,2024-10-17,9.0,85.3,At Risk
C00181,2024-11-06,2024-10-26,11.0,85.3,At Risk
C00181,2024-11-22,2024-11-06,16.0,85.3,At Risk
C00181,2025-02-14,2024-11-22,84.0,85.3,At Risk
C00181,2025-10-28,2025-02-14,256.0,85.3,At Risk
C00181,2025-12-09,2025-10-28,42.0,85.3,At Risk
C00181,2026-05-31,2025-12-09,173.0,85.3,At Risk
C00182,2024-06-08,,,149.0,At Risk
C00182,2024-07-10,2024-06-08,32.0,149.0,At Risk
C00182,2024-12-24,2024-07-10,167.0,149.0,At Risk
C00182,2025-09-14,2024-12-24,264.0,149.0,At Risk
C00182,2026-01-25,2025-09-14,133.0,149.0,At Risk
C00183,2024-01-17,,,92.22,At Risk
C00183,2024-12-03,2024-01-17,321.0,92.22,At Risk
C00183,2025-05-21,2024-12-03,169.0,92.22,At Risk
C00183,2025-10-11,2025-05-21,143.0,92.22,At Risk
C00183,2025-11-15,2025-10-11,35.0,92.22,At Risk
C00183,2025-12-07,2025-11-15,22.0,92.22,At Risk
C00183,2026-01-19,2025-12-07,43.0,92.22,At Risk
C00183,2026-01-24,2026-01-19,5.0,92.22,At Risk
C00183,2026-03-03,2026-01-24,38.0,92.22,At Risk
C00183,2026-04-26,2026-03-03,54.0,92.22,At Risk
C00184,2024-07-01,,,77.86,At Risk
C00184,2025-06-29,2024-07-01,363.0,77.86,At Risk
C00184,2025-08-11,2025-06-29,43.0,77.86,At Risk
C00184,2025-09-28,2025-08-11,48.0,77.86,At Risk
C00184,2025-11-06,2025-09-28,39.0,77.86,At Risk
C00184,2025-11-22,2025-11-06,16.0,77.86,At Risk
C00184,2025-12-27,2025-11-22,35.0,77.86,At Risk
C00184,2025-12-28,2025-12-27,1.0,77.86,At Risk
C00185,2024-01-06,,,35.68,At Risk
C00185,2024-01-11,2024-01-06,5.0,35.68,At Risk
C00185,2024-01-31,2024-01-11,20.0,35.68,At Risk
C00185,2024-04-15,2024-01-31,75.0,35.68,At Risk
C00185,2024-04-28,2024-04-15,13.0,35.68,At Risk
C00185,2024-07-23,2024-04-28,86.0,35.68,At Risk
C00185,2024-08-26,2024-07-23,34.0,35.68,At Risk
C00185,2024-09-24,2024-08-26,29.0,35.68,At Risk
C00185,2024-10-16,2024-09-24,22.0,35.68,At Risk
C00185,2024-10-26,2024-10-16,10.0,35.68,At Risk
C00185,2024-11-03,2024-10-26,8.0,35.68,At Risk
C00185,2024-11-14,2024-11-03,11.0,35.68,At Risk
C00185,2024-12-23,2024-11-14,39.0,35.68,At Risk
C00185,2025-06-14,2024-12-23,173.0,35.68,At Risk
C00185,2025-08-09,2025-06-14,56.0,35.68,At Risk
C00185,2025-08-31,2025-08-09,22.0,35.68,At Risk
C00185,2025-09-22,2025-08-31,22.0,35.68,At Risk
C00185,2025-09-29,2025-09-22,7.0,35.68,At Risk
C00185,2025-11-09,2025-09-29,41.0,35.68,At Risk
C00185,2025-11-20,2025-11-09,11.0,35.68,At Risk
C00185,2025-11-26,2025-11-20,6.0,35.68,At Risk
C00185,2025-12-14,2025-11-26,18.0,35.68,At Risk
C00185,2026-03-19,2025-12-14,95.0,35.68,At Risk
C00185,2026-04-03,2026-03-19,15.0,35.68,At Risk
C00185,2026-05-12,2026-04-03,39.0,35.68,At Risk
C00185,2026-06-16,2026-05-12,35.0,35.68,At Risk
C00186,2024-01-15,,,34.05,At Risk
C00186,2024-01-20,2024-01-15,5.0,34.05,At Risk
C00186,2024-08-03,2024-01-20,196.0,34.05,At Risk
C00186,2024-09-03,2024-08-03,31.0,34.05,At Risk
C00186,2024-09-19,2024-09-03,16.0,34.05,At Risk
C00186,2024-10-09,2024-09-19,20.0,34.05,At Risk
C00186,2024-10-20,2024-10-09,11.0,34.05,At Risk
C00186,2024-11-17,2024-10-20,28.0,34.05,At Risk
C00186,2024-11-23,2024-11-17,6.0,34.05,At Risk
C00186,2024-12-10,2024-11-23,17.0,34.05,At Risk
C00186,2024-12-19,2024-12-10,9.0,34.05,At Risk
C00186,2024-12-27,2024-12-19,8.0,34.05,At Risk
C00186,2024-12-27,2024-12-27,0.0,34.05,At Risk
C00186,2025-02-20,2024-12-27,55.0,34.05,At Risk
C00186,2025-02-27,2025-02-20,7.0,34.05,At Risk
C00186,2025-06-08,2025-02-27,101.0,34.05,At Risk
C00186,2025-10-10,2025-06-08,124.0,34.05,At Risk
C00186,2025-10-23,2025-10-10,13.0,34.05,At Risk
C00186,2025-12-05,2025-10-23,43.0,34.05,At Risk
C00186,2025-12-15,2025-12-05,10.0,34.05,At Risk
C00186,2025-12-23,2025-12-15,8.0,34.05,At Risk
C00186,2025-12-30,2025-12-23,7.0,34.05,At Risk
C00187,2024-11-25,,,379.0,At Risk
C00187,2025-12-09,2024-11-25,379.0,379.0,At Risk
C00188,2024-04-30,,,182.0,At Risk
C00188,2024-12-24,2024-04-30,238.0,182.0,At Risk
C00188,2025-10-11,2024-12-24,291.0,182.0,At Risk
C00188,2025-10-28,2025-10-11,17.0,182.0,At Risk
C00189,2024-01-19,,,179.0,At Risk
C00189,2024-02-24,2024-01-19,36.0,179.0,At Risk
C00189,2024-02-29,2024-02-24,5.0,179.0,At Risk
C00189,2024-11-25,2024-02-29,270.0,179.0,At Risk
C00189,2026-01-04,2024-11-25,405.0,179.0,At Risk
C00190,2024-10-27,,,55.0,At Risk
C00190,2024-12-10,2024-10-27,44.0,55.0,At Risk
C00190,2025-01-31,2024-12-10,52.0,55.0,At Risk
C00190,2025-10-07,2025-01-31,249.0,55.0,At Risk
C00190,2025-10-19,2025-10-07,12.0,55.0,At Risk
C00190,2025-11-06,2025-10-19,18.0,55.0,At Risk
C00190,2025-11-11,2025-11-06,5.0,55.0,At Risk
C00190,2025-11-12,2025-11-11,1.0,55.0,At Risk
C00190,2026-01-10,2025-11-12,59.0,55.0,At Risk
C00191,2025-10-17,,,115.0,At Risk
C00191,2026-02-09,2025-10-17,115.0,115.0,At Risk
C00192,2025-03-07,,,,Active
C00193,2025-10-01,,,132.0,At Risk
C00193,2026-02-10,2025-10-01,132.0,132.0,At Risk
C00194,2024-01-10,,,50.38,At Risk
C00194,2024-02-22,2024-01-10,43.0,50.38,At Risk
C00194,2024-05-18,2024-02-22,86.0,50.38,At Risk
C00194,2024-10-01,2024-05-18,136.0,50.38,At Risk
C00194,2024-11-01,2024-10-01,31.0,50.38,At Risk
C00194,2024-11-13,2024-11-01,12.0,50.38,At Risk
C00194,2024-11-24,2024-11-13,11.0,50.38,At Risk
C00194,2024-12-02,2024-11-24,8.0,50.38,At Risk
C00194,2024-12-12,2024-12-02,10.0,50.38,At Risk
C00194,2024-12-26,2024-12-12,14.0,50.38,At Risk
C00194,2025-03-13,2024-12-26,77.0,50.38,At Risk
C00194,2025-09-02,2025-03-13,173.0,50.38,At Risk
C00194,2025-11-10,2025-09-02,69.0,50.38,At Risk
C00194,2025-12-01,2025-11-10,21.0,50.38,At Risk
C00194,2025-12-07,2025-12-01,6.0,50.38,At Risk
C00194,2026-02-19,2025-12-07,74.0,50.38,At Risk
C00194,2026-03-26,2026-02-19,35.0,50.38,At Risk
C00195,2024-04-21,,,307.0,At Risk
C00195,2024-10-15,2024-04-21,177.0,307.0,At Risk
C00195,2025-12-26,2024-10-15,437.0,307.0,At Risk
C00196,2024-08-28,,,186.5,At Risk
C00196,2024-11-10,2024-08-28,74.0,186.5,At Risk
C00196,2025-09-24,2024-11-10,318.0,186.5,At Risk
C00196,2025-12-04,2025-09-24,71.0,186.5,At Risk
C00196,2026-09-13,2025-12-04,283.0,186.5,At Risk
C00197,2024-03-27,,,94.25,At Risk
C00197,2024-05-23,2024-03-27,57.0,94.25,At Risk
C00197,2024-10-03,2024-05-23,133.0,94.25,At Risk
C00197,2024-10-23,2024-10-03,20.0,94.25,At Risk
C00197,2025-05-26,2024-10-23,215.0,94.25,At Risk
C00197,2025-07-14,2025-05-26,49.0,94.25,At Risk
C00197,2025-08-07,2025-07-14,24.0,94.25,At Risk
C00197,2025-09-14,2025-08-07,38.0,94.25,At Risk
C00197,2026-04-20,2025-09-14,218.0,94.25,At Risk
C00198,2024-04-17,,,30.43,At Risk
C00198,2024-06-06,2024-04-17,50.0,30.43,At Risk
C00198,2024-09-16,2024-06-06,102.0,30.43,At Risk
C00198,2024-09-27,2024-09-16,11.0,30.43,At Risk
C00198,2024-10-16,2024-09-27,19.0,30.43,At Risk
C00198,2024-10-20,2024-10-16,4.0,30.43,At Risk
C00198,2024-10-21,2024-10-20,1.0,30.43,At Risk
C00198,2024-10-28,2024-10-21,7.0,30.43,At Risk
C00198,2024-11-11,2024-10-28,14.0,30.43,At Risk
C00198,2024-11-15,2024-11-11,4.0,30.43,At Risk
C00198,2024-11-18,2024-11-15,3.0,30.43,At Risk
C00198,2024-12-06,2024-11-18,18.0,30.43,At Risk
C00198,2024-12-19,2024-12-06,13.0,30.43,At Risk
C00198,2025-01-14,2024-12-19,26.0,30.43,At Risk
C00198,2025-09-07,2025-01-14,236.0,30.43,At Risk
C00198,2025-10-21,2025-09-07,44.0,30.43,At Risk
C00198,2025-11-08,2025-10-21,18.0,30.43,At Risk
C00198,2025-11-11,2025-11-08,3.0,30.43,At Risk
C00198,2025-11-22,2025-11-11,11.0,30.43,At Risk
C00198,2025-11-26,2025-11-22,4.0,30.43,At Risk
C00198,2025-11-28,2025-11-26,2.0,30.43,At Risk
C00198,2025-12-08,2025-11-28,10.0,30.43,At Risk
C00198,2025-12-24,2025-12-08,16.0,30.43,At Risk
C00198,2026-03-21,2025-12-24,87.0,30.43,At Risk
C00198,2026-04-29,2026-03-21,39.0,30.43,At Risk
C00198,2026-05-13,2026-04-29,14.0,30.43,At Risk
C00198,2026-05-20,2026-05-13,7.0,30.43,At Risk
C00198,2026-06-09,2026-05-20,20.0,30.43,At Risk
C00198,2026-06-11,2026-06-09,2.0,30.43,At Risk
C00198,2026-10-02,2026-06-11,113.0,30.43,At Risk
C00198,2026-10-17,2026-10-02,15.0,30.43,At Risk
C00199,2024-05-17,,,143.0,At Risk
C00199,2024-10-01,2024-05-17,137.0,143.0,At Risk
C00199,2025-04-25,2024-10-01,206.0,143.0,At Risk
C00199,2025-07-20,2025-04-25,86.0,143.0,At Risk
C00200,2024-08-09,,,78.0,At Risk
C00200,2024-10-09,2024-08-09,61.0,78.0,At Risk
C00200,2024-11-24,2024-10-09,46.0,78.0,At Risk
C00200,2025-07-08,2024-11-24,226.0,78.0,At Risk
C00200,2025-08-29,2025-07-08,52.0,78.0,At Risk
C00200,2025-09-07,2025-08-29,9.0,78.0,At Risk
C00200,2025-11-11,2025-09-07,65.0,78.0,At Risk
C00200,2025-11-22,2025-11-11,11.0,78.0,At Risk
C00200,2026-05-21,2025-11-22,180.0,78.0,At Risk
C00200,2026-07-12,2026-05-21,52.0,78.0,At Risk
C00201,2024-07-29,,,111.83,At Risk
C00201,2024-08-31,2024-07-29,33.0,111.83,At Risk
C00201,2024-12-04,2024-08-31,95.0,111.83,At Risk
C00201,2024-12-12,2024-12-04,8.0,111.83,At Risk
C00201,2025-08-30,2024-12-12,261.0,111.83,At Risk
C00201,2025-11-13,2025-08-30,75.0,111.83,At Risk
C00201,2026-05-31,2025-11-13,199.0,111.83,At Risk
C00202,2024-10-09,,,221.0,At Risk
C00202,2025-05-02,2024-10-09,205.0,221.0,At Risk
C00202,2025-12-25,2025-05-02,237.0,221.0,At Risk
C00203,2024-01-03,,,36.08,At Risk
C00203,2024-01-23,2024-01-03,20.0,36.08,At Risk
C00203,2024-03-23,2024-01-23,60.0,36.08,At Risk
C00203,2024-04-14,2024-03-23,22.0,36.08,At Risk
C00203,2024-04-22,2024-04-14,8.0,36.08,At Risk
C00203,2024-05-22,2024-04-22,30.0,36.08,At Risk
C00203,2024-06-08,2024-05-22,17.0,36.08,At Risk
C00203,2024-08-08,2024-06-08,61.0,36.08,At Risk
C00203,2024-08-22,2024-08-08,14.0,36.08,At Risk
C00203,2024-11-18,2024-08-22,88.0,36.08,At Risk
C00203,2025-01-02,2024-11-18,45.0,36.08,At Risk
C00203,2025-02-03,2025-01-02,32.0,36.08,At Risk
C00203,2025-06-07,2025-02-03,124.0,36.08,At Risk
C00203,2025-07-25,2025-06-07,48.0,36.08,At Risk
C00203,2025-10-06,2025-07-25,73.0,36.08,At Risk
C00203,2025-10-11,2025-10-06,5.0,36.08,At Risk
C00203,2025-11-12,2025-10-11,32.0,36.08,At Risk
C00203,2025-12-02,2025-11-12,20.0,36.08,At Risk
C00203,2025-12-09,2025-12-02,7.0,36.08,At Risk
C00203,2025-12-16,2025-12-09,7.0,36.08,At Risk
C00203,2026-02-01,2025-12-16,47.0,36.08,At Risk
C00203,2026-03-11,2026-02-01,38.0,36.08,At Risk
C00203,2026-03-22,2026-03-11,11.0,36.08,At Risk
C00203,2026-04-13,2026-03-22,22.0,36.08,At Risk
C00203,2026-06-15,2026-04-13,63.0,36.08,At Risk
C00203,2026-07-22,2026-06-15,37.0,36.08,At Risk
C00203,2026-07-29,2026-07-22,7.0,36.08,At Risk
C00204,2024-10-12,,,116.5,At Risk
C00204,2024-12-06,2024-10-12,55.0,116.5,At Risk
C00204,2025-06-02,2024-12-06,178.0,116.5,At Risk
C00205,2024-03-13,,,108.17,At Risk
C00205,2024-10-27,2024-03-13,228.0,108.17,At Risk
C00205,2024-11-20,2024-10-27,24.0,108.17,At Risk
C00205,2025-08-08,2024-11-20,261.0,108.17,At Risk
C00205,2025-10-20,2025-08-08,73.0,108.17,At Risk
C00205,2025-10-26,2025-10-20,6.0,108.17,At Risk
C00205,2025-12-22,2025-10-26,57.0,108.17,At Risk
C00206,2024-01-12,,,22.88,Active
C00206,2024-01-27,2024-01-12,15.0,22.88,Active
C00206,2024-02-15,2024-01-27,19.0,22.88,Active
C00206,2024-02-26,2024-02-15,11.0,22.88,Active
C00206,2024-03-23,2024-02-26,26.0,22.88,Active
C00206,2024-04-09,2024-03-23,17.0,22.88,Active
C00206,2024-07-24,2024-04-09,106.0,22.88,Active
C00206,2024-09-17,2024-07-24,55.0,22.88,Active
C00206,2024-10-07,2024-09-17,20.0,22.88,Active
C00206,2024-11-02,2024-10-07,26.0,22.88,Active
C00206,2024-11-05,2024-11-02,3.0,22.88,Active
C00206,2024-11-17,2024-11-05,12.0,22.88,Active
C00206,2024-12-08,2024-11-17,21.0,22.88,Active
C00206,2024-12-17,2024-12-08,9.0,22.88,Active
C00206,2024-12-20,2024-12-17,3.0,22.88,Active
C00206,2025-01-09,2024-12-20,20.0,22.88,Active
C00206,2025-01-31,2025-01-09,22.0,22.88,Active
C00206,2025-04-11,2025-01-31,70.0,22.88,Active
C00206,2025-05-16,2025-04-11,35.0,22.88,Active
C00206,2025-05-29,2025-05-16,13.0,22.88,Active
C00206,2025-07-26,2025-05-29,58.0,22.88,Active
C00206,2025-08-13,2025-07-26,18.0,22.88,Active
C00206,2025-10-11,2025-08-13,59.0,22.88,Active
C00206,2025-10-16,2025-10-11,5.0,22.88,Active
C00206,2025-10-18,2025-10-16,2.0,22.88,Active
C00206,2025-10-26,2025-10-18,8.0,22.88,Active
C00206,2025-11-05,2025-10-26,10.0,22.88,Active
C00206,2025-11-14,2025-11-05,9.0,22.88,Active
C00206,2025-11-16,2025-11-14,2.0,22.88,Active
C00206,2025-11-17,2025-11-16,1.0,22.88,Active
C00206,2025-12-06,2025-11-17,19.0,22.88,Active
C00206,2025-12-12,2025-12-06,6.0,22.88,Active
C00206,2025-12-19,2025-12-12,7.0,22.88,Active
C00206,2026-01-18,2025-12-19,30.0,22.88,Active
C00206,2026-01-22,2026-01-18,4.0,22.88,Active
C00206,2026-01-28,2026-01-22,6.0,22.88,Active
C00206,2026-02-14,2026-01-28,17.0,22.88,Active
C00206,2026-03-16,2026-02-14,30.0,22.88,Active
C00206,2026-04-26,2026-03-16,41.0,22.88,Active
C00206,2026-06-24,2026-04-26,59.0,22.88,Active
C00206,2026-07-15,2026-06-24,21.0,22.88,Active
C00207,2024-07-22,,,114.8,At Risk
C00207,2024-09-12,2024-07-22,52.0,114.8,At Risk
C00207,2024-11-08,2024-09-12,57.0,114.8,At Risk
C00207,2025-01-10,2024-11-08,63.0,114.8,At Risk
C00207,2025-12-20,2025-01-10,344.0,114.8,At Risk
C00207,2026-02-16,2025-12-20,58.0,114.8,At Risk
C00208,2024-10-11,,,216.5,At Risk
C00208,2024-12-28,2024-10-11,78.0,216.5,At Risk
C00208,2025-12-18,2024-12-28,355.0,216.5,At Risk
C00209,2024-05-14,,,121.25,At Risk
C00209,2024-09-09,2024-05-14,118.0,121.25,At Risk
C00209,2024-10-25,2024-09-09,46.0,121.25,At Risk
C00209,2025-07-13,2024-10-25,261.0,121.25,At Risk
C00209,2025-09-11,2025-07-13,60.0,121.25,At Risk
C00210,2024-12-04,,,,Active
C00211,2024-02-16,,,312.0,At Risk
C00211,2025-10-08,2024-02-16,600.0,312.0,At Risk
C00211,2025-11-01,2025-10-08,24.0,312.0,At Risk
C00212,2024-04-12,,,142.0,At Risk
C00212,2024-09-22,2024-04-12,163.0,142.0,At Risk
C00212,2024-11-25,2024-09-22,64.0,142.0,At Risk
C00212,2025-06-08,2024-11-25,195.0,142.0,At Risk
C00212,2025-11-01,2025-06-08,146.0,142.0,At Risk
C00213,2024-08-07,,,337.5,At Risk
C00213,2026-04-22,2024-08-07,623.0,337.5,At Risk
C00213,2026-06-13,2026-04-22,52.0,337.5,At Risk
C00214,2024-02-04,,,101.57,At Risk
C00214,2024-02-20,2024-02-04,16.0,101.57,At Risk
C00214,2024-06-07,2024-02-20,108.0,101.57,At Risk
C00214,2025-01-18,2024-06-07,225.0,101.57,At Risk
C00214,2025-06-20,2025-01-18,153.0,101.57,At Risk
C00214,2025-10-07,2025-06-20,109.0,101.57,At Risk
C00214,2025-11-26,2025-10-07,50.0,101.57,At Risk
C00214,2026-01-15,2025-11-26,50.0,101.57,At Risk
C00215,2024-02-03,,,34.92,At Risk
C00215,2024-02-21,2024-02-03,18.0,34.92,At Risk
C00215,2024-04-10,2024-02-21,49.0,34.92,At Risk
C00215,2024-04-13,2024-04-10,3.0,34.92,At Risk
C00215,2024-06-09,2024-04-13,57.0,34.92,At Risk
C00215,2024-08-20,2024-06-09,72.0,34.92,At Risk
C00215,2024-10-22,2024-08-20,63.0,34.92,At Risk
C00215,2024-10-25,2024-10-22,3.0,34.92,At Risk
C00215,2024-10-28,2024-10-25,3.0,34.92,At Risk
C00215,2024-11-24,2024-10-28,27.0,34.92,At Risk
C00215,2024-12-29,2024-11-24,35.0,34.92,At Risk
C00215,2025-07-11,2024-12-29,194.0,34.92,At Risk
C00215,2025-07-14,2025-07-11,3.0,34.92,At Risk
C00215,2025-08-10,2025-07-14,27.0,34.92,At Risk
C00215,2025-08-29,2025-08-10,19.0,34.92,At Risk
C00215,2025-09-22,2025-08-29,24.0,34.92,At Risk
C00215,2025-11-01,2025-09-22,40.0,34.92,At Risk
C00215,2025-11-06,2025-11-01,5.0,34.92,At Risk
C00215,2025-12-10,2025-11-06,34.0,34.92,At Risk
C00215,2025-12-21,2025-12-10,11.0,34.92,At Risk
C00215,2026-01-02,2025-12-21,12.0,34.92,At Risk
C00215,2026-03-10,2026-01-02,67.0,34.92,At Risk
C00215,2026-04-29,2026-03-10,50.0,34.92,At Risk
C00215,2026-05-12,2026-04-29,13.0,34.92,At Risk
C00215,2026-06-13,2026-05-12,32.0,34.92,At Risk
C00215,2026-06-14,2026-06-13,1.0,34.92,At Risk
C00215,2026-07-30,2026-06-14,46.0,34.92,At Risk
C00216,2024-01-06,,,42.92,At Risk
C00216,2024-02-29,2024-01-06,54.0,42.92,At Risk
C00216,2024-05-04,2024-02-29,65.0,42.92,At Risk
C00216,2024-06-25,2024-05-04,52.0,42.92,At Risk
C00216,2024-09-01,2024-06-25,68.0,42.92,At Risk
C00216,2024-09-30,2024-09-01,29.0,42.92,At Risk
C00216,2024-10-01,2024-09-30,1.0,42.92,At Risk
C00216,2024-10-25,2024-10-01,24.0,42.92,At Risk
C00216,2024-11-14,2024-10-25,20.0,42.92,At Risk
C00216,2024-11-16,2024-11-14,2.0,42.92,At Risk
C00216,2024-11-22,2024-11-16,6.0,42.92,At Risk
C00216,2024-12-18,2024-11-22,26.0,42.92,At Risk
C00216,2025-07-07,2024-12-18,201.0,42.92,At Risk
C00216,2025-07-17,2025-07-07,10.0,42.92,At Risk
C00216,2025-07-25,2025-07-17,8.0,42.92,At Risk
C00216,2025-09-09,2025-07-25,46.0,42.92,At Risk
C00216,2025-09-13,2025-09-09,4.0,42.92,At Risk
C00216,2025-09-20,2025-09-13,7.0,42.92,At Risk
C00216,2025-09-26,2025-09-20,6.0,42.92,At Risk
C00216,2025-10-10,2025-09-26,14.0,42.92,At Risk
C00216,2025-10-27,2025-10-10,17.0,42.92,At Risk
C00216,2025-10-28,2025-10-27,1.0,42.92,At Risk
C00216,2025-11-08,2025-10-28,11.0,42.92,At Risk
C00216,2025-12-16,2025-11-08,38.0,42.92,At Risk
C00216,2025-12-27,2025-12-16,11.0,42.92,At Risk
C00216,2026-06-01,2025-12-27,156.0,42.92,At Risk
C00216,2027-01-26,2026-06-01,239.0,42.92,At Risk
C00217,2024-01-02,,,83.45,At Risk
C00217,2024-07-09,2024-01-02,189.0,83.45,At Risk
C00217,2024-12-26,2024-07-09,170.0,83.45,At Risk
C00217,2024-12-27,2024-12-26,1.0,83.45,At Risk
C00217,2024-12-29,2024-12-27,2.0,83.45,At Risk
C00217,2024-12-31,2024-12-29,2.0,83.45,At Risk
C00217,2025-07-18,2024-12-31,199.0,83.45,At Risk
C00217,2025-11-25,2025-07-18,130.0,83.45,At Risk
C00217,2025-11-29,2025-11-25,4.0,83.45,At Risk
C00217,2026-02-08,2025-11-29,71.0,83.45,At Risk
C00217,2026-06-08,2026-02-08,120.0,83.45,At Risk
C00217,2026-07-08,2026-06-08,30.0,83.45,At Risk
C00218,2024-03-09,,,561.0,At Risk
C00218,2025-09-21,2024-03-09,561.0,561.0,At Risk
C00219,2024-05-27,,,294.0,At Risk
C00219,2024-10-13,2024-05-27,139.0,294.0,At Risk
C00219,2024-10-26,2024-10-13,13.0,294.0,At Risk
C00219,2026-10-26,2024-10-26,730.0,294.0,At Risk
C00220,2024-05-06,,,71.33,At Risk
C00220,2024-10-16,2024-05-06,163.0,71.33,At Risk
C00220,2024-10-27,2024-10-16,11.0,71.33,At Risk
C00220,2024-12-06,2024-10-27,40.0,71.33,At Risk
C00221,2024-04-02,,,191.0,At Risk
C00221,2024-04-16,2024-04-02,14.0,191.0,At Risk
C00221,2024-12-10,2024-04-16,238.0,191.0,At Risk
C00221,2025-10-27,2024-12-10,321.0,191.0,At Risk
C00222,2024-10-04,,,426.0,At Risk
C00222,2025-12-04,2024-10-04,426.0,426.0,At Risk
C00223,2024-01-10,,,142.83,At Risk
C00223,2025-01-01,2024-01-10,357.0,142.83,At Risk
C00223,2025-03-01,2025-01-01,59.0,142.83,At Risk
C00223,2025-09-24,2025-03-01,207.0,142.83,At Risk
C00223,2025-10-02,2025-09-24,8.0,142.83,At Risk
C00223,2025-10-31,2025-10-02,29.0,142.83,At Risk
C00223,2026-05-16,2025-10-31,197.0,142.83,At Risk
C00224,2024-07-06,,,165.0,At Risk
C00224,2025-02-23,2024-07-06,232.0,165.0,At Risk
C00224,2025-05-12,2025-02-23,78.0,165.0,At Risk
C00224,2025-11-13,2025-05-12,185.0,165.0,At Risk
C00225,2024-11-05,,,623.0,At Risk
C00225,2026-07-21,2024-11-05,623.0,623.0,At Risk
C00226,2024-12-19,,,170.0,At Risk
C00226,2024-12-23,2024-12-19,4.0,170.0,At Risk
C00226,2025-11-24,2024-12-23,336.0,170.0,At Risk
C00227,2024-02-20,,,35.76,At Risk
C00227,2024-05-07,2024-02-20,77.0,35.76,At Risk
C00227,2024-05-09,2024-05-07,2.0,35.76,At Risk
C00227,2024-08-21,2024-05-09,104.0,35.76,At Risk
C00227,2024-09-12,2024-08-21,22.0,35.76,At Risk
C00227,2024-10-21,2024-09-12,39.0,35.76,At Risk
C00227,2024-12-11,2024-10-21,51.0,35.76,At Risk
C00227,2024-12-26,2024-12-11,15.0,35.76,At Risk
C00227,2025-01-26,2024-12-26,31.0,35.76,At Risk
C00227,2025-02-10,2025-01-26,15.0,35.76,At Risk
C00227,2025-02-16,2025-02-10,6.0,35.76,At Risk
C00227,2025-04-11,2025-02-16,54.0,35.76,At Risk
C00227,2025-04-16,2025-04-11,5.0,35.76,At Risk
C00227,2025-05-31,2025-04-16,45.0,35.76,At Risk
C00227,2025-07-06,2025-05-31,36.0,35.76,At Risk
C00227,2025-07-13,2025-07-06,7.0,35.76,At Risk
C00227,2025-10-15,2025-07-13,94.0,35.76,At Risk
C00227,2025-11-03,2025-10-15,19.0,35.76,At Risk
C00227,2025-11-20,2025-11-03,17.0,35.76,At Risk
C00227,2025-12-12,2025-11-20,22.0,35.76,At Risk
C00227,2026-01-04,2025-12-12,23.0,35.76,At Risk
C00227,2026-01-06,2026-01-04,2.0,35.76,At Risk
C00227,2026-01-09,2026-01-06,3.0,35.76,At Risk
C00227,2026-02-16,2026-01-09,38.0,35.76,At Risk
C00227,2026-03-20,2026-02-16,32.0,35.76,At Risk
C00227,2026-03-27,2026-03-20,7.0,35.76,At Risk
C00227,2026-04-16,2026-03-27,20.0,35.76,At Risk
C00227,2026-05-29,2026-04-16,43.0,35.76,At Risk
C00227,2026-06-08,2026-05-29,10.0,35.76,At Risk
C00227,2026-12-23,2026-06-08,198.0,35.76,At Risk
C00228,2024-01-20,,,77.33,At Risk
C00228,2024-10-08,2024-01-20,262.0,77.33,At Risk
C00228,2024-10-12,2024-10-08,4.0,77.33,At Risk
C00228,2024-11-10,2024-10-12,29.0,77.33,At Risk
C00228,2025-04-23,2024-11-10,164.0,77.33,At Risk
C00228,2025-07-19,2025-04-23,87.0,77.33,At Risk
C00228,2025-10-07,2025-07-19,80.0,77.33,At Risk
C00228,2025-10-16,2025-10-07,9.0,77.33,At Risk
C00228,2025-11-19,2025-10-16,34.0,77.33,At Risk
C00228,2025-12-16,2025-11-19,27.0,77.33,At Risk
C00229,2024-12-07,,,131.67,At Risk
C00229,2025-06-28,2024-12-07,203.0,131.67,At Risk
C00229,2025-12-11,2025-06-28,166.0,131.67,At Risk
C00229,2026-01-06,2025-12-11,26.0,131.67,At Risk
C00230,2024-10-15,,,87.86,At Risk
C00230,2025-02-15,2024-10-15,123.0,87.86,At Risk
C00230,2025-05-11,2025-02-15,85.0,87.86,At Risk
C00230,2025-09-04,2025-05-11,116.0,87.86,At Risk
C00230,2025-09-17,2025-09-04,13.0,87.86,At Risk
C00230,2025-10-16,2025-09-17,29.0,87.86,At Risk
C00230,2026-05-18,2025-10-16,214.0,87.86,At Risk
C00230,2026-06-22,2026-05-18,35.0,87.86,At Risk
C00231,2025-11-23,,,45.33,At Risk
C00231,2025-12-05,2025-11-23,12.0,45.33,At Risk
C00231,2025-12-30,2025-12-05,25.0,45.33,At Risk
C00231,2026-04-08,2025-12-30,99.0,45.33,At Risk
C00232,2024-01-05,,,29.41,Active
C00232,2024-02-22,2024-01-05,48.0,29.41,Active
C00232,2024-02-29,2024-02-22,7.0,29.41,Active
C00232,2024-03-04,2024-02-29,4.0,29.41,Active
C00232,2024-07-01,2024-03-04,119.0,29.41,Active
C00232,2024-07-11,2024-07-01,10.0,29.41,Active
C00232,2024-08-02,2024-07-11,22.0,29.41,Active
C00232,2024-09-05,2024-08-02,34.0,29.41,Active
C00232,2024-11-22,2024-09-05,78.0,29.41,Active
C00232,2024-12-02,2024-11-22,10.0,29.41,Active
C00232,2024-12-14,2024-12-02,12.0,29.41,Active
C00232,2024-12-15,2024-12-14,1.0,29.41,Active
C00232,2024-12-26,2024-12-15,11.0,29.41,Active
C00232,2025-01-20,2024-12-26,25.0,29.41,Active
C00232,2025-01-28,2025-01-20,8.0,29.41,Active
C00232,2025-02-02,2025-01-28,5.0,29.41,Active
C00232,2025-02-19,2025-02-02,17.0,29.41,Active
C00232,2025-04-13,2025-02-19,53.0,29.41,Active
C00232,2025-05-23,2025-04-13,40.0,29.41,Active
C00232,2025-05-27,2025-05-23,4.0,29.41,Active
C00232,2025-08-15,2025-05-27,80.0,29.41,Active
C00232,2025-10-07,2025-08-15,53.0,29.41,Active
C00232,2025-10-24,2025-10-07,17.0,29.41,Active
C00232,2025-11-03,2025-10-24,10.0,29.41,Active
C00232,2025-12-18,2025-11-03,45.0,29.41,Active
C00232,2025-12-26,2025-12-18,8.0,29.41,Active
C00232,2026-01-24,2025-12-26,29.0,29.41,Active
C00232,2026-03-09,2026-01-24,44.0,29.41,Active
C00233,2024-02-02,,,86.88,At Risk
C00233,2024-02-16,2024-02-02,14.0,86.88,At Risk
C00233,2024-03-17,2024-02-16,30.0,86.88,At Risk
C00233,2024-04-07,2024-03-17,21.0,86.88,At Risk
C00233,2025-05-13,2024-04-07,401.0,86.88,At Risk
C00233,2025-10-06,2025-05-13,146.0,86.88,At Risk
C00233,2025-10-08,2025-10-06,2.0,86.88,At Risk
C00233,2025-11-26,2025-10-08,49.0,86.88,At Risk
C00233,2025-12-28,2025-11-26,32.0,86.88,At Risk
C00234,2025-01-11,,,,Active
C00235,2024-02-07,,,617.0,At Risk
C00235,2025-10-16,2024-02-07,617.0,617.0,At Risk
C00236,2024-11-24,,,88.0,At Risk
C00236,2025-02-03,2024-11-24,71.0,88.0,At Risk
C00236,2025-02-28,2025-02-03,25.0,88.0,At Risk
C00236,2025-11-10,2025-02-28,255.0,88.0,At Risk
C00236,2025-11-20,2025-11-10,10.0,88.0,At Risk
C00236,2026-02-07,2025-11-20,79.0,88.0,At Risk
C00237,2024-07-08,,,336.5,At Risk
C00237,2025-09-18,2024-07-08,437.0,336.5,At Risk
C00237,2026-05-12,2025-09-18,236.0,336.5,At Risk
C00238,2024-01-04,,,28.09,Active
C00238,2024-01-05,2024-01-04,1.0,28.09,Active
C00238,2024-01-10,2024-01-05,5.0,28.09,Active
C00238,2024-01-17,2024-01-10,7.0,28.09,Active
C00238,2024-01-26,2024-01-17,9.0,28.09,Active
C00238,2024-06-06,2024-01-26,132.0,28.09,Active
C00238,2024-06-20,2024-06-06,14.0,28.09,Active
C00238,2024-07-30,2024-06-20,40.0,28.09,Active
C00238,2024-08-25,2024-07-30,26.0,28.09,Active
C00238,2024-10-14,2024-08-25,50.0,28.09,Active
C00238,2024-10-15,2024-10-14,1.0,28.09,Active
C00238,2024-10-21,2024-10-15,6.0,28.09,Active
C00238,2024-11-15,2024-10-21,25.0,28.09,Active
C00238,2024-11-22,2024-11-15,7.0,28.09,Active
C00238,2024-12-12,2024-11-22,20.0,28.09,Active
C00238,2025-01-31,2024-12-12,50.0,28.09,Active
C00238,2025-02-23,2025-01-31,23.0,28.09,Active
C00238,2025-03-13,2025-02-23,18.0,28.09,Active
C00238,2025-04-04,2025-03-13,22.0,28.09,Active
C00238,2025-05-22,2025-04-04,48.0,28.09,Active
C00238,2025-07-04,2025-05-22,43.0,28.09,Active
C00238,2025-08-06,2025-07-04,33.0,28.09,Active
C00238,2025-10-02,2025-08-06,57.0,28.09,Active
C00238,2025-10-25,2025-10-02,23.0,28.09,Active
C00238,2025-10-28,2025-10-25,3.0,28.09,Active
C00238,2025-11-07,2025-10-28,10.0,28.09,Active
C00238,2025-11-29,2025-11-07,22.0,28.09,Active
C00238,2025-12-11,2025-11-29,12.0,28.09,Active
C00238,2025-12-25,2025-12-11,14.0,28.09,Active
C00238,2026-01-04,2025-12-25,10.0,28.09,Active
C00238,2026-02-11,2026-01-04,38.0,28.09,Active
C00238,2026-02-24,2026-02-11,13.0,28.09,Active
C00238,2026-07-07,2026-02-24,133.0,28.09,Active
C00238,2026-07-19,2026-07-07,12.0,28.09,Active
C00239,2024-04-10,,,288.5,At Risk
C00239,2024-10-10,2024-04-10,183.0,288.5,At Risk
C00239,2025-11-08,2024-10-10,394.0,288.5,At Risk
C00240,2024-03-27,,,30.7,At Risk
C00240,2024-05-04,2024-03-27,38.0,30.7,At Risk
C00240,2024-05-23,2024-05-04,19.0,30.7,At Risk
C00240,2024-06-14,2024-05-23,22.0,30.7,At Risk
C00240,2024-09-20,2024-06-14,98.0,30.7,At Risk
C00240,2024-09-28,2024-09-20,8.0,30.7,At Risk
C00240,2024-10-10,2024-09-28,12.0,30.7,At Risk
C00240,2024-10-16,2024-10-10,6.0,30.7,At Risk
C00240,2024-10-22,2024-10-16,6.0,30.7,At Risk
C00240,2024-11-06,2024-10-22,15.0,30.7,At Risk
C00240,2024-11-28,2024-11-06,22.0,30.7,At Risk
C00240,2025-01-23,2024-11-28,56.0,30.7,At Risk
C00240,2025-02-02,2025-01-23,10.0,30.7,At Risk
C00240,2025-03-14,2025-02-02,40.0,30.7,At Risk
C00240,2025-04-21,2025-03-14,38.0,30.7,At Risk
C00240,2025-05-19,2025-04-21,28.0,30.7,At Risk
C00240,2025-07-26,2025-05-19,68.0,30.7,At Risk
C00240,2025-11-13,2025-07-26,110.0,30.7,At Risk
C00240,2025-11-21,2025-11-13,8.0,30.7,At Risk
C00240,2025-12-06,2025-11-21,15.0,30.7,At Risk
C00240,2025-12-07,2025-12-06,1.0,30.7,At Risk
C00240,2025-12-15,2025-12-07,8.0,30.7,At Risk
C00240,2026-01-04,2025-12-15,20.0,30.7,At Risk
C00240,2026-02-09,2026-01-04,36.0,30.7,At Risk
C00240,2026-02-20,2026-02-09,11.0,30.7,At Risk
C00240,2026-05-24,2026-02-20,93.0,30.7,At Risk
C00240,2026-06-15,2026-05-24,22.0,30.7,At Risk
C00240,2026-07-04,2026-06-15,19.0,30.7,At Risk
C00241,2024-11-21,,,353.0,At Risk
C00241,2025-11-09,2024-11-21,353.0,353.0,At Risk
C00242,2025-12-26,,,,Active
C00243,2024-10-22,,,64.78,At Risk
C00243,2024-12-10,2024-10-22,49.0,64.78,At Risk
C00243,2024-12-21,2024-12-10,11.0,64.78,At Risk
C00243,2025-01-28,2024-12-21,38.0,64.78,At Risk
C00243,2025-09-08,2025-01-28,223.0,64.78,At Risk
C00243,2025-10-26,2025-09-08,48.0,64.78,At Risk
C00243,2025-11-06,2025-10-26,11.0,64.78,At Risk
C00243,2026-02-20,2025-11-06,106.0,64.78,At Risk
C00243,2026-04-08,2026-02-20,47.0,64.78,At Risk
C00243,2026-05-28,2026-04-08,50.0,64.78,At Risk
C00244,2024-01-25,,,23.34,Active
C00244,2024-02-11,2024-01-25,17.0,23.34,Active
C00244,2024-05-23,2024-02-11,102.0,23.34,Active
C00244,2024-06-03,2024-05-23,11.0,23.34,Active
C00244,2024-07-29,2024-06-03,56.0,23.34,Active
C00244,2024-08-01,2024-07-29,3.0,23.34,Active
C00244,2024-08-15,2024-08-01,14.0,23.34,Active
C00244,2024-09-15,2024-08-15,31.0,23.34,Active
C00244,2024-10-14,2024-09-15,29.0,23.34,Active
C00244,2024-10-17,2024-10-14,3.0,23.34,Active
C00244,2024-10-18,2024-10-17,1.0,23.34,Active
C00244,2024-10-21,2024-10-18,3.0,23.34,Active
C00244,2024-11-03,2024-10-21,13.0,23.34,Active
C00244,2024-11-13,2024-11-03,10.0,23.34,Active
C00244,2024-11-15,2024-11-13,2.0,23.34,Active
C00244,2024-11-18,2024-11-15,3.0,23.34,Active
C00244,2024-12-02,2024-11-18,14.0,23.34,Active
C00244,2024-12-02,2024-12-02,0.0,23.34,Active
C00244,2024-12-07,2024-12-02,5.0,23.34,Active
C00244,2024-12-12,2024-12-07,5.0,23.34,Active
C00244,2024-12-18,2024-12-12,6.0,23.34,Active
C00244,2025-02-01,2024-12-18,45.0,23.34,Active
C00244,2025-02-03,2025-02-01,2.0,23.34,Active
C00244,2025-05-11,2025-02-03,97.0,23.34,Active
C00244,2025-05-20,2025-05-11,9.0,23.34,Active
C00244,2025-10-03,2025-05-20,136.0,23.34,Active
C00244,2025-10-25,2025-10-03,22.0,23.34,Active
C00244,2025-11-13,2025-10-25,19.0,23.34,Active
C00244,2025-11-16,2025-11-13,3.0,23.34,Active
C00244,2025-11-19,2025-11-16,3.0,23.34,Active
C00244,2025-12-03,2025-11-19,14.0,23.34,Active
C00244,2025-12-20,2025-12-03,17.0,23.34,Active
C00244,2025-12-26,2025-12-20,6.0,23.34,Active
C00244,2025-12-27,2025-12-26,1.0,23.34,Active
C00244,2026-02-01,2025-12-27,36.0,23.34,Active
C00244,2026-03-21,2026-02-01,48.0,23.34,Active
C00244,2026-05-17,2026-03-21,57.0,23.34,Active
C00244,2026-06-22,2026-05-17,36.0,23.34,Active
C00244,2026-06-30,2026-06-22,8.0,23.34,Active
C00245,2024-03-14,,,68.18,At Risk
C00245,2024-07-18,2024-03-14,126.0,68.18,At Risk
C00245,2024-09-06,2024-07-18,50.0,68.18,At Risk
C00245,2024-09-14,2024-09-06,8.0,68.18,At Risk
C00245,2024-10-19,2024-09-14,35.0,68.18,At Risk
C00245,2024-11-03,2024-10-19,15.0,68.18,At Risk
C00245,2024-11-26,2024-11-03,23.0,68.18,At Risk
C00245,2025-01-14,2024-11-26,49.0,68.18,At Risk
C00245,2025-03-24,2025-01-14,69.0,68.18,At Risk
C00245,2025-05-28,2025-03-24,65.0,68.18,At Risk
C00245,2025-12-18,2025-05-28,204.0,68.18,At Risk
C00245,2026-04-03,2025-12-18,106.0,68.18,At Risk
C00246,2024-02-18,,,225.33,At Risk
C00246,2025-06-01,2024-02-18,469.0,225.33,At Risk
C00246,2025-11-18,2025-06-01,170.0,225.33,At Risk
C00246,2025-12-25,2025-11-18,37.0,225.33,At Risk
C00247,2024-07-23,,,196.33,At Risk
C00247,2025-02-14,2024-07-23,206.0,196.33,At Risk
C00247,2026-02-28,2025-02-14,379.0,196.33,At Risk
C00247,2026-03-04,2026-02-28,4.0,196.33,At Risk
C00248,2024-01-11,,,15.47,Active
C00248,2024-02-11,2024-01-11,31.0,15.47,Active
C00248,2024-05-13,2024-02-11,92.0,15.47,Active
C00248,2024-06-10,2024-05-13,28.0,15.47,Active
C00248,2024-06-29,2024-06-10,19.0,15.47,Active
C00248,2024-07-27,2024-06-29,28.0,15.47,Active
C00248,2024-08-22,2024-07-27,26.0,15.47,Active
C00248,2024-09-13,2024-08-22,22.0,15.47,Active
C00248,2024-10-23,2024-09-13,40.0,15.47,Active
C00248,2024-11-06,2024-10-23,14.0,15.47,Active
C00248,2024-11-08,2024-11-06,2.0,15.47,Active
C00248,2024-11-16,2024-11-08,8.0,15.47,Active
C00248,2024-11-19,2024-11-16,3.0,15.47,Active
C00248,2024-11-20,2024-11-19,1.0,15.47,Active
C00248,2024-11-23,2024-11-20,3.0,15.47,Active
C00248,2024-12-02,2024-11-23,9.0,15.47,Active
C00248,2024-12-08,2024-12-02,6.0,15.47,Active
C00248,2024-12-09,2024-12-08,1.0,15.47,Active
C00248,2024-12-11,2024-12-09,2.0,15.47,Active
C00248,2024-12-27,2024-12-11,16.0,15.47,Active
C00248,2025-01-19,2024-12-27,23.0,15.47,Active
C00248,2025-01-23,2025-01-19,4.0,15.47,Active
C00248,2025-02-06,2025-01-23,14.0,15.47,Active
C00248,2025-03-04,2025-02-06,26.0,15.47,Active
C00248,2025-03-28,2025-03-04,24.0,15.47,Active
C00248,2025-04-12,2025-03-28,15.0,15.47,Active
C00248,2025-04-26,2025-04-12,14.0,15.47,Active
C00248,2025-06-06,2025-04-26,41.0,15.47,Active
C00248,2025-06-15,2025-06-06,9.0,15.47,Active
C00248,2025-07-09,2025-06-15,24.0,15.47,Active
C00248,2025-07-13,2025-07-09,4.0,15.47,Active
C00248,2025-07-16,2025-07-13,3.0,15.47,Active
C00248,2025-08-02,2025-07-16,17.0,15.47,Active
C00248,2025-08-09,2025-08-02,7.0,15.47,Active
C00248,2025-08-15,2025-08-09,6.0,15.47,Active
C00248,2025-08-17,2025-08-15,2.0,15.47,Active
C00248,2025-09-22,2025-08-17,36.0,15.47,Active
C00248,2025-10-09,2025-09-22,17.0,15.47,Active
C00248,2025-10-11,2025-10-09,2.0,15.47,Active
C00248,2025-10-15,2025-10-11,4.0,15.47,Active
C00248,2025-10-24,2025-10-15,9.0,15.47,Active
C00248,2025-10-28,2025-10-24,4.0,15.47,Active
C00248,2025-11-03,2025-10-28,6.0,15.47,Active
C00248,2025-11-05,2025-11-03,2.0,15.47,Active
C00248,2025-11-13,2025-11-05,8.0,15.47,Active
C00248,2025-11-20,2025-11-13,7.0,15.47,Active
C00248,2025-12-05,2025-11-20,15.0,15.47,Active
C00248,2025-12-08,2025-12-05,3.0,15.47,Active
C00248,2025-12-14,2025-12-08,6.0,15.47,Active
C00248,2025-12-21,2025-12-14,7.0,15.47,Active
C00248,2026-01-06,2025-12-21,16.0,15.47,Active
C00248,2026-01-11,2026-01-06,5.0,15.47,Active
C00248,2026-01-21,2026-01-11,10.0,15.47,Active
C00248,2026-01-28,2026-01-21,7.0,15.47,Active
C00248,2026-02-28,2026-01-28,31.0,15.47,Active
C00248,2026-03-27,2026-02-28,27.0,15.47,Active
C00248,2026-06-13,2026-03-27,78.0,15.47,Active
C00248,2026-06-24,2026-06-13,11.0,15.47,Active
C00248,2026-06-26,2026-06-24,2.0,15.47,Active
C00249,2024-01-07,,,373.5,At Risk
C00249,2025-04-30,2024-01-07,479.0,373.5,At Risk
C00249,2026-01-23,2025-04-30,268.0,373.5,At Risk
C00250,2024-07-11,,,,Active
C00251,2024-02-26,,,255.33,At Risk
C00251,2024-10-21,2024-02-26,238.0,255.33,At Risk
C00251,2025-12-09,2024-10-21,414.0,255.33,At Risk
C00251,2026-04-02,2025-12-09,114.0,255.33,At Risk
C00252,2024-03-08,,,118.43,At Risk
C00252,2024-10-09,2024-03-08,215.0,118.43,At Risk
C00252,2024-11-16,2024-10-09,38.0,118.43,At Risk
C00252,2025-01-18,2024-11-16,63.0,118.43,At Risk
C00252,2025-03-23,2025-01-18,64.0,118.43,At Risk
C00252,2025-10-10,2025-03-23,201.0,118.43,At Risk
C00252,2025-11-18,2025-10-10,39.0,118.43,At Risk
C00252,2026-06-15,2025-11-18,209.0,118.43,At Risk
C00253,2024-02-07,,,39.0,At Risk
C00253,2024-08-15,2024-02-07,190.0,39.0,At Risk
C00253,2024-09-20,2024-08-15,36.0,39.0,At Risk
C00253,2024-10-19,2024-09-20,29.0,39.0,At Risk
C00253,2024-11-03,2024-10-19,15.0,39.0,At Risk
C00253,2024-11-21,2024-11-03,18.0,39.0,At Risk
C00253,2024-11-21,2024-11-21,0.0,39.0,At Risk
C00253,2024-11-22,2024-11-21,1.0,39.0,At Risk
C00253,2024-11-26,2024-11-22,4.0,39.0,At Risk
C00253,2024-12-21,2024-11-26,25.0,39.0,At Risk
C00253,2025-03-18,2024-12-21,87.0,39.0,At Risk
C00253,2025-04-19,2025-03-18,32.0,39.0,At Risk
C00253,2025-05-02,2025-04-19,13.0,39.0,At Risk
C00253,2025-05-20,2025-05-02,18.0,39.0,At Risk
C00253,2025-05-28,2025-05-20,8.0,39.0,At Risk
C00253,2025-06-05,2025-05-28,8.0,39.0,At Risk
C00253,2025-07-26,2025-06-05,51.0,39.0,At Risk
C00253,2025-08-23,2025-07-26,28.0,39.0,At Risk
C00253,2025-09-06,2025-08-23,14.0,39.0,At Risk
C00253,2025-10-27,2025-09-06,51.0,39.0,At Risk
C00253,2025-11-07,2025-10-27,11.0,39.0,At Risk
C00253,2025-11-14,2025-11-07,7.0,39.0,At Risk
C00253,2025-11-23,2025-11-14,9.0,39.0,At Risk
C00253,2025-11-26,2025-11-23,3.0,39.0,At Risk
C00253,2025-12-27,2025-11-26,31.0,39.0,At Risk
C00253,2026-10-09,2025-12-27,286.0,39.0,At Risk
C00254,2024-11-16,,,262.5,At Risk
C00254,2025-12-23,2024-11-16,402.0,262.5,At Risk
C00254,2026-04-25,2025-12-23,123.0,262.5,At Risk
C00255,2026-10-08,,,,Active
C00256,2024-05-03,,,,Active
C00257,2024-09-11,,,67.57,At Risk
C00257,2024-10-09,2024-09-11,28.0,67.57,At Risk
C00257,2024-12-06,2024-10-09,58.0,67.57,At Risk
C00257,2025-02-03,2024-12-06,59.0,67.57,At Risk
C00257,2025-03-15,2025-02-03,40.0,67.57,At Risk
C00257,2025-04-17,2025-03-15,33.0,67.57,At Risk
C00257,2025-11-25,2025-04-17,222.0,67.57,At Risk
C00257,2025-12-28,2025-11-25,33.0,67.57,At Risk
C00258,2024-01-13,,,40.77,At Risk
C00258,2024-04-20,2024-01-13,98.0,40.77,At Risk
C00258,2024-07-30,2024-04-20,101.0,40.77,At Risk
C00258,2024-10-22,2024-07-30,84.0,40.77,At Risk
C00258,2024-11-01,2024-10-22,10.0,40.77,At Risk
C00258,2024-11-15,2024-11-01,14.0,40.77,At Risk
C00258,2024-11-22,2024-11-15,7.0,40.77,At Risk
C00258,2024-12-02,2024-11-22,10.0,40.77,At Risk
C00258,2024-12-03,2024-12-02,1.0,40.77,At Risk
C00258,2024-12-17,2024-12-03,14.0,40.77,At Risk
C00258,2024-12-21,2024-12-17,4.0,40.77,At Risk
C00258,2025-01-30,2024-12-21,40.0,40.77,At Risk
C00258,2025-02-28,2025-01-30,29.0,40.77,At Risk
C00258,2025-04-21,2025-02-28,52.0,40.77,At Risk
C00258,2025-07-24,2025-04-21,94.0,40.77,At Risk
C00258,2025-11-14,2025-07-24,113.0,40.77,At Risk
C00258,2025-11-21,2025-11-14,7.0,40.77,At Risk
C00258,2025-11-23,2025-11-21,2.0,40.77,At Risk
C00258,2025-11-29,2025-11-23,6.0,40.77,At Risk
C00258,2025-12-11,2025-11-29,12.0,40.77,At Risk
C00258,2026-03-25,2025-12-11,104.0,40.77,At Risk
C00258,2026-05-08,2026-03-25,44.0,40.77,At Risk
C00258,2026-06-28,2026-05-08,51.0,40.77,At Risk
C00259,2024-11-12,,,252.0,At Risk
C00259,2025-03-23,2024-11-12,131.0,252.0,At Risk
C00259,2026-03-31,2025-03-23,373.0,252.0,At Risk
C00260,2025-01-05,,,277.0,At Risk
C00260,2026-05-16,2025-01-05,496.0,277.0,At Risk
C00260,2026-07-13,2026-05-16,58.0,277.0,At Risk
C00261,2024-09-13,,,170.75,At Risk
C00261,2024-10-04,2024-09-13,21.0,170.75,At Risk
C00261,2024-10-18,2024-10-04,14.0,170.75,At Risk
C00261,2025-11-05,2024-10-18,383.0,170.75,At Risk
C00261,2026-07-28,2025-11-05,265.0,170.75,At Risk
C00262,2024-09-20,,,226.0,At Risk
C00262,2025-11-09,2024-09-20,415.0,226.0,At Risk
C00262,2025-12-16,2025-11-09,37.0,226.0,At Risk
C00263,2024-03-20,,,37.43,At Risk
C00263,2024-03-25,2024-03-20,5.0,37.43,At Risk
C00263,2024-07-29,2024-03-25,126.0,37.43,At Risk
C00263,2024-08-28,2024-07-29,30.0,37.43,At Risk
C00263,2024-09-19,2024-08-28,22.0,37.43,At Risk
C00263,2024-11-09,2024-09-19,51.0,37.43,At Risk
C00263,2024-11-21,2024-11-09,12.0,37.43,At Risk
C00263,2024-12-01,2024-11-21,10.0,37.43,At Risk
C00263,2024-12-03,2024-12-01,2.0,37.43,At Risk
C00263,2024-12-17,2024-12-03,14.0,37.43,At Risk
C00263,2024-12-25,2024-12-17,8.0,37.43,At Risk
C00263,2024-12-27,2024-12-25,2.0,37.43,At Risk
C00263,2025-03-01,2024-12-27,64.0,37.43,At Risk
C00263,2025-03-15,2025-03-01,14.0,37.43,At Risk
C00263,2025-05-16,2025-03-15,62.0,37.43,At Risk
C00263,2025-08-18,2025-05-16,94.0,37.43,At Risk
C00263,2025-10-12,2025-08-18,55.0,37.43,At Risk
C00263,2025-11-24,2025-10-12,43.0,37.43,At Risk
C00263,2025-11-25,2025-11-24,1.0,37.43,At Risk
C00263,2025-11-28,2025-11-25,3.0,37.43,At Risk
C00263,2025-12-05,2025-11-28,7.0,37.43,At Risk
C00263,2025-12-06,2025-12-05,1.0,37.43,At Risk
C00263,2026-03-27,2025-12-06,111.0,37.43,At Risk
C00263,2026-07-29,2026-03-27,124.0,37.43,At Risk
C00264,2024-01-07,,,33.67,At Risk
C00264,2024-02-24,2024-01-07,48.0,33.67,At Risk
C00264,2024-03-17,2024-02-24,22.0,33.67,At Risk
C00264,2024-04-09,2024-03-17,23.0,33.67,At Risk
C00264,2024-05-05,2024-04-09,26.0,33.67,At Risk
C00264,2024-06-22,2024-05-05,48.0,33.67,At Risk
C00264,2024-09-20,2024-06-22,90.0,33.67,At Risk
C00264,2024-10-17,2024-09-20,27.0,33.67,At Risk
C00264,2024-11-19,2024-10-17,33.0,33.67,At Risk
C00264,2024-11-20,2024-11-19,1.0,33.67,At Risk
C00264,2024-12-10,2024-11-20,20.0,33.67,At Risk
C00264,2024-12-20,2024-12-10,10.0,33.67,At Risk
C00264,2025-01-17,2024-12-20,28.0,33.67,At Risk
C00264,2025-04-18,2025-01-17,91.0,33.67,At Risk
C00264,2025-04-29,2025-04-18,11.0,33.67,At Risk
C00264,2025-08-26,2025-04-29,119.0,33.67,At Risk
C00264,2025-09-26,2025-08-26,31.0,33.67,At Risk
C00264,2025-10-06,2025-09-26,10.0,33.67,At Risk
C00264,2025-10-17,2025-10-06,11.0,33.67,At Risk
C00264,2025-11-27,2025-10-17,41.0,33.67,At Risk
C00264,2025-11-27,2025-11-27,0.0,33.67,At Risk
C00264,2025-12-03,2025-11-27,6.0,33.67,At Risk
C00264,2025-12-07,2025-12-03,4.0,33.67,At Risk
C00264,2026-01-31,2025-12-07,55.0,33.67,At Risk
C00264,2026-02-19,2026-01-31,19.0,33.67,At Risk
C00264,2026-02-28,2026-02-19,9.0,33.67,At Risk
C00264,2026-06-24,2026-02-28,116.0,33.67,At Risk
C00264,2026-07-04,2026-06-24,10.0,33.67,At Risk
C00265,2024-01-23,,,49.38,At Risk
C00265,2024-04-24,2024-01-23,92.0,49.38,At Risk
C00265,2024-08-10,2024-04-24,108.0,49.38,At Risk
C00265,2024-09-30,2024-08-10,51.0,49.38,At Risk
C00265,2024-10-15,2024-09-30,15.0,49.38,At Risk
C00265,2024-11-03,2024-10-15,19.0,49.38,At Risk
C00265,2025-02-01,2024-11-03,90.0,49.38,At Risk
C00265,2025-05-27,2025-02-01,115.0,49.38,At Risk
C00265,2025-07-03,2025-05-27,37.0,49.38,At Risk
C00265,2025-07-10,2025-07-03,7.0,49.38,At Risk
C00265,2025-10-15,2025-07-10,97.0,49.38,At Risk
C00265,2025-10-18,2025-10-15,3.0,49.38,At Risk
C00265,2025-11-14,2025-10-18,27.0,49.38,At Risk
C00265,2025-11-18,2025-11-14,4.0,49.38,At Risk
C00265,2025-11-20,2025-11-18,2.0,49.38,At Risk
C00265,2025-12-02,2025-11-20,12.0,49.38,At Risk
C00265,2025-12-08,2025-12-02,6.0,49.38,At Risk
C00265,2025-12-15,2025-12-08,7.0,49.38,At Risk
C00265,2025-12-19,2025-12-15,4.0,49.38,At Risk
C00265,2026-07-04,2025-12-19,197.0,49.38,At Risk
C00265,2026-07-26,2026-07-04,22.0,49.38,At Risk
C00265,2026-11-25,2026-07-26,122.0,49.38,At Risk
C00266,2024-04-09,,,78.44,At Risk
C00266,2024-11-04,2024-04-09,209.0,78.44,At Risk
C00266,2024-11-13,2024-11-04,9.0,78.44,At Risk
C00266,2025-03-21,2024-11-13,128.0,78.44,At Risk
C00266,2025-05-06,2025-03-21,46.0,78.44,At Risk
C00266,2025-06-13,2025-05-06,38.0,78.44,At Risk
C00266,2025-10-30,2025-06-13,139.0,78.44,At Risk
C00266,2025-11-11,2025-10-30,12.0,78.44,At Risk
C00266,2025-11-17,2025-11-11,6.0,78.44,At Risk
C00266,2026-03-16,2025-11-17,119.0,78.44,At Risk
C00267,2024-01-02,,,56.2,At Risk
C00267,2024-03-20,2024-01-02,78.0,56.2,At Risk
C00267,2024-08-04,2024-03-20,137.0,56.2,At Risk
C00267,2024-11-04,2024-08-04,92.0,56.2,At Risk
C00267,2024-11-16,2024-11-04,12.0,56.2,At Risk
C00267,2024-12-05,2024-11-16,19.0,56.2,At Risk
C00267,2025-01-24,2024-12-05,50.0,56.2,At Risk
C00267,2025-03-09,2025-01-24,44.0,56.2,At Risk
C00267,2025-05-12,2025-03-09,64.0,56.2,At Risk
C00267,2025-06-10,2025-05-12,29.0,56.2,At Risk
C00267,2025-11-11,2025-06-10,154.0,56.2,At Risk
C00267,2025-12-01,2025-11-11,20.0,56.2,At Risk
C00267,2025-12-01,2025-12-01,0.0,56.2,At Risk
C00267,2026-03-19,2025-12-01,108.0,56.2,At Risk
C00267,2026-04-11,2026-03-19,23.0,56.2,At Risk
C00267,2026-04-24,2026-04-11,13.0,56.2,At Risk
C00268,2024-01-01,,,16.62,Active
C00268,2024-01-04,2024-01-01,3.0,16.62,Active
C00268,2024-01-16,2024-01-04,12.0,16.62,Active
C00268,2024-03-14,2024-01-16,58.0,16.62,Active
C00268,2024-04-01,2024-03-14,18.0,16.62,Active
C00268,2024-04-08,2024-04-01,7.0,16.62,Active
C00268,2024-05-25,2024-04-08,47.0,16.62,Active
C00268,2024-06-01,2024-05-25,7.0,16.62,Active
C00268,2024-06-30,2024-06-01,29.0,16.62,Active
C00268,2024-09-18,2024-06-30,80.0,16.62,Active
C00268,2024-10-08,2024-09-18,20.0,16.62,Active
C00268,2024-10-13,2024-10-08,5.0,16.62,Active
C00268,2024-10-13,2024-10-13,0.0,16.62,Active
C00268,2024-11-18,2024-10-13,36.0,16.62,Active
C00268,2024-11-20,2024-11-18,2.0,16.62,Active
C00268,2024-11-21,2024-11-20,1.0,16.62,Active
C00268,2024-11-23,2024-11-21,2.0,16.62,Active
C00268,2024-11-24,2024-11-23,1.0,16.62,Active
C00268,2024-11-27,2024-11-24,3.0,16.62,Active
C00268,2024-12-02,2024-11-27,5.0,16.62,Active
C00268,2024-12-03,2024-12-02,1.0,16.62,Active
C00268,2024-12-03,2024-12-03,0.0,16.62,Active
C00268,2024-12-08,2024-12-03,5.0,16.62,Active
C00268,2024-12-09,2024-12-08,1.0,16.62,Active
C00268,2024-12-13,2024-12-09,4.0,16.62,Active
C00268,2024-12-14,2024-12-13,1.0,16.62,Active
C00268,2024-12-21,2024-12-14,7.0,16.62,Active
C00268,2024-12-27,2024-12-21,6.0,16.62,Active
C00268,2025-01-13,2024-12-27,17.0,16.62,Active
C00268,2025-01-27,2025-01-13,14.0,16.62,Active
C00268,2025-03-04,2025-01-27,36.0,16.62,Active
C00268,2025-04-20,2025-03-04,47.0,16.62,Active
C00268,2025-04-30,2025-04-20,10.0,16.62,Active
C00268,2025-05-07,2025-04-30,7.0,16.62,Active
C00268,2025-05-16,2025-05-07,9.0,16.62,Active
C00268,2025-05-26,2025-05-16,10.0,16.62,Active
C00268,2025-06-03,2025-05-26,8.0,16.62,Active
C00268,2025-06-21,2025-06-03,18.0,16.62,Active
C00268,2025-06-29,2025-06-21,8.0,16.62,Active
C00268,2025-07-04,2025-06-29,5.0,16.62,Active
C00268,2025-08-05,2025-07-04,32.0,16.62,Active
C00268,2025-08-22,2025-08-05,17.0,16.62,Active
C00268,2025-09-15,2025-08-22,24.0,16.62,Active
C00268,2025-10-01,2025-09-15,16.0,16.62,Active
C00268,2025-10-01,2025-10-01,0.0,16.62,Active
C00268,2025-10-12,2025-10-01,11.0,16.62,Active
C00268,2025-10-13,2025-10-12,1.0,16.62,Active
C00268,2025-10-17,2025-10-13,4.0,16.62,Active
C00268,2025-10-25,2025-10-17,8.0,16.62,Active
C00268,2025-11-14,2025-10-25,20.0,16.62,Active
C00268,2025-11-19,2025-11-14,5.0,16.62,Active
C00268,2025-12-01,2025-11-19,12.0,16.62,Active
C00268,2025-12-09,2025-12-01,8.0,16.62,Active
C00268,2025-12-10,2025-12-09,1.0,16.62,Active
C00268,2025-12-15,2025-12-10,5.0,16.62,Active
C00268,2025-12-26,2025-12-15,11.0,16.62,Active
C00268,2026-02-04,2025-12-26,40.0,16.62,Active
C00268,2026-03-06,2026-02-04,30.0,16.62,Active
C00268,2026-03-26,2026-03-06,20.0,16.62,Active
C00268,2026-04-28,2026-03-26,33.0,16.62,Active
C00268,2026-05-20,2026-04-28,22.0,16.62,Active
C00268,2026-06-13,2026-05-20,24.0,16.62,Active
C00268,2026-06-18,2026-06-13,5.0,16.62,Active
C00268,2026-11-13,2026-06-18,148.0,16.62,Active
C00269,2024-11-17,,,178.0,At Risk
C00269,2024-12-03,2024-11-17,16.0,178.0,At Risk
C00269,2025-11-08,2024-12-03,340.0,178.0,At Risk
C00270,2024-01-19,,,150.33,At Risk
C00270,2024-02-09,2024-01-19,21.0,150.33,At Risk
C00270,2024-06-19,2024-02-09,131.0,150.33,At Risk
C00270,2025-04-14,2024-06-19,299.0,150.33,At Risk
C00271,2024-02-20,,,50.95,At Risk
C00271,2024-04-26,2024-02-20,66.0,50.95,At Risk
C00271,2024-05-05,2024-04-26,9.0,50.95,At Risk
C00271,2024-08-08,2024-05-05,95.0,50.95,At Risk
C00271,2024-08-19,2024-08-08,11.0,50.95,At Risk
C00271,2024-10-22,2024-08-19,64.0,50.95,At Risk
C00271,2024-11-23,2024-10-22,32.0,50.95,At Risk
C00271,2024-12-03,2024-11-23,10.0,50.95,At Risk
C00271,2024-12-04,2024-12-03,1.0,50.95,At Risk
C00271,2024-12-08,2024-12-04,4.0,50.95,At Risk
C00271,2024-12-18,2024-12-08,10.0,50.95,At Risk
C00271,2025-02-19,2024-12-18,63.0,50.95,At Risk
C00271,2025-03-27,2025-02-19,36.0,50.95,At Risk
C00271,2025-07-03,2025-03-27,98.0,50.95,At Risk
C00271,2025-07-17,2025-07-03,14.0,50.95,At Risk
C00271,2025-10-18,2025-07-17,93.0,50.95,At Risk
C00271,2025-12-19,2025-10-18,62.0,50.95,At Risk
C00271,2026-05-08,2025-12-19,140.0,50.95,At Risk
C00271,2026-06-06,2026-05-08,29.0,50.95,At Risk
C00271,2026-06-09,2026-06-06,3.0,50.95,At Risk
C00271,2026-07-04,2026-06-09,25.0,50.95,At Risk
C00271,2027-01-25,2026-07-04,205.0,50.95,At Risk
C00272,2024-10-22,,,44.0,At Risk
C00272,2024-12-05,2024-10-22,44.0,44.0,At Risk
C00273,2024-08-01,,,67.1,At Risk
C00273,2024-09-25,2024-08-01,55.0,67.1,At Risk
C00273,2024-10-26,2024-09-25,31.0,67.1,At Risk
C00273,2024-12-27,2024-10-26,62.0,67.1,At Risk
C00273,2025-01-09,2024-12-27,13.0,67.1,At Risk
C00273,2025-03-27,2025-01-09,77.0,67.1,At Risk
C00273,2025-11-25,2025-03-27,243.0,67.1,At Risk
C00273,2025-12-18,2025-11-25,23.0,67.1,At Risk
C00273,2026-01-06,2025-12-18,19.0,67.1,At Risk
C00273,2026-02-05,2026-01-06,30.0,67.1,At Risk
C00273,2026-06-03,2026-02-05,118.0,67.1,At Risk
C00274,2024-11-04,,,243.67,At Risk
C00274,2025-03-31,2024-11-04,147.0,243.67,At Risk
C00274,2025-10-09,2025-03-31,192.0,243.67,At Risk
C00274,2026-11-05,2025-10-09,392.0,243.67,At Risk
C00275,2024-11-26,,,67.0,At Risk
C00275,2025-02-01,2024-11-26,67.0,67.0,At Risk
C00276,2024-02-16,,,75.63,At Risk
C00276,2024-02-29,2024-02-16,13.0,75.63,At Risk
C00276,2024-04-21,2024-02-29,52.0,75.63,At Risk
C00276,2024-06-15,2024-04-21,55.0,75.63,At Risk
C00276,2024-09-21,2024-06-15,98.0,75.63,At Risk
C00276,2024-12-02,2024-09-21,72.0,75.63,At Risk
C00276,2025-10-02,2024-12-02,304.0,75.63,At Risk
C00276,2025-10-13,2025-10-02,11.0,75.63,At Risk
C00276,2025-10-13,2025-10-13,0.0,75.63,At Risk
C00277,2026-02-17,,,,Active
C00278,2024-03-18,,,29.77,Active
C00278,2024-09-21,2024-03-18,187.0,29.77,Active
C00278,2024-10-12,2024-09-21,21.0,29.77,Active
C00278,2024-10-23,2024-10-12,11.0,29.77,Active
C00278,2024-12-21,2024-10-23,59.0,29.77,Active
C00278,2025-01-02,2024-12-21,12.0,29.77,Active
C00278,2025-01-15,2025-01-02,13.0,29.77,Active
C00278,2025-01-17,2025-01-15,2.0,29.77,Active
C00278,2025-03-17,2025-01-17,59.0,29.77,Active
C00278,2025-04-10,2025-03-17,24.0,29.77,Active
C00278,2025-05-12,2025-04-10,32.0,29.77,Active
C00278,2025-08-02,2025-05-12,82.0,29.77,Active
C00278,2025-09-28,2025-08-02,57.0,29.77,Active
C00278,2025-10-25,2025-09-28,27.0,29.77,Active
C00278,2025-11-15,2025-10-25,21.0,29.77,Active
C00278,2025-11-25,2025-11-15,10.0,29.77,Active
C00278,2025-12-05,2025-11-25,10.0,29.77,Active
C00278,2025-12-15,2025-12-05,10.0,29.77,Active
C00278,2025-12-30,2025-12-15,15.0,29.77,Active
C00278,2026-01-01,2025-12-30,2.0,29.77,Active
C00278,2026-01-18,2026-01-01,17.0,29.77,Active
C00278,2026-01-22,2026-01-18,4.0,29.77,Active
C00278,2026-01-22,2026-01-22,0.0,29.77,Active
C00278,2026-04-11,2026-01-22,79.0,29.77,Active
C00278,2026-04-21,2026-04-11,10.0,29.77,Active
C00278,2026-04-25,2026-04-21,4.0,29.77,Active
C00278,2026-05-01,2026-04-25,6.0,29.77,Active
C00279,2026-05-20,,,,Active
C00280,2024-01-12,,,69.5,At Risk
C00280,2024-02-12,2024-01-12,31.0,69.5,At Risk
C00280,2024-02-13,2024-02-12,1.0,69.5,At Risk
C00280,2024-08-29,2024-02-13,198.0,69.5,At Risk
C00280,2024-10-22,2024-08-29,54.0,69.5,At Risk
C00280,2024-11-10,2024-10-22,19.0,69.5,At Risk
C00280,2025-09-26,2024-11-10,320.0,69.5,At Risk
C00280,2025-10-09,2025-09-26,13.0,69.5,At Risk
C00280,2025-10-14,2025-10-09,5.0,69.5,At Risk
C00280,2025-11-10,2025-10-14,27.0,69.5,At Risk
C00280,2025-12-07,2025-11-10,27.0,69.5,At Risk
C00281,2024-07-03,,,71.56,At Risk
C00281,2024-08-02,2024-07-03,30.0,71.56,At Risk
C00281,2024-10-26,2024-08-02,85.0,71.56,At Risk
C00281,2024-11-24,2024-10-26,29.0,71.56,At Risk
C00281,2024-11-24,2024-11-24,0.0,71.56,At Risk
C00281,2024-11-24,2024-11-24,0.0,71.56,At Risk
C00281,2025-12-08,2024-11-24,379.0,71.56,At Risk
C00281,2026-01-16,2025-12-08,39.0,71.56,At Risk
C00281,2026-03-12,2026-01-16,55.0,71.56,At Risk
C00281,2026-04-08,2026-03-12,27.0,71.56,At Risk
C00282,2026-03-24,,,,Active
C00283,2024-10-14,,,30.74,At Risk
C00283,2024-11-12,2024-10-14,29.0,30.74,At Risk
C00283,2025-03-19,2024-11-12,127.0,30.74,At Risk
C00283,2025-06-05,2025-03-19,78.0,30.74,At Risk
C00283,2025-07-20,2025-06-05,45.0,30.74,At Risk
C00283,2025-09-24,2025-07-20,66.0,30.74,At Risk
C00283,2025-10-13,2025-09-24,19.0,30.74,At Risk
C00283,2025-10-14,2025-10-13,1.0,30.74,At Risk
C00283,2025-10-30,2025-10-14,16.0,30.74,At Risk
C00283,2025-11-03,2025-10-30,4.0,30.74,At Risk
C00283,2025-11-21,2025-11-03,18.0,30.74,At Risk
C00283,2025-11-21,2025-11-21,0.0,30.74,At Risk
C00283,2025-11-22,2025-11-21,1.0,30.74,At Risk
C00283,2025-12-02,2025-11-22,10.0,30.74,At Risk
C00283,2025-12-12,2025-12-02,10.0,30.74,At Risk
C00283,2025-12-20,2025-12-12,8.0,30.74,At Risk
C00283,2026-02-12,2025-12-20,54.0,30.74,At Risk
C00283,2026-04-20,2026-02-12,67.0,30.74,At Risk
C00283,2026-05-02,2026-04-20,12.0,30.74,At Risk
C00283,2026-05-21,2026-05-02,19.0,30.74,At Risk
C00284,2024-01-24,,,333.5,At Risk
C00284,2024-12-01,2024-01-24,312.0,333.5,At Risk
C00284,2025-11-21,2024-12-01,355.0,333.5,At Risk
C00285,2025-07-12,,,9.0,Active
C00285,2025-07-21,2025-07-12,9.0,9.0,Active
C00286,2024-02-21,,,76.2,At Risk
C00286,2024-10-02,2024-02-21,224.0,76.2,At Risk
C00286,2025-05-24,2024-10-02,234.0,76.2,At Risk
C00286,2025-08-04,2025-05-24,72.0,76.2,At Risk
C00286,2025-10-08,2025-08-04,65.0,76.2,At Risk
C00286,2025-10-15,2025-10-08,7.0,76.2,At Risk
C00286,2025-10-18,2025-10-15,3.0,76.2,At Risk
C00286,2025-10-24,2025-10-18,6.0,76.2,At Risk
C00286,2026-02-07,2025-10-24,106.0,76.2,At Risk
C00286,2026-03-08,2026-02-07,29.0,76.2,At Risk
C00286,2026-03-24,2026-03-08,16.0,76.2,At Risk
C00287,2025-07-21,,,79.5,At Risk
C00287,2025-07-25,2025-07-21,4.0,79.5,At Risk
C00287,2025-12-27,2025-07-25,155.0,79.5,At Risk
C00288,2024-02-18,,,88.0,At Risk
C00288,2024-03-25,2024-02-18,36.0,88.0,At Risk
C00288,2024-11-04,2024-03-25,224.0,88.0,At Risk
C00288,2024-12-26,2024-11-04,52.0,88.0,At Risk
C00288,2025-10-03,2024-12-26,281.0,88.0,At Risk
C00288,2025-10-26,2025-10-03,23.0,88.0,At Risk
C00288,2025-11-14,2025-10-26,19.0,88.0,At Risk
C00288,2025-12-20,2025-11-14,36.0,88.0,At Risk
C00288,2025-12-23,2025-12-20,3.0,88.0,At Risk
C00288,2026-03-25,2025-12-23,92.0,88.0,At Risk
C00288,2026-07-17,2026-03-25,114.0,88.0,At Risk
C00289,2024-06-25,,,298.0,At Risk
C00289,2025-04-19,2024-06-25,298.0,298.0,At Risk
C00290,2024-03-24,,,15.59,Active
C00290,2024-03-25,2024-03-24,1.0,15.59,Active
C00290,2024-04-20,2024-03-25,26.0,15.59,Active
C00290,2024-05-01,2024-04-20,11.0,15.59,Active
C00290,2024-05-03,2024-05-01,2.0,15.59,Active
C00290,2024-05-16,2024-05-03,13.0,15.59,Active
C00290,2024-05-27,2024-05-16,11.0,15.59,Active
C00290,2024-06-04,2024-05-27,8.0,15.59,Active
C00290,2024-06-26,2024-06-04,22.0,15.59,Active
C00290,2024-07-20,2024-06-26,24.0,15.59,Active
C00290,2024-10-04,2024-07-20,76.0,15.59,Active
C00290,2024-10-16,2024-10-04,12.0,15.59,Active
C00290,2024-10-19,2024-10-16,3.0,15.59,Active
C00290,2024-10-24,2024-10-19,5.0,15.59,Active
C00290,2024-11-16,2024-10-24,23.0,15.59,Active
C00290,2024-11-24,2024-11-16,8.0,15.59,Active
C00290,2024-11-26,2024-11-24,2.0,15.59,Active
C00290,2024-12-12,2024-11-26,16.0,15.59,Active
C00290,2024-12-18,2024-12-12,6.0,15.59,Active
C00290,2024-12-28,2024-12-18,10.0,15.59,Active
C00290,2025-01-10,2024-12-28,13.0,15.59,Active
C00290,2025-02-26,2025-01-10,47.0,15.59,Active
C00290,2025-03-14,2025-02-26,16.0,15.59,Active
C00290,2025-03-22,2025-03-14,8.0,15.59,Active
C00290,2025-03-23,2025-03-22,1.0,15.59,Active
C00290,2025-03-23,2025-03-23,0.0,15.59,Active
C00290,2025-04-15,2025-03-23,23.0,15.59,Active
C00290,2025-07-04,2025-04-15,80.0,15.59,Active
C00290,2025-07-07,2025-07-04,3.0,15.59,Active
C00290,2025-07-15,2025-07-07,8.0,15.59,Active
C00290,2025-08-15,2025-07-15,31.0,15.59,Active
C00290,2025-09-06,2025-08-15,22.0,15.59,Active
C00290,2025-10-05,2025-09-06,29.0,15.59,Active
C00290,2025-10-21,2025-10-05,16.0,15.59,Active
C00290,2025-10-22,2025-10-21,1.0,15.59,Active
C00290,2025-10-31,2025-10-22,9.0,15.59,Active
C00290,2025-11-05,2025-10-31,5.0,15.59,Active
C00290,2025-11-08,2025-11-05,3.0,15.59,Active
C00290,2025-11-10,2025-11-08,2.0,15.59,Active
C00290,2025-11-10,2025-11-10,0.0,15.59,Active
C00290,2025-11-28,2025-11-10,18.0,15.59,Active
C00290,2025-12-05,2025-11-28,7.0,15.59,Active
C00290,2025-12-05,2025-12-05,0.0,15.59,Active
C00290,2025-12-14,2025-12-05,9.0,15.59,Active
C00290,2025-12-28,2025-12-14,14.0,15.59,Active
C00290,2025-12-29,2025-12-28,1.0,15.59,Active
C00290,2026-01-15,2025-12-29,17.0,15.59,Active
C00290,2026-01-28,2026-01-15,13.0,15.59,Active
C00290,2026-02-05,2026-01-28,8.0,15.59,Active
C00290,2026-02-07,2026-02-05,2.0,15.59,Active
C00290,2026-02-13,2026-02-07,6.0,15.59,Active
C00290,2026-02-23,2026-02-13,10.0,15.59,Active
C00290,2026-04-16,2026-02-23,52.0,15.59,Active
C00290,2026-04-24,2026-04-16,8.0,15.59,Active
C00290,2026-05-09,2026-04-24,15.0,15.59,Active
C00290,2026-05-16,2026-05-09,7.0,15.59,Active
C00290,2026-06-13,2026-05-16,28.0,15.59,Active
C00290,2026-07-25,2026-06-13,42.0,15.59,Active
C00290,2026-07-29,2026-07-25,4.0,15.59,Active
C00290,2026-09-30,2026-07-29,63.0,15.59,Active
C00291,2024-12-02,,,,Active
C00292,2024-10-20,,,239.5,At Risk
C00292,2025-10-18,2024-10-20,363.0,239.5,At Risk
C00292,2026-02-11,2025-10-18,116.0,239.5,At Risk
C00293,2025-11-16,,,99.0,At Risk
C00293,2026-02-23,2025-11-16,99.0,99.0,At Risk
C00294,2025-01-11,,,,Active
C00295,2024-09-11,,,93.2,At Risk
C00295,2025-06-28,2024-09-11,290.0,93.2,At Risk
C00295,2025-10-26,2025-06-28,120.0,93.2,At Risk
C00295,2025-12-11,2025-10-26,46.0,93.2,At Risk
C00295,2025-12-12,2025-12-11,1.0,93.2,At Risk
C00295,2025-12-21,2025-12-12,9.0,93.2,At Risk
C00296,2024-01-25,,,75.36,At Risk
C00296,2024-05-12,2024-01-25,108.0,75.36,At Risk
C00296,2024-08-10,2024-05-12,90.0,75.36,At Risk
C00296,2024-09-01,2024-08-10,22.0,75.36,At Risk
C00296,2024-10-18,2024-09-01,47.0,75.36,At Risk
C00296,2024-11-23,2024-10-18,36.0,75.36,At Risk
C00296,2024-11-26,2024-11-23,3.0,75.36,At Risk
C00296,2025-03-19,2024-11-26,113.0,75.36,At Risk
C00296,2025-05-13,2025-03-19,55.0,75.36,At Risk
C00296,2025-06-14,2025-05-13,32.0,75.36,At Risk
C00296,2025-11-16,2025-06-14,155.0,75.36,At Risk
C00296,2026-05-03,2025-11-16,168.0,75.36,At Risk
C00297,2024-12-14,,,377.0,At Risk
C00297,2025-12-26,2024-12-14,377.0,377.0,At Risk
C00298,2024-05-20,,,50.06,At Risk
C00298,2024-10-01,2024-05-20,134.0,50.06,At Risk
C00298,2024-10-07,2024-10-01,6.0,50.06,At Risk
C00298,2024-10-22,2024-10-07,15.0,50.06,At Risk
C00298,2024-11-02,2024-10-22,11.0,50.06,At Risk
C00298,2024-11-20,2024-11-02,18.0,50.06,At Risk
C00298,2024-12-02,2024-11-20,12.0,50.06,At Risk
C00298,2025-02-12,2024-12-02,72.0,50.06,At Risk
C00298,2025-04-11,2025-02-12,58.0,50.06,At Risk
C00298,2025-05-19,2025-04-11,38.0,50.06,At Risk
C00298,2025-11-08,2025-05-19,173.0,50.06,At Risk
C00298,2025-11-23,2025-11-08,15.0,50.06,At Risk
C00298,2025-11-28,2025-11-23,5.0,50.06,At Risk
C00298,2025-12-02,2025-11-28,4.0,50.06,At Risk
C00298,2025-12-06,2025-12-02,4.0,50.06,At Risk
C00298,2025-12-16,2025-12-06,10.0,50.06,At Risk
C00298,2026-07-30,2025-12-16,226.0,50.06,At Risk
C00299,2024-03-23,,,65.43,At Risk
C00299,2024-08-01,2024-03-23,131.0,65.43,At Risk
C00299,2024-10-24,2024-08-01,84.0,65.43,At Risk
C00299,2024-11-02,2024-10-24,9.0,65.43,At Risk
C00299,2025-10-03,2024-11-02,335.0,65.43,At Risk
C00299,2025-10-06,2025-10-03,3.0,65.43,At Risk
C00299,2025-11-09,2025-10-06,34.0,65.43,At Risk
C00299,2025-11-21,2025-11-09,12.0,65.43,At Risk
C00299,2025-12-08,2025-11-21,17.0,65.43,At Risk
C00299,2026-01-01,2025-12-08,24.0,65.43,At Risk
C00299,2026-01-17,2026-01-01,16.0,65.43,At Risk
C00299,2026-01-18,2026-01-17,1.0,65.43,At Risk
C00299,2026-02-03,2026-01-18,16.0,65.43,At Risk
C00299,2026-05-01,2026-02-03,87.0,65.43,At Risk
C00299,2026-09-25,2026-05-01,147.0,65.43,At Risk
C00300,2025-08-16,,,60.25,At Risk
C00300,2025-10-28,2025-08-16,73.0,60.25,At Risk
C00300,2025-11-09,2025-10-28,12.0,60.25,At Risk
C00300,2026-01-03,2025-11-09,55.0,60.25,At Risk
C00300,2026-04-14,2026-01-03,101.0,60.25,At Risk
C00301,2024-09-04,,,,Active
C00302,2024-11-06,,,,Active
C00303,2024-03-14,,,251.67,At Risk
C00303,2024-06-13,2024-03-14,91.0,251.67,At Risk
C00303,2024-11-04,2024-06-13,144.0,251.67,At Risk
C00303,2026-04-08,2024-11-04,520.0,251.67,At Risk
C00304,2024-02-12,,,104.67,At Risk
C00304,2024-12-01,2024-02-12,293.0,104.67,At Risk
C00304,2025-06-23,2024-12-01,204.0,104.67,At Risk
C00304,2025-08-24,2025-06-23,62.0,104.67,At Risk
C00304,2025-12-02,2025-08-24,100.0,104.67,At Risk
C00304,2025-12-16,2025-12-02,14.0,104.67,At Risk
C00304,2026-02-01,2025-12-16,47.0,104.67,At Risk
C00304,2026-02-10,2026-02-01,9.0,104.67,At Risk
C00304,2026-05-18,2026-02-10,97.0,104.67,At Risk
C00304,2026-09-11,2026-05-18,116.0,104.67,At Risk
C00305,2024-07-05,,,53.82,At Risk
C00305,2024-08-27,2024-07-05,53.0,53.82,At Risk
C00305,2024-09-27,2024-08-27,31.0,53.82,At Risk
C00305,2024-10-21,2024-09-27,24.0,53.82,At Risk
C00305,2024-10-29,2024-10-21,8.0,53.82,At Risk
C00305,2024-11-09,2024-10-29,11.0,53.82,At Risk
C00305,2024-11-11,2024-11-09,2.0,53.82,At Risk
C00305,2024-11-14,2024-11-11,3.0,53.82,At Risk
C00305,2024-11-22,2024-11-14,8.0,53.82,At Risk
C00305,2024-12-15,2024-11-22,23.0,53.82,At Risk
C00305,2025-05-18,2024-12-15,154.0,53.82,At Risk
C00305,2025-07-14,2025-05-18,57.0,53.82,At Risk
C00305,2026-04-28,2025-07-14,288.0,53.82,At Risk
C00305,2026-05-07,2026-04-28,9.0,53.82,At Risk
C00305,2026-05-08,2026-05-07,1.0,53.82,At Risk
C00305,2026-05-11,2026-05-08,3.0,53.82,At Risk
C00305,2026-06-21,2026-05-11,41.0,53.82,At Risk
C00305,2027-01-06,2026-06-21,199.0,53.82,At Risk
C00306,2026-02-22,,,32.5,At Risk
C00306,2026-04-25,2026-02-22,62.0,32.5,At Risk
C00306,2026-04-28,2026-04-25,3.0,32.5,At Risk
C00307,2025-04-07,,,183.5,At Risk
C00307,2025-08-24,2025-04-07,139.0,183.5,At Risk
C00307,2026-04-09,2025-08-24,228.0,183.5,At Risk
C00308,2024-01-14,,,170.67,At Risk
C00308,2024-06-01,2024-01-14,139.0,170.67,At Risk
C00308,2024-10-14,2024-06-01,135.0,170.67,At Risk
C00308,2025-06-09,2024-10-14,238.0,170.67,At Risk
C00309,2024-03-08,,,194.75,At Risk
C00309,2024-12-28,2024-03-08,295.0,194.75,At Risk
C00309,2025-12-06,2024-12-28,343.0,194.75,At Risk
C00309,2025-12-22,2025-12-06,16.0,194.75,At Risk
C00309,2026-04-26,2025-12-22,125.0,194.75,At Risk
C00310,2024-01-24,,,18.96,Active
C00310,2024-02-01,2024-01-24,8.0,18.96,Active
C00310,2024-02-03,2024-02-01,2.0,18.96,Active
C00310,2024-03-12,2024-02-03,38.0,18.96,Active
C00310,2024-08-07,2024-03-12,148.0,18.96,Active
C00310,2024-08-18,2024-08-07,11.0,18.96,Active
C00310,2024-08-25,2024-08-18,7.0,18.96,Active
C00310,2024-09-10,2024-08-25,16.0,18.96,Active
C00310,2024-09-13,2024-09-10,3.0,18.96,Active
C00310,2024-09-22,2024-09-13,9.0,18.96,Active
C00310,2024-10-06,2024-09-22,14.0,18.96,Active
C00310,2024-10-20,2024-10-06,14.0,18.96,Active
C00310,2024-10-20,2024-10-20,0.0,18.96,Active
C00310,2024-10-24,2024-10-20,4.0,18.96,Active
C00310,2024-10-26,2024-10-24,2.0,18.96,Active
C00310,2024-11-04,2024-10-26,9.0,18.96,Active
C00310,2024-11-10,2024-11-04,6.0,18.96,Active
C00310,2024-11-27,2024-11-10,17.0,18.96,Active
C00310,2024-12-02,2024-11-27,5.0,18.96,Active
C00310,2024-12-11,2024-12-02,9.0,18.96,Active
C00310,2024-12-12,2024-12-11,1.0,18.96,Active
C00310,2024-12-12,2024-12-12,0.0,18.96,Active
C00310,2024-12-28,2024-12-12,16.0,18.96,Active
C00310,2025-01-21,2024-12-28,24.0,18.96,Active
C00310,2025-01-25,2025-01-21,4.0,18.96,Active
C00310,2025-02-22,2025-01-25,28.0,18.96,Active
C00310,2025-03-01,2025-02-22,7.0,18.96,Active
C00310,2025-04-03,2025-03-01,33.0,18.96,Active
C00310,2025-04-08,2025-04-03,5.0,18.96,Active
C00310,2025-04-17,2025-04-08,9.0,18.96,Active
C00310,2025-06-03,2025-04-17,47.0,18.96,Active
C00310,2025-07-07,2025-06-03,34.0,18.96,Active
C00310,2025-08-02,2025-07-07,26.0,18.96,Active
C00310,2025-08-17,2025-08-02,15.0,18.96,Active
C00310,2025-10-02,2025-08-17,46.0,18.96,Active
C00310,2025-10-06,2025-10-02,4.0,18.96,Active
C00310,2025-10-12,2025-10-06,6.0,18.96,Active
C00310,2025-10-15,2025-10-12,3.0,18.96,Active
C00310,2025-10-27,2025-10-15,12.0,18.96,Active
C00310,2025-10-31,2025-10-27,4.0,18.96,Active
C00310,2025-11-09,2025-10-31,9.0,18.96,Active
C00310,2025-12-03,2025-11-09,24.0,18.96,Active
C00310,2025-12-06,2025-12-03,3.0,18.96,Active
C00310,2025-12-08,2025-12-06,2.0,18.96,Active
C00310,2025-12-09,2025-12-08,1.0,18.96,Active
C00310,2025-12-21,2025-12-09,12.0,18.96,Active
C00310,2025-12-22,2025-12-21,1.0,18.96,Active
C00310,2025-12-27,2025-12-22,5.0,18.96,Active
C00310,2026-01-17,2025-12-27,21.0,18.96,Active
C00310,2026-02-13,2026-01-17,27.0,18.96,Active
C00310,2026-03-03,2026-02-13,18.0,18.96,Active
C00310,2026-03-26,2026-03-03,23.0,18.96,Active
C00310,2026-03-30,2026-03-26,4.0,18.96,Active
C00310,2026-04-01,2026-03-30,2.0,18.96,Active
C00310,2026-06-11,2026-04-01,71.0,18.96,Active
C00310,2026-06-15,2026-06-11,4.0,18.96,Active
C00310,2026-12-21,2026-06-15,189.0,18.96,Active
C00311,2024-01-13,,,21.62,Active
C00311,2024-03-25,2024-01-13,72.0,21.62,Active
C00311,2024-04-25,2024-03-25,31.0,21.62,Active
C00311,2024-04-26,2024-04-25,1.0,21.62,Active
C00311,2024-05-16,2024-04-26,20.0,21.62,Active
C00311,2024-06-13,2024-05-16,28.0,21.62,Active
C00311,2024-09-16,2024-06-13,95.0,21.62,Active
C00311,2024-09-27,2024-09-16,11.0,21.62,Active
C00311,2024-10-10,2024-09-27,13.0,21.62,Active
C00311,2024-11-03,2024-10-10,24.0,21.62,Active
C00311,2024-11-28,2024-11-03,25.0,21.62,Active
C00311,2024-11-30,2024-11-28,2.0,21.62,Active
C00311,2024-12-05,2024-11-30,5.0,21.62,Active
C00311,2024-12-11,2024-12-05,6.0,21.62,Active
C00311,2024-12-11,2024-12-11,0.0,21.62,Active
C00311,2024-12-19,2024-12-11,8.0,21.62,Active
C00311,2024-12-22,2024-12-19,3.0,21.62,Active
C00311,2024-12-23,2024-12-22,1.0,21.62,Active
C00311,2025-01-01,2024-12-23,9.0,21.62,Active
C00311,2025-01-20,2025-01-01,19.0,21.62,Active
C00311,2025-01-29,2025-01-20,9.0,21.62,Active
C00311,2025-02-13,2025-01-29,15.0,21.62,Active
C00311,2025-04-17,2025-02-13,63.0,21.62,Active
C00311,2025-04-18,2025-04-17,1.0,21.62,Active
C00311,2025-04-19,2025-04-18,1.0,21.62,Active
C00311,2025-10-09,2025-04-19,173.0,21.62,Active
C00311,2025-10-16,2025-10-09,7.0,21.62,Active
C00311,2025-10-20,2025-10-16,4.0,21.62,Active
C00311,2025-11-13,2025-10-20,24.0,21.62,Active
C00311,2025-11-16,2025-11-13,3.0,21.62,Active
C00311,2025-11-23,2025-11-16,7.0,21.62,Active
C00311,2025-11-26,2025-11-23,3.0,21.62,Active
C00311,2025-11-28,2025-11-26,2.0,21.62,Active
C00311,2025-12-04,2025-11-28,6.0,21.62,Active
C00311,2025-12-15,2025-12-04,11.0,21.62,Active
C00311,2025-12-20,2025-12-15,5.0,21.62,Active
C00311,2025-12-23,2025-12-20,3.0,21.62,Active
C00311,2025-12-25,2025-12-23,2.0,21.62,Active
C00311,2025-12-28,2025-12-25,3.0,21.62,Active
C00311,2026-03-18,2025-12-28,80.0,21.62,Active
C00311,2026-04-26,2026-03-18,39.0,21.62,Active
C00311,2026-06-02,2026-04-26,37.0,21.62,Active
C00311,2026-07-09,2026-06-02,37.0,21.62,Active
C00312,2024-11-17,,,24.0,Active
C00312,2024-12-11,2024-11-17,24.0,24.0,Active
C00313,2024-05-21,,,188.0,At Risk
C00313,2024-10-19,2024-05-21,151.0,188.0,At Risk
C00313,2025-09-18,2024-10-19,334.0,188.0,At Risk
C00313,2025-12-06,2025-09-18,79.0,188.0,At Risk
C00314,2024-11-13,,,,Active
C00315,2025-05-20,,,59.0,At Risk
C00315,2025-07-18,2025-05-20,59.0,59.0,At Risk
C00316,2024-06-07,,,170.67,At Risk
C00316,2024-11-01,2024-06-07,147.0,170.67,At Risk
C00316,2025-10-22,2024-11-01,355.0,170.67,At Risk
C00316,2025-11-01,2025-10-22,10.0,170.67,At Risk
C00317,2024-02-26,,,39.9,At Risk
C00317,2024-04-30,2024-02-26,64.0,39.9,At Risk
C00317,2024-11-06,2024-04-30,190.0,39.9,At Risk
C00317,2024-11-11,2024-11-06,5.0,39.9,At Risk
C00317,2024-11-23,2024-11-11,12.0,39.9,At Risk
C00317,2024-11-28,2024-11-23,5.0,39.9,At Risk
C00317,2024-12-01,2024-11-28,3.0,39.9,At Risk
C00317,2024-12-20,2024-12-01,19.0,39.9,At Risk
C00317,2024-12-25,2024-12-20,5.0,39.9,At Risk
C00317,2025-03-11,2024-12-25,76.0,39.9,At Risk
C00317,2025-03-22,2025-03-11,11.0,39.9,At Risk
C00317,2025-03-25,2025-03-22,3.0,39.9,At Risk
C00317,2025-06-17,2025-03-25,84.0,39.9,At Risk
C00317,2025-06-27,2025-06-17,10.0,39.9,At Risk
C00317,2025-07-03,2025-06-27,6.0,39.9,At Risk
C00317,2025-07-25,2025-07-03,22.0,39.9,At Risk
C00317,2025-10-19,2025-07-25,86.0,39.9,At Risk
C00317,2025-10-24,2025-10-19,5.0,39.9,At Risk
C00317,2025-11-04,2025-10-24,11.0,39.9,At Risk
C00317,2026-01-14,2025-11-04,71.0,39.9,At Risk
C00317,2026-05-26,2026-01-14,132.0,39.9,At Risk
C00317,2026-06-13,2026-05-26,18.0,39.9,At Risk
C00318,2024-05-02,,,110.83,At Risk
C00318,2024-11-30,2024-05-02,212.0,110.83,At Risk
C00318,2025-05-08,2024-11-30,159.0,110.83,At Risk
C00318,2025-09-27,2025-05-08,142.0,110.83,At Risk
C00318,2025-10-28,2025-09-27,31.0,110.83,At Risk
C00318,2025-12-04,2025-10-28,37.0,110.83,At Risk
C00318,2026-02-26,2025-12-04,84.0,110.83,At Risk
C00319,2024-01-30,,,79.27,At Risk
C00319,2024-05-25,2024-01-30,116.0,79.27,At Risk
C00319,2024-10-28,2024-05-25,156.0,79.27,At Risk
C00319,2024-11-07,2024-10-28,10.0,79.27,At Risk
C00319,2024-11-18,2024-11-07,11.0,79.27,At Risk
C00319,2025-07-22,2024-11-18,246.0,79.27,At Risk
C00319,2025-09-25,2025-07-22,65.0,79.27,At Risk
C00319,2025-10-17,2025-09-25,22.0,79.27,At Risk
C00319,2025-10-21,2025-10-17,4.0,79.27,At Risk
C00319,2025-12-16,2025-10-21,56.0,79.27,At Risk
C00319,2026-01-07,2025-12-16,22.0,79.27,At Risk
C00319,2026-06-20,2026-01-07,164.0,79.27,At Risk
C00320,2025-11-20,,,,Active
C00321,2024-02-09,,,76.73,At Risk
C00321,2024-03-30,2024-02-09,50.0,76.73,At Risk
C00321,2024-09-26,2024-03-30,180.0,76.73,At Risk
C00321,2024-10-27,2024-09-26,31.0,76.73,At Risk
C00321,2024-11-10,2024-10-27,14.0,76.73,At Risk
C00321,2024-12-13,2024-11-10,33.0,76.73,At Risk
C00321,2025-03-05,2024-12-13,82.0,76.73,At Risk
C00321,2025-10-07,2025-03-05,216.0,76.73,At Risk
C00321,2025-10-19,2025-10-07,12.0,76.73,At Risk
C00321,2026-02-26,2025-10-19,130.0,76.73,At Risk
C00321,2026-03-05,2026-02-26,7.0,76.73,At Risk
C00321,2026-06-02,2026-03-05,89.0,76.73,At Risk
C00322,2025-04-29,,,160.0,At Risk
C00322,2025-10-06,2025-04-29,160.0,160.0,At Risk
C00323,2024-06-17,,,,Active
C00324,2024-01-05,,,167.0,At Risk
C00324,2024-06-06,2024-01-05,153.0,167.0,At Risk
C00324,2024-10-13,2024-06-06,129.0,167.0,At Risk
C00324,2024-11-16,2024-10-13,34.0,167.0,At Risk
C00324,2025-11-03,2024-11-16,352.0,167.0,At Risk
C00325,2024-03-28,,,88.13,At Risk
C00325,2024-06-28,2024-03-28,92.0,88.13,At Risk
C00325,2024-12-06,2024-06-28,161.0,88.13,At Risk
C00325,2025-04-20,2024-12-06,135.0,88.13,At Risk
C00325,2025-04-27,2025-04-20,7.0,88.13,At Risk
C00325,2025-10-25,2025-04-27,181.0,88.13,At Risk
C00325,2025-11-09,2025-10-25,15.0,88.13,At Risk
C00325,2025-11-15,2025-11-09,6.0,88.13,At Risk
C00325,2026-03-03,2025-11-15,108.0,88.13,At Risk
C00326,2024-04-24,,,213.67,At Risk
C00326,2025-08-18,2024-04-24,481.0,213.67,At Risk
C00326,2025-11-26,2025-08-18,100.0,213.67,At Risk
C00326,2026-01-25,2025-11-26,60.0,213.67,At Risk
C00327,2024-01-13,,,18.25,Active
C00327,2024-01-23,2024-01-13,10.0,18.25,Active
C00327,2024-01-24,2024-01-23,1.0,18.25,Active
C00327,2024-01-31,2024-01-24,7.0,18.25,Active
C00327,2024-03-15,2024-01-31,44.0,18.25,Active
C00327,2024-04-17,2024-03-15,33.0,18.25,Active
C00327,2024-05-03,2024-04-17,16.0,18.25,Active
C00327,2024-05-09,2024-05-03,6.0,18.25,Active
C00327,2024-05-11,2024-05-09,2.0,18.25,Active
C00327,2024-07-28,2024-05-11,78.0,18.25,Active
C00327,2024-08-18,2024-07-28,21.0,18.25,Active
C00327,2024-08-31,2024-08-18,13.0,18.25,Active
C00327,2024-09-25,2024-08-31,25.0,18.25,Active
C00327,2024-09-26,2024-09-25,1.0,18.25,Active
C00327,2024-09-29,2024-09-26,3.0,18.25,Active
C00327,2024-10-15,2024-09-29,16.0,18.25,Active
C00327,2024-10-16,2024-10-15,1.0,18.25,Active
C00327,2024-10-24,2024-10-16,8.0,18.25,Active
C00327,2024-10-24,2024-10-24,0.0,18.25,Active
C00327,2024-10-26,2024-10-24,2.0,18.25,Active
C00327,2024-10-27,2024-10-26,1.0,18.25,Active
C00327,2024-11-23,2024-10-27,27.0,18.25,Active
C00327,2024-11-25,2024-11-23,2.0,18.25,Active
C00327,2024-12-07,2024-11-25,12.0,18.25,Active
C00327,2024-12-20,2024-12-07,13.0,18.25,Active
C00327,2025-01-29,2024-12-20,40.0,18.25,Active
C00327,2025-02-05,2025-01-29,7.0,18.25,Active
C00327,2025-05-17,2025-02-05,101.0,18.25,Active
C00327,2025-06-25,2025-05-17,39.0,18.25,Active
C00327,2025-07-16,2025-06-25,21.0,18.25,Active
C00327,2025-08-11,2025-07-16,26.0,18.25,Active
C00327,2025-08-17,2025-08-11,6.0,18.25,Active
C00327,2025-09-04,2025-08-17,18.0,18.25,Active
C00327,2025-09-10,2025-09-04,6.0,18.25,Active
C00327,2025-10-01,2025-09-10,21.0,18.25,Active
C00327,2025-10-11,2025-10-01,10.0,18.25,Active
C00327,2025-10-15,2025-10-11,4.0,18.25,Active
C00327,2025-10-21,2025-10-15,6.0,18.25,Active
C00327,2025-10-21,2025-10-21,0.0,18.25,Active
C00327,2025-10-21,2025-10-21,0.0,18.25,Active
C00327,2025-10-27,2025-10-21,6.0,18.25,Active
C00327,2025-11-01,2025-10-27,5.0,18.25,Active
C00327,2025-11-06,2025-11-01,5.0,18.25,Active
C00327,2025-11-09,2025-11-06,3.0,18.25,Active
C00327,2025-11-15,2025-11-09,6.0,18.25,Active
C00327,2025-11-19,2025-11-15,4.0,18.25,Active
C00327,2025-12-01,2025-11-19,12.0,18.25,Active
C00327,2025-12-01,2025-12-01,0.0,18.25,Active
C00327,2025-12-06,2025-12-01,5.0,18.25,Active
C00327,2025-12-11,2025-12-06,5.0,18.25,Active
C00327,2025-12-18,2025-12-11,7.0,18.25,Active
C00327,2025-12-24,2025-12-18,6.0,18.25,Active
C00327,2026-01-15,2025-12-24,22.0,18.25,Active
C00327,2026-01-20,2026-01-15,5.0,18.25,Active
C00327,2026-01-28,2026-01-20,8.0,18.25,Active
C00327,2026-03-30,2026-01-28,61.0,18.25,Active
C00327,2026-04-08,2026-03-30,9.0,18.25,Active
C00327,2026-06-05,2026-04-08,58.0,18.25,Active
C00327,2026-06-28,2026-06-05,23.0,18.25,Active
C00327,2026-07-18,2026-06-28,20.0,18.25,Active
C00327,2027-01-12,2026-07-18,178.0,18.25,Active
C00328,2024-01-27,,,40.19,At Risk
C00328,2024-06-10,2024-01-27,135.0,40.19,At Risk
C00328,2024-07-18,2024-06-10,38.0,40.19,At Risk
C00328,2024-10-26,2024-07-18,100.0,40.19,At Risk
C00328,2024-11-08,2024-10-26,13.0,40.19,At Risk
C00328,2024-11-23,2024-11-08,15.0,40.19,At Risk
C00328,2024-12-18,2024-11-23,25.0,40.19,At Risk
C00328,2024-12-21,2024-12-18,3.0,40.19,At Risk
C00328,2024-12-23,2024-12-21,2.0,40.19,At Risk
C00328,2025-01-26,2024-12-23,34.0,40.19,At Risk
C00328,2025-07-16,2025-01-26,171.0,40.19,At Risk
C00328,2025-10-20,2025-07-16,96.0,40.19,At Risk
C00328,2025-11-11,2025-10-20,22.0,40.19,At Risk
C00328,2025-11-16,2025-11-11,5.0,40.19,At Risk
C00328,2025-11-18,2025-11-16,2.0,40.19,At Risk
C00328,2025-12-17,2025-11-18,29.0,40.19,At Risk
C00328,2025-12-26,2025-12-17,9.0,40.19,At Risk
C00328,2026-02-02,2025-12-26,38.0,40.19,At Risk
C00328,2026-02-08,2026-02-02,6.0,40.19,At Risk
C00328,2026-03-12,2026-02-08,32.0,40.19,At Risk
C00328,2026-04-09,2026-03-12,28.0,40.19,At Risk
C00328,2026-05-20,2026-04-09,41.0,40.19,At Risk
C00329,2024-06-18,,,74.0,At Risk
C00329,2024-12-17,2024-06-18,182.0,74.0,At Risk
C00329,2025-02-25,2024-12-17,70.0,74.0,At Risk
C00329,2025-04-25,2025-02-25,59.0,74.0,At Risk
C00329,2025-05-10,2025-04-25,15.0,74.0,At Risk
C00329,2025-05-21,2025-05-10,11.0,74.0,At Risk
C00329,2025-10-01,2025-05-21,133.0,74.0,At Risk
C00329,2025-10-15,2025-10-01,14.0,74.0,At Risk
C00329,2025-11-23,2025-10-15,39.0,74.0,At Risk
C00329,2026-04-15,2025-11-23,143.0,74.0,At Risk
C00330,2024-04-15,,,51.2,At Risk
C00330,2024-05-17,2024-04-15,32.0,51.2,At Risk
C00330,2024-05-28,2024-05-17,11.0,51.2,At Risk
C00330,2024-09-08,2024-05-28,103.0,51.2,At Risk
C00330,2024-10-23,2024-09-08,45.0,51.2,At Risk
C00330,2024-11-06,2024-10-23,14.0,51.2,At Risk
C00330,2024-11-14,2024-11-06,8.0,51.2,At Risk
C00330,2024-12-20,2024-11-14,36.0,51.2,At Risk
C00330,2024-12-21,2024-12-20,1.0,51.2,At Risk
C00330,2024-12-21,2024-12-21,0.0,51.2,At Risk
C00330,2025-04-07,2024-12-21,107.0,51.2,At Risk
C00330,2025-08-29,2025-04-07,144.0,51.2,At Risk
C00330,2025-10-17,2025-08-29,49.0,51.2,At Risk
C00330,2025-11-07,2025-10-17,21.0,51.2,At Risk
C00330,2025-11-24,2025-11-07,17.0,51.2,At Risk
C00330,2026-05-23,2025-11-24,180.0,51.2,At Risk
C00331,2024-03-25,,,122.0,At Risk
C00331,2024-03-29,2024-03-25,4.0,122.0,At Risk
C00331,2025-02-14,2024-03-29,322.0,122.0,At Risk
C00331,2025-10-20,2025-02-14,248.0,122.0,At Risk
C00331,2025-11-13,2025-10-20,24.0,122.0,At Risk
C00331,2025-12-25,2025-11-13,42.0,122.0,At Risk
C00331,2026-01-10,2025-12-25,16.0,122.0,At Risk
C00331,2026-05-15,2026-01-10,125.0,122.0,At Risk
C00331,2026-11-26,2026-05-15,195.0,122.0,At Risk
C00332,2024-06-13,,,188.0,At Risk
C00332,2024-11-27,2024-06-13,167.0,188.0,At Risk
C00332,2025-06-24,2024-11-27,209.0,188.0,At Risk
C00333,2025-12-20,,,280.0,At Risk
C00333,2026-09-26,2025-12-20,280.0,280.0,At Risk
C00334,2024-12-10,,,134.0,At Risk
C00334,2025-10-05,2024-12-10,299.0,134.0,At Risk
C00334,2025-10-22,2025-10-05,17.0,134.0,At Risk
C00334,2026-01-16,2025-10-22,86.0,134.0,At Risk
C00335,2024-04-30,,,91.25,At Risk
C00335,2024-10-02,2024-04-30,155.0,91.25,At Risk
C00335,2024-10-17,2024-10-02,15.0,91.25,At Risk
C00335,2024-11-28,2024-10-17,42.0,91.25,At Risk
C00335,2024-12-09,2024-11-28,11.0,91.25,At Risk
C00335,2025-03-15,2024-12-09,96.0,91.25,At Risk
C00335,2025-07-24,2025-03-15,131.0,91.25,At Risk
C00335,2025-10-06,2025-07-24,74.0,91.25,At Risk
C00335,2026-04-30,2025-10-06,206.0,91.25,At Risk
C00336,2024-03-28,,,25.23,Active
C00336,2024-05-03,2024-03-28,36.0,25.23,Active
C00336,2024-05-21,2024-05-03,18.0,25.23,Active
C00336,2024-05-28,2024-05-21,7.0,25.23,Active
C00336,2024-07-08,2024-05-28,41.0,25.23,Active
C00336,2024-09-13,2024-07-08,67.0,25.23,Active
C00336,2024-10-01,2024-09-13,18.0,25.23,Active
C00336,2024-10-17,2024-10-01,16.0,25.23,Active
C00336,2024-10-27,2024-10-17,10.0,25.23,Active
C00336,2024-11-01,2024-10-27,5.0,25.23,Active
C00336,2024-11-22,2024-11-01,21.0,25.23,Active
C00336,2024-12-02,2024-11-22,10.0,25.23,Active
C00336,2024-12-06,2024-12-02,4.0,25.23,Active
C00336,2025-02-02,2024-12-06,58.0,25.23,Active
C00336,2025-05-27,2025-02-02,114.0,25.23,Active
C00336,2025-06-25,2025-05-27,29.0,25.23,Active
C00336,2025-06-27,2025-06-25,2.0,25.23,Active
C00336,2025-08-20,2025-06-27,54.0,25.23,Active
C00336,2025-08-25,2025-08-20,5.0,25.23,Active
C00336,2025-08-26,2025-08-25,1.0,25.23,Active
C00336,2025-09-22,2025-08-26,27.0,25.23,Active
C00336,2025-10-11,2025-09-22,19.0,25.23,Active
C00336,2025-10-18,2025-10-11,7.0,25.23,Active
C00336,2025-10-28,2025-10-18,10.0,25.23,Active
C00336,2025-10-28,2025-10-28,0.0,25.23,Active
C00336,2025-11-19,2025-10-28,22.0,25.23,Active
C00336,2025-12-16,2025-11-19,27.0,25.23,Active
C00336,2026-01-22,2025-12-16,37.0,25.23,Active
C00336,2026-01-28,2026-01-22,6.0,25.23,Active
C00336,2026-01-28,2026-01-28,0.0,25.23,Active
C00336,2026-04-24,2026-01-28,86.0,25.23,Active
C00337,2025-08-14,,,,Active
C00338,2025-07-25,,,108.5,At Risk
C00338,2025-07-27,2025-07-25,2.0,108.5,At Risk
C00338,2026-02-27,2025-07-27,215.0,108.5,At Risk
C00339,2024-07-19,,,46.09,At Risk
C00339,2024-09-10,2024-07-19,53.0,46.09,At Risk
C00339,2024-10-23,2024-09-10,43.0,46.09,At Risk
C00339,2024-11-18,2024-10-23,26.0,46.09,At Risk
C00339,2024-11-27,2024-11-18,9.0,46.09,At Risk
C00339,2024-12-02,2024-11-27,5.0,46.09,At Risk
C00339,2024-12-15,2024-12-02,13.0,46.09,At Risk
C00339,2024-12-25,2024-12-15,10.0,46.09,At Risk
C00339,2025-07-09,2024-12-25,196.0,46.09,At Risk
C00339,2025-08-15,2025-07-09,37.0,46.09,At Risk
C00339,2025-11-26,2025-08-15,103.0,46.09,At Risk
C00339,2025-12-08,2025-11-26,12.0,46.09,At Risk
C00340,2024-03-09,,,65.22,At Risk
C00340,2024-04-29,2024-03-09,51.0,65.22,At Risk
C00340,2024-06-20,2024-04-29,52.0,65.22,At Risk
C00340,2024-09-27,2024-06-20,99.0,65.22,At Risk
C00340,2024-10-01,2024-09-27,4.0,65.22,At Risk
C00340,2024-10-14,2024-10-01,13.0,65.22,At Risk
C00340,2024-11-07,2024-10-14,24.0,65.22,At Risk
C00340,2024-11-16,2024-11-07,9.0,65.22,At Risk
C00340,2025-02-21,2024-11-16,97.0,65.22,At Risk
C00340,2025-10-17,2025-02-21,238.0,65.22,At Risk
C00341,2025-07-10,,,,Active
C00342,2024-06-30,,,161.0,At Risk
C00342,2024-12-08,2024-06-30,161.0,161.0,At Risk
C00343,2024-03-04,,,80.11,At Risk
C00343,2024-04-01,2024-03-04,28.0,80.11,At Risk
C00343,2024-05-15,2024-04-01,44.0,80.11,At Risk
C00343,2024-07-24,2024-05-15,70.0,80.11,At Risk
C00343,2024-10-15,2024-07-24,83.0,80.11,At Risk
C00343,2024-11-03,2024-10-15,19.0,80.11,At Risk
C00343,2024-12-20,2024-11-03,47.0,80.11,At Risk
C00343,2025-07-29,2024-12-20,221.0,80.11,At Risk
C00343,2026-01-11,2025-07-29,166.0,80.11,At Risk
C00343,2026-02-23,2026-01-11,43.0,80.11,At Risk
C00344,2024-02-08,,,137.14,At Risk
C00344,2024-10-01,2024-02-08,236.0,137.14,At Risk
C00344,2024-11-13,2024-10-01,43.0,137.14,At Risk
C00344,2025-05-19,2024-11-13,187.0,137.14,At Risk
C00344,2025-05-29,2025-05-19,10.0,137.14,At Risk
C00344,2025-11-05,2025-05-29,160.0,137.14,At Risk
C00344,2025-11-25,2025-11-05,20.0,137.14,At Risk
C00344,2026-09-25,2025-11-25,304.0,137.14,At Risk
C00345,2024-10-08,,,306.5,At Risk
C00345,2025-11-16,2024-10-08,404.0,306.5,At Risk
C00345,2026-06-13,2025-11-16,209.0,306.5,At Risk
C00346,2024-01-28,,,96.44,At Risk
C00346,2024-02-04,2024-01-28,7.0,96.44,At Risk
C00346,2024-09-14,2024-02-04,223.0,96.44,At Risk
C00346,2024-10-04,2024-09-14,20.0,96.44,At Risk
C00346,2025-08-28,2024-10-04,328.0,96.44,At Risk
C00346,2025-09-20,2025-08-28,23.0,96.44,At Risk
C00346,2025-12-10,2025-09-20,81.0,96.44,At Risk
C00346,2026-02-24,2025-12-10,76.0,96.44,At Risk
C00346,2026-03-13,2026-02-24,17.0,96.44,At Risk
C00346,2026-06-14,2026-03-13,93.0,96.44,At Risk
C00347,2024-04-10,,,106.71,At Risk
C00347,2025-03-06,2024-04-10,330.0,106.71,At Risk
C00347,2025-08-19,2025-03-06,166.0,106.71,At Risk
C00347,2025-10-15,2025-08-19,57.0,106.71,At Risk
C00347,2025-10-26,2025-10-15,11.0,106.71,At Risk
C00347,2026-01-02,2025-10-26,68.0,106.71,At Risk
C00347,2026-02-28,2026-01-02,57.0,106.71,At Risk
C00347,2026-04-27,2026-02-28,58.0,106.71,At Risk
C00348,2024-09-10,,,129.33,At Risk
C00348,2024-10-08,2024-09-10,28.0,129.33,At Risk
C00348,2024-12-11,2024-10-08,64.0,129.33,At Risk
C00348,2025-10-03,2024-12-11,296.0,129.33,At Risk
C00349,2024-01-18,,,258.33,At Risk
C00349,2024-10-22,2024-01-18,278.0,258.33,At Risk
C00349,2025-08-26,2024-10-22,308.0,258.33,At Risk
C00349,2026-03-03,2025-08-26,189.0,258.33,At Risk
C00350,2024-12-18,,,,Active
C00351,2024-04-07,,,109.86,At Risk
C00351,2024-07-05,2024-04-07,89.0,109.86,At Risk
C00351,2024-10-08,2024-07-05,95.0,109.86,At Risk
C00351,2024-11-15,2024-10-08,38.0,109.86,At Risk
C00351,2024-12-20,2024-11-15,35.0,109.86,At Risk
C00351,2025-09-19,2024-12-20,273.0,109.86,At Risk
C00351,2026-01-14,2025-09-19,117.0,109.86,At Risk
C00351,2026-05-16,2026-01-14,122.0,109.86,At Risk
C00352,2024-03-06,,,80.0,At Risk
C00352,2024-10-09,2024-03-06,217.0,80.0,At Risk
C00352,2024-12-23,2024-10-09,75.0,80.0,At Risk
C00352,2025-01-15,2024-12-23,23.0,80.0,At Risk
C00352,2025-04-07,2025-01-15,82.0,80.0,At Risk
C00352,2025-10-21,2025-04-07,197.0,80.0,At Risk
C00352,2025-11-05,2025-10-21,15.0,80.0,At Risk
C00352,2025-12-13,2025-11-05,38.0,80.0,At Risk
C00352,2026-01-03,2025-12-13,21.0,80.0,At Risk
C00352,2026-02-27,2026-01-03,55.0,80.0,At Risk
C00352,2026-05-15,2026-02-27,77.0,80.0,At Risk
C00353,2024-04-28,,,133.2,At Risk
C00353,2024-11-01,2024-04-28,187.0,133.2,At Risk
C00353,2025-02-23,2024-11-01,114.0,133.2,At Risk
C00353,2025-07-24,2025-02-23,151.0,133.2,At Risk
C00353,2025-12-06,2025-07-24,135.0,133.2,At Risk
C00353,2026-02-23,2025-12-06,79.0,133.2,At Risk
C00354,2024-04-13,,,117.33,At Risk
C00354,2024-12-14,2024-04-13,245.0,117.33,At Risk
C00354,2025-03-29,2024-12-14,105.0,117.33,At Risk
C00354,2025-04-15,2025-03-29,17.0,117.33,At Risk
C00354,2025-12-06,2025-04-15,235.0,117.33,At Risk
C00354,2026-01-06,2025-12-06,31.0,117.33,At Risk
C00354,2026-03-18,2026-01-06,71.0,117.33,At Risk
C00355,2024-05-01,,,78.4,At Risk
C00355,2024-06-18,2024-05-01,48.0,78.4,At Risk
C00355,2024-10-26,2024-06-18,130.0,78.4,At Risk
C00355,2024-12-04,2024-10-26,39.0,78.4,At Risk
C00355,2025-05-31,2024-12-04,178.0,78.4,At Risk
C00355,2025-09-07,2025-05-31,99.0,78.4,At Risk
C00355,2025-11-18,2025-09-07,72.0,78.4,At Risk
C00355,2025-12-26,2025-11-18,38.0,78.4,At Risk
C00355,2026-04-25,2025-12-26,120.0,78.4,At Risk
C00355,2026-05-12,2026-04-25,17.0,78.4,At Risk
C00355,2026-06-24,2026-05-12,43.0,78.4,At Risk
C00356,2024-04-28,,,87.0,At Risk
C00356,2024-05-10,2024-04-28,12.0,87.0,At Risk
C00356,2024-11-05,2024-05-10,179.0,87.0,At Risk
C00356,2024-12-07,2024-11-05,32.0,87.0,At Risk
C00356,2025-01-18,2024-12-07,42.0,87.0,At Risk
C00356,2025-02-13,2025-01-18,26.0,87.0,At Risk
C00356,2025-06-16,2025-02-13,123.0,87.0,At Risk
C00356,2025-07-26,2025-06-16,40.0,87.0,At Risk
C00356,2025-08-01,2025-07-26,6.0,87.0,At Risk
C00356,2025-08-26,2025-08-01,25.0,87.0,At Risk
C00356,2026-09-15,2025-08-26,385.0,87.0,At Risk
C00357,2024-01-17,,,31.14,At Risk
C00357,2024-03-22,2024-01-17,65.0,31.14,At Risk
C00357,2024-06-13,2024-03-22,83.0,31.14,At Risk
C00357,2024-06-14,2024-06-13,1.0,31.14,At Risk
C00357,2024-08-02,2024-06-14,49.0,31.14,At Risk
C00357,2024-09-09,2024-08-02,38.0,31.14,At Risk
C00357,2024-09-23,2024-09-09,14.0,31.14,At Risk
C00357,2024-10-02,2024-09-23,9.0,31.14,At Risk
C00357,2024-10-04,2024-10-02,2.0,31.14,At Risk
C00357,2024-10-12,2024-10-04,8.0,31.14,At Risk
C00357,2024-10-24,2024-10-12,12.0,31.14,At Risk
C00357,2024-11-08,2024-10-24,15.0,31.14,At Risk
C00357,2024-11-14,2024-11-08,6.0,31.14,At Risk
C00357,2024-11-19,2024-11-14,5.0,31.14,At Risk
C00357,2024-11-27,2024-11-19,8.0,31.14,At Risk
C00357,2024-12-22,2024-11-27,25.0,31.14,At Risk
C00357,2025-03-19,2024-12-22,87.0,31.14,At Risk
C00357,2025-04-23,2025-03-19,35.0,31.14,At Risk
C00357,2025-08-02,2025-04-23,101.0,31.14,At Risk
C00357,2025-08-13,2025-08-02,11.0,31.14,At Risk
C00357,2025-09-12,2025-08-13,30.0,31.14,At Risk
C00357,2025-10-04,2025-09-12,22.0,31.14,At Risk
C00357,2025-10-21,2025-10-04,17.0,31.14,At Risk
C00357,2025-11-05,2025-10-21,15.0,31.14,At Risk
C00357,2025-11-27,2025-11-05,22.0,31.14,At Risk
C00357,2025-12-10,2025-11-27,13.0,31.14,At Risk
C00357,2025-12-13,2025-12-10,3.0,31.14,At Risk
C00357,2026-03-15,2025-12-13,92.0,31.14,At Risk
C00357,2026-03-28,2026-03-15,13.0,31.14,At Risk
C00357,2026-07-08,2026-03-28,102.0,31.14,At Risk
C00358,2024-02-16,,,96.29,At Risk
C00358,2024-11-06,2024-02-16,264.0,96.29,At Risk
C00358,2024-12-06,2024-11-06,30.0,96.29,At Risk
C00358,2025-09-19,2024-12-06,287.0,96.29,At Risk
C00358,2025-10-22,2025-09-19,33.0,96.29,At Risk
C00358,2025-11-04,2025-10-22,13.0,96.29,At Risk
C00358,2025-11-20,2025-11-04,16.0,96.29,At Risk
C00358,2025-12-21,2025-11-20,31.0,96.29,At Risk
C00359,2024-11-22,,,123.67,At Risk
C00359,2025-10-25,2024-11-22,337.0,123.67,At Risk
C00359,2025-10-25,2025-10-25,0.0,123.67,At Risk
C00359,2025-11-28,2025-10-25,34.0,123.67,At Risk
C00360,2024-08-08,,,117.6,At Risk
C00360,2024-11-11,2024-08-08,95.0,117.6,At Risk
C00360,2024-11-20,2024-11-11,9.0,117.6,At Risk
C00360,2024-12-27,2024-11-20,37.0,117.6,At Risk
C00360,2026-01-31,2024-12-27,400.0,117.6,At Risk
C00360,2026-03-19,2026-01-31,47.0,117.6,At Risk
C00361,2024-01-08,,,38.61,At Risk
C00361,2024-04-10,2024-01-08,93.0,38.61,At Risk
C00361,2024-06-10,2024-04-10,61.0,38.61,At Risk
C00361,2024-07-22,2024-06-10,42.0,38.61,At Risk
C00361,2024-09-26,2024-07-22,66.0,38.61,At Risk
C00361,2024-10-19,2024-09-26,23.0,38.61,At Risk
C00361,2024-11-05,2024-10-19,17.0,38.61,At Risk
C00361,2024-11-05,2024-11-05,0.0,38.61,At Risk
C00361,2024-11-27,2024-11-05,22.0,38.61,At Risk
C00361,2025-02-08,2024-11-27,73.0,38.61,At Risk
C00361,2025-09-29,2025-02-08,233.0,38.61,At Risk
C00361,2025-10-07,2025-09-29,8.0,38.61,At Risk
C00361,2025-10-22,2025-10-07,15.0,38.61,At Risk
C00361,2025-10-26,2025-10-22,4.0,38.61,At Risk
C00361,2025-11-11,2025-10-26,16.0,38.61,At Risk
C00361,2025-11-18,2025-11-11,7.0,38.61,At Risk
C00361,2025-11-24,2025-11-18,6.0,38.61,At Risk
C00361,2025-11-24,2025-11-24,0.0,38.61,At Risk
C00361,2026-01-22,2025-11-24,59.0,38.61,At Risk
C00361,2026-01-22,2026-01-22,0.0,38.61,At Risk
C00361,2026-03-15,2026-01-22,52.0,38.61,At Risk
C00361,2026-05-20,2026-03-15,66.0,38.61,At Risk
C00361,2026-06-08,2026-05-20,19.0,38.61,At Risk
C00361,2026-06-14,2026-06-08,6.0,38.61,At Risk
C00362,2024-03-22,,,36.78,At Risk
C00362,2024-04-06,2024-03-22,15.0,36.78,At Risk
C00362,2024-08-21,2024-04-06,137.0,36.78,At Risk
C00362,2024-09-03,2024-08-21,13.0,36.78,At Risk
C00362,2024-10-10,2024-09-03,37.0,36.78,At Risk
C00362,2024-12-24,2024-10-10,75.0,36.78,At Risk
C00362,2024-12-27,2024-12-24,3.0,36.78,At Risk
C00362,2025-02-23,2024-12-27,58.0,36.78,At Risk
C00362,2025-03-15,2025-02-23,20.0,36.78,At Risk
C00362,2025-04-03,2025-03-15,19.0,36.78,At Risk
C00362,2025-04-24,2025-04-03,21.0,36.78,At Risk
C00362,2025-06-07,2025-04-24,44.0,36.78,At Risk
C00362,2025-08-27,2025-06-07,81.0,36.78,At Risk
C00362,2025-10-08,2025-08-27,42.0,36.78,At Risk
C00362,2025-10-10,2025-10-08,2.0,36.78,At Risk
C00362,2025-10-31,2025-10-10,21.0,36.78,At Risk
C00362,2025-11-04,2025-10-31,4.0,36.78,At Risk
C00362,2025-11-28,2025-11-04,24.0,36.78,At Risk
C00362,2025-12-25,2025-11-28,27.0,36.78,At Risk
C00362,2026-01-10,2025-12-25,16.0,36.78,At Risk
C00362,2026-03-23,2026-01-10,72.0,36.78,At Risk
C00362,2026-05-07,2026-03-23,45.0,36.78,At Risk
C00362,2026-07-13,2026-05-07,67.0,36.78,At Risk
C00362,2026-07-16,2026-07-13,3.0,36.78,At Risk
C00363,2024-11-26,,,132.33,At Risk
C00363,2024-12-12,2024-11-26,16.0,132.33,At Risk
C00363,2025-03-31,2024-12-12,109.0,132.33,At Risk
C00363,2025-12-28,2025-03-31,272.0,132.33,At Risk
C00364,2024-01-09,,,29.68,Active
C00364,2024-01-11,2024-01-09,2.0,29.68,Active
C00364,2024-03-22,2024-01-11,71.0,29.68,Active
C00364,2024-03-25,2024-03-22,3.0,29.68,Active
C00364,2024-05-19,2024-03-25,55.0,29.68,Active
C00364,2024-06-07,2024-05-19,19.0,29.68,Active
C00364,2024-07-27,2024-06-07,50.0,29.68,Active
C00364,2024-08-06,2024-07-27,10.0,29.68,Active
C00364,2024-09-23,2024-08-06,48.0,29.68,Active
C00364,2024-09-29,2024-09-23,6.0,29.68,Active
C00364,2024-10-01,2024-09-29,2.0,29.68,Active
C00364,2024-10-20,2024-10-01,19.0,29.68,Active
C00364,2024-12-02,2024-10-20,43.0,29.68,Active
C00364,2024-12-02,2024-12-02,0.0,29.68,Active
C00364,2024-12-26,2024-12-02,24.0,29.68,Active
C00364,2024-12-27,2024-12-26,1.0,29.68,Active
C00364,2025-01-08,2024-12-27,12.0,29.68,Active
C00364,2025-04-20,2025-01-08,102.0,29.68,Active
C00364,2025-06-24,2025-04-20,65.0,29.68,Active
C00364,2025-07-19,2025-06-24,25.0,29.68,Active
C00364,2025-08-10,2025-07-19,22.0,29.68,Active
C00364,2025-10-04,2025-08-10,55.0,29.68,Active
C00364,2025-10-16,2025-10-04,12.0,29.68,Active
C00364,2025-10-18,2025-10-16,2.0,29.68,Active
C00364,2025-11-14,2025-10-18,27.0,29.68,Active
C00364,2025-12-06,2025-11-14,22.0,29.68,Active
C00364,2026-01-02,2025-12-06,27.0,29.68,Active
C00364,2026-01-14,2026-01-02,12.0,29.68,Active
C00364,2026-02-13,2026-01-14,30.0,29.68,Active
C00364,2026-06-02,2026-02-13,109.0,29.68,Active
C00364,2026-06-25,2026-06-02,23.0,29.68,Active
C00364,2026-07-17,2026-06-25,22.0,29.68,Active
C00365,2024-11-22,,,305.0,At Risk
C00365,2025-06-11,2024-11-22,201.0,305.0,At Risk
C00365,2026-07-25,2025-06-11,409.0,305.0,At Risk
C00366,2024-05-29,,,,Active
C00367,2025-12-03,,,,Active
C00368,2025-11-09,,,11.0,Active
C00368,2025-11-20,2025-11-09,11.0,11.0,Active
C00369,2024-02-16,,,169.0,At Risk
C00369,2024-09-23,2024-02-16,220.0,169.0,At Risk
C00369,2024-11-13,2024-09-23,51.0,169.0,At Risk
C00369,2024-12-08,2024-11-13,25.0,169.0,At Risk
C00369,2025-07-20,2024-12-08,224.0,169.0,At Risk
C00369,2026-06-10,2025-07-20,325.0,169.0,At Risk
C00370,2025-10-23,,,,Active
C00371,2024-05-12,,,264.0,At Risk
C00371,2024-10-24,2024-05-12,165.0,264.0,At Risk
C00371,2025-10-22,2024-10-24,363.0,264.0,At Risk
C00372,2024-04-16,,,155.0,At Risk
C00372,2024-05-28,2024-04-16,42.0,155.0,At Risk
C00372,2024-06-22,2024-05-28,25.0,155.0,At Risk
C00372,2024-12-10,2024-06-22,171.0,155.0,At Risk
C00372,2025-12-27,2024-12-10,382.0,155.0,At Risk
C00373,2025-09-19,,,53.5,At Risk
C00373,2025-12-06,2025-09-19,78.0,53.5,At Risk
C00373,2026-01-04,2025-12-06,29.0,53.5,At Risk
C00374,2024-06-29,,,177.6,At Risk
C00374,2024-11-16,2024-06-29,140.0,177.6,At Risk
C00374,2025-08-08,2024-11-16,265.0,177.6,At Risk
C00374,2025-08-19,2025-08-08,11.0,177.6,At Risk
C00374,2025-12-19,2025-08-19,122.0,177.6,At Risk
C00374,2026-12-04,2025-12-19,350.0,177.6,At Risk
C00375,2024-07-08,,,106.0,At Risk
C00375,2024-11-12,2024-07-08,127.0,106.0,At Risk
C00375,2024-12-20,2024-11-12,38.0,106.0,At Risk
C00375,2025-05-09,2024-12-20,140.0,106.0,At Risk
C00375,2025-12-08,2025-05-09,213.0,106.0,At Risk
C00375,2025-12-20,2025-12-08,12.0,106.0,At Risk
C00376,2024-01-20,,,62.79,At Risk
C00376,2024-03-16,2024-01-20,56.0,62.79,At Risk
C00376,2024-10-06,2024-03-16,204.0,62.79,At Risk
C00376,2024-10-20,2024-10-06,14.0,62.79,At Risk
C00376,2024-12-11,2024-10-20,52.0,62.79,At Risk
C00376,2025-01-01,2024-12-11,21.0,62.79,At Risk
C00376,2025-05-10,2025-01-01,129.0,62.79,At Risk
C00376,2025-10-04,2025-05-10,147.0,62.79,At Risk
C00376,2025-10-06,2025-10-04,2.0,62.79,At Risk
C00376,2025-11-15,2025-10-06,40.0,62.79,At Risk
C00376,2026-02-12,2025-11-15,89.0,62.79,At Risk
C00376,2026-02-20,2026-02-12,8.0,62.79,At Risk
C00376,2026-04-14,2026-02-20,53.0,62.79,At Risk
C00376,2026-05-28,2026-04-14,44.0,62.79,At Risk
C00376,2026-06-17,2026-05-28,20.0,62.79,At Risk
C00377,2024-12-18,,,192.5,At Risk
C00377,2025-12-01,2024-12-18,348.0,192.5,At Risk
C00377,2026-01-07,2025-12-01,37.0,192.5,At Risk
C00378,2024-05-14,,,136.0,At Risk
C00378,2024-09-27,2024-05-14,136.0,136.0,At Risk
C00379,2024-10-20,,,55.67,At Risk
C00379,2024-11-01,2024-10-20,12.0,55.67,At Risk
C00379,2024-11-16,2024-11-01,15.0,55.67,At Risk
C00379,2025-02-01,2024-11-16,77.0,55.67,At Risk
C00379,2025-03-08,2025-02-01,35.0,55.67,At Risk
C00379,2025-05-13,2025-03-08,66.0,55.67,At Risk
C00379,2025-11-05,2025-05-13,176.0,55.67,At Risk
C00379,2025-11-08,2025-11-05,3.0,55.67,At Risk
C00379,2025-12-15,2025-11-08,37.0,55.67,At Risk
C00379,2026-03-05,2025-12-15,80.0,55.67,At Risk
C00380,2025-10-21,,,54.5,At Risk
C00380,2026-01-17,2025-10-21,88.0,54.5,At Risk
C00380,2026-02-07,2026-01-17,21.0,54.5,At Risk
C00381,2024-08-16,,,194.33,At Risk
C00381,2024-11-14,2024-08-16,90.0,194.33,At Risk
C00381,2026-01-24,2024-11-14,436.0,194.33,At Risk
C00381,2026-03-22,2026-01-24,57.0,194.33,At Risk
C00382,2024-04-06,,,28.13,Active
C00382,2024-07-24,2024-04-06,109.0,28.13,Active
C00382,2024-10-28,2024-07-24,96.0,28.13,Active
C00382,2024-11-03,2024-10-28,6.0,28.13,Active
C00382,2024-11-25,2024-11-03,22.0,28.13,Active
C00382,2024-11-27,2024-11-25,2.0,28.13,Active
C00382,2024-11-30,2024-11-27,3.0,28.13,Active
C00382,2024-12-01,2024-11-30,1.0,28.13,Active
C00382,2025-05-12,2024-12-01,162.0,28.13,Active
C00382,2025-05-21,2025-05-12,9.0,28.13,Active
C00382,2025-05-23,2025-05-21,2.0,28.13,Active
C00382,2025-06-08,2025-05-23,16.0,28.13,Active
C00382,2025-08-11,2025-06-08,64.0,28.13,Active
C00382,2025-09-10,2025-08-11,30.0,28.13,Active
C00382,2025-10-07,2025-09-10,27.0,28.13,Active
C00382,2025-10-23,2025-10-07,16.0,28.13,Active
C00382,2025-10-27,2025-10-23,4.0,28.13,Active
C00382,2025-11-11,2025-10-27,15.0,28.13,Active
C00382,2025-11-18,2025-11-11,7.0,28.13,Active
C00382,2025-11-26,2025-11-18,8.0,28.13,Active
C00382,2025-11-26,2025-11-26,0.0,28.13,Active
C00382,2025-12-04,2025-11-26,8.0,28.13,Active
C00382,2025-12-10,2025-12-04,6.0,28.13,Active
C00382,2025-12-15,2025-12-10,5.0,28.13,Active
C00382,2025-12-25,2025-12-15,10.0,28.13,Active
C00382,2026-01-10,2025-12-25,16.0,28.13,Active
C00382,2026-03-20,2026-01-10,69.0,28.13,Active
C00382,2026-05-07,2026-03-20,48.0,28.13,Active
C00382,2026-05-11,2026-05-07,4.0,28.13,Active
C00382,2026-07-05,2026-05-11,55.0,28.13,Active
C00382,2026-07-29,2026-07-05,24.0,28.13,Active
C00383,2024-02-18,,,66.69,At Risk
C00383,2024-04-08,2024-02-18,50.0,66.69,At Risk
C00383,2024-09-30,2024-04-08,175.0,66.69,At Risk
C00383,2024-10-04,2024-09-30,4.0,66.69,At Risk
C00383,2024-10-10,2024-10-04,6.0,66.69,At Risk
C00383,2024-10-28,2024-10-10,18.0,66.69,At Risk
C00383,2024-10-30,2024-10-28,2.0,66.69,At Risk
C00383,2024-12-04,2024-10-30,35.0,66.69,At Risk
C00383,2024-12-27,2024-12-04,23.0,66.69,At Risk
C00383,2025-02-03,2024-12-27,38.0,66.69,At Risk
C00383,2025-06-05,2025-02-03,122.0,66.69,At Risk
C00383,2025-07-06,2025-06-05,31.0,66.69,At Risk
C00383,2025-10-09,2025-07-06,95.0,66.69,At Risk
C00383,2026-07-04,2025-10-09,268.0,66.69,At Risk
C00384,2024-04-16,,,,Active
C00385,2024-06-10,,,138.4,At Risk
C00385,2025-03-03,2024-06-10,266.0,138.4,At Risk
C00385,2025-06-27,2025-03-03,116.0,138.4,At Risk
C00385,2025-10-13,2025-06-27,108.0,138.4,At Risk
C00385,2025-10-21,2025-10-13,8.0,138.4,At Risk
C00385,2026-05-03,2025-10-21,194.0,138.4,At Risk
C00386,2024-01-16,,,275.33,At Risk
C00386,2024-08-12,2024-01-16,209.0,275.33,At Risk
C00386,2025-01-08,2024-08-12,149.0,275.33,At Risk
C00386,2026-04-21,2025-01-08,468.0,275.33,At Risk
C00387,2024-01-22,,,41.1,At Risk
C00387,2024-03-31,2024-01-22,69.0,41.1,At Risk
C00387,2024-06-20,2024-03-31,81.0,41.1,At Risk
C00387,2024-10-01,2024-06-20,103.0,41.1,At Risk
C00387,2024-11-08,2024-10-01,38.0,41.1,At Risk
C00387,2024-11-20,2024-11-08,12.0,41.1,At Risk
C00387,2024-11-28,2024-11-20,8.0,41.1,At Risk
C00387,2024-12-02,2024-11-28,4.0,41.1,At Risk
C00387,2024-12-16,2024-12-02,14.0,41.1,At Risk
C00387,2025-03-31,2024-12-16,105.0,41.1,At Risk
C00387,2025-05-11,2025-03-31,41.0,41.1,At Risk
C00387,2025-07-08,2025-05-11,58.0,41.1,At Risk
C00387,2025-08-03,2025-07-08,26.0,41.1,At Risk
C00387,2025-08-25,2025-08-03,22.0,41.1,At Risk
C00387,2025-11-01,2025-08-25,68.0,41.1,At Risk
C00387,2025-11-10,2025-11-01,9.0,41.1,At Risk
C00387,2025-11-20,2025-11-10,10.0,41.1,At Risk
C00387,2025-12-05,2025-11-20,15.0,41.1,At Risk
C00387,2025-12-18,2025-12-05,13.0,41.1,At Risk
C00387,2026-02-24,2025-12-18,68.0,41.1,At Risk
C00387,2026-04-11,2026-02-24,46.0,41.1,At Risk
C00387,2026-06-03,2026-04-11,53.0,41.1,At Risk
C00388,2024-10-07,,,65.4,At Risk
C00388,2024-10-22,2024-10-07,15.0,65.4,At Risk
C00388,2024-12-23,2024-10-22,62.0,65.4,At Risk
C00388,2024-12-28,2024-12-23,5.0,65.4,At Risk
C00388,2025-08-17,2024-12-28,232.0,65.4,At Risk
C00388,2025-11-12,2025-08-17,87.0,65.4,At Risk
C00388,2026-02-02,2025-11-12,82.0,65.4,At Risk
C00388,2026-02-28,2026-02-02,26.0,65.4,At Risk
C00388,2026-03-13,2026-02-28,13.0,65.4,At Risk
C00388,2026-05-17,2026-03-13,65.0,65.4,At Risk
C00388,2026-07-23,2026-05-17,67.0,65.4,At Risk
C00389,2024-04-19,,,217.67,At Risk
C00389,2025-04-12,2024-04-19,358.0,217.67,At Risk
C00389,2025-12-08,2025-04-12,240.0,217.67,At Risk
C00389,2026-02-01,2025-12-08,55.0,217.67,At Risk
C00390,2024-01-04,,,27.59,Active
C00390,2024-03-26,2024-01-04,82.0,27.59,Active
C00390,2024-04-15,2024-03-26,20.0,27.59,Active
C00390,2024-06-01,2024-04-15,47.0,27.59,Active
C00390,2024-08-27,2024-06-01,87.0,27.59,Active
C00390,2024-09-16,2024-08-27,20.0,27.59,Active
C00390,2024-10-11,2024-09-16,25.0,27.59,Active
C00390,2024-11-24,2024-10-11,44.0,27.59,Active
C00390,2024-12-15,2024-11-24,21.0,27.59,Active
C00390,2024-12-19,2024-12-15,4.0,27.59,Active
C00390,2025-01-14,2024-12-19,26.0,27.59,Active
C00390,2025-03-01,2025-01-14,46.0,27.59,Active
C00390,2025-03-21,2025-03-01,20.0,27.59,Active
C00390,2025-03-26,2025-03-21,5.0,27.59,Active
C00390,2025-04-02,2025-03-26,7.0,27.59,Active
C00390,2025-04-17,2025-04-02,15.0,27.59,Active
C00390,2025-04-29,2025-04-17,12.0,27.59,Active
C00390,2025-07-17,2025-04-29,79.0,27.59,Active
C00390,2025-10-14,2025-07-17,89.0,27.59,Active
C00390,2025-10-17,2025-10-14,3.0,27.59,Active
C00390,2025-10-20,2025-10-17,3.0,27.59,Active
C00390,2025-10-26,2025-10-20,6.0,27.59,Active
C00390,2025-11-10,2025-10-26,15.0,27.59,Active
C00390,2025-11-17,2025-11-10,7.0,27.59,Active
C00390,2025-11-21,2025-11-17,4.0,27.59,Active
C00390,2025-12-01,2025-11-21,10.0,27.59,Active
C00390,2025-12-13,2025-12-01,12.0,27.59,Active
C00390,2025-12-20,2025-12-13,7.0,27.59,Active
C00390,2025-12-25,2025-12-20,5.0,27.59,Active
C00390,2026-02-01,2025-12-25,38.0,27.59,Active
C00390,2026-04-21,2026-02-01,79.0,27.59,Active
C00390,2026-05-15,2026-04-21,24.0,27.59,Active
C00390,2026-06-05,2026-05-15,21.0,27.59,Active
C00391,2025-07-19,,,,Active
C00392,2024-01-16,,,108.5,At Risk
C00392,2024-03-25,2024-01-16,69.0,108.5,At Risk
C00392,2024-04-03,2024-03-25,9.0,108.5,At Risk
C00392,2025-11-20,2024-04-03,596.0,108.5,At Risk
C00392,2025-11-28,2025-11-20,8.0,108.5,At Risk
C00392,2025-12-01,2025-11-28,3.0,108.5,At Risk
C00392,2026-03-24,2025-12-01,113.0,108.5,At Risk
C00392,2026-06-01,2026-03-24,69.0,108.5,At Risk
C00392,2026-06-02,2026-06-01,1.0,108.5,At Risk
C00393,2024-05-12,,,32.5,At Risk
C00393,2024-05-31,2024-05-12,19.0,32.5,At Risk
C00393,2024-10-05,2024-05-31,127.0,32.5,At Risk
C00393,2024-10-05,2024-10-05,0.0,32.5,At Risk
C00393,2024-10-23,2024-10-05,18.0,32.5,At Risk
C00393,2024-10-27,2024-10-23,4.0,32.5,At Risk
C00393,2024-11-16,2024-10-27,20.0,32.5,At Risk
C00393,2024-12-07,2024-11-16,21.0,32.5,At Risk
C00393,2024-12-21,2024-12-07,14.0,32.5,At Risk
C00393,2025-01-23,2024-12-21,33.0,32.5,At Risk
C00393,2025-05-20,2025-01-23,117.0,32.5,At Risk
C00393,2025-08-01,2025-05-20,73.0,32.5,At Risk
C00393,2025-08-02,2025-08-01,1.0,32.5,At Risk
C00393,2025-08-07,2025-08-02,5.0,32.5,At Risk
C00393,2025-08-30,2025-08-07,23.0,32.5,At Risk
C00393,2025-10-03,2025-08-30,34.0,32.5,At Risk
C00393,2025-10-14,2025-10-03,11.0,32.5,At Risk
C00393,2025-10-26,2025-10-14,12.0,32.5,At Risk
C00393,2025-11-21,2025-10-26,26.0,32.5,At Risk
C00393,2025-12-17,2025-11-21,26.0,32.5,At Risk
C00393,2025-12-19,2025-12-17,2.0,32.5,At Risk
C00393,2026-03-18,2025-12-19,89.0,32.5,At Risk
C00393,2026-05-10,2026-03-18,53.0,32.5,At Risk
C00393,2026-06-25,2026-05-10,46.0,32.5,At Risk
C00393,2026-07-01,2026-06-25,6.0,32.5,At Risk
C00394,2024-01-25,,,41.39,At Risk
C00394,2024-02-01,2024-01-25,7.0,41.39,At Risk
C00394,2024-04-16,2024-02-01,75.0,41.39,At Risk
C00394,2024-06-20,2024-04-16,65.0,41.39,At Risk
C00394,2024-09-28,2024-06-20,100.0,41.39,At Risk
C00394,2024-11-05,2024-09-28,38.0,41.39,At Risk
C00394,2024-11-06,2024-11-05,1.0,41.39,At Risk
C00394,2024-11-16,2024-11-06,10.0,41.39,At Risk
C00394,2024-12-03,2024-11-16,17.0,41.39,At Risk
C00394,2024-12-10,2024-12-03,7.0,41.39,At Risk
C00394,2024-12-29,2024-12-10,19.0,41.39,At Risk
C00394,2025-02-22,2024-12-29,55.0,41.39,At Risk
C00394,2025-03-04,2025-02-22,10.0,41.39,At Risk
C00394,2025-06-13,2025-03-04,101.0,41.39,At Risk
C00394,2025-08-14,2025-06-13,62.0,41.39,At Risk
C00394,2025-10-09,2025-08-14,56.0,41.39,At Risk
C00394,2025-10-14,2025-10-09,5.0,41.39,At Risk
C00394,2026-01-07,2025-10-14,85.0,41.39,At Risk
C00394,2026-02-08,2026-01-07,32.0,41.39,At Risk
C00395,2024-06-25,,,28.3,Active
C00395,2024-10-05,2024-06-25,102.0,28.3,Active
C00395,2024-10-06,2024-10-05,1.0,28.3,Active
C00395,2024-10-14,2024-10-06,8.0,28.3,Active
C00395,2024-10-20,2024-10-14,6.0,28.3,Active
C00395,2024-11-07,2024-10-20,18.0,28.3,Active
C00395,2024-11-08,2024-11-07,1.0,28.3,Active
C00395,2024-11-21,2024-11-08,13.0,28.3,Active
C00395,2024-11-30,2024-11-21,9.0,28.3,Active
C00395,2024-12-05,2024-11-30,5.0,28.3,Active
C00395,2025-02-06,2024-12-05,63.0,28.3,Active
C00395,2025-02-10,2025-02-06,4.0,28.3,Active
C00395,2025-05-13,2025-02-10,92.0,28.3,Active
C00395,2025-06-01,2025-05-13,19.0,28.3,Active
C00395,2025-10-09,2025-06-01,130.0,28.3,Active
C00395,2025-10-14,2025-10-09,5.0,28.3,Active
C00395,2025-11-19,2025-10-14,36.0,28.3,Active
C00395,2025-11-20,2025-11-19,1.0,28.3,Active
C00395,2025-11-28,2025-11-20,8.0,28.3,Active
C00395,2026-01-28,2025-11-28,61.0,28.3,Active
C00395,2026-01-31,2026-01-28,3.0,28.3,Active
C00395,2026-04-15,2026-01-31,74.0,28.3,Active
C00395,2026-05-18,2026-04-15,33.0,28.3,Active
C00395,2026-05-31,2026-05-18,13.0,28.3,Active
C00395,2026-06-01,2026-05-31,1.0,28.3,Active
C00395,2026-06-02,2026-06-01,1.0,28.3,Active
C00395,2026-06-10,2026-06-02,8.0,28.3,Active
C00395,2026-07-29,2026-06-10,49.0,28.3,Active
C00396,2024-01-08,,,100.11,At Risk
C00396,2024-05-10,2024-01-08,123.0,100.11,At Risk
C00396,2024-09-23,2024-05-10,136.0,100.11,At Risk
C00396,2024-10-06,2024-09-23,13.0,100.11,At Risk
C00396,2024-11-08,2024-10-06,33.0,100.11,At Risk
C00396,2024-12-08,2024-11-08,30.0,100.11,At Risk
C00396,2025-06-01,2024-12-08,175.0,100.11,At Risk
C00396,2025-12-02,2025-06-01,184.0,100.11,At Risk
C00396,2026-04-17,2025-12-02,136.0,100.11,At Risk
C00396,2026-06-27,2026-04-17,71.0,100.11,At Risk
C00397,2025-08-19,,,145.5,At Risk
C00397,2025-11-02,2025-08-19,75.0,145.5,At Risk
C00397,2026-06-06,2025-11-02,216.0,145.5,At Risk
C00398,2024-10-04,,,445.0,At Risk
C00398,2025-12-23,2024-10-04,445.0,445.0,At Risk
C00399,2024-10-08,,,462.0,At Risk
C00399,2026-01-13,2024-10-08,462.0,462.0,At Risk
C00400,2024-10-04,,,,Active
C00401,2025-11-06,,,14.33,Active
C00401,2025-11-07,2025-11-06,1.0,14.33,Active
C00401,2025-12-11,2025-11-07,34.0,14.33,Active
C00401,2025-12-19,2025-12-11,8.0,14.33,Active
C00402,2025-10-22,,,,Active
C00403,2024-01-10,,,29.85,Active
C00403,2024-01-17,2024-01-10,7.0,29.85,Active
C00403,2024-03-23,2024-01-17,66.0,29.85,Active
C00403,2024-04-19,2024-03-23,27.0,29.85,Active
C00403,2024-04-25,2024-04-19,6.0,29.85,Active
C00403,2024-04-28,2024-04-25,3.0,29.85,Active
C00403,2024-05-19,2024-04-28,21.0,29.85,Active
C00403,2024-05-31,2024-05-19,12.0,29.85,Active
C00403,2024-07-03,2024-05-31,33.0,29.85,Active
C00403,2024-07-10,2024-07-03,7.0,29.85,Active
C00403,2024-07-10,2024-07-10,0.0,29.85,Active
C00403,2024-07-18,2024-07-10,8.0,29.85,Active
C00403,2024-08-29,2024-07-18,42.0,29.85,Active
C00403,2024-09-22,2024-08-29,24.0,29.85,Active
C00403,2024-10-07,2024-09-22,15.0,29.85,Active
C00403,2024-11-04,2024-10-07,28.0,29.85,Active
C00403,2024-11-07,2024-11-04,3.0,29.85,Active
C00403,2024-12-04,2024-11-07,27.0,29.85,Active
C00403,2024-12-11,2024-12-04,7.0,29.85,Active
C00403,2024-12-21,2024-12-11,10.0,29.85,Active
C00403,2024-12-25,2024-12-21,4.0,29.85,Active
C00403,2025-01-11,2024-12-25,17.0,29.85,Active
C00403,2025-06-24,2025-01-11,164.0,29.85,Active
C00403,2025-08-28,2025-06-24,65.0,29.85,Active
C00403,2025-09-25,2025-08-28,28.0,29.85,Active
C00403,2025-10-12,2025-09-25,17.0,29.85,Active
C00403,2025-10-26,2025-10-12,14.0,29.85,Active
C00403,2025-12-02,2025-10-26,37.0,29.85,Active
C00403,2025-12-07,2025-12-02,5.0,29.85,Active
C00403,2025-12-25,2025-12-07,18.0,29.85,Active
C00403,2026-01-17,2025-12-25,23.0,29.85,Active
C00403,2026-03-15,2026-01-17,57.0,29.85,Active
C00403,2026-06-24,2026-03-15,101.0,29.85,Active
C00403,2026-09-21,2026-06-24,89.0,29.85,Active
C00404,2024-02-03,,,215.33,At Risk
C00404,2024-10-07,2024-02-03,247.0,215.33,At Risk
C00404,2025-08-25,2024-10-07,322.0,215.33,At Risk
C00404,2025-11-10,2025-08-25,77.0,215.33,At Risk
C00405,2024-02-18,,,664.0,At Risk
C00405,2025-12-13,2024-02-18,664.0,664.0,At Risk
C00406,2024-06-11,,,68.55,At Risk
C00406,2024-06-19,2024-06-11,8.0,68.55,At Risk
C00406,2024-10-23,2024-06-19,126.0,68.55,At Risk
C00406,2024-11-23,2024-10-23,31.0,68.55,At Risk
C00406,2024-12-14,2024-11-23,21.0,68.55,At Risk
C00406,2025-02-05,2024-12-14,53.0,68.55,At Risk
C00406,2025-06-26,2025-02-05,141.0,68.55,At Risk
C00406,2025-08-03,2025-06-26,38.0,68.55,At Risk
C00406,2025-10-19,2025-08-03,77.0,68.55,At Risk
C00406,2025-11-13,2025-10-19,25.0,68.55,At Risk
C00406,2026-06-13,2025-11-13,212.0,68.55,At Risk
C00406,2026-07-05,2026-06-13,22.0,68.55,At Risk
C00407,2024-06-13,,,141.0,At Risk
C00407,2024-11-01,2024-06-13,141.0,141.0,At Risk
C00408,2024-03-28,,,,Active
C00409,2024-05-16,,,151.4,At Risk
C00409,2024-10-06,2024-05-16,143.0,151.4,At Risk
C00409,2025-07-15,2024-10-06,282.0,151.4,At Risk
C00409,2025-09-26,2025-07-15,73.0,151.4,At Risk
C00409,2025-12-08,2025-09-26,73.0,151.4,At Risk
C00409,2026-06-12,2025-12-08,186.0,151.4,At Risk
C00410,2024-10-19,,,89.5,At Risk
C00410,2024-10-27,2024-10-19,8.0,89.5,At Risk
C00410,2024-11-16,2024-10-27,20.0,89.5,At Risk
C00410,2024-11-25,2024-11-16,9.0,89.5,At Risk
C00410,2025-11-17,2024-11-25,357.0,89.5,At Risk
C00410,2026-02-17,2025-11-17,92.0,89.5,At Risk
C00410,2026-04-09,2026-02-17,51.0,89.5,At Risk
C00411,2024-10-18,,,62.56,At Risk
C00411,2024-10-23,2024-10-18,5.0,62.56,At Risk
C00411,2024-11-01,2024-10-23,9.0,62.56,At Risk
C00411,2024-11-15,2024-11-01,14.0,62.56,At Risk
C00411,2025-02-16,2024-11-15,93.0,62.56,At Risk
C00411,2025-08-16,2025-02-16,181.0,62.56,At Risk
C00411,2025-11-12,2025-08-16,88.0,62.56,At Risk
C00411,2025-11-28,2025-11-12,16.0,62.56,At Risk
C00411,2025-12-20,2025-11-28,22.0,62.56,At Risk
C00411,2026-05-04,2025-12-20,135.0,62.56,At Risk
C00412,2024-02-15,,,54.06,At Risk
C00412,2024-04-12,2024-02-15,57.0,54.06,At Risk
C00412,2024-08-16,2024-04-12,126.0,54.06,At Risk
C00412,2024-10-02,2024-08-16,47.0,54.06,At Risk
C00412,2024-11-04,2024-10-02,33.0,54.06,At Risk
C00412,2024-11-13,2024-11-04,9.0,54.06,At Risk
C00412,2024-12-09,2024-11-13,26.0,54.06,At Risk
C00412,2024-12-09,2024-12-09,0.0,54.06,At Risk
C00412,2024-12-18,2024-12-09,9.0,54.06,At Risk
C00412,2024-12-20,2024-12-18,2.0,54.06,At Risk
C00412,2024-12-27,2024-12-20,7.0,54.06,At Risk
C00412,2025-01-28,2024-12-27,32.0,54.06,At Risk
C00412,2025-09-20,2025-01-28,235.0,54.06,At Risk
C00412,2025-10-06,2025-09-20,16.0,54.06,At Risk
C00412,2025-10-11,2025-10-06,5.0,54.06,At Risk
C00412,2025-11-16,2025-10-11,36.0,54.06,At Risk
C00412,2026-01-24,2025-11-16,69.0,54.06,At Risk
C00412,2026-04-17,2026-01-24,83.0,54.06,At Risk
C00412,2026-10-15,2026-04-17,181.0,54.06,At Risk
C00413,2024-03-07,,,97.5,At Risk
C00413,2024-08-10,2024-03-07,156.0,97.5,At Risk
C00413,2024-10-22,2024-08-10,73.0,97.5,At Risk
C00413,2024-10-25,2024-10-22,3.0,97.5,At Risk
C00413,2024-11-22,2024-10-25,28.0,97.5,At Risk
C00413,2025-04-25,2024-11-22,154.0,97.5,At Risk
C00413,2025-12-11,2025-04-25,230.0,97.5,At Risk
C00413,2026-01-09,2025-12-11,29.0,97.5,At Risk
C00413,2026-04-26,2026-01-09,107.0,97.5,At Risk
C00414,2024-03-07,,,50.84,At Risk
C00414,2024-06-03,2024-03-07,88.0,50.84,At Risk
C00414,2024-06-30,2024-06-03,27.0,50.84,At Risk
C00414,2024-09-12,2024-06-30,74.0,50.84,At Risk
C00414,2024-10-16,2024-09-12,34.0,50.84,At Risk
C00414,2024-10-17,2024-10-16,1.0,50.84,At Risk
C00414,2024-10-27,2024-10-17,10.0,50.84,At Risk
C00414,2024-11-04,2024-10-27,8.0,50.84,At Risk
C00414,2024-12-08,2024-11-04,34.0,50.84,At Risk
C00414,2025-05-01,2024-12-08,144.0,50.84,At Risk
C00414,2025-10-05,2025-05-01,157.0,50.84,At Risk
C00414,2025-10-17,2025-10-05,12.0,50.84,At Risk
C00414,2025-10-28,2025-10-17,11.0,50.84,At Risk
C00414,2025-10-28,2025-10-28,0.0,50.84,At Risk
C00414,2025-11-06,2025-10-28,9.0,50.84,At Risk
C00414,2025-11-11,2025-11-06,5.0,50.84,At Risk
C00414,2025-11-15,2025-11-11,4.0,50.84,At Risk
C00414,2026-01-09,2025-11-15,55.0,50.84,At Risk
C00414,2026-02-19,2026-01-09,41.0,50.84,At Risk
C00414,2026-10-29,2026-02-19,252.0,50.84,At Risk
C00415,2025-09-20,,,,Active
C00416,2026-07-18,,,,Active
C00417,2024-11-02,,,95.17,At Risk
C00417,2024-11-16,2024-11-02,14.0,95.17,At Risk
C00417,2024-12-15,2024-11-16,29.0,95.17,At Risk
C00417,2025-04-08,2024-12-15,114.0,95.17,At Risk
C00417,2025-06-09,2025-04-08,62.0,95.17,At Risk
C00417,2026-01-16,2025-06-09,221.0,95.17,At Risk
C00417,2026-05-27,2026-01-16,131.0,95.17,At Risk
C00418,2025-12-27,,,,Active
C00419,2024-01-28,,,142.0,At Risk
C00419,2024-10-20,2024-01-28,266.0,142.0,At Risk
C00419,2024-12-13,2024-10-20,54.0,142.0,At Risk
C00419,2025-01-16,2024-12-13,34.0,142.0,At Risk
C00419,2025-12-25,2025-01-16,343.0,142.0,At Risk
C00419,2026-01-07,2025-12-25,13.0,142.0,At Risk
C00420,2024-01-30,,,17.25,Active
C00420,2024-02-04,2024-01-30,5.0,17.25,Active
C00420,2024-02-13,2024-02-04,9.0,17.25,Active
C00420,2024-06-01,2024-02-13,109.0,17.25,Active
C00420,2024-06-02,2024-06-01,1.0,17.25,Active
C00420,2024-07-03,2024-06-02,31.0,17.25,Active
C00420,2024-08-07,2024-07-03,35.0,17.25,Active
C00420,2024-08-29,2024-08-07,22.0,17.25,Active
C00420,2024-08-30,2024-08-29,1.0,17.25,Active
C00420,2024-09-19,2024-08-30,20.0,17.25,Active
C00420,2024-10-08,2024-09-19,19.0,17.25,Active
C00420,2024-10-15,2024-10-08,7.0,17.25,Active
C00420,2024-10-18,2024-10-15,3.0,17.25,Active
C00420,2024-10-25,2024-10-18,7.0,17.25,Active
C00420,2024-10-28,2024-10-25,3.0,17.25,Active
C00420,2024-11-12,2024-10-28,15.0,17.25,Active
C00420,2024-11-14,2024-11-12,2.0,17.25,Active
C00420,2024-11-16,2024-11-14,2.0,17.25,Active
C00420,2024-11-24,2024-11-16,8.0,17.25,Active
C00420,2024-11-27,2024-11-24,3.0,17.25,Active
C00420,2024-12-05,2024-11-27,8.0,17.25,Active
C00420,2024-12-08,2024-12-05,3.0,17.25,Active
C00420,2024-12-16,2024-12-08,8.0,17.25,Active
C00420,2025-01-31,2024-12-16,46.0,17.25,Active
C00420,2025-03-02,2025-01-31,30.0,17.25,Active
C00420,2025-03-09,2025-03-02,7.0,17.25,Active
C00420,2025-03-19,2025-03-09,10.0,17.25,Active
C00420,2025-04-26,2025-03-19,38.0,17.25,Active
C00420,2025-05-11,2025-04-26,15.0,17.25,Active
C00420,2025-05-24,2025-05-11,13.0,17.25,Active
C00420,2025-07-27,2025-05-24,64.0,17.25,Active
C00420,2025-07-30,2025-07-27,3.0,17.25,Active
C00420,2025-08-06,2025-07-30,7.0,17.25,Active
C00420,2025-08-20,2025-08-06,14.0,17.25,Active
C00420,2025-10-06,2025-08-20,47.0,17.25,Active
C00420,2025-10-06,2025-10-06,0.0,17.25,Active
C00420,2025-10-21,2025-10-06,15.0,17.25,Active
C00420,2025-10-26,2025-10-21,5.0,17.25,Active
C00420,2025-10-28,2025-10-26,2.0,17.25,Active
C00420,2025-11-12,2025-10-28,15.0,17.25,Active
C00420,2025-11-22,2025-11-12,10.0,17.25,Active
C00420,2025-11-28,2025-11-22,6.0,17.25,Active
C00420,2025-12-16,2025-11-28,18.0,17.25,Active
C00420,2025-12-20,2025-12-16,4.0,17.25,Active
C00420,2025-12-25,2025-12-20,5.0,17.25,Active
C00420,2026-01-23,2025-12-25,29.0,17.25,Active
C00420,2026-02-19,2026-01-23,27.0,17.25,Active
C00420,2026-04-16,2026-02-19,56.0,17.25,Active
C00420,2026-04-24,2026-04-16,8.0,17.25,Active
C00420,2026-05-14,2026-04-24,20.0,17.25,Active
C00420,2026-05-21,2026-05-14,7.0,17.25,Active
C00420,2026-06-28,2026-05-21,38.0,17.25,Active
C00421,2024-10-10,,,312.0,At Risk
C00421,2025-12-05,2024-10-10,421.0,312.0,At Risk
C00421,2026-06-26,2025-12-05,203.0,312.0,At Risk
C00422,2024-07-30,,,350.5,At Risk
C00422,2024-10-30,2024-07-30,92.0,350.5,At Risk
C00422,2026-07-01,2024-10-30,609.0,350.5,At Risk
C00423,2024-02-19,,,310.5,At Risk
C00423,2024-09-19,2024-02-19,213.0,310.5,At Risk
C00423,2025-11-01,2024-09-19,408.0,310.5,At Risk
C00424,2024-01-01,,,16.29,Active
C00424,2024-03-15,2024-01-01,74.0,16.29,Active
C00424,2024-03-15,2024-03-15,0.0,16.29,Active
C00424,2024-03-31,2024-03-15,16.0,16.29,Active
C00424,2024-04-03,2024-03-31,3.0,16.29,Active
C00424,2024-04-09,2024-04-03,6.0,16.29,Active
C00424,2024-05-11,2024-04-09,32.0,16.29,Active
C00424,2024-05-13,2024-05-11,2.0,16.29,Active
C00424,2024-06-08,2024-05-13,26.0,16.29,Active
C00424,2024-07-03,2024-06-08,25.0,16.29,Active
C00424,2024-07-06,2024-07-03,3.0,16.29,Active
C00424,2024-08-16,2024-07-06,41.0,16.29,Active
C00424,2024-09-08,2024-08-16,23.0,16.29,Active
C00424,2024-10-05,2024-09-08,27.0,16.29,Active
C00424,2024-10-08,2024-10-05,3.0,16.29,Active
C00424,2024-10-13,2024-10-08,5.0,16.29,Active
C00424,2024-10-17,2024-10-13,4.0,16.29,Active
C00424,2024-10-21,2024-10-17,4.0,16.29,Active
C00424,2024-10-27,2024-10-21,6.0,16.29,Active
C00424,2024-11-13,2024-10-27,17.0,16.29,Active
C00424,2024-11-15,2024-11-13,2.0,16.29,Active
C00424,2024-11-15,2024-11-15,0.0,16.29,Active
C00424,2024-11-28,2024-11-15,13.0,16.29,Active
C00424,2024-12-04,2024-11-28,6.0,16.29,Active
C00424,2024-12-12,2024-12-04,8.0,16.29,Active
C00424,2024-12-18,2024-12-12,6.0,16.29,Active
C00424,2024-12-26,2024-12-18,8.0,16.29,Active
C00424,2025-01-16,2024-12-26,21.0,16.29,Active
C00424,2025-03-26,2025-01-16,69.0,16.29,Active
C00424,2025-05-12,2025-03-26,47.0,16.29,Active
C00424,2025-06-03,2025-05-12,22.0,16.29,Active
C00424,2025-06-09,2025-06-03,6.0,16.29,Active
C00424,2025-06-11,2025-06-09,2.0,16.29,Active
C00424,2025-06-15,2025-06-11,4.0,16.29,Active
C00424,2025-07-10,2025-06-15,25.0,16.29,Active
C00424,2025-08-01,2025-07-10,22.0,16.29,Active
C00424,2025-09-27,2025-08-01,57.0,16.29,Active
C00424,2025-10-08,2025-09-27,11.0,16.29,Active
C00424,2025-10-08,2025-10-08,0.0,16.29,Active
C00424,2025-10-21,2025-10-08,13.0,16.29,Active
C00424,2025-10-24,2025-10-21,3.0,16.29,Active
C00424,2025-10-27,2025-10-24,3.0,16.29,Active
C00424,2025-11-05,2025-10-27,9.0,16.29,Active
C00424,2025-11-05,2025-11-05,0.0,16.29,Active
C00424,2025-11-07,2025-11-05,2.0,16.29,Active
C00424,2025-11-08,2025-11-07,1.0,16.29,Active
C00424,2025-11-11,2025-11-08,3.0,16.29,Active
C00424,2025-11-12,2025-11-11,1.0,16.29,Active
C00424,2025-11-16,2025-11-12,4.0,16.29,Active
C00424,2025-11-21,2025-11-16,5.0,16.29,Active
C00424,2025-11-27,2025-11-21,6.0,16.29,Active
C00424,2025-12-10,2025-11-27,13.0,16.29,Active
C00424,2025-12-19,2025-12-10,9.0,16.29,Active
C00424,2025-12-24,2025-12-19,5.0,16.29,Active
C00424,2026-02-10,2025-12-24,48.0,16.29,Active
C00424,2026-02-16,2026-02-10,6.0,16.29,Active
C00424,2026-04-07,2026-02-16,50.0,16.29,Active
C00424,2026-05-05,2026-04-07,28.0,16.29,Active
C00424,2026-05-07,2026-05-05,2.0,16.29,Active
C00424,2026-05-16,2026-05-07,9.0,16.29,Active
C00424,2026-06-18,2026-05-16,33.0,16.29,Active
C00424,2026-07-12,2026-06-18,24.0,16.29,Active
C00424,2026-07-13,2026-07-12,1.0,16.29,Active
C00424,2026-07-15,2026-07-13,2.0,16.29,Active
C00424,2026-07-29,2026-07-15,14.0,16.29,Active
C00424,2026-11-25,2026-07-29,119.0,16.29,Active
C00425,2025-01-14,,,143.33,At Risk
C00425,2025-11-28,2025-01-14,318.0,143.33,At Risk
C00425,2025-12-25,2025-11-28,27.0,143.33,At Risk
C00425,2026-03-20,2025-12-25,85.0,143.33,At Risk
C00426,2024-10-03,,,107.17,At Risk
C00426,2024-10-04,2024-10-03,1.0,107.17,At Risk
C00426,2024-12-09,2024-10-04,66.0,107.17,At Risk
C00426,2024-12-18,2024-12-09,9.0,107.17,At Risk
C00426,2025-08-10,2024-12-18,235.0,107.17,At Risk
C00426,2026-06-22,2025-08-10,316.0,107.17,At Risk
C00426,2026-07-08,2026-06-22,16.0,107.17,At Risk
C00427,2025-06-30,,,140.0,At Risk
C00427,2025-08-31,2025-06-30,62.0,140.0,At Risk
C00427,2026-04-06,2025-08-31,218.0,140.0,At Risk
C00428,2024-12-14,,,123.67,At Risk
C00428,2025-06-12,2024-12-14,180.0,123.67,At Risk
C00428,2025-12-05,2025-06-12,176.0,123.67,At Risk
C00428,2025-12-20,2025-12-05,15.0,123.67,At Risk
C00429,2024-02-08,,,108.25,At Risk
C00429,2024-11-11,2024-02-08,277.0,108.25,At Risk
C00429,2024-11-16,2024-11-11,5.0,108.25,At Risk
C00429,2025-05-17,2024-11-16,182.0,108.25,At Risk
C00429,2025-07-31,2025-05-17,75.0,108.25,At Risk
C00429,2025-10-22,2025-07-31,83.0,108.25,At Risk
C00429,2025-11-25,2025-10-22,34.0,108.25,At Risk
C00429,2025-11-27,2025-11-25,2.0,108.25,At Risk
C00429,2026-06-23,2025-11-27,208.0,108.25,At Risk
C00430,2024-06-21,,,43.25,At Risk
C00430,2024-08-19,2024-06-21,59.0,43.25,At Risk
C00430,2024-09-11,2024-08-19,23.0,43.25,At Risk
C00430,2024-10-23,2024-09-11,42.0,43.25,At Risk
C00430,2024-10-25,2024-10-23,2.0,43.25,At Risk
C00430,2024-11-06,2024-10-25,12.0,43.25,At Risk
C00430,2024-11-25,2024-11-06,19.0,43.25,At Risk
C00430,2024-12-15,2024-11-25,20.0,43.25,At Risk
C00430,2024-12-16,2024-12-15,1.0,43.25,At Risk
C00430,2024-12-16,2024-12-16,0.0,43.25,At Risk
C00430,2025-06-19,2024-12-16,185.0,43.25,At Risk
C00430,2025-07-13,2025-06-19,24.0,43.25,At Risk
C00430,2025-10-31,2025-07-13,110.0,43.25,At Risk
C00430,2025-11-20,2025-10-31,20.0,43.25,At Risk
C00430,2025-12-15,2025-11-20,25.0,43.25,At Risk
C00430,2026-03-01,2025-12-15,76.0,43.25,At Risk
C00430,2026-05-14,2026-03-01,74.0,43.25,At Risk
C00431,2024-03-22,,,170.67,At Risk
C00431,2025-01-29,2024-03-22,313.0,170.67,At Risk
C00431,2025-07-20,2025-01-29,172.0,170.67,At Risk
C00431,2025-08-16,2025-07-20,27.0,170.67,At Risk
C00432,2024-12-30,,,337.0,At Risk
C00432,2025-12-02,2024-12-30,337.0,337.0,At Risk
C00433,2024-02-05,,,334.5,At Risk
C00433,2024-10-14,2024-02-05,252.0,334.5,At Risk
C00433,2025-12-05,2024-10-14,417.0,334.5,At Risk
C00434,2024-01-16,,,79.91,At Risk
C00434,2024-03-01,2024-01-16,45.0,79.91,At Risk
C00434,2024-06-17,2024-03-01,108.0,79.91,At Risk
C00434,2024-07-29,2024-06-17,42.0,79.91,At Risk
C00434,2024-11-09,2024-07-29,103.0,79.91,At Risk
C00434,2024-11-17,2024-11-09,8.0,79.91,At Risk
C00434,2025-09-11,2024-11-17,298.0,79.91,At Risk
C00434,2025-10-25,2025-09-11,44.0,79.91,At Risk
C00434,2026-04-15,2025-10-25,172.0,79.91,At Risk
C00434,2026-04-23,2026-04-15,8.0,79.91,At Risk
C00434,2026-06-06,2026-04-23,44.0,79.91,At Risk
C00434,2026-06-13,2026-06-06,7.0,79.91,At Risk
C00435,2024-04-04,,,92.5,At Risk
C00435,2024-05-25,2024-04-04,51.0,92.5,At Risk
C00435,2024-10-26,2024-05-25,154.0,92.5,At Risk
C00435,2025-01-09,2024-10-26,75.0,92.5,At Risk
C00435,2025-03-03,2025-01-09,53.0,92.5,At Risk
C00435,2025-08-01,2025-03-03,151.0,92.5,At Risk
C00435,2025-10-11,2025-08-01,71.0,92.5,At Risk
C00436,2024-02-16,,,62.27,At Risk
C00436,2024-09-13,2024-02-16,210.0,62.27,At Risk
C00436,2024-09-17,2024-09-13,4.0,62.27,At Risk
C00436,2024-09-21,2024-09-17,4.0,62.27,At Risk
C00436,2024-09-28,2024-09-21,7.0,62.27,At Risk
C00436,2024-10-13,2024-09-28,15.0,62.27,At Risk
C00436,2024-11-04,2024-10-13,22.0,62.27,At Risk
C00436,2025-01-23,2024-11-04,80.0,62.27,At Risk
C00436,2025-03-23,2025-01-23,59.0,62.27,At Risk
C00436,2025-06-27,2025-03-23,96.0,62.27,At Risk
C00436,2025-12-13,2025-06-27,169.0,62.27,At Risk
C00436,2026-01-01,2025-12-13,19.0,62.27,At Risk
C00437,2024-04-09,,,46.72,At Risk
C00437,2024-04-28,2024-04-09,19.0,46.72,At Risk
C00437,2024-05-04,2024-04-28,6.0,46.72,At Risk
C00437,2024-06-03,2024-05-04,30.0,46.72,At Risk
C00437,2024-07-01,2024-06-03,28.0,46.72,At Risk
C00437,2024-07-15,2024-07-01,14.0,46.72,At Risk
C00437,2024-09-28,2024-07-15,75.0,46.72,At Risk
C00437,2024-10-16,2024-09-28,18.0,46.72,At Risk
C00437,2024-11-18,2024-10-16,33.0,46.72,At Risk
C00437,2024-11-19,2024-11-18,1.0,46.72,At Risk
C00437,2024-12-03,2024-11-19,14.0,46.72,At Risk
C00437,2025-04-09,2024-12-03,127.0,46.72,At Risk
C00437,2025-05-13,2025-04-09,34.0,46.72,At Risk
C00437,2025-06-23,2025-05-13,41.0,46.72,At Risk
C00437,2025-06-28,2025-06-23,5.0,46.72,At Risk
C00437,2026-01-07,2025-06-28,193.0,46.72,At Risk
C00437,2026-04-11,2026-01-07,94.0,46.72,At Risk
C00437,2026-05-25,2026-04-11,44.0,46.72,At Risk
C00437,2026-07-29,2026-05-25,65.0,46.72,At Risk
C00438,2025-10-13,,,,Active
C00439,2024-10-02,,,54.64,At Risk
C00439,2024-12-01,2024-10-02,60.0,54.64,At Risk
C00439,2024-12-26,2024-12-01,25.0,54.64,At Risk
C00439,2025-01-30,2024-12-26,35.0,54.64,At Risk
C00439,2025-02-02,2025-01-30,3.0,54.64,At Risk
C00439,2025-09-16,2025-02-02,226.0,54.64,At Risk
C00439,2025-10-05,2025-09-16,19.0,54.64,At Risk
C00439,2025-11-10,2025-10-05,36.0,54.64,At Risk
C00439,2025-12-16,2025-11-10,36.0,54.64,At Risk
C00439,2025-12-18,2025-12-16,2.0,54.64,At Risk
C00439,2026-01-04,2025-12-18,17.0,54.64,At Risk
C00439,2026-05-26,2026-01-04,142.0,54.64,At Risk
C00440,2024-11-07,,,,Active
C00441,2024-02-16,,,32.08,At Risk
C00441,2024-03-26,2024-02-16,39.0,32.08,At Risk
C00441,2024-04-05,2024-03-26,10.0,32.08,At Risk
C00441,2024-05-05,2024-04-05,30.0,32.08,At Risk
C00441,2024-06-11,2024-05-05,37.0,32.08,At Risk
C00441,2024-08-30,2024-06-11,80.0,32.08,At Risk
C00441,2024-10-12,2024-08-30,43.0,32.08,At Risk
C00441,2024-11-08,2024-10-12,27.0,32.08,At Risk
C00441,2024-11-11,2024-11-08,3.0,32.08,At Risk
C00441,2024-11-25,2024-11-11,14.0,32.08,At Risk
C00441,2024-12-23,2024-11-25,28.0,32.08,At Risk
C00441,2025-03-31,2024-12-23,98.0,32.08,At Risk
C00441,2025-04-15,2025-03-31,15.0,32.08,At Risk
C00441,2025-07-19,2025-04-15,95.0,32.08,At Risk
C00441,2025-08-07,2025-07-19,19.0,32.08,At Risk
C00441,2025-09-25,2025-08-07,49.0,32.08,At Risk
C00441,2025-10-01,2025-09-25,6.0,32.08,At Risk
C00441,2025-10-01,2025-10-01,0.0,32.08,At Risk
C00441,2025-10-03,2025-10-01,2.0,32.08,At Risk
C00441,2025-10-28,2025-10-03,25.0,32.08,At Risk
C00441,2025-11-19,2025-10-28,22.0,32.08,At Risk
C00441,2025-12-08,2025-11-19,19.0,32.08,At Risk
C00441,2025-12-15,2025-12-08,7.0,32.08,At Risk
C00441,2025-12-18,2025-12-15,3.0,32.08,At Risk
C00441,2026-01-06,2025-12-18,19.0,32.08,At Risk
C00441,2026-03-14,2026-01-06,67.0,32.08,At Risk
C00441,2026-05-30,2026-03-14,77.0,32.08,At Risk
C00442,2024-12-11,,,90.25,At Risk
C00442,2025-07-05,2024-12-11,206.0,90.25,At Risk
C00442,2025-07-07,2025-07-05,2.0,90.25,At Risk
C00442,2025-11-21,2025-07-07,137.0,90.25,At Risk
C00442,2025-12-07,2025-11-21,16.0,90.25,At Risk
C00443,2024-01-09,,,17.32,Active
C00443,2024-01-13,2024-01-09,4.0,17.32,Active
C00443,2024-01-28,2024-01-13,15.0,17.32,Active
C00443,2024-03-11,2024-01-28,43.0,17.32,Active
C00443,2024-04-14,2024-03-11,34.0,17.32,Active
C00443,2024-05-02,2024-04-14,18.0,17.32,Active
C00443,2024-06-08,2024-05-02,37.0,17.32,Active
C00443,2024-07-19,2024-06-08,41.0,17.32,Active
C00443,2024-10-17,2024-07-19,90.0,17.32,Active
C00443,2024-10-24,2024-10-17,7.0,17.32,Active
C00443,2024-10-25,2024-10-24,1.0,17.32,Active
C00443,2024-10-27,2024-10-25,2.0,17.32,Active
C00443,2024-10-28,2024-10-27,1.0,17.32,Active
C00443,2024-10-28,2024-10-28,0.0,17.32,Active
C00443,2024-11-05,2024-10-28,8.0,17.32,Active
C00443,2024-11-10,2024-11-05,5.0,17.32,Active
C00443,2024-11-13,2024-11-10,3.0,17.32,Active
C00443,2024-11-13,2024-11-13,0.0,17.32,Active
C00443,2024-11-15,2024-11-13,2.0,17.32,Active
C00443,2024-11-17,2024-11-15,2.0,17.32,Active
C00443,2024-11-27,2024-11-17,10.0,17.32,Active
C00443,2024-12-01,2024-11-27,4.0,17.32,Active
C00443,2024-12-11,2024-12-01,10.0,17.32,Active
C00443,2024-12-19,2024-12-11,8.0,17.32,Active
C00443,2024-12-20,2024-12-19,1.0,17.32,Active
C00443,2024-12-27,2024-12-20,7.0,17.32,Active
C00443,2025-01-19,2024-12-27,23.0,17.32,Active
C00443,2025-01-24,2025-01-19,5.0,17.32,Active
C00443,2025-02-09,2025-01-24,16.0,17.32,Active
C00443,2025-03-11,2025-02-09,30.0,17.32,Active
C00443,2025-03-13,2025-03-11,2.0,17.32,Active
C00443,2025-03-14,2025-03-13,1.0,17.32,Active
C00443,2025-03-16,2025-03-14,2.0,17.32,Active
C00443,2025-03-20,2025-03-16,4.0,17.32,Active
C00443,2025-04-21,2025-03-20,32.0,17.32,Active
C00443,2025-05-26,2025-04-21,35.0,17.32,Active
C00443,2025-06-22,2025-05-26,27.0,17.32,Active
C00443,2025-06-23,2025-06-22,1.0,17.32,Active
C00443,2025-07-19,2025-06-23,26.0,17.32,Active
C00443,2025-08-23,2025-07-19,35.0,17.32,Active
C00443,2025-08-24,2025-08-23,1.0,17.32,Active
C00443,2025-09-08,2025-08-24,15.0,17.32,Active
C00443,2025-10-09,2025-09-08,31.0,17.32,Active
C00443,2025-10-10,2025-10-09,1.0,17.32,Active
C00443,2025-10-11,2025-10-10,1.0,17.32,Active
C00443,2025-10-18,2025-10-11,7.0,17.32,Active
C00443,2025-10-18,2025-10-18,0.0,17.32,Active
C00443,2025-10-19,2025-10-18,1.0,17.32,Active
C00443,2025-10-23,2025-10-19,4.0,17.32,Active
C00443,2025-11-09,2025-10-23,17.0,17.32,Active
C00443,2025-12-05,2025-11-09,26.0,17.32,Active
C00443,2025-12-09,2025-12-05,4.0,17.32,Active
C00443,2025-12-09,2025-12-09,0.0,17.32,Active
C00443,2025-12-26,2025-12-09,17.0,17.32,Active
C00443,2025-12-28,2025-12-26,2.0,17.32,Active
C00443,2026-01-23,2025-12-28,26.0,17.32,Active
C00443,2026-02-01,2026-01-23,9.0,17.32,Active
C00443,2026-03-16,2026-02-01,43.0,17.32,Active
C00443,2026-07-26,2026-03-16,132.0,17.32,Active
C00443,2026-10-27,2026-07-26,93.0,17.32,Active
C00444,2024-02-03,,,29.4,Active
C00444,2024-04-08,2024-02-03,65.0,29.4,Active
C00444,2024-05-16,2024-04-08,38.0,29.4,Active
C00444,2024-05-20,2024-05-16,4.0,29.4,Active
C00444,2024-10-02,2024-05-20,135.0,29.4,Active
C00444,2024-10-05,2024-10-02,3.0,29.4,Active
C00444,2024-10-07,2024-10-05,2.0,29.4,Active
C00444,2024-10-11,2024-10-07,4.0,29.4,Active
C00444,2024-11-06,2024-10-11,26.0,29.4,Active
C00444,2024-11-08,2024-11-06,2.0,29.4,Active
C00444,2024-11-18,2024-11-08,10.0,29.4,Active
C00444,2024-11-19,2024-11-18,1.0,29.4,Active
C00444,2024-11-21,2024-11-19,2.0,29.4,Active
C00444,2024-12-03,2024-11-21,12.0,29.4,Active
C00444,2024-12-05,2024-12-03,2.0,29.4,Active
C00444,2024-12-05,2024-12-05,0.0,29.4,Active
C00444,2025-02-06,2024-12-05,63.0,29.4,Active
C00444,2025-08-03,2025-02-06,178.0,29.4,Active
C00444,2025-10-04,2025-08-03,62.0,29.4,Active
C00444,2025-10-05,2025-10-04,1.0,29.4,Active
C00444,2025-11-01,2025-10-05,27.0,29.4,Active
C00444,2025-11-11,2025-11-01,10.0,29.4,Active
C00444,2025-11-13,2025-11-11,2.0,29.4,Active
C00444,2025-11-16,2025-11-13,3.0,29.4,Active
C00444,2025-11-23,2025-11-16,7.0,29.4,Active
C00444,2025-12-09,2025-11-23,16.0,29.4,Active
C00444,2026-02-23,2025-12-09,76.0,29.4,Active
C00444,2026-04-04,2026-02-23,40.0,29.4,Active
C00444,2026-05-24,2026-04-04,50.0,29.4,Active
C00444,2026-06-02,2026-05-24,9.0,29.4,Active
C00444,2026-07-04,2026-06-02,32.0,29.4,Active
C00445,2025-04-03,,,196.0,At Risk
C00445,2025-12-04,2025-04-03,245.0,196.0,At Risk
C00445,2026-04-30,2025-12-04,147.0,196.0,At Risk
C00446,2024-11-19,,,76.2,At Risk
C00446,2024-11-27,2024-11-19,8.0,76.2,At Risk
C00446,2024-12-08,2024-11-27,11.0,76.2,At Risk
C00446,2024-12-23,2024-12-08,15.0,76.2,At Risk
C00446,2025-02-19,2024-12-23,58.0,76.2,At Risk
C00446,2025-07-02,2025-02-19,133.0,76.2,At Risk
C00446,2025-11-08,2025-07-02,129.0,76.2,At Risk
C00446,2025-11-11,2025-11-08,3.0,76.2,At Risk
C00446,2025-11-19,2025-11-11,8.0,76.2,At Risk
C00446,2026-04-28,2025-11-19,160.0,76.2,At Risk
C00446,2026-12-21,2026-04-28,237.0,76.2,At Risk
C00447,2024-10-17,,,207.0,At Risk
C00447,2024-12-21,2024-10-17,65.0,207.0,At Risk
C00447,2025-12-05,2024-12-21,349.0,207.0,At Risk
C00448,2024-03-12,,,42.89,At Risk
C00448,2024-03-28,2024-03-12,16.0,42.89,At Risk
C00448,2024-04-12,2024-03-28,15.0,42.89,At Risk
C00448,2024-05-12,2024-04-12,30.0,42.89,At Risk
C00448,2024-05-27,2024-05-12,15.0,42.89,At Risk
C00448,2024-10-20,2024-05-27,146.0,42.89,At Risk
C00448,2024-11-16,2024-10-20,27.0,42.89,At Risk
C00448,2024-11-24,2024-11-16,8.0,42.89,At Risk
C00448,2024-11-29,2024-11-24,5.0,42.89,At Risk
C00448,2025-04-29,2024-11-29,151.0,42.89,At Risk
C00448,2025-10-10,2025-04-29,164.0,42.89,At Risk
C00448,2025-10-27,2025-10-10,17.0,42.89,At Risk
C00448,2025-10-28,2025-10-27,1.0,42.89,At Risk
C00448,2025-11-12,2025-10-28,15.0,42.89,At Risk
C00448,2025-11-26,2025-11-12,14.0,42.89,At Risk
C00448,2025-12-04,2025-11-26,8.0,42.89,At Risk
C00448,2025-12-06,2025-12-04,2.0,42.89,At Risk
C00448,2025-12-13,2025-12-06,7.0,42.89,At Risk
C00448,2026-04-23,2025-12-13,131.0,42.89,At Risk
C00449,2024-01-28,,,146.83,At Risk
C00449,2024-10-06,2024-01-28,252.0,146.83,At Risk
C00449,2024-10-13,2024-10-06,7.0,146.83,At Risk
C00449,2025-05-25,2024-10-13,224.0,146.83,At Risk
C00449,2025-07-19,2025-05-25,55.0,146.83,At Risk
C00449,2025-08-03,2025-07-19,15.0,146.83,At Risk
C00449,2026-06-27,2025-08-03,328.0,146.83,At Risk
C00450,2025-10-09,,,94.0,At Risk
C00450,2026-01-11,2025-10-09,94.0,94.0,At Risk
C00451,2024-01-18,,,64.59,At Risk
C00451,2024-02-07,2024-01-18,20.0,64.59,At Risk
C00451,2024-04-25,2024-02-07,78.0,64.59,At Risk
C00451,2024-06-03,2024-04-25,39.0,64.59,At Risk
C00451,2024-07-25,2024-06-03,52.0,64.59,At Risk
C00451,2024-11-11,2024-07-25,109.0,64.59,At Risk
C00451,2024-12-26,2024-11-11,45.0,64.59,At Risk
C00451,2025-02-09,2024-12-26,45.0,64.59,At Risk
C00451,2025-09-14,2025-02-09,217.0,64.59,At Risk
C00451,2025-10-26,2025-09-14,42.0,64.59,At Risk
C00451,2025-11-03,2025-10-26,8.0,64.59,At Risk
C00451,2025-12-11,2025-11-03,38.0,64.59,At Risk
C00451,2025-12-19,2025-12-11,8.0,64.59,At Risk
C00451,2026-03-28,2025-12-19,99.0,64.59,At Risk
C00451,2026-05-13,2026-03-28,46.0,64.59,At Risk
C00451,2026-06-21,2026-05-13,39.0,64.59,At Risk
C00451,2026-07-18,2026-06-21,27.0,64.59,At Risk
C00451,2027-01-20,2026-07-18,186.0,64.59,At Risk
C00452,2025-12-03,,,,Active
C00453,2024-12-14,,,180.5,At Risk
C00453,2025-08-26,2024-12-14,255.0,180.5,At Risk
C00453,2025-12-10,2025-08-26,106.0,180.5,At Risk
C00454,2024-10-15,,,304.0,At Risk
C00454,2025-08-18,2024-10-15,307.0,304.0,At Risk
C00454,2026-06-15,2025-08-18,301.0,304.0,At Risk
C00455,2024-12-17,,,170.0,At Risk
C00455,2025-11-14,2024-12-17,332.0,170.0,At Risk
C00455,2025-11-22,2025-11-14,8.0,170.0,At Risk
C00456,2024-07-18,,,,Active
C00457,2024-01-05,,,37.85,At Risk
C00457,2024-04-27,2024-01-05,113.0,37.85,At Risk
C00457,2024-05-11,2024-04-27,14.0,37.85,At Risk
C00457,2024-05-24,2024-05-11,13.0,37.85,At Risk
C00457,2024-07-13,2024-05-24,50.0,37.85,At Risk
C00457,2024-07-26,2024-07-13,13.0,37.85,At Risk
C00457,2024-08-14,2024-07-26,19.0,37.85,At Risk
C00457,2024-08-16,2024-08-14,2.0,37.85,At Risk
C00457,2024-09-27,2024-08-16,42.0,37.85,At Risk
C00457,2024-10-03,2024-09-27,6.0,37.85,At Risk
C00457,2024-10-20,2024-10-03,17.0,37.85,At Risk
C00457,2024-10-24,2024-10-20,4.0,37.85,At Risk
C00457,2024-11-17,2024-10-24,24.0,37.85,At Risk
C00457,2024-12-02,2024-11-17,15.0,37.85,At Risk
C00457,2024-12-10,2024-12-02,8.0,37.85,At Risk
C00457,2025-01-29,2024-12-10,50.0,37.85,At Risk
C00457,2025-05-11,2025-01-29,102.0,37.85,At Risk
C00457,2025-10-11,2025-05-11,153.0,37.85,At Risk
C00457,2025-12-02,2025-10-11,52.0,37.85,At Risk
C00457,2026-01-03,2025-12-02,32.0,37.85,At Risk
C00457,2026-01-31,2026-01-03,28.0,37.85,At Risk
C00458,2024-01-03,,,19.91,Active
C00458,2024-01-24,2024-01-03,21.0,19.91,Active
C00458,2024-02-27,2024-01-24,34.0,19.91,Active
C00458,2024-03-29,2024-02-27,31.0,19.91,Active
C00458,2024-05-26,2024-03-29,58.0,19.91,Active
C00458,2024-10-05,2024-05-26,132.0,19.91,Active
C00458,2024-10-09,2024-10-05,4.0,19.91,Active
C00458,2024-10-09,2024-10-09,0.0,19.91,Active
C00458,2024-10-11,2024-10-09,2.0,19.91,Active
C00458,2024-10-15,2024-10-11,4.0,19.91,Active
C00458,2024-10-19,2024-10-15,4.0,19.91,Active
C00458,2024-10-25,2024-10-19,6.0,19.91,Active
C00458,2024-10-26,2024-10-25,1.0,19.91,Active
C00458,2024-11-04,2024-10-26,9.0,19.91,Active
C00458,2024-11-12,2024-11-04,8.0,19.91,Active
C00458,2024-11-15,2024-11-12,3.0,19.91,Active
C00458,2024-11-15,2024-11-15,0.0,19.91,Active
C00458,2024-12-23,2024-11-15,38.0,19.91,Active
C00458,2024-12-25,2024-12-23,2.0,19.91,Active
C00458,2024-12-25,2024-12-25,0.0,19.91,Active
C00458,2025-01-04,2024-12-25,10.0,19.91,Active
C00458,2025-01-28,2025-01-04,24.0,19.91,Active
C00458,2025-03-24,2025-01-28,55.0,19.91,Active
C00458,2025-04-19,2025-03-24,26.0,19.91,Active
C00458,2025-04-19,2025-04-19,0.0,19.91,Active
C00458,2025-06-27,2025-04-19,69.0,19.91,Active
C00458,2025-08-05,2025-06-27,39.0,19.91,Active
C00458,2025-08-14,2025-08-05,9.0,19.91,Active
C00458,2025-09-23,2025-08-14,40.0,19.91,Active
C00458,2025-10-04,2025-09-23,11.0,19.91,Active
C00458,2025-10-26,2025-10-04,22.0,19.91,Active
C00458,2025-11-26,2025-10-26,31.0,19.91,Active
C00458,2025-11-28,2025-11-26,2.0,19.91,Active
C00458,2025-12-06,2025-11-28,8.0,19.91,Active
C00458,2025-12-13,2025-12-06,7.0,19.91,Active
C00458,2025-12-17,2025-12-13,4.0,19.91,Active
C00458,2025-12-19,2025-12-17,2.0,19.91,Active
C00458,2025-12-23,2025-12-19,4.0,19.91,Active
C00458,2025-12-24,2025-12-23,1.0,19.91,Active
C00458,2025-12-25,2025-12-24,1.0,19.91,Active
C00458,2025-12-26,2025-12-25,1.0,19.91,Active
C00458,2026-01-03,2025-12-26,8.0,19.91,Active
C00458,2026-01-08,2026-01-03,5.0,19.91,Active
C00458,2026-01-29,2026-01-08,21.0,19.91,Active
C00458,2026-02-02,2026-01-29,4.0,19.91,Active
C00458,2026-03-02,2026-02-02,28.0,19.91,Active
C00458,2026-06-17,2026-03-02,107.0,19.91,Active
C00458,2026-07-27,2026-06-17,40.0,19.91,Active
C00459,2025-12-23,,,,Active
C00460,2024-04-11,,,68.2,At Risk
C00460,2024-06-18,2024-04-11,68.0,68.2,At Risk
C00460,2024-07-13,2024-06-18,25.0,68.2,At Risk
C00460,2024-08-24,2024-07-13,42.0,68.2,At Risk
C00460,2024-12-04,2024-08-24,102.0,68.2,At Risk
C00460,2025-06-23,2024-12-04,201.0,68.2,At Risk
C00460,2025-12-03,2025-06-23,163.0,68.2,At Risk
C00460,2025-12-10,2025-12-03,7.0,68.2,At Risk
C00460,2025-12-16,2025-12-10,6.0,68.2,At Risk
C00460,2025-12-27,2025-12-16,11.0,68.2,At Risk
C00460,2026-02-22,2025-12-27,57.0,68.2,At Risk
C00461,2025-12-23,,,,Active
C00462,2024-01-02,,,84.6,At Risk
C00462,2024-02-29,2024-01-02,58.0,84.6,At Risk
C00462,2024-12-25,2024-02-29,300.0,84.6,At Risk
C00462,2025-08-25,2024-12-25,243.0,84.6,At Risk
C00462,2025-09-09,2025-08-25,15.0,84.6,At Risk
C00462,2025-10-09,2025-09-09,30.0,84.6,At Risk
C00462,2025-10-20,2025-10-09,11.0,84.6,At Risk
C00462,2025-10-22,2025-10-20,2.0,84.6,At Risk
C00462,2025-11-23,2025-10-22,32.0,84.6,At Risk
C00462,2025-11-24,2025-11-23,1.0,84.6,At Risk
C00462,2026-04-27,2025-11-24,154.0,84.6,At Risk
C00463,2024-02-21,,,47.95,At Risk
C00463,2024-04-04,2024-02-21,43.0,47.95,At Risk
C00463,2024-06-26,2024-04-04,83.0,47.95,At Risk
C00463,2024-09-01,2024-06-26,67.0,47.95,At Risk
C00463,2024-10-17,2024-09-01,46.0,47.95,At Risk
C00463,2024-10-17,2024-10-17,0.0,47.95,At Risk
C00463,2024-11-02,2024-10-17,16.0,47.95,At Risk
C00463,2024-12-12,2024-11-02,40.0,47.95,At Risk
C00463,2025-01-20,2024-12-12,39.0,47.95,At Risk
C00463,2025-01-20,2025-01-20,0.0,47.95,At Risk
C00463,2025-04-16,2025-01-20,86.0,47.95,At Risk
C00463,2025-06-08,2025-04-16,53.0,47.95,At Risk
C00463,2025-08-21,2025-06-08,74.0,47.95,At Risk
C00463,2025-09-03,2025-08-21,13.0,47.95,At Risk
C00463,2025-09-05,2025-09-03,2.0,47.95,At Risk
C00463,2025-10-02,2025-09-05,27.0,47.95,At Risk
C00463,2025-10-19,2025-10-02,17.0,47.95,At Risk
C00463,2025-11-02,2025-10-19,14.0,47.95,At Risk
C00463,2026-01-14,2025-11-02,73.0,47.95,At Risk
C00463,2026-04-11,2026-01-14,87.0,47.95,At Risk
C00463,2026-04-15,2026-04-11,4.0,47.95,At Risk
C00463,2027-01-03,2026-04-15,263.0,47.95,At Risk
C00463,2027-01-11,2027-01-03,8.0,47.95,At Risk
C00464,2024-01-30,,,83.9,At Risk
C00464,2024-07-02,2024-01-30,154.0,83.9,At Risk
C00464,2024-07-04,2024-07-02,2.0,83.9,At Risk
C00464,2024-10-14,2024-07-04,102.0,83.9,At Risk
C00464,2024-12-15,2024-10-14,62.0,83.9,At Risk
C00464,2024-12-16,2024-12-15,1.0,83.9,At Risk
C00464,2025-01-05,2024-12-16,20.0,83.9,At Risk
C00464,2025-02-20,2025-01-05,46.0,83.9,At Risk
C00464,2025-07-15,2025-02-20,145.0,83.9,At Risk
C00464,2026-03-15,2025-07-15,243.0,83.9,At Risk
C00464,2026-05-18,2026-03-15,64.0,83.9,At Risk
C00465,2024-09-12,,,74.86,At Risk
C00465,2024-10-17,2024-09-12,35.0,74.86,At Risk
C00465,2024-12-18,2024-10-17,62.0,74.86,At Risk
C00465,2025-01-13,2024-12-18,26.0,74.86,At Risk
C00465,2025-07-05,2025-01-13,173.0,74.86,At Risk
C00465,2025-12-13,2025-07-05,161.0,74.86,At Risk
C00465,2026-02-10,2025-12-13,59.0,74.86,At Risk
C00465,2026-02-18,2026-02-10,8.0,74.86,At Risk
C00466,2026-07-09,,,,Active
C00467,2024-10-06,,,239.0,At Risk
C00467,2024-10-11,2024-10-06,5.0,239.0,At Risk
C00467,2026-01-27,2024-10-11,473.0,239.0,At Risk
C00468,2025-02-16,,,479.0,At Risk
C00468,2026-06-10,2025-02-16,479.0,479.0,At Risk
C00469,2024-01-05,,,16.24,Active
C00469,2024-01-22,2024-01-05,17.0,16.24,Active
C00469,2024-02-09,2024-01-22,18.0,16.24,Active
C00469,2024-04-04,2024-02-09,55.0,16.24,Active
C00469,2024-04-05,2024-04-04,1.0,16.24,Active
C00469,2024-06-01,2024-04-05,57.0,16.24,Active
C00469,2024-08-25,2024-06-01,85.0,16.24,Active
C00469,2024-09-25,2024-08-25,31.0,16.24,Active
C00469,2024-10-01,2024-09-25,6.0,16.24,Active
C00469,2024-10-05,2024-10-01,4.0,16.24,Active
C00469,2024-10-05,2024-10-05,0.0,16.24,Active
C00469,2024-10-08,2024-10-05,3.0,16.24,Active
C00469,2024-10-08,2024-10-08,0.0,16.24,Active
C00469,2024-10-18,2024-10-08,10.0,16.24,Active
C00469,2024-11-02,2024-10-18,15.0,16.24,Active
C00469,2024-11-05,2024-11-02,3.0,16.24,Active
C00469,2024-11-11,2024-11-05,6.0,16.24,Active
C00469,2024-11-12,2024-11-11,1.0,16.24,Active
C00469,2024-11-15,2024-11-12,3.0,16.24,Active
C00469,2024-11-18,2024-11-15,3.0,16.24,Active
C00469,2024-11-24,2024-11-18,6.0,16.24,Active
C00469,2024-11-29,2024-11-24,5.0,16.24,Active
C00469,2024-12-09,2024-11-29,10.0,16.24,Active
C00469,2024-12-16,2024-12-09,7.0,16.24,Active
C00469,2024-12-21,2024-12-16,5.0,16.24,Active
C00469,2024-12-22,2024-12-21,1.0,16.24,Active
C00469,2024-12-31,2024-12-22,9.0,16.24,Active
C00469,2025-01-29,2024-12-31,29.0,16.24,Active
C00469,2025-02-26,2025-01-29,28.0,16.24,Active
C00469,2025-03-01,2025-02-26,3.0,16.24,Active
C00469,2025-03-04,2025-03-01,3.0,16.24,Active
C00469,2025-03-05,2025-03-04,1.0,16.24,Active
C00469,2025-03-17,2025-03-05,12.0,16.24,Active
C00469,2025-04-02,2025-03-17,16.0,16.24,Active
C00469,2025-04-08,2025-04-02,6.0,16.24,Active
C00469,2025-04-17,2025-04-08,9.0,16.24,Active
C00469,2025-05-13,2025-04-17,26.0,16.24,Active
C00469,2025-07-31,2025-05-13,79.0,16.24,Active
C00469,2025-08-28,2025-07-31,28.0,16.24,Active
C00469,2025-09-20,2025-08-28,23.0,16.24,Active
C00469,2025-10-08,2025-09-20,18.0,16.24,Active
C00469,2025-10-12,2025-10-08,4.0,16.24,Active
C00469,2025-10-14,2025-10-12,2.0,16.24,Active
C00469,2025-10-15,2025-10-14,1.0,16.24,Active
C00469,2025-10-17,2025-10-15,2.0,16.24,Active
C00469,2025-10-17,2025-10-17,0.0,16.24,Active
C00469,2025-10-24,2025-10-17,7.0,16.24,Active
C00469,2025-10-28,2025-10-24,4.0,16.24,Active
C00469,2025-10-28,2025-10-28,0.0,16.24,Active
C00469,2025-11-07,2025-10-28,10.0,16.24,Active
C00469,2025-11-12,2025-11-07,5.0,16.24,Active
C00469,2025-11-16,2025-11-12,4.0,16.24,Active
C00469,2025-11-19,2025-11-16,3.0,16.24,Active
C00469,2025-12-22,2025-11-19,33.0,16.24,Active
C00469,2025-12-25,2025-12-22,3.0,16.24,Active
C00469,2025-12-25,2025-12-25,0.0,16.24,Active
C00469,2025-12-27,2025-12-25,2.0,16.24,Active
C00469,2026-01-04,2025-12-27,8.0,16.24,Active
C00469,2026-01-25,2026-01-04,21.0,16.24,Active
C00469,2026-04-19,2026-01-25,84.0,16.24,Active
C00469,2026-04-29,2026-04-19,10.0,16.24,Active
C00469,2026-04-30,2026-04-29,1.0,16.24,Active
C00469,2026-06-01,2026-04-30,32.0,16.24,Active
C00469,2026-06-12,2026-06-01,11.0,16.24,Active
C00469,2026-07-07,2026-06-12,25.0,16.24,Active
C00469,2026-09-22,2026-07-07,77.0,16.24,Active
C00469,2026-12-12,2026-09-22,81.0,16.24,Active
C00470,2024-03-20,,,92.22,At Risk
C00470,2024-08-21,2024-03-20,154.0,92.22,At Risk
C00470,2024-10-08,2024-08-21,48.0,92.22,At Risk
C00470,2024-12-10,2024-10-08,63.0,92.22,At Risk
C00470,2025-07-02,2024-12-10,204.0,92.22,At Risk
C00470,2025-09-30,2025-07-02,90.0,92.22,At Risk
C00470,2025-10-06,2025-09-30,6.0,92.22,At Risk
C00470,2025-11-20,2025-10-06,45.0,92.22,At Risk
C00470,2026-04-11,2025-11-20,142.0,92.22,At Risk
C00470,2026-06-28,2026-04-11,78.0,92.22,At Risk
C00471,2024-02-13,,,15.57,Active
C00471,2024-04-19,2024-02-13,66.0,15.57,Active
C00471,2024-04-25,2024-04-19,6.0,15.57,Active
C00471,2024-06-26,2024-04-25,62.0,15.57,Active
C00471,2024-06-27,2024-06-26,1.0,15.57,Active
C00471,2024-08-30,2024-06-27,64.0,15.57,Active
C00471,2024-08-31,2024-08-30,1.0,15.57,Active
C00471,2024-10-12,2024-08-31,42.0,15.57,Active
C00471,2024-10-23,2024-10-12,11.0,15.57,Active
C00471,2024-11-07,2024-10-23,15.0,15.57,Active
C00471,2024-11-12,2024-11-07,5.0,15.57,Active
C00471,2024-12-05,2024-11-12,23.0,15.57,Active
C00471,2024-12-08,2024-12-05,3.0,15.57,Active
C00471,2024-12-10,2024-12-08,2.0,15.57,Active
C00471,2024-12-13,2024-12-10,3.0,15.57,Active
C00471,2024-12-18,2024-12-13,5.0,15.57,Active
C00471,2024-12-22,2024-12-18,4.0,15.57,Active
C00471,2024-12-24,2024-12-22,2.0,15.57,Active
C00471,2025-01-18,2024-12-24,25.0,15.57,Active
C00471,2025-02-09,2025-01-18,22.0,15.57,Active
C00471,2025-02-14,2025-02-09,5.0,15.57,Active
C00471,2025-03-03,2025-02-14,17.0,15.57,Active
C00471,2025-03-08,2025-03-03,5.0,15.57,Active
C00471,2025-03-11,2025-03-08,3.0,15.57,Active
C00471,2025-03-30,2025-03-11,19.0,15.57,Active
C00471,2025-04-30,2025-03-30,31.0,15.57,Active
C00471,2025-05-16,2025-04-30,16.0,15.57,Active
C00471,2025-07-05,2025-05-16,50.0,15.57,Active
C00471,2025-09-13,2025-07-05,70.0,15.57,Active
C00471,2025-10-01,2025-09-13,18.0,15.57,Active
C00471,2025-10-01,2025-10-01,0.0,15.57,Active
C00471,2025-10-07,2025-10-01,6.0,15.57,Active
C00471,2025-10-10,2025-10-07,3.0,15.57,Active
C00471,2025-10-14,2025-10-10,4.0,15.57,Active
C00471,2025-11-08,2025-10-14,25.0,15.57,Active
C00471,2025-11-10,2025-11-08,2.0,15.57,Active
C00471,2025-11-12,2025-11-10,2.0,15.57,Active
C00471,2025-11-18,2025-11-12,6.0,15.57,Active
C00471,2025-11-26,2025-11-18,8.0,15.57,Active
C00471,2025-12-09,2025-11-26,13.0,15.57,Active
C00471,2025-12-10,2025-12-09,1.0,15.57,Active
C00471,2025-12-12,2025-12-10,2.0,15.57,Active
C00471,2025-12-16,2025-12-12,4.0,15.57,Active
C00471,2025-12-16,2025-12-16,0.0,15.57,Active
C00471,2025-12-21,2025-12-16,5.0,15.57,Active
C00471,2025-12-22,2025-12-21,1.0,15.57,Active
C00471,2025-12-27,2025-12-22,5.0,15.57,Active
C00471,2026-02-02,2025-12-27,37.0,15.57,Active
C00471,2026-02-05,2026-02-02,3.0,15.57,Active
C00471,2026-02-06,2026-02-05,1.0,15.57,Active
C00471,2026-02-09,2026-02-06,3.0,15.57,Active
C00471,2026-03-13,2026-02-09,32.0,15.57,Active
C00471,2026-04-07,2026-03-13,25.0,15.57,Active
C00471,2026-04-22,2026-04-07,15.0,15.57,Active
C00471,2026-05-21,2026-04-22,29.0,15.57,Active
C00471,2026-07-03,2026-05-21,43.0,15.57,Active
C00471,2026-07-04,2026-07-03,1.0,15.57,Active
C00472,2024-03-08,,,102.67,At Risk
C00472,2024-07-13,2024-03-08,127.0,102.67,At Risk
C00472,2024-11-04,2024-07-13,114.0,102.67,At Risk
C00472,2024-12-19,2024-11-04,45.0,102.67,At Risk
C00472,2025-08-01,2024-12-19,225.0,102.67,At Risk
C00472,2025-08-08,2025-08-01,7.0,102.67,At Risk
C00472,2025-11-14,2025-08-08,98.0,102.67,At Risk
C00473,2025-07-25,,,88.0,At Risk
C00473,2025-10-21,2025-07-25,88.0,88.0,At Risk
C00474,2025-05-03,,,217.0,At Risk
C00474,2025-12-06,2025-05-03,217.0,217.0,At Risk
C00475,2024-12-17,,,91.0,At Risk
C00475,2025-01-01,2024-12-17,15.0,91.0,At Risk
C00475,2025-02-04,2025-01-01,34.0,91.0,At Risk
C00475,2025-11-27,2025-02-04,296.0,91.0,At Risk
C00475,2025-12-28,2025-11-27,31.0,91.0,At Risk
C00475,2026-03-13,2025-12-28,75.0,91.0,At Risk
C00475,2026-06-16,2026-03-13,95.0,91.0,At Risk
C00476,2024-04-09,,,193.0,At Risk
C00476,2025-02-22,2024-04-09,319.0,193.0,At Risk
C00476,2025-12-09,2025-02-22,290.0,193.0,At Risk
C00476,2025-12-11,2025-12-09,2.0,193.0,At Risk
C00476,2026-05-21,2025-12-11,161.0,193.0,At Risk
C00477,2025-05-17,,,,Active
C00478,2024-12-19,,,186.5,At Risk
C00478,2025-11-01,2024-12-19,317.0,186.5,At Risk
C00478,2025-12-27,2025-11-01,56.0,186.5,At Risk
C00479,2024-06-10,,,75.25,At Risk
C00479,2024-09-28,2024-06-10,110.0,75.25,At Risk
C00479,2024-11-07,2024-09-28,40.0,75.25,At Risk
C00479,2024-12-14,2024-11-07,37.0,75.25,At Risk
C00479,2024-12-22,2024-12-14,8.0,75.25,At Risk
C00479,2024-12-26,2024-12-22,4.0,75.25,At Risk
C00479,2025-01-31,2024-12-26,36.0,75.25,At Risk
C00479,2025-07-10,2025-01-31,160.0,75.25,At Risk
C00479,2026-02-02,2025-07-10,207.0,75.25,At Risk
C00480,2026-04-29,,,,Active
C00481,2024-07-27,,,28.32,Active
C00481,2024-08-10,2024-07-27,14.0,28.32,Active
C00481,2024-10-19,2024-08-10,70.0,28.32,Active
C00481,2024-10-24,2024-10-19,5.0,28.32,Active
C00481,2024-10-25,2024-10-24,1.0,28.32,Active
C00481,2024-11-09,2024-10-25,15.0,28.32,Active
C00481,2024-12-06,2024-11-09,27.0,28.32,Active
C00481,2025-02-16,2024-12-06,72.0,28.32,Active
C00481,2025-03-23,2025-02-16,35.0,28.32,Active
C00481,2025-03-28,2025-03-23,5.0,28.32,Active
C00481,2025-05-19,2025-03-28,52.0,28.32,Active
C00481,2025-06-27,2025-05-19,39.0,28.32,Active
C00481,2025-07-14,2025-06-27,17.0,28.32,Active
C00481,2025-09-23,2025-07-14,71.0,28.32,Active
C00481,2025-10-16,2025-09-23,23.0,28.32,Active
C00481,2025-11-08,2025-10-16,23.0,28.32,Active
C00481,2025-12-13,2025-11-08,35.0,28.32,Active
C00481,2025-12-24,2025-12-13,11.0,28.32,Active
C00481,2026-01-24,2025-12-24,31.0,28.32,Active
C00481,2026-02-16,2026-01-24,23.0,28.32,Active
C00481,2026-03-01,2026-02-16,13.0,28.32,Active
C00481,2026-03-29,2026-03-01,28.0,28.32,Active
C00481,2026-04-11,2026-03-29,13.0,28.32,Active
C00482,2024-12-10,,,98.25,At Risk
C00482,2025-05-12,2024-12-10,153.0,98.25,At Risk
C00482,2025-11-05,2025-05-12,177.0,98.25,At Risk
C00482,2025-11-08,2025-11-05,3.0,98.25,At Risk
C00482,2026-01-07,2025-11-08,60.0,98.25,At Risk
C00483,2024-03-25,,,32.73,At Risk
C00483,2024-04-15,2024-03-25,21.0,32.73,At Risk
C00483,2024-04-28,2024-04-15,13.0,32.73,At Risk
C00483,2024-06-16,2024-04-28,49.0,32.73,At Risk
C00483,2024-07-13,2024-06-16,27.0,32.73,At Risk
C00483,2024-09-24,2024-07-13,73.0,32.73,At Risk
C00483,2024-10-10,2024-09-24,16.0,32.73,At Risk
C00483,2024-10-22,2024-10-10,12.0,32.73,At Risk
C00483,2024-10-27,2024-10-22,5.0,32.73,At Risk
C00483,2024-11-10,2024-10-27,14.0,32.73,At Risk
C00483,2024-12-25,2024-11-10,45.0,32.73,At Risk
C00483,2025-01-10,2024-12-25,16.0,32.73,At Risk
C00483,2025-01-30,2025-01-10,20.0,32.73,At Risk
C00483,2025-02-13,2025-01-30,14.0,32.73,At Risk
C00483,2025-04-06,2025-02-13,52.0,32.73,At Risk
C00483,2025-07-11,2025-04-06,96.0,32.73,At Risk
C00483,2025-10-09,2025-07-11,90.0,32.73,At Risk
C00483,2025-10-17,2025-10-09,8.0,32.73,At Risk
C00483,2025-10-21,2025-10-17,4.0,32.73,At Risk
C00483,2025-11-09,2025-10-21,19.0,32.73,At Risk
C00483,2025-11-17,2025-11-09,8.0,32.73,At Risk
C00483,2025-12-01,2025-11-17,14.0,32.73,At Risk
C00483,2025-12-03,2025-12-01,2.0,32.73,At Risk
C00483,2026-02-25,2025-12-03,84.0,32.73,At Risk
C00483,2026-05-23,2026-02-25,87.0,32.73,At Risk
C00483,2026-06-27,2026-05-23,35.0,32.73,At Risk
C00483,2026-07-24,2026-06-27,27.0,32.73,At Risk
C00484,2024-02-05,,,110.75,At Risk
C00484,2024-03-12,2024-02-05,36.0,110.75,At Risk
C00484,2024-03-14,2024-03-12,2.0,110.75,At Risk
C00484,2024-03-16,2024-03-14,2.0,110.75,At Risk
C00484,2024-10-07,2024-03-16,205.0,110.75,At Risk
C00484,2024-12-11,2024-10-07,65.0,110.75,At Risk
C00484,2025-10-18,2024-12-11,311.0,110.75,At Risk
C00484,2025-12-25,2025-10-18,68.0,110.75,At Risk
C00484,2026-07-10,2025-12-25,197.0,110.75,At Risk
C00485,2024-04-25,,,114.29,At Risk
C00485,2024-10-19,2024-04-25,177.0,114.29,At Risk
C00485,2024-11-08,2024-10-19,20.0,114.29,At Risk
C00485,2025-07-30,2024-11-08,264.0,114.29,At Risk
C00485,2025-12-24,2025-07-30,147.0,114.29,At Risk
C00485,2026-01-04,2025-12-24,11.0,114.29,At Risk
C00485,2026-03-07,2026-01-04,62.0,114.29,At Risk
C00485,2026-07-04,2026-03-07,119.0,114.29,At Risk
C00486,2024-02-19,,,87.78,At Risk
C00486,2024-02-20,2024-02-19,1.0,87.78,At Risk
C00486,2024-02-28,2024-02-20,8.0,87.78,At Risk
C00486,2024-10-03,2024-02-28,218.0,87.78,At Risk
C00486,2025-01-12,2024-10-03,101.0,87.78,At Risk
C00486,2025-11-17,2025-01-12,309.0,87.78,At Risk
C00486,2025-12-05,2025-11-17,18.0,87.78,At Risk
C00486,2026-03-18,2025-12-05,103.0,87.78,At Risk
C00486,2026-04-08,2026-03-18,21.0,87.78,At Risk
C00486,2026-04-19,2026-04-08,11.0,87.78,At Risk
C00487,2024-08-18,,,90.43,At Risk
C00487,2024-08-31,2024-08-18,13.0,90.43,At Risk
C00487,2024-10-23,2024-08-31,53.0,90.43,At Risk
C00487,2024-10-26,2024-10-23,3.0,90.43,At Risk
C00487,2024-12-19,2024-10-26,54.0,90.43,At Risk
C00487,2024-12-22,2024-12-19,3.0,90.43,At Risk
C00487,2026-04-24,2024-12-22,488.0,90.43,At Risk
C00487,2026-05-13,2026-04-24,19.0,90.43,At Risk
C00488,2024-01-20,,,31.73,At Risk
C00488,2024-05-11,2024-01-20,112.0,31.73,At Risk
C00488,2024-07-31,2024-05-11,81.0,31.73,At Risk
C00488,2024-08-01,2024-07-31,1.0,31.73,At Risk
C00488,2024-08-14,2024-08-01,13.0,31.73,At Risk
C00488,2024-10-11,2024-08-14,58.0,31.73,At Risk
C00488,2024-10-19,2024-10-11,8.0,31.73,At Risk
C00488,2024-10-23,2024-10-19,4.0,31.73,At Risk
C00488,2024-11-09,2024-10-23,17.0,31.73,At Risk
C00488,2024-12-01,2024-11-09,22.0,31.73,At Risk
C00488,2024-12-04,2024-12-01,3.0,31.73,At Risk
C00488,2024-12-11,2024-12-04,7.0,31.73,At Risk
C00488,2024-12-18,2024-12-11,7.0,31.73,At Risk
C00488,2024-12-24,2024-12-18,6.0,31.73,At Risk
C00488,2025-01-15,2024-12-24,22.0,31.73,At Risk
C00488,2025-03-15,2025-01-15,59.0,31.73,At Risk
C00488,2025-03-18,2025-03-15,3.0,31.73,At Risk
C00488,2025-05-13,2025-03-18,56.0,31.73,At Risk
C00488,2025-08-16,2025-05-13,95.0,31.73,At Risk
C00488,2025-08-29,2025-08-16,13.0,31.73,At Risk
C00488,2025-10-01,2025-08-29,33.0,31.73,At Risk
C00488,2025-10-11,2025-10-01,10.0,31.73,At Risk
C00488,2025-10-12,2025-10-11,1.0,31.73,At Risk
C00488,2025-11-27,2025-10-12,46.0,31.73,At Risk
C00488,2025-12-09,2025-11-27,12.0,31.73,At Risk
C00488,2025-12-11,2025-12-09,2.0,31.73,At Risk
C00488,2025-12-15,2025-12-11,4.0,31.73,At Risk
C00488,2025-12-17,2025-12-15,2.0,31.73,At Risk
C00488,2026-01-24,2025-12-17,38.0,31.73,At Risk
C00488,2026-05-01,2026-01-24,97.0,31.73,At Risk
C00488,2026-05-25,2026-05-01,24.0,31.73,At Risk
C00488,2026-06-04,2026-05-25,10.0,31.73,At Risk
C00488,2026-07-29,2026-06-04,55.0,31.73,At Risk
C00488,2026-12-02,2026-07-29,126.0,31.73,At Risk
C00489,2025-10-14,,,24.67,Active
C00489,2025-12-10,2025-10-14,57.0,24.67,Active
C00489,2025-12-20,2025-12-10,10.0,24.67,Active
C00489,2025-12-27,2025-12-20,7.0,24.67,Active
C00490,2024-03-11,,,198.33,At Risk
C00490,2025-07-30,2024-03-11,506.0,198.33,At Risk
C00490,2025-09-02,2025-07-30,34.0,198.33,At Risk
C00490,2025-10-27,2025-09-02,55.0,198.33,At Risk
C00491,2024-05-10,,,42.05,At Risk
C00491,2024-09-27,2024-05-10,140.0,42.05,At Risk
C00491,2024-10-13,2024-09-27,16.0,42.05,At Risk
C00491,2024-10-19,2024-10-13,6.0,42.05,At Risk
C00491,2024-10-21,2024-10-19,2.0,42.05,At Risk
C00491,2024-10-24,2024-10-21,3.0,42.05,At Risk
C00491,2024-11-02,2024-10-24,9.0,42.05,At Risk
C00491,2024-11-04,2024-11-02,2.0,42.05,At Risk
C00491,2024-11-13,2024-11-04,9.0,42.05,At Risk
C00491,2024-11-28,2024-11-13,15.0,42.05,At Risk
C00491,2024-12-18,2024-11-28,20.0,42.05,At Risk
C00491,2025-01-28,2024-12-18,41.0,42.05,At Risk
C00491,2025-03-15,2025-01-28,46.0,42.05,At Risk
C00491,2025-05-24,2025-03-15,70.0,42.05,At Risk
C00491,2025-11-24,2025-05-24,184.0,42.05,At Risk
C00491,2025-12-14,2025-11-24,20.0,42.05,At Risk
C00491,2025-12-15,2025-12-14,1.0,42.05,At Risk
C00491,2026-02-12,2025-12-15,59.0,42.05,At Risk
C00491,2026-04-07,2026-02-12,54.0,42.05,At Risk
C00491,2026-07-18,2026-04-07,102.0,42.05,At Risk
C00492,2025-05-16,,,,Active
C00493,2024-01-27,,,69.82,At Risk
C00493,2024-03-18,2024-01-27,51.0,69.82,At Risk
C00493,2024-04-20,2024-03-18,33.0,69.82,At Risk
C00493,2024-10-13,2024-04-20,176.0,69.82,At Risk
C00493,2024-11-26,2024-10-13,44.0,69.82,At Risk
C00493,2024-12-24,2024-11-26,28.0,69.82,At Risk
C00493,2025-01-07,2024-12-24,14.0,69.82,At Risk
C00493,2025-02-13,2025-01-07,37.0,69.82,At Risk
C00493,2025-05-27,2025-02-13,103.0,69.82,At Risk
C00493,2025-09-25,2025-05-27,121.0,69.82,At Risk
C00493,2026-01-19,2025-09-25,116.0,69.82,At Risk
C00493,2026-03-05,2026-01-19,45.0,69.82,At Risk
C00494,2025-12-08,,,,Active
C00495,2025-01-26,,,525.0,At Risk
C00495,2026-07-05,2025-01-26,525.0,525.0,At Risk
C00496,2024-12-01,,,73.0,At Risk
C00496,2024-12-13,2024-12-01,12.0,73.0,At Risk
C00496,2025-04-26,2024-12-13,134.0,73.0,At Risk
C00497,2025-02-06,,,90.75,At Risk
C00497,2025-08-27,2025-02-06,202.0,90.75,At Risk
C00497,2025-11-07,2025-08-27,72.0,90.75,At Risk
C00497,2025-12-16,2025-11-07,39.0,90.75,At Risk
C00497,2026-02-04,2025-12-16,50.0,90.75,At Risk
C00498,2024-02-07,,,44.95,At Risk
C00498,2024-02-13,2024-02-07,6.0,44.95,At Risk
C00498,2024-02-29,2024-02-13,16.0,44.95,At Risk
C00498,2024-05-15,2024-02-29,76.0,44.95,At Risk
C00498,2024-06-01,2024-05-15,17.0,44.95,At Risk
C00498,2024-09-03,2024-06-01,94.0,44.95,At Risk
C00498,2024-11-21,2024-09-03,79.0,44.95,At Risk
C00498,2024-11-21,2024-11-21,0.0,44.95,At Risk
C00498,2024-12-06,2024-11-21,15.0,44.95,At Risk
C00498,2024-12-22,2024-12-06,16.0,44.95,At Risk
C00498,2025-01-24,2024-12-22,33.0,44.95,At Risk
C00498,2025-04-15,2025-01-24,81.0,44.95,At Risk
C00498,2025-09-27,2025-04-15,165.0,44.95,At Risk
C00498,2025-11-20,2025-09-27,54.0,44.95,At Risk
C00498,2025-11-23,2025-11-20,3.0,44.95,At Risk
C00498,2025-12-07,2025-11-23,14.0,44.95,At Risk
C00498,2025-12-08,2025-12-07,1.0,44.95,At Risk
C00498,2026-02-21,2025-12-08,75.0,44.95,At Risk
C00498,2026-03-04,2026-02-21,11.0,44.95,At Risk
C00498,2026-06-10,2026-03-04,98.0,44.95,At Risk
C00499,2025-07-21,,,148.5,At Risk
C00499,2025-12-04,2025-07-21,136.0,148.5,At Risk
C00499,2026-05-14,2025-12-04,161.0,148.5,At Risk
C00500,2026-01-27,,,,Active
C00501,2024-01-15,,,224.0,At Risk
C00501,2024-11-17,2024-01-15,307.0,224.0,At Risk
C00501,2025-04-15,2024-11-17,149.0,224.0,At Risk
C00501,2025-11-17,2025-04-15,216.0,224.0,At Risk
C00502,2024-08-07,,,51.55,At Risk
C00502,2024-10-13,2024-08-07,67.0,51.55,At Risk
C00502,2024-10-17,2024-10-13,4.0,51.55,At Risk
C00502,2024-11-10,2024-10-17,24.0,51.55,At Risk
C00502,2024-12-21,2024-11-10,41.0,51.55,At Risk
C00502,2024-12-29,2024-12-21,8.0,51.55,At Risk
C00502,2025-05-11,2024-12-29,133.0,51.55,At Risk
C00502,2025-10-15,2025-05-11,157.0,51.55,At Risk
C00502,2025-12-10,2025-10-15,56.0,51.55,At Risk
C00502,2026-02-02,2025-12-10,54.0,51.55,At Risk
C00502,2026-02-14,2026-02-02,12.0,51.55,At Risk
C00502,2026-02-25,2026-02-14,11.0,51.55,At Risk
C00503,2024-10-02,,,206.5,At Risk
C00503,2025-10-16,2024-10-02,379.0,206.5,At Risk
C00503,2025-11-19,2025-10-16,34.0,206.5,At Risk
C00504,2024-02-09,,,250.0,At Risk
C00504,2024-10-28,2024-02-09,262.0,250.0,At Risk
C00504,2025-10-01,2024-10-28,338.0,250.0,At Risk
C00504,2026-02-28,2025-10-01,150.0,250.0,At Risk
C00505,2024-03-02,,,267.33,At Risk
C00505,2025-01-11,2024-03-02,315.0,267.33,At Risk
C00505,2025-07-18,2025-01-11,188.0,267.33,At Risk
C00505,2026-05-13,2025-07-18,299.0,267.33,At Risk
C00506,2024-01-03,,,152.2,At Risk
C00506,2024-02-03,2024-01-03,31.0,152.2,At Risk
C00506,2024-10-27,2024-02-03,267.0,152.2,At Risk
C00506,2024-11-29,2024-10-27,33.0,152.2,At Risk
C00506,2025-12-09,2024-11-29,375.0,152.2,At Risk
C00506,2026-02-02,2025-12-09,55.0,152.2,At Risk
C00507,2024-02-14,,,148.0,At Risk
C00507,2024-10-01,2024-02-14,230.0,148.0,At Risk
C00507,2024-12-06,2024-10-01,66.0,148.0,At Risk
C00508,2024-11-08,,,525.0,At Risk
C00508,2026-04-17,2024-11-08,525.0,525.0,At Risk
C00509,2024-04-28,,,,Active
C00510,2024-05-09,,,190.67,At Risk
C00510,2024-07-17,2024-05-09,69.0,190.67,At Risk
C00510,2024-12-28,2024-07-17,164.0,190.67,At Risk
C00510,2025-12-02,2024-12-28,339.0,190.67,At Risk
C00511,2024-03-05,,,119.17,At Risk
C00511,2024-10-14,2024-03-05,223.0,119.17,At Risk
C00511,2025-02-23,2024-10-14,132.0,119.17,At Risk
C00511,2025-04-04,2025-02-23,40.0,119.17,At Risk
C00511,2025-11-11,2025-04-04,221.0,119.17,At Risk
C00511,2026-02-04,2025-11-11,85.0,119.17,At Risk
C00511,2026-02-18,2026-02-04,14.0,119.17,At Risk
C00512,2025-06-28,,,,Active
C00513,2024-04-22,,,16.3,Active
C00513,2024-04-29,2024-04-22,7.0,16.3,Active
C00513,2024-05-08,2024-04-29,9.0,16.3,Active
C00513,2024-06-16,2024-05-08,39.0,16.3,Active
C00513,2024-10-04,2024-06-16,110.0,16.3,Active
C00513,2024-10-13,2024-10-04,9.0,16.3,Active
C00513,2024-10-16,2024-10-13,3.0,16.3,Active
C00513,2024-10-19,2024-10-16,3.0,16.3,Active
C00513,2024-11-04,2024-10-19,16.0,16.3,Active
C00513,2024-11-14,2024-11-04,10.0,16.3,Active
C00513,2024-11-15,2024-11-14,1.0,16.3,Active
C00513,2024-11-25,2024-11-15,10.0,16.3,Active
C00513,2024-12-03,2024-11-25,8.0,16.3,Active
C00513,2024-12-15,2024-12-03,12.0,16.3,Active
C00513,2024-12-25,2024-12-15,10.0,16.3,Active
C00513,2024-12-28,2024-12-25,3.0,16.3,Active
C00513,2025-03-23,2024-12-28,85.0,16.3,Active
C00513,2025-04-01,2025-03-23,9.0,16.3,Active
C00513,2025-05-22,2025-04-01,51.0,16.3,Active
C00513,2025-05-25,2025-05-22,3.0,16.3,Active
C00513,2025-05-29,2025-05-25,4.0,16.3,Active
C00513,2025-06-13,2025-05-29,15.0,16.3,Active
C00513,2025-07-31,2025-06-13,48.0,16.3,Active
C00513,2025-09-02,2025-07-31,33.0,16.3,Active
C00513,2025-10-03,2025-09-02,31.0,16.3,Active
C00513,2025-10-05,2025-10-03,2.0,16.3,Active
C00513,2025-10-08,2025-10-05,3.0,16.3,Active
C00513,2025-10-12,2025-10-08,4.0,16.3,Active
C00513,2025-10-14,2025-10-12,2.0,16.3,Active
C00513,2025-10-19,2025-10-14,5.0,16.3,Active
C00513,2025-10-23,2025-10-19,4.0,16.3,Active
C00513,2025-10-26,2025-10-23,3.0,16.3,Active
C00513,2025-11-01,2025-10-26,6.0,16.3,Active
C00513,2025-11-12,2025-11-01,11.0,16.3,Active
C00513,2025-11-21,2025-11-12,9.0,16.3,Active
C00513,2025-12-01,2025-11-21,10.0,16.3,Active
C00513,2025-12-01,2025-12-01,0.0,16.3,Active
C00513,2025-12-05,2025-12-01,4.0,16.3,Active
C00513,2025-12-17,2025-12-05,12.0,16.3,Active
C00513,2025-12-18,2025-12-17,1.0,16.3,Active
C00513,2025-12-23,2025-12-18,5.0,16.3,Active
C00513,2025-12-28,2025-12-23,5.0,16.3,Active
C00513,2025-12-28,2025-12-28,0.0,16.3,Active
C00513,2026-01-02,2025-12-28,5.0,16.3,Active
C00513,2026-01-03,2026-01-02,1.0,16.3,Active
C00513,2026-01-18,2026-01-03,15.0,16.3,Active
C00513,2026-02-18,2026-01-18,31.0,16.3,Active
C00513,2026-05-16,2026-02-18,87.0,16.3,Active
C00513,2026-06-24,2026-05-16,39.0,16.3,Active
C00513,2026-06-24,2026-06-24,0.0,16.3,Active
C00513,2026-07-16,2026-06-24,22.0,16.3,Active
C00514,2024-03-11,,,169.0,At Risk
C00514,2024-08-27,2024-03-11,169.0,169.0,At Risk
C00515,2024-05-10,,,78.71,At Risk
C00515,2024-08-09,2024-05-10,91.0,78.71,At Risk
C00515,2024-09-24,2024-08-09,46.0,78.71,At Risk
C00515,2024-10-01,2024-09-24,7.0,78.71,At Risk
C00515,2024-10-21,2024-10-01,20.0,78.71,At Risk
C00515,2024-12-16,2024-10-21,56.0,78.71,At Risk
C00515,2025-07-03,2024-12-16,199.0,78.71,At Risk
C00515,2025-11-12,2025-07-03,132.0,78.71,At Risk
C00516,2024-08-06,,,61.0,At Risk
C00516,2024-11-13,2024-08-06,99.0,61.0,At Risk
C00516,2024-12-06,2024-11-13,23.0,61.0,At Risk
C00517,2024-06-02,,,71.1,At Risk
C00517,2024-07-18,2024-06-02,46.0,71.1,At Risk
C00517,2024-10-24,2024-07-18,98.0,71.1,At Risk
C00517,2024-10-28,2024-10-24,4.0,71.1,At Risk
C00517,2025-04-19,2024-10-28,173.0,71.1,At Risk
C00517,2025-07-31,2025-04-19,103.0,71.1,At Risk
C00517,2025-10-03,2025-07-31,64.0,71.1,At Risk
C00517,2025-10-12,2025-10-03,9.0,71.1,At Risk
C00517,2026-04-18,2025-10-12,188.0,71.1,At Risk
C00517,2026-04-24,2026-04-18,6.0,71.1,At Risk
C00517,2026-05-14,2026-04-24,20.0,71.1,At Risk
C00518,2026-05-16,,,,Active
C00519,2024-01-13,,,50.76,At Risk
C00519,2024-01-20,2024-01-13,7.0,50.76,At Risk
C00519,2024-03-03,2024-01-20,43.0,50.76,At Risk
C00519,2024-07-22,2024-03-03,141.0,50.76,At Risk
C00519,2024-10-01,2024-07-22,71.0,50.76,At Risk
C00519,2024-10-01,2024-10-01,0.0,50.76,At Risk
C00519,2024-11-09,2024-10-01,39.0,50.76,At Risk
C00519,2024-12-02,2024-11-09,23.0,50.76,At Risk
C00519,2024-12-26,2024-12-02,24.0,50.76,At Risk
C00519,2025-01-26,2024-12-26,31.0,50.76,At Risk
C00519,2025-02-09,2025-01-26,14.0,50.76,At Risk
C00519,2025-08-18,2025-02-09,190.0,50.76,At Risk
C00519,2025-09-01,2025-08-18,14.0,50.76,At Risk
C00519,2025-10-20,2025-09-01,49.0,50.76,At Risk
C00519,2025-11-07,2025-10-20,18.0,50.76,At Risk
C00519,2025-12-13,2025-11-07,36.0,50.76,At Risk
C00519,2025-12-15,2025-12-13,2.0,50.76,At Risk
C00519,2026-04-26,2025-12-15,132.0,50.76,At Risk
C00519,2026-05-07,2026-04-26,11.0,50.76,At Risk
C00519,2026-05-22,2026-05-07,15.0,50.76,At Risk
C00519,2026-05-30,2026-05-22,8.0,50.76,At Risk
C00519,2026-12-14,2026-05-30,198.0,50.76,At Risk
C00520,2024-09-23,,,290.0,At Risk
C00520,2026-03-22,2024-09-23,545.0,290.0,At Risk
C00520,2026-04-26,2026-03-22,35.0,290.0,At Risk
C00521,2024-02-21,,,80.63,At Risk
C00521,2024-07-21,2024-02-21,151.0,80.63,At Risk
C00521,2024-10-05,2024-07-21,76.0,80.63,At Risk
C00521,2024-11-14,2024-10-05,40.0,80.63,At Risk
C00521,2025-04-06,2024-11-14,143.0,80.63,At Risk
C00521,2025-07-29,2025-04-06,114.0,80.63,At Risk
C00521,2025-10-03,2025-07-29,66.0,80.63,At Risk
C00521,2025-11-09,2025-10-03,37.0,80.63,At Risk
C00521,2025-11-27,2025-11-09,18.0,80.63,At Risk
C00522,2026-04-14,,,,Active
C00523,2025-10-09,,,21.0,Active
C00523,2025-11-01,2025-10-09,23.0,21.0,Active
C00523,2025-11-20,2025-11-01,19.0,21.0,Active
C00524,2024-10-06,,,373.0,At Risk
C00524,2025-10-14,2024-10-06,373.0,373.0,At Risk
C00525,2024-09-02,,,,Active
C00526,2026-07-01,,,,Active
C00527,2025-10-13,,,,Active
C00528,2024-02-14,,,296.0,At Risk
C00528,2024-12-19,2024-02-14,309.0,296.0,At Risk
C00528,2025-09-28,2024-12-19,283.0,296.0,At Risk
C00529,2025-03-30,,,192.0,At Risk
C00529,2025-10-14,2025-03-30,198.0,192.0,At Risk
C00529,2026-04-18,2025-10-14,186.0,192.0,At Risk
C00530,2024-07-27,,,,Active
C00531,2024-03-04,,,,Active
C00532,2024-05-03,,,240.67,At Risk
C00532,2024-09-18,2024-05-03,138.0,240.67,At Risk
C00532,2025-12-25,2024-09-18,463.0,240.67,At Risk
C00532,2026-04-25,2025-12-25,121.0,240.67,At Risk
C00533,2024-10-26,,,,Active
C00534,2025-03-06,,,362.0,At Risk
C00534,2026-03-03,2025-03-06,362.0,362.0,At Risk
C00535,2024-06-25,,,29.33,Active
C00535,2024-06-28,2024-06-25,3.0,29.33,Active
C00535,2024-09-05,2024-06-28,69.0,29.33,Active
C00535,2024-10-07,2024-09-05,32.0,29.33,Active
C00535,2024-10-19,2024-10-07,12.0,29.33,Active
C00535,2024-10-19,2024-10-19,0.0,29.33,Active
C00535,2024-11-22,2024-10-19,34.0,29.33,Active
C00535,2024-12-03,2024-11-22,11.0,29.33,Active
C00535,2024-12-16,2024-12-03,13.0,29.33,Active
C00535,2024-12-18,2024-12-16,2.0,29.33,Active
C00535,2024-12-23,2024-12-18,5.0,29.33,Active
C00535,2025-02-28,2024-12-23,67.0,29.33,Active
C00535,2025-05-01,2025-02-28,62.0,29.33,Active
C00535,2025-06-02,2025-05-01,32.0,29.33,Active
C00535,2025-06-28,2025-06-02,26.0,29.33,Active
C00535,2025-08-30,2025-06-28,63.0,29.33,Active
C00535,2025-10-11,2025-08-30,42.0,29.33,Active
C00535,2025-10-27,2025-10-11,16.0,29.33,Active
C00535,2025-11-05,2025-10-27,9.0,29.33,Active
C00535,2025-11-09,2025-11-05,4.0,29.33,Active
C00535,2025-11-09,2025-11-09,0.0,29.33,Active
C00535,2025-11-19,2025-11-09,10.0,29.33,Active
C00535,2025-11-21,2025-11-19,2.0,29.33,Active
C00535,2025-12-07,2025-11-21,16.0,29.33,Active
C00535,2026-05-30,2025-12-07,174.0,29.33,Active
C00536,2024-04-14,,,43.95,At Risk
C00536,2024-05-08,2024-04-14,24.0,43.95,At Risk
C00536,2024-07-15,2024-05-08,68.0,43.95,At Risk
C00536,2024-09-22,2024-07-15,69.0,43.95,At Risk
C00536,2024-10-26,2024-09-22,34.0,43.95,At Risk
C00536,2024-10-26,2024-10-26,0.0,43.95,At Risk
C00536,2024-11-15,2024-10-26,20.0,43.95,At Risk
C00536,2024-12-24,2024-11-15,39.0,43.95,At Risk
C00536,2024-12-24,2024-12-24,0.0,43.95,At Risk
C00536,2025-04-06,2024-12-24,103.0,43.95,At Risk
C00536,2025-07-18,2025-04-06,103.0,43.95,At Risk
C00536,2025-10-04,2025-07-18,78.0,43.95,At Risk
C00536,2025-11-10,2025-10-04,37.0,43.95,At Risk
C00536,2025-11-10,2025-11-10,0.0,43.95,At Risk
C00536,2025-11-26,2025-11-10,16.0,43.95,At Risk
C00536,2025-12-28,2025-11-26,32.0,43.95,At Risk
C00536,2026-05-11,2025-12-28,134.0,43.95,At Risk
C00536,2026-05-24,2026-05-11,13.0,43.95,At Risk
C00536,2026-07-20,2026-05-24,57.0,43.95,At Risk
C00536,2026-07-28,2026-07-20,8.0,43.95,At Risk
C00537,2024-04-13,,,206.0,At Risk
C00537,2024-06-01,2024-04-13,49.0,206.0,At Risk
C00537,2025-07-24,2024-06-01,418.0,206.0,At Risk
C00537,2025-12-22,2025-07-24,151.0,206.0,At Risk
C00538,2024-11-14,,,190.5,At Risk
C00538,2025-02-19,2024-11-14,97.0,190.5,At Risk
C00538,2025-11-30,2025-02-19,284.0,190.5,At Risk
C00539,2024-12-22,,,89.33,At Risk
C00539,2025-02-06,2024-12-22,46.0,89.33,At Risk
C00539,2025-04-16,2025-02-06,69.0,89.33,At Risk
C00539,2025-09-16,2025-04-16,153.0,89.33,At Risk
C00540,2024-10-10,,,78.57,At Risk
C00540,2024-11-21,2024-10-10,42.0,78.57,At Risk
C00540,2024-12-03,2024-11-21,12.0,78.57,At Risk
C00540,2024-12-13,2024-12-03,10.0,78.57,At Risk
C00540,2025-07-07,2024-12-13,206.0,78.57,At Risk
C00540,2025-11-10,2025-07-07,126.0,78.57,At Risk
C00540,2025-12-06,2025-11-10,26.0,78.57,At Risk
C00540,2026-04-13,2025-12-06,128.0,78.57,At Risk
C00541,2025-10-24,,,,Active
C00542,2024-12-11,,,193.67,At Risk
C00542,2026-04-23,2024-12-11,498.0,193.67,At Risk
C00542,2026-05-17,2026-04-23,24.0,193.67,At Risk
C00542,2026-07-15,2026-05-17,59.0,193.67,At Risk
C00543,2024-01-06,,,15.61,Active
C00543,2024-01-12,2024-01-06,6.0,15.61,Active
C00543,2024-01-24,2024-01-12,12.0,15.61,Active
C00543,2024-02-12,2024-01-24,19.0,15.61,Active
C00543,2024-02-21,2024-02-12,9.0,15.61,Active
C00543,2024-04-06,2024-02-21,45.0,15.61,Active
C00543,2024-04-07,2024-04-06,1.0,15.61,Active
C00543,2024-04-09,2024-04-07,2.0,15.61,Active
C00543,2024-05-21,2024-04-09,42.0,15.61,Active
C00543,2024-07-02,2024-05-21,42.0,15.61,Active
C00543,2024-07-08,2024-07-02,6.0,15.61,Active
C00543,2024-10-04,2024-07-08,88.0,15.61,Active
C00543,2024-10-11,2024-10-04,7.0,15.61,Active
C00543,2024-10-12,2024-10-11,1.0,15.61,Active
C00543,2024-10-16,2024-10-12,4.0,15.61,Active
C00543,2024-10-25,2024-10-16,9.0,15.61,Active
C00543,2024-11-02,2024-10-25,8.0,15.61,Active
C00543,2024-11-14,2024-11-02,12.0,15.61,Active
C00543,2024-11-22,2024-11-14,8.0,15.61,Active
C00543,2024-12-03,2024-11-22,11.0,15.61,Active
C00543,2024-12-03,2024-12-03,0.0,15.61,Active
C00543,2024-12-06,2024-12-03,3.0,15.61,Active
C00543,2024-12-21,2024-12-06,15.0,15.61,Active
C00543,2024-12-25,2024-12-21,4.0,15.61,Active
C00543,2024-12-27,2024-12-25,2.0,15.61,Active
C00543,2025-01-19,2024-12-27,23.0,15.61,Active
C00543,2025-01-20,2025-01-19,1.0,15.61,Active
C00543,2025-03-04,2025-01-20,43.0,15.61,Active
C00543,2025-04-06,2025-03-04,33.0,15.61,Active
C00543,2025-05-22,2025-04-06,46.0,15.61,Active
C00543,2025-05-28,2025-05-22,6.0,15.61,Active
C00543,2025-06-22,2025-05-28,25.0,15.61,Active
C00543,2025-07-05,2025-06-22,13.0,15.61,Active
C00543,2025-08-11,2025-07-05,37.0,15.61,Active
C00543,2025-09-20,2025-08-11,40.0,15.61,Active
C00543,2025-10-01,2025-09-20,11.0,15.61,Active
C00543,2025-10-07,2025-10-01,6.0,15.61,Active
C00543,2025-10-08,2025-10-07,1.0,15.61,Active
C00543,2025-10-14,2025-10-08,6.0,15.61,Active
C00543,2025-10-16,2025-10-14,2.0,15.61,Active
C00543,2025-10-24,2025-10-16,8.0,15.61,Active
C00543,2025-10-27,2025-10-24,3.0,15.61,Active
C00543,2025-10-28,2025-10-27,1.0,15.61,Active
C00543,2025-10-29,2025-10-28,1.0,15.61,Active
C00543,2025-11-07,2025-10-29,9.0,15.61,Active
C00543,2025-12-02,2025-11-07,25.0,15.61,Active
C00543,2025-12-03,2025-12-02,1.0,15.61,Active
C00543,2025-12-03,2025-12-03,0.0,15.61,Active
C00543,2025-12-17,2025-12-03,14.0,15.61,Active
C00543,2026-02-01,2025-12-17,46.0,15.61,Active
C00543,2026-02-18,2026-02-01,17.0,15.61,Active
C00543,2026-03-07,2026-02-18,17.0,15.61,Active
C00543,2026-03-19,2026-03-07,12.0,15.61,Active
C00543,2026-04-28,2026-03-19,40.0,15.61,Active
C00543,2026-05-11,2026-04-28,13.0,15.61,Active
C00543,2026-05-13,2026-05-11,2.0,15.61,Active
C00543,2026-05-18,2026-05-13,5.0,15.61,Active
C00543,2026-06-01,2026-05-18,14.0,15.61,Active
C00543,2026-06-19,2026-06-01,18.0,15.61,Active
C00543,2026-07-15,2026-06-19,26.0,15.61,Active
C00544,2025-10-16,,,,Active
C00545,2025-06-03,,,,Active
C00546,2024-11-01,,,161.5,At Risk
C00546,2025-01-24,2024-11-01,84.0,161.5,At Risk
C00546,2025-09-20,2025-01-24,239.0,161.5,At Risk
C00547,2024-01-20,,,61.31,At Risk
C00547,2024-04-01,2024-01-20,72.0,61.31,At Risk
C00547,2024-10-05,2024-04-01,187.0,61.31,At Risk
C00547,2024-11-23,2024-10-05,49.0,61.31,At Risk
C00547,2024-11-24,2024-11-23,1.0,61.31,At Risk
C00547,2024-12-03,2024-11-24,9.0,61.31,At Risk
C00547,2025-02-03,2024-12-03,62.0,61.31,At Risk
C00547,2025-03-30,2025-02-03,55.0,61.31,At Risk
C00547,2025-03-31,2025-03-30,1.0,61.31,At Risk
C00547,2025-08-07,2025-03-31,129.0,61.31,At Risk
C00547,2025-08-27,2025-08-07,20.0,61.31,At Risk
C00547,2025-10-19,2025-08-27,53.0,61.31,At Risk
C00547,2025-12-24,2025-10-19,66.0,61.31,At Risk
C00547,2026-03-27,2025-12-24,93.0,61.31,At Risk
C00548,2024-12-22,,,158.33,At Risk
C00548,2025-10-20,2024-12-22,302.0,158.33,At Risk
C00548,2025-10-27,2025-10-20,7.0,158.33,At Risk
C00548,2026-04-11,2025-10-27,166.0,158.33,At Risk
C00549,2024-03-21,,,208.75,At Risk
C00549,2024-03-26,2024-03-21,5.0,208.75,At Risk
C00549,2024-05-12,2024-03-26,47.0,208.75,At Risk
C00549,2025-03-29,2024-05-12,321.0,208.75,At Risk
C00549,2026-07-04,2025-03-29,462.0,208.75,At Risk
C00550,2025-05-01,,,78.0,At Risk
C00550,2025-07-18,2025-05-01,78.0,78.0,At Risk
C00551,2024-03-13,,,326.5,At Risk
C00551,2024-12-05,2024-03-13,267.0,326.5,At Risk
C00551,2025-12-26,2024-12-05,386.0,326.5,At Risk
C00552,2024-02-11,,,295.67,At Risk
C00552,2024-12-11,2024-02-11,304.0,295.67,At Risk
C00552,2025-01-22,2024-12-11,42.0,295.67,At Risk
C00552,2026-07-17,2025-01-22,541.0,295.67,At Risk
C00553,2024-01-15,,,24.73,Active
C00553,2024-01-31,2024-01-15,16.0,24.73,Active
C00553,2024-03-04,2024-01-31,33.0,24.73,Active
C00553,2024-04-01,2024-03-04,28.0,24.73,Active
C00553,2024-04-21,2024-04-01,20.0,24.73,Active
C00553,2024-06-01,2024-04-21,41.0,24.73,Active
C00553,2024-06-11,2024-06-01,10.0,24.73,Active
C00553,2024-07-25,2024-06-11,44.0,24.73,Active
C00553,2024-10-03,2024-07-25,70.0,24.73,Active
C00553,2024-10-16,2024-10-03,13.0,24.73,Active
C00553,2024-10-24,2024-10-16,8.0,24.73,Active
C00553,2024-10-30,2024-10-24,6.0,24.73,Active
C00553,2024-11-09,2024-10-30,10.0,24.73,Active
C00553,2024-11-17,2024-11-09,8.0,24.73,Active
C00553,2024-11-20,2024-11-17,3.0,24.73,Active
C00553,2024-12-02,2024-11-20,12.0,24.73,Active
C00553,2024-12-06,2024-12-02,4.0,24.73,Active
C00553,2024-12-11,2024-12-06,5.0,24.73,Active
C00553,2024-12-14,2024-12-11,3.0,24.73,Active
C00553,2024-12-21,2024-12-14,7.0,24.73,Active
C00553,2024-12-29,2024-12-21,8.0,24.73,Active
C00553,2025-01-17,2024-12-29,19.0,24.73,Active
C00553,2025-02-21,2025-01-17,35.0,24.73,Active
C00553,2025-06-14,2025-02-21,113.0,24.73,Active
C00553,2025-08-28,2025-06-14,75.0,24.73,Active
C00553,2025-11-01,2025-08-28,65.0,24.73,Active
C00553,2025-11-18,2025-11-01,17.0,24.73,Active
C00553,2025-11-23,2025-11-18,5.0,24.73,Active
C00553,2025-12-02,2025-11-23,9.0,24.73,Active
C00553,2025-12-15,2025-12-02,13.0,24.73,Active
C00553,2025-12-19,2025-12-15,4.0,24.73,Active
C00553,2025-12-21,2025-12-19,2.0,24.73,Active
C00553,2026-02-05,2025-12-21,46.0,24.73,Active
C00553,2026-02-09,2026-02-05,4.0,24.73,Active
C00553,2026-03-03,2026-02-09,22.0,24.73,Active
C00553,2026-03-09,2026-03-03,6.0,24.73,Active
C00553,2026-03-21,2026-03-09,12.0,24.73,Active
C00553,2026-04-25,2026-03-21,35.0,24.73,Active
C00553,2026-06-14,2026-04-25,50.0,24.73,Active
C00553,2026-07-12,2026-06-14,28.0,24.73,Active
C00553,2026-10-19,2026-07-12,99.0,24.73,Active
C00553,2026-10-25,2026-10-19,6.0,24.73,Active
C00554,2024-09-07,,,113.33,At Risk
C00554,2024-09-18,2024-09-07,11.0,113.33,At Risk
C00554,2024-11-28,2024-09-18,71.0,113.33,At Risk
C00554,2025-08-13,2024-11-28,258.0,113.33,At Risk
C00555,2025-10-10,,,,Active
C00556,2025-06-09,,,414.0,At Risk
C00556,2026-07-28,2025-06-09,414.0,414.0,At Risk
C00557,2024-02-09,,,59.08,At Risk
C00557,2024-07-09,2024-02-09,151.0,59.08,At Risk
C00557,2024-10-01,2024-07-09,84.0,59.08,At Risk
C00557,2024-10-10,2024-10-01,9.0,59.08,At Risk
C00557,2024-10-19,2024-10-10,9.0,59.08,At Risk
C00557,2025-03-07,2024-10-19,139.0,59.08,At Risk
C00557,2025-05-31,2025-03-07,85.0,59.08,At Risk
C00557,2025-10-05,2025-05-31,127.0,59.08,At Risk
C00557,2025-10-28,2025-10-05,23.0,59.08,At Risk
C00557,2025-11-05,2025-10-28,8.0,59.08,At Risk
C00557,2025-11-18,2025-11-05,13.0,59.08,At Risk
C00557,2025-12-25,2025-11-18,37.0,59.08,At Risk
C00557,2026-01-25,2025-12-25,31.0,59.08,At Risk
C00557,2026-03-18,2026-01-25,52.0,59.08,At Risk
C00558,2024-12-06,,,120.0,At Risk
C00558,2025-06-19,2024-12-06,195.0,120.0,At Risk
C00558,2025-10-05,2025-06-19,108.0,120.0,At Risk
C00558,2025-12-01,2025-10-05,57.0,120.0,At Risk
C00559,2024-11-25,,,344.0,At Risk
C00559,2025-11-04,2024-11-25,344.0,344.0,At Risk
C00560,2024-01-17,,,31.03,At Risk
C00560,2024-04-13,2024-01-17,87.0,31.03,At Risk
C00560,2024-06-06,2024-04-13,54.0,31.03,At Risk
C00560,2024-07-12,2024-06-06,36.0,31.03,At Risk
C00560,2024-08-17,2024-07-12,36.0,31.03,At Risk
C00560,2024-08-31,2024-08-17,14.0,31.03,At Risk
C00560,2024-10-07,2024-08-31,37.0,31.03,At Risk
C00560,2024-10-26,2024-10-07,19.0,31.03,At Risk
C00560,2024-11-05,2024-10-26,10.0,31.03,At Risk
C00560,2024-11-15,2024-11-05,10.0,31.03,At Risk
C00560,2024-11-27,2024-11-15,12.0,31.03,At Risk
C00560,2024-12-20,2024-11-27,23.0,31.03,At Risk
C00560,2025-01-27,2024-12-20,38.0,31.03,At Risk
C00560,2025-04-02,2025-01-27,65.0,31.03,At Risk
C00560,2025-07-07,2025-04-02,96.0,31.03,At Risk
C00560,2025-08-28,2025-07-07,52.0,31.03,At Risk
C00560,2025-09-05,2025-08-28,8.0,31.03,At Risk
C00560,2025-10-25,2025-09-05,50.0,31.03,At Risk
C00560,2025-11-03,2025-10-25,9.0,31.03,At Risk
C00560,2025-11-03,2025-11-03,0.0,31.03,At Risk
C00560,2025-11-05,2025-11-03,2.0,31.03,At Risk
C00560,2025-11-10,2025-11-05,5.0,31.03,At Risk
C00560,2025-11-17,2025-11-10,7.0,31.03,At Risk
C00560,2025-11-25,2025-11-17,8.0,31.03,At Risk
C00560,2025-12-01,2025-11-25,6.0,31.03,At Risk
C00560,2025-12-07,2025-12-01,6.0,31.03,At Risk
C00560,2026-02-16,2025-12-07,71.0,31.03,At Risk
C00560,2026-05-12,2026-02-16,85.0,31.03,At Risk
C00560,2026-06-22,2026-05-12,41.0,31.03,At Risk
C00560,2026-06-26,2026-06-22,4.0,31.03,At Risk
C00560,2026-07-05,2026-06-26,9.0,31.03,At Risk
C00560,2026-09-05,2026-07-05,62.0,31.03,At Risk
C00561,2024-02-20,,,66.06,At Risk
C00561,2024-03-15,2024-02-20,24.0,66.06,At Risk
C00561,2024-10-07,2024-03-15,206.0,66.06,At Risk
C00561,2024-10-13,2024-10-07,6.0,66.06,At Risk
C00561,2024-12-05,2024-10-13,53.0,66.06,At Risk
C00561,2025-03-24,2024-12-05,109.0,66.06,At Risk
C00561,2025-05-16,2025-03-24,53.0,66.06,At Risk
C00561,2025-08-27,2025-05-16,103.0,66.06,At Risk
C00561,2025-10-04,2025-08-27,38.0,66.06,At Risk
C00561,2025-11-12,2025-10-04,39.0,66.06,At Risk
C00561,2025-11-14,2025-11-12,2.0,66.06,At Risk
C00561,2025-11-26,2025-11-14,12.0,66.06,At Risk
C00561,2025-11-28,2025-11-26,2.0,66.06,At Risk
C00561,2025-12-13,2025-11-28,15.0,66.06,At Risk
C00561,2026-03-20,2025-12-13,97.0,66.06,At Risk
C00561,2026-06-02,2026-03-20,74.0,66.06,At Risk
C00561,2027-01-12,2026-06-02,224.0,66.06,At Risk
C00562,2024-02-12,,,44.89,At Risk
C00562,2024-09-19,2024-02-12,220.0,44.89,At Risk
C00562,2024-10-06,2024-09-19,17.0,44.89,At Risk
C00562,2024-10-06,2024-10-06,0.0,44.89,At Risk
C00562,2024-10-13,2024-10-06,7.0,44.89,At Risk
C00562,2024-10-30,2024-10-13,17.0,44.89,At Risk
C00562,2024-11-14,2024-10-30,15.0,44.89,At Risk
C00562,2024-11-22,2024-11-14,8.0,44.89,At Risk
C00562,2024-11-27,2024-11-22,5.0,44.89,At Risk
C00562,2024-12-01,2024-11-27,4.0,44.89,At Risk
C00562,2024-12-19,2024-12-01,18.0,44.89,At Risk
C00562,2024-12-22,2024-12-19,3.0,44.89,At Risk
C00562,2025-01-14,2024-12-22,23.0,44.89,At Risk
C00562,2025-04-10,2025-01-14,86.0,44.89,At Risk
C00562,2025-06-09,2025-04-10,60.0,44.89,At Risk
C00562,2025-11-27,2025-06-09,171.0,44.89,At Risk
C00562,2025-12-17,2025-11-27,20.0,44.89,At Risk
C00562,2026-04-17,2025-12-17,121.0,44.89,At Risk
C00562,2026-04-30,2026-04-17,13.0,44.89,At Risk
C00563,2025-06-01,,,134.0,At Risk
C00563,2025-10-13,2025-06-01,134.0,134.0,At Risk
C00564,2024-08-19,,,144.67,At Risk
C00564,2025-04-15,2024-08-19,239.0,144.67,At Risk
C00564,2025-10-26,2025-04-15,194.0,144.67,At Risk
C00564,2025-10-27,2025-10-26,1.0,144.67,At Risk
C00565,2024-11-05,,,471.0,At Risk
C00565,2026-02-19,2024-11-05,471.0,471.0,At Risk
C00566,2026-04-24,,,,Active
C00567,2024-06-09,,,29.0,Active
C00567,2024-09-23,2024-06-09,106.0,29.0,Active
C00567,2024-10-05,2024-09-23,12.0,29.0,Active
C00567,2024-10-22,2024-10-05,17.0,29.0,Active
C00567,2024-12-05,2024-10-22,44.0,29.0,Active
C00567,2025-02-18,2024-12-05,75.0,29.0,Active
C00567,2025-02-21,2025-02-18,3.0,29.0,Active
C00567,2025-03-22,2025-02-21,29.0,29.0,Active
C00567,2025-04-13,2025-03-22,22.0,29.0,Active
C00567,2025-06-06,2025-04-13,54.0,29.0,Active
C00567,2025-07-18,2025-06-06,42.0,29.0,Active
C00567,2025-09-09,2025-07-18,53.0,29.0,Active
C00567,2025-09-23,2025-09-09,14.0,29.0,Active
C00567,2025-11-02,2025-09-23,40.0,29.0,Active
C00567,2025-11-07,2025-11-02,5.0,29.0,Active
C00567,2025-11-07,2025-11-07,0.0,29.0,Active
C00567,2025-11-20,2025-11-07,13.0,29.0,Active
C00567,2025-11-26,2025-11-20,6.0,29.0,Active
C00567,2025-11-26,2025-11-26,0.0,29.0,Active
C00567,2025-12-13,2025-11-26,17.0,29.0,Active
C00567,2025-12-22,2025-12-13,9.0,29.0,Active
C00567,2026-02-04,2025-12-22,44.0,29.0,Active
C00567,2026-04-09,2026-02-04,64.0,29.0,Active
C00567,2026-04-10,2026-04-09,1.0,29.0,Active
C00567,2026-05-06,2026-04-10,26.0,29.0,Active
C00568,2024-09-04,,,86.5,At Risk
C00568,2024-09-15,2024-09-04,11.0,86.5,At Risk
C00568,2024-11-01,2024-09-15,47.0,86.5,At Risk
C00568,2024-12-03,2024-11-01,32.0,86.5,At Risk
C00568,2025-04-07,2024-12-03,125.0,86.5,At Risk
C00568,2025-12-17,2025-04-07,254.0,86.5,At Risk
C00568,2026-04-03,2025-12-17,107.0,86.5,At Risk
C00568,2026-04-28,2026-04-03,25.0,86.5,At Risk
C00568,2026-07-28,2026-04-28,91.0,86.5,At Risk
C00569,2024-02-25,,,836.0,At Risk
C00569,2026-06-10,2024-02-25,836.0,836.0,At Risk
C00570,2024-08-10,,,,Active
C00571,2025-01-20,,,130.33,At Risk
C00571,2025-11-08,2025-01-20,292.0,130.33,At Risk
C00571,2025-11-21,2025-11-08,13.0,130.33,At Risk
C00571,2026-02-15,2025-11-21,86.0,130.33,At Risk
C00572,2024-03-01,,,83.1,At Risk
C00572,2024-10-10,2024-03-01,223.0,83.1,At Risk
C00572,2024-10-24,2024-10-10,14.0,83.1,At Risk
C00572,2024-12-06,2024-10-24,43.0,83.1,At Risk
C00572,2025-04-07,2024-12-06,122.0,83.1,At Risk
C00572,2026-01-01,2025-04-07,269.0,83.1,At Risk
C00572,2026-01-03,2026-01-01,2.0,83.1,At Risk
C00572,2026-01-24,2026-01-03,21.0,83.1,At Risk
C00572,2026-02-21,2026-01-24,28.0,83.1,At Risk
C00572,2026-04-28,2026-02-21,66.0,83.1,At Risk
C00572,2026-06-10,2026-04-28,43.0,83.1,At Risk
C00573,2025-08-19,,,86.0,At Risk
C00573,2025-11-19,2025-08-19,92.0,86.0,At Risk
C00573,2026-04-17,2025-11-19,149.0,86.0,At Risk
C00573,2026-05-04,2026-04-17,17.0,86.0,At Risk
C00574,2024-10-10,,,95.67,At Risk
C00574,2024-12-28,2024-10-10,79.0,95.67,At Risk
C00574,2025-10-31,2024-12-28,307.0,95.67,At Risk
C00574,2025-11-04,2025-10-31,4.0,95.67,At Risk
C00574,2025-12-25,2025-11-04,51.0,95.67,At Risk
C00574,2026-02-17,2025-12-25,54.0,95.67,At Risk
C00574,2026-05-07,2026-02-17,79.0,95.67,At Risk
C00575,2024-08-16,,,81.67,At Risk
C00575,2024-11-10,2024-08-16,86.0,81.67,At Risk
C00575,2024-11-26,2024-11-10,16.0,81.67,At Risk
C00575,2025-01-03,2024-11-26,38.0,81.67,At Risk
C00575,2025-02-01,2025-01-03,29.0,81.67,At Risk
C00575,2025-10-17,2025-02-01,258.0,81.67,At Risk
C00575,2025-12-19,2025-10-17,63.0,81.67,At Risk
C00576,2024-01-21,,,26.02,Active
C00576,2024-02-09,2024-01-21,19.0,26.02,Active
C00576,2024-02-18,2024-02-09,9.0,26.02,Active
C00576,2024-02-22,2024-02-18,4.0,26.02,Active
C00576,2024-03-03,2024-02-22,10.0,26.02,Active
C00576,2024-06-08,2024-03-03,97.0,26.02,Active
C00576,2024-06-09,2024-06-08,1.0,26.02,Active
C00576,2024-06-19,2024-06-09,10.0,26.02,Active
C00576,2024-10-06,2024-06-19,109.0,26.02,Active
C00576,2024-10-11,2024-10-06,5.0,26.02,Active
C00576,2024-10-17,2024-10-11,6.0,26.02,Active
C00576,2024-10-19,2024-10-17,2.0,26.02,Active
C00576,2024-10-27,2024-10-19,8.0,26.02,Active
C00576,2024-11-02,2024-10-27,6.0,26.02,Active
C00576,2024-11-21,2024-11-02,19.0,26.02,Active
C00576,2024-12-05,2024-11-21,14.0,26.02,Active
C00576,2024-12-07,2024-12-05,2.0,26.02,Active
C00576,2024-12-23,2024-12-07,16.0,26.02,Active
C00576,2024-12-23,2024-12-23,0.0,26.02,Active
C00576,2025-03-26,2024-12-23,93.0,26.02,Active
C00576,2025-07-05,2025-03-26,101.0,26.02,Active
C00576,2025-07-06,2025-07-05,1.0,26.02,Active
C00576,2025-07-12,2025-07-06,6.0,26.02,Active
C00576,2025-10-04,2025-07-12,84.0,26.02,Active
C00576,2025-10-06,2025-10-04,2.0,26.02,Active
C00576,2025-10-09,2025-10-06,3.0,26.02,Active
C00576,2025-10-14,2025-10-09,5.0,26.02,Active
C00576,2025-11-10,2025-10-14,27.0,26.02,Active
C00576,2025-11-21,2025-11-10,11.0,26.02,Active
C00576,2025-11-25,2025-11-21,4.0,26.02,Active
C00576,2025-12-09,2025-11-25,14.0,26.02,Active
C00576,2025-12-17,2025-12-09,8.0,26.02,Active
C00576,2025-12-17,2025-12-17,0.0,26.02,Active
C00576,2026-01-13,2025-12-17,27.0,26.02,Active
C00576,2026-04-08,2026-01-13,85.0,26.02,Active
C00576,2026-06-11,2026-04-08,64.0,26.02,Active
C00576,2026-06-18,2026-06-11,7.0,26.02,Active
C00576,2026-06-19,2026-06-18,1.0,26.02,Active
C00576,2026-07-22,2026-06-19,33.0,26.02,Active
C00576,2026-07-25,2026-07-22,3.0,26.02,Active
C00576,2026-11-27,2026-07-25,125.0,26.02,Active
C00577,2024-07-01,,,37.8,At Risk
C00577,2024-08-28,2024-07-01,58.0,37.8,At Risk
C00577,2024-10-12,2024-08-28,45.0,37.8,At Risk
C00577,2024-10-15,2024-10-12,3.0,37.8,At Risk
C00577,2024-11-02,2024-10-15,18.0,37.8,At Risk
C00577,2024-11-22,2024-11-02,20.0,37.8,At Risk
C00577,2024-11-22,2024-11-22,0.0,37.8,At Risk
C00577,2024-12-19,2024-11-22,27.0,37.8,At Risk
C00577,2024-12-25,2024-12-19,6.0,37.8,At Risk
C00577,2025-03-08,2024-12-25,73.0,37.8,At Risk
C00577,2025-04-27,2025-03-08,50.0,37.8,At Risk
C00577,2025-06-09,2025-04-27,43.0,37.8,At Risk
C00577,2025-07-17,2025-06-09,38.0,37.8,At Risk
C00577,2025-11-21,2025-07-17,127.0,37.8,At Risk
C00577,2025-12-05,2025-11-21,14.0,37.8,At Risk
C00577,2026-01-03,2025-12-05,29.0,37.8,At Risk
C00577,2026-01-20,2026-01-03,17.0,37.8,At Risk
C00577,2026-03-01,2026-01-20,40.0,37.8,At Risk
C00577,2026-03-03,2026-03-01,2.0,37.8,At Risk
C00577,2026-07-18,2026-03-03,137.0,37.8,At Risk
C00577,2026-07-27,2026-07-18,9.0,37.8,At Risk
C00578,2024-07-29,,,5.5,Active
C00578,2024-07-31,2024-07-29,2.0,5.5,Active
C00578,2024-08-09,2024-07-31,9.0,5.5,Active
C00579,2024-01-17,,,39.27,At Risk
C00579,2024-06-04,2024-01-17,139.0,39.27,At Risk
C00579,2024-06-30,2024-06-04,26.0,39.27,At Risk
C00579,2024-07-12,2024-06-30,12.0,39.27,At Risk
C00579,2024-08-23,2024-07-12,42.0,39.27,At Risk
C00579,2024-10-11,2024-08-23,49.0,39.27,At Risk
C00579,2024-10-12,2024-10-11,1.0,39.27,At Risk
C00579,2024-10-22,2024-10-12,10.0,39.27,At Risk
C00579,2024-11-03,2024-10-22,12.0,39.27,At Risk
C00579,2024-12-07,2024-11-03,34.0,39.27,At Risk
C00579,2024-12-07,2024-12-07,0.0,39.27,At Risk
C00579,2024-12-16,2024-12-07,9.0,39.27,At Risk
C00579,2024-12-24,2024-12-16,8.0,39.27,At Risk
C00579,2025-01-10,2024-12-24,17.0,39.27,At Risk
C00579,2025-01-16,2025-01-10,6.0,39.27,At Risk
C00579,2025-02-16,2025-01-16,31.0,39.27,At Risk
C00579,2025-02-27,2025-02-16,11.0,39.27,At Risk
C00579,2025-10-10,2025-02-27,225.0,39.27,At Risk
C00579,2025-10-15,2025-10-10,5.0,39.27,At Risk
C00579,2025-10-17,2025-10-15,2.0,39.27,At Risk
C00579,2025-10-26,2025-10-17,9.0,39.27,At Risk
C00579,2026-04-15,2025-10-26,171.0,39.27,At Risk
C00579,2026-05-30,2026-04-15,45.0,39.27,At Risk
C00580,2024-11-23,,,389.5,At Risk
C00580,2025-01-11,2024-11-23,49.0,389.5,At Risk
C00580,2027-01-11,2025-01-11,730.0,389.5,At Risk
C00581,2024-10-12,,,159.0,At Risk
C00581,2024-11-11,2024-10-12,30.0,159.0,At Risk
C00581,2025-08-20,2024-11-11,282.0,159.0,At Risk
C00581,2025-08-28,2025-08-20,8.0,159.0,At Risk
C00581,2026-07-10,2025-08-28,316.0,159.0,At Risk
C00582,2024-01-12,,,389.5,At Risk
C00582,2024-11-21,2024-01-12,314.0,389.5,At Risk
C00582,2026-03-01,2024-11-21,465.0,389.5,At Risk
C00583,2024-01-27,,,44.25,At Risk
C00583,2024-05-11,2024-01-27,105.0,44.25,At Risk
C00583,2024-09-18,2024-05-11,130.0,44.25,At Risk
C00583,2024-10-15,2024-09-18,27.0,44.25,At Risk
C00583,2024-10-24,2024-10-15,9.0,44.25,At Risk
C00583,2024-11-08,2024-10-24,15.0,44.25,At Risk
C00583,2024-12-09,2024-11-08,31.0,44.25,At Risk
C00583,2024-12-12,2024-12-09,3.0,44.25,At Risk
C00583,2024-12-18,2024-12-12,6.0,44.25,At Risk
C00583,2025-03-28,2024-12-18,100.0,44.25,At Risk
C00583,2025-07-14,2025-03-28,108.0,44.25,At Risk
C00583,2025-08-13,2025-07-14,30.0,44.25,At Risk
C00583,2025-10-11,2025-08-13,59.0,44.25,At Risk
C00583,2025-11-18,2025-10-11,38.0,44.25,At Risk
C00583,2025-12-15,2025-11-18,27.0,44.25,At Risk
C00583,2025-12-15,2025-12-15,0.0,44.25,At Risk
C00583,2025-12-18,2025-12-15,3.0,44.25,At Risk
C00583,2026-02-17,2025-12-18,61.0,44.25,At Risk
C00583,2026-02-22,2026-02-17,5.0,44.25,At Risk
C00583,2026-05-26,2026-02-22,93.0,44.25,At Risk
C00583,2026-06-30,2026-05-26,35.0,44.25,At Risk
C00584,2024-10-05,,,80.33,At Risk
C00584,2025-03-13,2024-10-05,159.0,80.33,At Risk
C00584,2025-03-28,2025-03-13,15.0,80.33,At Risk
C00584,2025-06-03,2025-03-28,67.0,80.33,At Risk
C00585,2024-11-16,,,,Active
C00586,2024-01-21,,,98.56,At Risk
C00586,2024-03-07,2024-01-21,46.0,98.56,At Risk
C00586,2024-09-24,2024-03-07,201.0,98.56,At Risk
C00586,2024-10-10,2024-09-24,16.0,98.56,At Risk
C00586,2024-10-21,2024-10-10,11.0,98.56,At Risk
C00586,2025-07-24,2024-10-21,276.0,98.56,At Risk
C00586,2025-11-10,2025-07-24,109.0,98.56,At Risk
C00586,2025-11-28,2025-11-10,18.0,98.56,At Risk
C00586,2026-03-23,2025-11-28,115.0,98.56,At Risk
C00586,2026-06-26,2026-03-23,95.0,98.56,At Risk
C00587,2024-07-01,,,73.0,At Risk
C00587,2024-07-26,2024-07-01,25.0,73.0,At Risk
C00587,2024-11-24,2024-07-26,121.0,73.0,At Risk
C00588,2024-10-08,,,59.88,At Risk
C00588,2024-10-26,2024-10-08,18.0,59.88,At Risk
C00588,2024-11-27,2024-10-26,32.0,59.88,At Risk
C00588,2024-12-03,2024-11-27,6.0,59.88,At Risk
C00588,2025-03-02,2024-12-03,89.0,59.88,At Risk
C00588,2025-06-06,2025-03-02,96.0,59.88,At Risk
C00588,2025-10-23,2025-06-06,139.0,59.88,At Risk
C00588,2025-12-17,2025-10-23,55.0,59.88,At Risk
C00588,2026-01-30,2025-12-17,44.0,59.88,At Risk
C00589,2024-02-24,,,82.13,At Risk
C00589,2024-10-08,2024-02-24,227.0,82.13,At Risk
C00589,2024-10-13,2024-10-08,5.0,82.13,At Risk
C00589,2024-10-15,2024-10-13,2.0,82.13,At Risk
C00589,2024-10-18,2024-10-15,3.0,82.13,At Risk
C00589,2025-01-04,2024-10-18,78.0,82.13,At Risk
C00589,2025-11-16,2025-01-04,316.0,82.13,At Risk
C00589,2025-11-28,2025-11-16,12.0,82.13,At Risk
C00589,2025-12-12,2025-11-28,14.0,82.13,At Risk
C00590,2024-03-23,,,81.22,At Risk
C00590,2024-11-01,2024-03-23,223.0,81.22,At Risk
C00590,2024-12-11,2024-11-01,40.0,81.22,At Risk
C00590,2025-02-01,2024-12-11,52.0,81.22,At Risk
C00590,2025-07-01,2025-02-01,150.0,81.22,At Risk
C00590,2025-10-21,2025-07-01,112.0,81.22,At Risk
C00590,2025-11-10,2025-10-21,20.0,81.22,At Risk
C00590,2025-11-28,2025-11-10,18.0,81.22,At Risk
C00590,2025-12-01,2025-11-28,3.0,81.22,At Risk
C00590,2026-03-24,2025-12-01,113.0,81.22,At Risk
C00591,2024-11-26,,,177.0,At Risk
C00591,2025-10-10,2024-11-26,318.0,177.0,At Risk
C00591,2025-11-21,2025-10-10,42.0,177.0,At Risk
C00591,2026-05-11,2025-11-21,171.0,177.0,At Risk
C00592,2024-06-02,,,128.33,At Risk
C00592,2024-10-24,2024-06-02,144.0,128.33,At Risk
C00592,2024-11-05,2024-10-24,12.0,128.33,At Risk
C00592,2025-06-22,2024-11-05,229.0,128.33,At Risk
C00593,2024-10-21,,,242.0,At Risk
C00593,2025-06-20,2024-10-21,242.0,242.0,At Risk
C00594,2024-10-27,,,62.86,At Risk
C00594,2024-11-06,2024-10-27,10.0,62.86,At Risk
C00594,2024-11-10,2024-11-06,4.0,62.86,At Risk
C00594,2025-01-26,2024-11-10,77.0,62.86,At Risk
C00594,2025-02-23,2025-01-26,28.0,62.86,At Risk
C00594,2025-11-30,2025-02-23,280.0,62.86,At Risk
C00594,2025-12-18,2025-11-30,18.0,62.86,At Risk
C00594,2026-01-10,2025-12-18,23.0,62.86,At Risk
C00595,2024-08-17,,,141.5,At Risk
C00595,2025-04-28,2024-08-17,254.0,141.5,At Risk
C00595,2025-05-27,2025-04-28,29.0,141.5,At Risk
C00596,2024-03-27,,,76.1,At Risk
C00596,2024-04-07,2024-03-27,11.0,76.1,At Risk
C00596,2024-07-25,2024-04-07,109.0,76.1,At Risk
C00596,2024-10-05,2024-07-25,72.0,76.1,At Risk
C00596,2025-02-23,2024-10-05,141.0,76.1,At Risk
C00596,2025-03-02,2025-02-23,7.0,76.1,At Risk
C00596,2025-10-09,2025-03-02,221.0,76.1,At Risk
C00596,2025-11-02,2025-10-09,24.0,76.1,At Risk
C00596,2025-12-26,2025-11-02,54.0,76.1,At Risk
C00596,2026-02-21,2025-12-26,57.0,76.1,At Risk
C00596,2026-04-27,2026-02-21,65.0,76.1,At Risk
C00597,2024-08-19,,,116.0,At Risk
C00597,2024-12-13,2024-08-19,116.0,116.0,At Risk
C00598,2024-04-18,,,92.86,At Risk
C00598,2024-12-06,2024-04-18,232.0,92.86,At Risk
C00598,2024-12-26,2024-12-06,20.0,92.86,At Risk
C00598,2025-09-05,2024-12-26,253.0,92.86,At Risk
C00598,2025-09-15,2025-09-05,10.0,92.86,At Risk
C00598,2025-10-06,2025-09-15,21.0,92.86,At Risk
C00598,2025-12-25,2025-10-06,80.0,92.86,At Risk
C00598,2026-01-28,2025-12-25,34.0,92.86,At Risk
C00599,2024-01-02,,,31.07,At Risk
C00599,2024-01-20,2024-01-02,18.0,31.07,At Risk
C00599,2024-02-02,2024-01-20,13.0,31.07,At Risk
C00599,2024-06-10,2024-02-02,129.0,31.07,At Risk
C00599,2024-10-03,2024-06-10,115.0,31.07,At Risk
C00599,2024-10-07,2024-10-03,4.0,31.07,At Risk
C00599,2024-10-11,2024-10-07,4.0,31.07,At Risk
C00599,2024-12-05,2024-10-11,55.0,31.07,At Risk
C00599,2024-12-07,2024-12-05,2.0,31.07,At Risk
C00599,2025-02-06,2024-12-07,61.0,31.07,At Risk
C00599,2025-03-09,2025-02-06,31.0,31.07,At Risk
C00599,2025-03-26,2025-03-09,17.0,31.07,At Risk
C00599,2025-04-12,2025-03-26,17.0,31.07,At Risk
C00599,2025-04-13,2025-04-12,1.0,31.07,At Risk
C00599,2025-04-25,2025-04-13,12.0,31.07,At Risk
C00599,2025-05-31,2025-04-25,36.0,31.07,At Risk
C00599,2025-08-11,2025-05-31,72.0,31.07,At Risk
C00599,2025-09-15,2025-08-11,35.0,31.07,At Risk
C00599,2025-10-01,2025-09-15,16.0,31.07,At Risk
C00599,2025-11-07,2025-10-01,37.0,31.07,At Risk
C00599,2025-11-11,2025-11-07,4.0,31.07,At Risk
C00599,2025-11-24,2025-11-11,13.0,31.07,At Risk
C00599,2025-12-05,2025-11-24,11.0,31.07,At Risk
C00599,2025-12-17,2025-12-05,12.0,31.07,At Risk
C00599,2025-12-26,2025-12-17,9.0,31.07,At Risk
C00599,2026-01-15,2025-12-26,20.0,31.07,At Risk
C00599,2026-01-21,2026-01-15,6.0,31.07,At Risk
C00599,2026-05-05,2026-01-21,104.0,31.07,At Risk
C00599,2026-06-20,2026-05-05,46.0,31.07,At Risk
C00599,2026-06-21,2026-06-20,1.0,31.07,At Risk
C00600,2024-03-21,,,112.0,At Risk
C00600,2024-10-02,2024-03-21,195.0,112.0,At Risk
C00600,2024-12-03,2024-10-02,62.0,112.0,At Risk
C00600,2025-02-20,2024-12-03,79.0,112.0,At Risk
